{
"type": "FeatureCollection",
"name": "shorelines_carteret",
"crs": { "type": "name", "properties": { "name": "urn:ogc:def:crs:OGC:1.3:CRS84" } },
"features": [
{ "type": "Feature", "properties": { "year": 2018, "certainty": "good", "eez_territory": "PNG" }, "geometry": { "type": "MultiLineString", "coordinates": [ [ [ 155.335920488154471, -4.667405292545051 ], [ 155.335969408329589, -4.667394381005495 ], [ 155.336239298770607, -4.667279626358928 ], [ 155.336509096613668, -4.667136926552618 ], [ 155.336515863459226, -4.667132132183603 ], [ 155.336778606932427, -4.666907383119483 ], [ 155.336824645483489, -4.666859926358796 ], [ 155.336996271997265, -4.666588177455227 ], [ 155.336976694026674, -4.666317065546331 ], [ 155.336775763994183, -4.666048178582524 ], [ 155.336774123790804, -4.666046563153244 ], [ 155.336509279306824, -4.665776268009603 ], [ 155.33650458000929, -4.665771734708919 ], [ 155.336333796902352, -4.665505675115837 ], [ 155.33624974572092, -4.665234777701332 ], [ 155.336232318633762, -4.665169456137931 ], [ 155.336143595976836, -4.664963953811148 ], [ 155.335960941404466, -4.664834381150382 ], [ 155.33569072773102, -4.664851174894573 ], [ 155.33542075799798, -4.664941780617736 ], [ 155.335373605776908, -4.66496651675256 ], [ 155.335150972488861, -4.665088153929331 ], [ 155.334962346112633, -4.665239062826596 ], [ 155.334881532056357, -4.665338974163058 ], [ 155.334786013263169, -4.66551082712757 ], [ 155.334765266315628, -4.665782073724466 ], [ 155.334829209313369, -4.666053038485563 ], [ 155.334884290278779, -4.666173382208887 ], [ 155.334973876076617, -4.666323734539979 ], [ 155.335147247761, -4.666594334954525 ], [ 155.335156024341615, -4.666616214320216 ], [ 155.335243017705949, -4.666865193609788 ], [ 155.33530882334162, -4.66713615197826 ], [ 155.335428677316429, -4.667336751875458 ], [ 155.335562599043129, -4.667406484401405 ], [ 155.335699317341238, -4.667448549827506 ], [ 155.335920488154471, -4.667405292545051 ] ], [ [ 155.429465224111652, -4.712371041581177 ], [ 155.429547041883382, -4.712099596724465 ], [ 155.429559886771614, -4.711828393079215 ], [ 155.429508849120879, -4.711557412809301 ], [ 155.42945397489936, -4.71128644592731 ], [ 155.429433822688168, -4.71101535762818 ], [ 155.429436460912541, -4.710744189646911 ], [ 155.429449773101851, -4.71047298435228 ], [ 155.429473942348437, -4.710201741110057 ], [ 155.429524832234677, -4.709930404476404 ], [ 155.429626154933004, -4.709749425314875 ], [ 155.429714179903385, -4.709658583897558 ], [ 155.429895494677254, -4.709482072935854 ], [ 155.430033307211716, -4.709386309679691 ], [ 155.429894784655744, -4.709277608511401 ], [ 155.42962411575553, -4.709162148893247 ], [ 155.429562350900881, -4.709116797108802 ], [ 155.429353330046581, -4.709013028806029 ], [ 155.429126349103797, -4.70884716189867 ], [ 155.429082376877034, -4.708815640968711 ], [ 155.428811420045321, -4.708617161017535 ], [ 155.428759760541851, -4.708577283762469 ], [ 155.428540408492267, -4.70840287371202 ], [ 155.428394685861008, -4.70830739999788 ], [ 155.428269535734586, -4.7082285498637 ], [ 155.427998680663478, -4.708059294723709 ], [ 155.427928576020264, -4.708037868686085 ], [ 155.427728122722044, -4.70797567831843 ], [ 155.427602232110843, -4.708039008104005 ], [ 155.427458861196357, -4.708265864228337 ], [ 155.427443566858187, -4.708310721195056 ], [ 155.427459678103332, -4.708501394796425 ], [ 155.427465924543867, -4.708581802305732 ], [ 155.427558230495606, -4.708852639165758 ], [ 155.427655400223699, -4.709123458990232 ], [ 155.427732640061436, -4.709277904147137 ], [ 155.427792838218153, -4.70939413812495 ], [ 155.427908425053573, -4.709664893499501 ], [ 155.428005119862206, -4.709915189648787 ], [ 155.428012762055346, -4.709935688105215 ], [ 155.42808461461965, -4.710206596137652 ], [ 155.42815043251349, -4.710477525216316 ], [ 155.428257477950069, -4.710748310206219 ], [ 155.428278441207908, -4.710794695239229 ], [ 155.428353016549579, -4.711019135345992 ], [ 155.428423332109332, -4.711290048582788 ], [ 155.428500600369858, -4.711560937482286 ], [ 155.428551818956691, -4.711690097695887 ], [ 155.428610166294987, -4.711831713445947 ], [ 155.428740945017154, -4.712102415190373 ], [ 155.428823970755815, -4.712232180427241 ], [ 155.428956278818276, -4.712372821226044 ], [ 155.429095208849219, -4.712511071928024 ], [ 155.42936543263599, -4.712497950431012 ], [ 155.429465224111652, -4.712371041581177 ] ], [ [ 155.435398100025594, -4.716688789128078 ], [ 155.435595888528837, -4.716594654906157 ], [ 155.435815477860416, -4.716416167046552 ], [ 155.435865295744492, -4.716347280251045 ], [ 155.436017777517378, -4.716144299691443 ], [ 155.435895820484774, -4.715873570231957 ], [ 155.435863597791325, -4.715860220113123 ], [ 155.43559329337748, -4.715850168512227 ], [ 155.435518401551292, -4.715874894472643 ], [ 155.435323344208086, -4.715942059745482 ], [ 155.435053627041725, -4.716100558135193 ], [ 155.435004910922316, -4.716147853428954 ], [ 155.434879272977128, -4.716419451775355 ], [ 155.435004461911461, -4.716690170225961 ], [ 155.435055783943596, -4.716719433936214 ], [ 155.435326046367976, -4.716717312615279 ], [ 155.435398100025594, -4.716688789128078 ] ], [ [ 155.433278000933683, -4.718052014709468 ], [ 155.433361133959465, -4.717780565245819 ], [ 155.433437071750376, -4.717554204680001 ], [ 155.433448364256805, -4.717509101436126 ], [ 155.433491215289024, -4.717237793265189 ], [ 155.4334352692469, -4.717036768923516 ], [ 155.433405655341232, -4.716966935348472 ], [ 155.433163999542018, -4.716749823392909 ], [ 155.433070977293028, -4.716696950708416 ], [ 155.432893166021188, -4.71658807355132 ], [ 155.432622841611533, -4.716572519323146 ], [ 155.432520032412214, -4.716698881815924 ], [ 155.432499540220874, -4.716970111743028 ], [ 155.432566025608253, -4.717241036811815 ], [ 155.432625664894317, -4.717383310826361 ], [ 155.432685868456559, -4.717511774802144 ], [ 155.432793748392726, -4.717782554662833 ], [ 155.432898130204364, -4.718013432471794 ], [ 155.432959571804446, -4.718053131296141 ], [ 155.43316907756909, -4.718207652358633 ], [ 155.433278000933683, -4.718052014709468 ] ], [ [ 155.307844077232772, -4.72715838627884 ], [ 155.308057046621229, -4.726980584347778 ], [ 155.308182023750931, -4.726886077875331 ], [ 155.308326625852089, -4.726763362503062 ], [ 155.308494135457494, -4.726613855533913 ], [ 155.308596165380862, -4.726534206364668 ], [ 155.30882809170015, -4.726341560360688 ], [ 155.308865721631548, -4.726310158020646 ], [ 155.309116101561131, -4.726069418303037 ], [ 155.309135154627285, -4.72604894729518 ], [ 155.309335171600395, -4.725797506038015 ], [ 155.309404237792137, -4.725682164281964 ], [ 155.309496201544164, -4.725525787258675 ], [ 155.309547804742607, -4.725254433261051 ], [ 155.309500749884137, -4.724983408115039 ], [ 155.309401556406272, -4.724872418371869 ], [ 155.309130752584025, -4.724719458425741 ], [ 155.309111305842748, -4.724713523968288 ], [ 155.308860260142495, -4.724660541638587 ], [ 155.308589800155318, -4.724611431395533 ], [ 155.308319296094453, -4.72454900653332 ], [ 155.308048821324121, -4.724495433684639 ], [ 155.307778429851567, -4.724467040124359 ], [ 155.307508132687019, -4.724467163448598 ], [ 155.307439321668255, -4.72444791108991 ], [ 155.307237542960593, -4.724378853024611 ], [ 155.307093064265672, -4.724177881476965 ], [ 155.30702374335732, -4.723906929774023 ], [ 155.306965127887082, -4.723738571930482 ], [ 155.306925572065211, -4.723636074061559 ], [ 155.306765984835835, -4.723365422688338 ], [ 155.306693367685597, -4.723296151811917 ], [ 155.306446246727546, -4.723366486688091 ], [ 155.306423329629553, -4.723374580733208 ], [ 155.306279888929453, -4.723638222835049 ], [ 155.306215622062638, -4.723909619299352 ], [ 155.306157727944537, -4.724180994574043 ], [ 155.306155720728356, -4.724187879435234 ], [ 155.30608419583092, -4.724452421903203 ], [ 155.306022294641991, -4.724708997352301 ] ], [ [ 155.305963310300228, -4.724859598164272 ], [ 155.305907902638296, -4.724995373886578 ], [ 155.305888202892476, -4.725028786923304 ], [ 155.305756701847031, -4.725267059744877 ], [ 155.305753872403898, -4.72527638601846 ] ], [ [ 155.305715524011447, -4.725402788129927 ], [ 155.305674346171486, -4.72553851651989 ], [ 155.305648480579038, -4.725809785315291 ], [ 155.305667693588418, -4.726080904085825 ], [ 155.30570058338256, -4.726351977323756 ], [ 155.30578930911193, -4.726622864680623 ], [ 155.305894038271504, -4.726793449335322 ], [ 155.305951925440013, -4.72689350599521 ], [ 155.306102972368848, -4.727164185730426 ], [ 155.306165777447546, -4.727228881904698 ], [ 155.306436443155945, -4.72733974912239 ], [ 155.306706702614008, -4.727327832019666 ], [ 155.306976856691733, -4.727284089718328 ], [ 155.307247147255111, -4.727281610858958 ], [ 155.307517476464056, -4.72729082303094 ], [ 155.307787474425197, -4.727199987515538 ], [ 155.307844077232772, -4.72715838627884 ] ], [ [ 155.465171204757809, -4.785998420609947 ], [ 155.465301362788438, -4.785914030259971 ], [ 155.465487761949021, -4.785726128791115 ], [ 155.465570526421089, -4.785599270325347 ], [ 155.46564782545866, -4.785454400938282 ], [ 155.465809165165012, -4.785182668511862 ], [ 155.465839197616077, -4.785147061289894 ], [ 155.466044485155209, -4.784910669493638 ], [ 155.466108390837434, -4.784840696383088 ], [ 155.466284593325042, -4.784638653230944 ], [ 155.466377549029573, -4.784524612964799 ], [ 155.466505479517167, -4.784366706259966 ], [ 155.466646670522351, -4.784198345940112 ], [ 155.466733769153109, -4.784094732620811 ], [ 155.466916040514377, -4.783941525007374 ], [ 155.467089805362093, -4.783822298524118 ], [ 155.467185687478292, -4.78376208763931 ], [ 155.467449790377742, -4.783549850149293 ], [ 155.467455186949962, -4.783541523793665 ], [ 155.467576594601894, -4.783278242379645 ], [ 155.4676575190758, -4.783006800029099 ], [ 155.467723072836776, -4.782870566177897 ], [ 155.46779959386285, -4.782735137262299 ], [ 155.467992048203314, -4.782503828559574 ], [ 155.468036516459819, -4.782463132598401 ], [ 155.468261553739239, -4.782285155045889 ], [ 155.468368379321674, -4.782190785663288 ], [ 155.468530958957814, -4.782038533110762 ], [ 155.468659383670996, -4.781918586018386 ], [ 155.46880036731929, -4.781792844843912 ], [ 155.468990029305985, -4.781646243427712 ], [ 155.469069933438931, -4.78159124262635 ], [ 155.469339937024472, -4.781511776038841 ], [ 155.469610167897685, -4.781495763430549 ], [ 155.469880264566513, -4.781442325018221 ], [ 155.470033846901288, -4.781371328667281 ], [ 155.470150104926319, -4.781317406116793 ], [ 155.470419849851112, -4.781165903338222 ], [ 155.470490236482249, -4.781098532199058 ], [ 155.470633320712039, -4.780826865966191 ], [ 155.470688347680095, -4.780666559372325 ], [ 155.470732142160443, -4.780555359441533 ], [ 155.470870365307178, -4.780283710798346 ], [ 155.470956808651948, -4.780157005402864 ], [ 155.471067510575239, -4.780011849614393 ], [ 155.471226024663395, -4.779858148449265 ], [ 155.471475883762764, -4.779739226367476 ], [ 155.471495856601337, -4.779731156645059 ], [ 155.471765686899857, -4.779603747214728 ], [ 155.471867722344058, -4.779466662704781 ], [ 155.471894250065219, -4.779195417200545 ], [ 155.471851103673032, -4.778924423089998 ], [ 155.471801694725571, -4.778653451550917 ], [ 155.471761582295187, -4.778458806554143 ], [ 155.471743963685128, -4.77838251000774 ], [ 155.471663964781783, -4.77811164875708 ], [ 155.471537877688178, -4.777840953690847 ], [ 155.471488858196693, -4.777778689856953 ], [ 155.47122367998108, -4.777570936909074 ], [ 155.471217815398632, -4.777567595737742 ], [ 155.471153431603653, -4.777571190224051 ], [ 155.470947593083736, -4.777585478046354 ], [ 155.470712748043866, -4.777843929191643 ], [ 155.470678375058981, -4.777883715854956 ], [ 155.470423204359292, -4.778116123168059 ], [ 155.470408960821317, -4.778127243537 ], [ 155.47013909626375, -4.778245112968453 ], [ 155.469868842916071, -4.778254471411886 ], [ 155.469598338911595, -4.778193855619905 ], [ 155.469327976762287, -4.778172856553069 ], [ 155.469058058853904, -4.778275942135259 ], [ 155.468865769092758, -4.778392886790628 ], [ 155.468788413590346, -4.778455216613169 ], [ 155.468568670279979, -4.778665107696109 ], [ 155.468519031584151, -4.778708074202979 ], [ 155.468249205685879, -4.778836989482539 ], [ 155.46797912633852, -4.778895137493358 ], [ 155.46779613049992, -4.778939041320979 ], [ 155.467709087527197, -4.778964638706385 ], [ 155.46743919495799, -4.779075033615644 ], [ 155.467224529981735, -4.779212250748285 ], [ 155.467169523817745, -4.779247343677896 ], [ 155.466899553304813, -4.779336034571601 ], [ 155.466629431995358, -4.779382610864624 ], [ 155.466359355397941, -4.779441710468173 ], [ 155.466089100720666, -4.779451054059239 ], [ 155.465818552715177, -4.779378402970829 ], [ 155.465547788107529, -4.779245181542866 ], [ 155.465504772852313, -4.779218442165406 ], [ 155.46527693545417, -4.779087318478703 ], [ 155.465006238775914, -4.778973058644911 ], [ 155.464959191128287, -4.778949254263317 ], [ 155.464735496827046, -4.778846121862074 ], [ 155.464464635360855, -4.778685729638847 ], [ 155.464455286212882, -4.77867991579524 ], [ 155.464193818003309, -4.778537654808524 ], [ 155.463923080878487, -4.778412012499088 ], [ 155.463918839637813, -4.778410693771683 ], [ 155.463652548092398, -4.778343549355503 ], [ 155.463382396136353, -4.778381692000676 ], [ 155.463327966466863, -4.778412818293999 ], [ 155.463112868195708, -4.778594552534245 ], [ 155.463044014606851, -4.778684990657789 ], [ 155.462934370147082, -4.778956536410467 ], [ 155.462881141884992, -4.77922787936933 ], [ 155.462886954667852, -4.779499010076214 ], [ 155.462972801505373, -4.779769853011155 ], [ 155.463107573448355, -4.780040519964797 ], [ 155.463118096174327, -4.780057883640435 ], [ 155.463249757447443, -4.780311160178798 ], [ 155.463343783263468, -4.78058197351983 ], [ 155.463390627182548, -4.780685238975034 ], [ 155.463474048256586, -4.78085265645087 ], [ 155.463569930445743, -4.781123462995995 ], [ 155.463646232737091, -4.781394339932441 ], [ 155.463663655646684, -4.78145153711566 ], [ 155.463738413551226, -4.781665159694565 ], [ 155.46377444008084, -4.78193618147383 ], [ 155.463774189301404, -4.782207333783877 ], [ 155.463775165783431, -4.782478481675591 ], [ 155.463734112321532, -4.782749780830521 ], [ 155.463668924858695, -4.782925192740458 ], [ 155.463641571887706, -4.78302126530275 ], [ 155.463594437897996, -4.783292586374599 ], [ 155.463579855162777, -4.783563790298232 ], [ 155.463587838574313, -4.783834912998009 ], [ 155.463588775027716, -4.784106061060099 ], [ 155.463565918196309, -4.784377294774555 ], [ 155.463570005976635, -4.784648431492044 ], [ 155.463642357872857, -4.784919322428495 ], [ 155.463676281207597, -4.784981795936325 ], [ 155.463826247350084, -4.78518981169826 ], [ 155.463947859854812, -4.785341715298473 ], [ 155.464037944234121, -4.785460200696838 ], [ 155.464171815701633, -4.78573086986036 ], [ 155.46421987182606, -4.785822614256396 ], [ 155.464345270461109, -4.786001396352963 ], [ 155.464491312810111, -4.786143873108467 ], [ 155.464761703847302, -4.786171798367755 ], [ 155.465031622894429, -4.786067912223757 ], [ 155.465171204757809, -4.785998420609947 ] ], [ [ 155.463737186558944, -4.816101380067325 ], [ 155.463586495263115, -4.816373077354188 ], [ 155.463519112890395, -4.816498858407063 ], [ 155.463465194496109, -4.816644668161273 ], [ 155.4634186969827, -4.816915987914084 ], [ 155.463390753341713, -4.817187240439522 ], [ 155.46336062753565, -4.817458500882129 ], [ 155.463427493604286, -4.817729409785988 ], [ 155.463523915361378, -4.817832258839415 ], [ 155.463794796522933, -4.817992526477862 ], [ 155.463924778486955, -4.817998758301854 ], [ 155.464065140213364, -4.818003601778466 ], [ 155.464093262678773, -4.817998147439408 ], [ 155.464335231120174, -4.817944539784673 ], [ 155.464605263200923, -4.817869181760585 ], [ 155.464875089864847, -4.817736858972002 ], [ 155.464890675682369, -4.817724104792393 ], [ 155.465144456341534, -4.817476900456634 ], [ 155.465166584520773, -4.817451953192382 ], [ 155.46540081502522, -4.817179952762041 ], [ 155.465413641119227, -4.817166590462646 ], [ 155.46568309201308, -4.816930169681284 ], [ 155.465713031672095, -4.816907669466736 ], [ 155.465952736084432, -4.816747391715676 ], [ 155.466108572885275, -4.816635083880148 ], [ 155.466222311974633, -4.81654574988885 ], [ 155.466444611900954, -4.816362714098652 ], [ 155.466491817995774, -4.81632477987194 ], [ 155.466761654148712, -4.816195422768076 ], [ 155.46703182599083, -4.816159197022272 ], [ 155.467302169307374, -4.816170540810759 ], [ 155.467572591967979, -4.816203895241688 ], [ 155.467843115620809, -4.816265253787508 ], [ 155.468019257858344, -4.816356999453481 ], [ 155.468113942646283, -4.816410701319636 ], [ 155.468369239118005, -4.816626879075659 ], [ 155.468385084002733, -4.816643239365825 ], [ 155.468612516818155, -4.816897145886931 ], [ 155.468656471862431, -4.816944032643448 ], [ 155.468917779596097, -4.817167187368579 ], [ 155.468927605701197, -4.817174382747949 ], [ 155.46919842834015, -4.817318484503211 ], [ 155.469469011654013, -4.817396280991586 ], [ 155.469739072520724, -4.817329390210396 ], [ 155.469899417312092, -4.817163621108734 ], [ 155.470007936528305, -4.816931090815064 ], [ 155.470021353330424, -4.816892028102123 ], [ 155.470071478901957, -4.816620696051149 ], [ 155.470081568538149, -4.816349509480825 ], [ 155.47000490471396, -4.81609140936308 ], [ 155.469995540968114, -4.816078672115416 ], [ 155.469734138968278, -4.81596289854028 ], [ 155.469463925318053, -4.81598733056796 ], [ 155.469193774039894, -4.816029064785826 ], [ 155.468923580037995, -4.816058983979402 ], [ 155.468653059511638, -4.815998433047142 ], [ 155.468382336457694, -4.815881747820943 ], [ 155.468260503764384, -4.81581382304981 ], [ 155.468111522774535, -4.815739925623623 ], [ 155.467840545257587, -4.815552659603871 ], [ 155.46783205753411, -4.815544227920046 ], [ 155.467600871790552, -4.815273916536326 ], [ 155.467569065527186, -4.815226095991459 ], [ 155.467432933484616, -4.815003375491774 ], [ 155.467317295598917, -4.814732644588298 ], [ 155.467296814941335, -4.814685648433469 ], [ 155.467189655844777, -4.814461957155697 ], [ 155.467035329987993, -4.814191366443533 ], [ 155.467024685828903, -4.814178736136045 ], [ 155.466767308271216, -4.813921187977657 ], [ 155.466753411137404, -4.813908758433198 ], [ 155.466482679382182, -4.813789394197932 ], [ 155.466212300644344, -4.813767994124295 ], [ 155.465942090703948, -4.813793457934088 ], [ 155.465672097262797, -4.813879042164078 ], [ 155.465565497266454, -4.813925545473931 ], [ 155.46540229899955, -4.814018844181347 ], [ 155.465178676253373, -4.814198098465708 ], [ 155.465132872456223, -4.814261891597355 ], [ 155.465006021646474, -4.814469875185345 ], [ 155.464864045428641, -4.814671448664203 ], [ 155.46481603415242, -4.814741714750728 ], [ 155.46461382921413, -4.815013598617949 ], [ 155.464595073099787, -4.815040732702858 ], [ 155.464432806751518, -4.815285405735067 ], [ 155.464326337450075, -4.815475800134468 ], [ 155.464264460213514, -4.815557166935568 ], [ 155.464057143538412, -4.815783695298336 ], [ 155.463992917844934, -4.815829302149822 ], [ 155.463787729831466, -4.816030619949932 ] ] ] } },
{ "type": "Feature", "properties": { "year": 2015, "certainty": "good", "eez_territory": "PNG" }, "geometry": { "type": "MultiLineString", "coordinates": [ [ [ 155.335749360416543, -4.667677039824258 ], [ 155.335970018358836, -4.66757877031702 ], [ 155.336204212942789, -4.667404347543925 ], [ 155.336239627087537, -4.667378856334419 ], [ 155.336509324011359, -4.667205649255335 ], [ 155.336625672927084, -4.667131766383111 ], [ 155.336778964283241, -4.667015371839454 ], [ 155.3369697466714, -4.666859442953846 ], [ 155.337048435282583, -4.66677399751723 ], [ 155.337165553940679, -4.666587613480198 ], [ 155.337184500714898, -4.666316373263295 ], [ 155.337046290643059, -4.666125906833819 ], [ 155.336958303116489, -4.666045949673522 ], [ 155.336775353958586, -4.665924242730386 ], [ 155.336614922087421, -4.66577591619193 ], [ 155.336504194022666, -4.665655047404665 ], [ 155.336388148253747, -4.665505494137832 ], [ 155.336271376809549, -4.665234705681825 ], [ 155.336232131535382, -4.665112881010199 ], [ 155.336158296946621, -4.6649639048702 ], [ 155.335960924122958, -4.664829154587391 ], [ 155.335690664025435, -4.664831905773514 ], [ 155.33542060750338, -4.664896255799539 ], [ 155.335286072863227, -4.664966808055711 ], [ 155.335150835212573, -4.665046624190143 ], [ 155.334951794904839, -4.665239097936666 ], [ 155.334881546692344, -4.665343402196374 ], [ 155.334803599301381, -4.665510768609178 ], [ 155.334770599584772, -4.665782055976937 ], [ 155.334803314708495, -4.666053124661833 ], [ 155.334884658233307, -4.666284683152574 ], [ 155.334904660526519, -4.666323964912116 ], [ 155.335032693988694, -4.666594716273745 ], [ 155.335116200280765, -4.666865615791978 ], [ 155.335157120055442, -4.666947573873477 ], [ 155.335253224064303, -4.667136337090009 ], [ 155.335412464258013, -4.667406984331813 ], [ 155.335429023877481, -4.667441530973987 ], [ 155.335662022703048, -4.667677330692025 ], [ 155.335700170173538, -4.667706354330702 ], [ 155.335749360416543, -4.667677039824258 ] ], [ [ 155.429375877672015, -4.712642512788213 ], [ 155.429532830983618, -4.712370805150083 ], [ 155.429611452803499, -4.71209937147549 ], [ 155.429606016015555, -4.711828231771344 ], [ 155.429556287125706, -4.711557246937767 ], [ 155.429520171549626, -4.711286214481901 ], [ 155.42951679724689, -4.711015067539595 ], [ 155.429516155987301, -4.710743911039558 ], [ 155.429514316502406, -4.710472758726258 ], [ 155.429545745523058, -4.710201490117304 ], [ 155.429626976656323, -4.709986058006312 ], [ 155.429658143163863, -4.709929938490149 ], [ 155.429896242685231, -4.709697466590394 ], [ 155.429960256735143, -4.709657723701991 ], [ 155.430165683753671, -4.709459336866164 ], [ 155.43021685429386, -4.709385668026145 ], [ 155.430165005018324, -4.709263902889427 ], [ 155.429993058098631, -4.709115291720921 ], [ 155.429894124367252, -4.709087457605886 ], [ 155.429623665993091, -4.70903260881612 ], [ 155.429353068171253, -4.708937593384159 ], [ 155.429199634676166, -4.708846905833704 ], [ 155.42908224372681, -4.708777280158982 ], [ 155.428811353437908, -4.708597968384171 ], [ 155.428784177293835, -4.708577198467206 ], [ 155.428540432289566, -4.708409731858461 ], [ 155.428389544823688, -4.708307417953276 ], [ 155.428269518220333, -4.708223501670283 ], [ 155.427998664430277, -4.708054615075294 ], [ 155.427963106743846, -4.70803774811436 ], [ 155.427728032368208, -4.707949628054622 ], [ 155.427457947122775, -4.708002304465185 ], [ 155.427407698602934, -4.708039687237871 ], [ 155.427284188164379, -4.708311277599755 ], [ 155.427303298275945, -4.70858237008524 ], [ 155.427373932502917, -4.708853282666382 ], [ 155.427461353509415, -4.708984410496849 ], [ 155.427536199109511, -4.709123875242541 ], [ 155.427711539115592, -4.709394422057271 ], [ 155.427733161082614, -4.709428076931915 ], [ 155.427866127217413, -4.709665041238843 ], [ 155.4279722817096, -4.709935829510556 ], [ 155.428005462908857, -4.710014041217653 ], [ 155.428087367184162, -4.710206586521515 ], [ 155.428167373781434, -4.710477466026529 ], [ 155.428236264638457, -4.710748384328687 ], [ 155.428278717777857, -4.710874367264676 ], [ 155.428331389120672, -4.71101921092272 ], [ 155.42839428677479, -4.711290150089849 ], [ 155.428432444661183, -4.711561175690751 ], [ 155.42849442543735, -4.71183211800483 ], [ 155.428552762989966, -4.711961958984179 ], [ 155.428623785212892, -4.712102824754298 ], [ 155.428768115064457, -4.712373479089752 ], [ 155.428824888986838, -4.712496551210386 ], [ 155.428952510909426, -4.712643993244016 ], [ 155.429095976933098, -4.712732176527181 ], [ 155.429365972591228, -4.712653368953061 ], [ 155.429375877672015, -4.712642512788213 ] ], [ [ 155.435525260482649, -4.716688342931939 ], [ 155.435596072758955, -4.716647501573172 ], [ 155.435865597646767, -4.716433875993696 ], [ 155.435891892687863, -4.716415898885017 ], [ 155.436134897733041, -4.716155827245043 ], [ 155.43614983330292, -4.716143836252482 ], [ 155.436134726376906, -4.716106679257898 ], [ 155.435922132048574, -4.715873477905567 ], [ 155.435863599234239, -4.715860634038526 ], [ 155.435593340804871, -4.715863775354263 ], [ 155.435566503159464, -4.715874725711095 ], [ 155.435323405369104, -4.715959608340864 ], [ 155.435053704218234, -4.716122703661923 ], [ 155.43502607134792, -4.716147779200722 ], [ 155.434850680796558, -4.716419552072807 ], [ 155.434849483521305, -4.716690713913735 ], [ 155.435056018794313, -4.716786814259407 ], [ 155.43532627501736, -4.7167829064793 ], [ 155.435525260482649, -4.716688342931939 ] ], [ [ 155.43304173368341, -4.718324001197442 ], [ 155.433169315674434, -4.718275997822984 ], [ 155.433344342410294, -4.718051782061586 ], [ 155.433438176324273, -4.717871260882091 ], [ 155.43346897460421, -4.71778018707306 ], [ 155.433570118133218, -4.717508674480608 ], [ 155.433629539853371, -4.717237308218518 ], [ 155.433568977547111, -4.716966362695274 ], [ 155.433434589640797, -4.71684166285444 ], [ 155.4331915095743, -4.716696528174499 ], [ 155.433163771251827, -4.716684273835757 ], [ 155.432893011078193, -4.716543577977889 ], [ 155.43262254702617, -4.716487912059444 ], [ 155.432499193482528, -4.716698954849521 ], [ 155.432485201531478, -4.716970161997928 ], [ 155.432512744855785, -4.717241223566896 ], [ 155.43255561845038, -4.717512231384457 ], [ 155.432606470892381, -4.717783211209842 ], [ 155.432627609815768, -4.717941772184403 ], [ 155.432647867930569, -4.718054224158941 ], [ 155.432791926368822, -4.71832487713572 ], [ 155.432899400011138, -4.718377960362219 ], [ 155.43304173368341, -4.718324001197442 ] ], [ [ 155.307969840194716, -4.727157967205192 ], [ 155.308057414553048, -4.727091718578173 ], [ 155.30828837816108, -4.726885723445599 ], [ 155.308326917889957, -4.726851566844259 ], [ 155.308596433278836, -4.726615114270889 ], [ 155.308598019177566, -4.726613509310921 ], [ 155.30886590052458, -4.726364181945734 ], [ 155.308888660150416, -4.72634135848273 ], [ 155.30913531982705, -4.726098832960623 ], [ 155.309165099589478, -4.726069254979262 ], [ 155.309399555972419, -4.725797291418504 ], [ 155.309404596194838, -4.725790386909519 ], [ 155.30960239955138, -4.725525433249425 ], [ 155.309673557217593, -4.725386792194056 ], [ 155.309748532356195, -4.725253764148388 ], [ 155.309672636571918, -4.725108799219015 ], [ 155.309601000353865, -4.724983073969582 ], [ 155.309401438069358, -4.724836678830073 ], [ 155.309179188194435, -4.724713297761786 ], [ 155.309130646502808, -4.724687415500901 ], [ 155.308860077450532, -4.724605350345864 ], [ 155.308589513811768, -4.724524915588717 ], [ 155.308357280099614, -4.724444853972933 ], [ 155.308318901295138, -4.724429705913577 ], [ 155.308048470789942, -4.724389495633401 ], [ 155.307778142154859, -4.724380082207652 ], [ 155.307507788251712, -4.724363043580339 ], [ 155.307237138636026, -4.724256612256934 ], [ 155.307172212692706, -4.724177617987899 ], [ 155.307062044908378, -4.723906802278456 ], [ 155.306964910245114, -4.723672755183605 ], [ 155.306949672354818, -4.723635993846394 ], [ 155.30677505959693, -4.723365392487897 ], [ 155.306693397430308, -4.723305148699451 ], [ 155.306530281584031, -4.723366207057674 ], [ 155.306423469563725, -4.723416910740267 ], [ 155.306295938016802, -4.723638169432464 ], [ 155.30619502447658, -4.723909687838298 ], [ 155.306155337943181, -4.724072091775176 ], [ 155.306127639646235, -4.724181094696535 ], [ 155.306090839387309, -4.724452399795227 ], [ 155.306026022381701, -4.724723798139736 ], [ 155.305892559800611, -4.724995424945093 ], [ 155.305888115968031, -4.725002495288373 ], [ 155.305737310579161, -4.725267124275302 ], [ 155.305677219305238, -4.725538506958403 ], [ 155.305664984878149, -4.72580973038805 ], [ 155.305652624200889, -4.726080954240527 ], [ 155.305656149899278, -4.72635212521911 ], [ 155.305748191854804, -4.726623001551173 ], [ 155.305894261334288, -4.726860891973726 ], [ 155.305912881115802, -4.726893635982019 ], [ 155.306057053936485, -4.727164338621066 ], [ 155.306165916812034, -4.727271009754326 ], [ 155.306436566958183, -4.727377167462941 ], [ 155.306706876811887, -4.72738047597234 ], [ 155.306977075617652, -4.727350243590762 ], [ 155.307247368556119, -4.72734847461102 ], [ 155.307517644233741, -4.727341506902532 ], [ 155.307787678188248, -4.727261539041466 ], [ 155.307969840194716, -4.727157967205192 ] ], [ [ 155.46395009851085, -4.785967279153987 ], [ 155.463966432104684, -4.786002760929103 ], [ 155.464181156092025, -4.786273138818034 ], [ 155.464221540650726, -4.786288855257896 ], [ 155.464492018485231, -4.786340997200531 ], [ 155.46476213013355, -4.786290864864651 ], [ 155.464805952666609, -4.78627088786558 ], [ 155.465031881473891, -4.786140130353377 ], [ 155.465232491079831, -4.785998199762899 ], [ 155.465301459808671, -4.785941124877236 ], [ 155.465568293918011, -4.785725838569733 ], [ 155.465570967353415, -4.785722401917744 ], [ 155.465732600951554, -4.785454095421137 ], [ 155.465839715913887, -4.785291795044641 ], [ 155.465926991550873, -4.785182243877876 ], [ 155.466108901848173, -4.784983388846337 ], [ 155.466167860996478, -4.784910224842048 ], [ 155.466371492102127, -4.784638340033612 ], [ 155.466377927950788, -4.784630417186017 ], [ 155.466601780416312, -4.784366359163613 ], [ 155.466647111408804, -4.784321447158124 ], [ 155.466916643514338, -4.78410988028773 ], [ 155.466936894766604, -4.784094000454764 ], [ 155.467186221325193, -4.783911125265238 ], [ 155.467292805465974, -4.783821566746029 ], [ 155.467455616754592, -4.783661508038225 ], [ 155.467547094290467, -4.783549499362617 ], [ 155.467693114613581, -4.783277822318113 ], [ 155.467724333547693, -4.783222508911294 ], [ 155.467910173270013, -4.783005889191974 ], [ 155.467993523952003, -4.782915785856192 ], [ 155.468207877489334, -4.782733665321105 ], [ 155.468262973895804, -4.782681569242586 ], [ 155.468489484987032, -4.782461499479797 ], [ 155.46853233200784, -4.78242177677724 ], [ 155.468801847077884, -4.782205847733182 ], [ 155.468823785601472, -4.782189143626471 ], [ 155.469071397711417, -4.781999896140011 ], [ 155.46920126836963, -4.781916632015802 ], [ 155.469341130896709, -4.781844937198906 ], [ 155.469611081813724, -4.781750775235851 ], [ 155.469822115529524, -4.781643242567184 ], [ 155.469880889361093, -4.781616647039655 ], [ 155.470150707004393, -4.781485376221915 ], [ 155.470418689438844, -4.781369940376969 ], [ 155.470420577499453, -4.781368889050849 ], [ 155.470645882856047, -4.781097970670455 ], [ 155.470689299374811, -4.780932042560162 ], [ 155.47071648049689, -4.780826565952826 ], [ 155.470798293490247, -4.780555120793814 ], [ 155.470949643638647, -4.780283424792936 ], [ 155.470957226689251, -4.780273622040539 ], [ 155.471210992982094, -4.780011331966726 ], [ 155.471226529130206, -4.779998868795928 ], [ 155.471496440645467, -4.779894061117289 ], [ 155.471759955479115, -4.77973820136889 ], [ 155.471766146300979, -4.779731875548305 ], [ 155.471892550256712, -4.779466573115279 ], [ 155.471897963300847, -4.779195403802301 ], [ 155.47185948833868, -4.778924392838317 ], [ 155.471839635839757, -4.778788889567903 ] ], [ [ 155.469463282120557, -4.778218060899649 ], [ 155.469328121350145, -4.778213234916407 ], [ 155.469058160362948, -4.778304292609078 ], [ 155.468894348705675, -4.778392783811669 ], [ 155.468788442940195, -4.77846341434038 ], [ 155.468533657637238, -4.778665233845057 ], [ 155.468518921774717, -4.778677401402362 ], [ 155.468249189616955, -4.778832500635326 ], [ 155.467979231666789, -4.778924563677871 ], [ 155.467933241904859, -4.778938547424398 ], [ 155.467709191766289, -4.778993763364532 ], [ 155.467439141541462, -4.779060107546999 ], [ 155.467169121869603, -4.779135018770408 ], [ 155.466902337049618, -4.779213411025896 ], [ 155.466899117979409, -4.779214371164544 ], [ 155.466628992688868, -4.779259822563366 ], [ 155.466358804684717, -4.779287767968515 ], [ 155.466088499383403, -4.779282942104139 ], [ 155.465818010257067, -4.779226732772631 ], [ 155.465790205448968, -4.779217414858316 ], [ 155.465547387487902, -4.779133154106229 ], [ 155.46527672707677, -4.779029040761839 ], [ 155.465121753269415, -4.778948669358972 ], [ 155.465005935439223, -4.778888211697025 ], [ 155.464735189814292, -4.778760234934284 ], [ 155.464583991841153, -4.77867945283164 ], [ 155.464464368136845, -4.778610962965971 ], [ 155.46419362998509, -4.778485041839861 ], [ 155.464017995339475, -4.778410337201109 ], [ 155.463922944379647, -4.77837381099249 ], [ 155.463652527053654, -4.77833766058984 ], [ 155.463382393462894, -4.778380943621095 ], [ 155.463287093066185, -4.778412965238095 ], [ 155.463112506297364, -4.778493239038868 ], [ 155.462842714110309, -4.778632163447149 ], [ 155.462764121882827, -4.778685996792878 ], [ 155.462573430431064, -4.778913508679544 ], [ 155.462537584198429, -4.77895796272648 ], [ 155.462396232323357, -4.779229622490123 ], [ 155.462388155201467, -4.779500803227465 ] ], [ [ 155.462575978244644, -4.779626816610539 ], [ 155.462717176536273, -4.779770772095105 ], [ 155.462847446987666, -4.779957068255213 ], [ 155.462888119966578, -4.780041309089663 ], [ 155.462928982479525, -4.780312313749598 ], [ 155.463025369510689, -4.780583118707809 ], [ 155.463120199511877, -4.780646487995094 ], [ 155.463309487852598, -4.780853248382052 ], [ 155.463391603013378, -4.780958261292513 ], [ 155.463480203863071, -4.78112378578214 ], [ 155.463577923783333, -4.781394585692397 ], [ 155.463640019391107, -4.781665513725164 ], [ 155.463648322329504, -4.781936635285846 ], [ 155.46361785351985, -4.782207896358128 ], [ 155.463614140903047, -4.782479061155786 ], [ 155.463618804138548, -4.78275019581029 ], [ 155.46358683129958, -4.783021462313389 ], [ 155.463537076597902, -4.783292792824679 ], [ 155.463495093310229, -4.783564095379764 ], [ 155.463466525469642, -4.783835349660376 ], [ 155.463412539365578, -4.784106695443123 ], [ 155.463402973597738, -4.784138412386986 ], [ 155.463307732898357, -4.784378224173985 ], [ 155.463252596383114, -4.784649574135738 ], [ 155.463270016588126, -4.784920662920599 ], [ 155.463383032405488, -4.785191407533299 ] ], [ [ 155.462977905909668, -4.816332117266042 ], [ 155.462992646340865, -4.816375229086353 ], [ 155.463042057438543, -4.816646201404951 ], [ 155.463037423688604, -4.816917369526471 ], [ 155.462990121051234, -4.817188692261497 ], [ 155.462981091171741, -4.817216768587105 ], [ 155.462925457223974, -4.817460077921493 ], [ 155.462872109850991, -4.81773142259166 ], [ 155.462983455164135, -4.817873220225798 ], [ 155.463190699159526, -4.818001419319524 ], [ 155.463254285272342, -4.818019313067428 ], [ 155.463524763279196, -4.818067643443163 ], [ 155.463795207785211, -4.818106679227823 ], [ 155.464065526332746, -4.818110763751339 ], [ 155.464335710347285, -4.818077529167651 ], [ 155.464605800805742, -4.818018357157047 ], [ 155.464657809138629, -4.817996100294842 ], [ 155.464875591601384, -4.817876070309289 ], [ 155.465034943171673, -4.817723581557723 ], [ 155.465144921418187, -4.817605933197371 ], [ 155.465284461551647, -4.817451525649901 ], [ 155.465414131973318, -4.817302768820856 ], [ 155.465531032071965, -4.817179480442364 ], [ 155.465683467938305, -4.817034457241541 ], [ 155.465841208910831, -4.816907204513066 ], [ 155.46595301987881, -4.816826115318051 ], [ 155.466205052704794, -4.816634733872232 ], [ 155.466222585999077, -4.816621758247675 ], [ 155.466492431676897, -4.81649498906436 ], [ 155.466762326793031, -4.816381970142923 ], [ 155.466809771888649, -4.816361389198561 ], [ 155.467032289862061, -4.816287832101282 ], [ 155.467302659294063, -4.816306402579961 ], [ 155.467451957448816, -4.816359058698588 ], [ 155.467573442841001, -4.816439792275935 ], [ 155.467844172090508, -4.816558113034342 ], [ 155.467945930372593, -4.816628415993375 ], [ 155.468115203852079, -4.816760263448582 ], [ 155.468259193326247, -4.816898428923508 ], [ 155.46838633177029, -4.816989022223512 ], [ 155.468603629438689, -4.817168328367239 ], [ 155.468657427638419, -4.817208854913217 ], [ 155.468928349735535, -4.817380505258722 ], [ 155.469048157885652, -4.817437863903052 ], [ 155.46919909672738, -4.817503624729488 ], [ 155.469469512129024, -4.817534893516085 ], [ 155.469733453370083, -4.817435374124612 ], [ 155.46973944457639, -4.817432426004886 ], [ 155.469959988346687, -4.817163401009607 ], [ 155.470008356174759, -4.817047303066496 ], [ 155.470063205368575, -4.816891876024431 ], [ 155.470102357386224, -4.816620583852274 ], [ 155.470091220671719, -4.816349474411166 ], [ 155.470005107367342, -4.816147540214756 ], [ 155.469948538964843, -4.816078842873107 ], [ 155.469734146610591, -4.815965015604479 ], [ 155.469463823380437, -4.815959088873323 ], [ 155.469193632769503, -4.815989922001882 ], [ 155.468923395596391, -4.81600787409359 ], [ 155.468652895483473, -4.815952974326927 ], [ 155.468382136624854, -4.815826358711529 ], [ 155.468359779779576, -4.815813462643912 ], [ 155.468111237116517, -4.815660736490167 ], [ 155.467969099306828, -4.815543730521776 ], [ 155.467839968197183, -4.815392663702864 ], [ 155.467752390898198, -4.815273366672567 ], [ 155.46757881268195, -4.815002846161418 ], [ 155.467568205747625, -4.81498766883365 ], [ 155.467422551727878, -4.814732262703219 ], [ 155.467296311601132, -4.814546036462582 ], [ 155.467246622487266, -4.814461750496377 ], [ 155.467029261753709, -4.814191388454535 ], [ 155.46702471555534, -4.814186983045655 ], [ 155.466877332944165, -4.814056364233984 ] ], [ [ 155.464804511564012, -4.814606181018568 ], [ 155.464595424298807, -4.814742514292728 ], [ 155.464594004048195, -4.814743900424639 ], [ 155.464328985846322, -4.815014630916806 ], [ 155.46432470438674, -4.815022348857371 ] ], [ [ 155.463884893979724, -4.815558542451011 ], [ 155.463786211414885, -4.815608960486395 ], [ 155.463516201299882, -4.815690276812877 ], [ 155.463246056502044, -4.815734215008653 ], [ 155.462975976443971, -4.815796161645599 ], [ 155.462865400697467, -4.815833387333178 ] ] ] } },
{ "type": "Feature", "properties": { "year": 2023, "certainty": "good", "eez_territory": "PNG" }, "geometry": { "type": "MultiLineString", "coordinates": [ [ [ 155.336386343286705, -4.667403740862593 ], [ 155.336509688534562, -4.667315811028104 ], [ 155.336659852939448, -4.667131652518153 ], [ 155.336778625701641, -4.666913055092782 ], [ 155.336800407125963, -4.666860007106015 ], [ 155.336875945347373, -4.666588578307334 ], [ 155.336883786680971, -4.666317375036095 ], [ 155.33677915355176, -4.66604654640034 ], [ 155.33677574281387, -4.666041776781658 ], [ 155.336553312271263, -4.665776121370421 ], [ 155.336504431356133, -4.665726795849581 ], [ 155.33633339068092, -4.665505676468445 ], [ 155.336269877284678, -4.665370299311767 ] ], [ [ 155.334970235983661, -4.666459335414034 ], [ 155.335055861944653, -4.666594639155254 ], [ 155.335156590757293, -4.666787509497526 ], [ 155.335190429541996, -4.666865368681465 ], [ 155.335246907501755, -4.667136358120039 ], [ 155.335345754231952, -4.667407206457703 ], [ 155.335429229228566, -4.667503615594661 ], [ 155.335699762959365, -4.667583258483866 ], [ 155.335969986728969, -4.667569209961762 ], [ 155.336239984590577, -4.667486905036394 ], [ 155.336386343286705, -4.667403740862593 ] ], [ [ 155.429166819582662, -4.712643243868055 ], [ 155.429365603295849, -4.712547073026773 ], [ 155.429458135062617, -4.712371066372234 ], [ 155.429516284918748, -4.71209970428137 ], [ 155.429519451987915, -4.711828534471792 ], [ 155.429486739299506, -4.711557490117307 ], [ 155.429438121361727, -4.711286501355593 ], [ 155.429401384791049, -4.711015471032098 ], [ 155.42939026811078, -4.710744351128922 ], [ 155.429413445782359, -4.71047311133999 ], [ 155.429456449876994, -4.710201802255029 ], [ 155.429530000306187, -4.709930386411965 ], [ 155.429626231881457, -4.709771584771373 ], [ 155.429743843715499, -4.709658480208219 ], [ 155.429895508712661, -4.709486114617334 ], [ 155.43000624290417, -4.709386404288424 ], [ 155.42989486150779, -4.709299739967831 ], [ 155.429624286436933, -4.709211307410999 ], [ 155.429444037523012, -4.709117210585556 ], [ 155.429353566942638, -4.709081267681112 ], [ 155.429082656648205, -4.708896242478419 ], [ 155.429020797300637, -4.70884753069056 ], [ 155.428811726356457, -4.708705422160876 ], [ 155.428628770811684, -4.708577741335464 ], [ 155.42854078191084, -4.708510488061328 ], [ 155.428269890882262, -4.708330914075802 ], [ 155.428232842187953, -4.708307965229008 ], [ 155.427999138447007, -4.708191260738781 ], [ 155.427728656512954, -4.708129574669268 ], [ 155.427458648326706, -4.708204487712781 ], [ 155.427366183519098, -4.708310991351493 ], [ 155.427323614401018, -4.708582299157329 ], [ 155.42736798545053, -4.708853303430482 ], [ 155.427461362541777, -4.708987014375595 ], [ 155.427557429554099, -4.709123801106966 ], [ 155.427732938303564, -4.709363866407616 ], [ 155.427754679307156, -4.709394271393881 ], [ 155.427900683409831, -4.709664920539972 ], [ 155.428005183779987, -4.709933608216262 ], [ 155.428006110681366, -4.709935711339858 ], [ 155.428111161569291, -4.71020650339493 ], [ 155.428181455032757, -4.710477416828815 ], [ 155.428235096165821, -4.710748388411486 ], [ 155.42827885951661, -4.710915197697466 ], [ 155.42831473053937, -4.711019269135426 ], [ 155.428412387487555, -4.711290086831977 ], [ 155.428475114399703, -4.711561026558128 ], [ 155.428533020159392, -4.71183198310355 ], [ 155.428552549525278, -4.711900487121631 ], [ 155.428625036349587, -4.712102820380712 ], [ 155.428733828629248, -4.71237359895752 ], [ 155.428824915152319, -4.712504084375744 ], [ 155.42903577687531, -4.712643702094665 ], [ 155.429095765672827, -4.712671363093901 ], [ 155.429166819582662, -4.712643243868055 ] ], [ [ 155.435503443820153, -4.716688419486563 ], [ 155.435596029581404, -4.716635116090752 ], [ 155.435865557790464, -4.716422443959718 ], [ 155.435873278724983, -4.716415964207523 ], [ 155.436075033823357, -4.71614409875821 ], [ 155.435863755071892, -4.71590533839579 ], [ 155.435593476949009, -4.715902834667999 ], [ 155.435323492538373, -4.715984619224814 ], [ 155.435053730526079, -4.716130252583057 ], [ 155.435033774891622, -4.716147752177455 ], [ 155.434866434024087, -4.716419496812789 ], [ 155.434893137864321, -4.716690560771156 ], [ 155.435056004730484, -4.716782779275054 ], [ 155.435326216428848, -4.716766098968963 ], [ 155.435503443820153, -4.716688419486563 ] ], [ [ 155.432922341348871, -4.718324419852587 ], [ 155.433168675145993, -4.718092139067402 ], [ 155.433183023291377, -4.718052347768309 ], [ 155.433304780525134, -4.717780762857909 ], [ 155.433430711700794, -4.717509163336745 ], [ 155.433436614821545, -4.71742304181531 ], [ 155.433446570397507, -4.717237949810359 ], [ 155.433435859560831, -4.717206233742517 ], [ 155.433314692716579, -4.716967254272143 ], [ 155.433164343771836, -4.716848661245137 ], [ 155.432893646643009, -4.716726092868774 ], [ 155.432755792663784, -4.716698055510186 ], [ 155.432623195489867, -4.716674153972292 ], [ 155.432538818484744, -4.71669881597638 ], [ 155.432353715715635, -4.71690122335884 ], [ 155.432327308429564, -4.71697071536937 ], [ 155.432354265923806, -4.71705924986665 ], [ 155.432402356943527, -4.717241610476041 ], [ 155.432516532619644, -4.717512368392344 ], [ 155.432626890405743, -4.717735209840977 ], [ 155.432651473174133, -4.717783053447964 ], [ 155.432733643569435, -4.718053923435521 ], [ 155.43287869615861, -4.718324572891486 ], [ 155.432899281640715, -4.718343980551245 ], [ 155.432922341348871, -4.718324419852587 ] ], [ [ 155.307955755440616, -4.727158014140251 ], [ 155.308057348495055, -4.727071765887395 ], [ 155.308274983058681, -4.726885768086138 ], [ 155.308326856424344, -4.726833002497188 ], [ 155.308568982582813, -4.726613606085465 ], [ 155.308596351046361, -4.726590279381779 ], [ 155.308865906507634, -4.726365988756746 ], [ 155.308891387975223, -4.726341349390618 ], [ 155.309135337010474, -4.726104021834758 ], [ 155.309169995307457, -4.72606923866031 ], [ 155.30940470833454, -4.725824247888769 ], [ 155.309427884115394, -4.725797196987291 ], [ 155.309543116986447, -4.725525630868853 ], [ 155.309553439296963, -4.725254414479417 ], [ 155.309480124357009, -4.724983476860315 ], [ 155.309401592729188, -4.724883388391462 ], [ 155.309130744427165, -4.724716994575491 ], [ 155.30911900868341, -4.724713498300201 ], [ 155.308860251471856, -4.724657922251262 ], [ 155.308589721820653, -4.724587763528092 ], [ 155.308319084748007, -4.724485142159734 ], [ 155.308177111445872, -4.724445454092315 ], [ 155.308048534362968, -4.72440870878444 ], [ 155.307778192537711, -4.724395310814486 ], [ 155.307507910471031, -4.724399989704271 ], [ 155.307237285967091, -4.724301155707963 ], [ 155.307146805177297, -4.724177702571771 ], [ 155.307067287431664, -4.72390678482734 ], [ 155.306978262535267, -4.723635898686036 ], [ 155.306964705013144, -4.723610690470679 ], [ 155.306768690319927, -4.723365413684607 ], [ 155.306693427917253, -4.723314370069421 ], [ 155.306512868050618, -4.72336626500296 ], [ 155.30642342633206, -4.723403833233674 ], [ 155.306287689791361, -4.723638196878094 ], [ 155.30619909777235, -4.723909674284361 ], [ 155.306155340819572, -4.724072961858194 ], [ 155.306125717889046, -4.724181101091371 ], [ 155.30608412448484, -4.724452422140625 ], [ 155.306033554480962, -4.724723773074129 ], [ 155.305980265321551, -4.724859541740523 ] ], [ [ 155.305843492414908, -4.72513117957376 ], [ 155.305758918183926, -4.725267052369296 ], [ 155.305753892251857, -4.725282389353533 ] ], [ [ 155.305667408609054, -4.725674130964735 ], [ 155.305664862686569, -4.725809730794712 ], [ 155.305683806195191, -4.726080850458663 ], [ 155.305703375719759, -4.72635196802946 ], [ 155.305787364220038, -4.726622871154805 ], [ 155.305894060200103, -4.726800079454004 ], [ 155.305948547038668, -4.726893517242709 ], [ 155.306096223007955, -4.727164208203381 ], [ 155.306165807137234, -4.727237856695204 ], [ 155.306436503437823, -4.727357968926057 ], [ 155.306706782593466, -4.727352002506805 ], [ 155.306976990882191, -4.727324638795185 ], [ 155.307247332057898, -4.72733744712436 ], [ 155.307517668402454, -4.727348808326991 ], [ 155.307787729086414, -4.727276913920273 ], [ 155.307955755440616, -4.727158014140251 ] ], [ [ 155.464594736615965, -4.786271648876726 ], [ 155.464762051692503, -4.786268955630229 ], [ 155.46503178794714, -4.786114009589932 ], [ 155.465238889083935, -4.785998176707191 ], [ 155.465301510274202, -4.785955218210363 ], [ 155.465524483122437, -4.785725996456401 ], [ 155.465570745675421, -4.785660498108341 ], [ 155.465678304862621, -4.785454291096656 ], [ 155.465839531566616, -4.785240316904983 ], [ 155.465905903804014, -4.785182319877404 ], [ 155.466108934379093, -4.784992472493288 ], [ 155.466181794652698, -4.784910174623182 ], [ 155.466361072420483, -4.784638377588421 ], [ 155.466377881610782, -4.784617478027622 ], [ 155.466572367206368, -4.784366465178783 ], [ 155.466646996293036, -4.78428930564391 ], [ 155.466815271195145, -4.784094438854028 ], [ 155.466916248026251, -4.783999462204746 ], [ 155.467153432616584, -4.783822069166026 ], [ 155.467185819056084, -4.783798821534542 ], [ 155.467432047539234, -4.783549914111845 ], [ 155.467455083366815, -4.783512607073863 ], [ 155.467572688301146, -4.783278256461748 ], [ 155.467696807914962, -4.783006658396038 ], [ 155.467723369299534, -4.782953329705821 ], [ 155.467827965142419, -4.782735034986234 ], [ 155.467992009332761, -4.782492977301922 ], [ 155.468019958377738, -4.782463192290719 ], [ 155.468261448537362, -4.782255788286476 ], [ 155.468355772996887, -4.782190831113007 ], [ 155.468531095717879, -4.782076706767451 ], [ 155.468714213221773, -4.781918388325919 ], [ 155.468800543647177, -4.781842060128023 ], [ 155.469062132326883, -4.78164598343322 ], [ 155.469070108812531, -4.781640188275019 ], [ 155.469340078698423, -4.78155131270551 ], [ 155.469610312815973, -4.781536201192665 ], [ 155.469745377798233, -4.781514121841758 ] ], [ [ 155.469784020223983, -4.781507804880063 ], [ 155.469880442758466, -4.781492042468649 ], [ 155.470015365051665, -4.781430165638429 ] ], [ [ 155.470684983500746, -4.78069110457634 ], [ 155.470688397771198, -4.780680533081123 ], [ 155.470739573204924, -4.780555332633596 ], [ 155.470822630356338, -4.780426332699531 ] ], [ [ 155.471030906672183, -4.780147556642738 ], [ 155.471091676722381, -4.780080116104125 ] ], [ [ 155.469733730587052, -4.778263162419726 ], [ 155.469686092608583, -4.778254355383849 ] ], [ [ 155.469285874499406, -4.778255797775507 ], [ 155.469058352557397, -4.778357970153453 ], [ 155.469009404337328, -4.778392369227545 ], [ 155.468788760549245, -4.778552125038142 ], [ 155.468648153186024, -4.778664821316195 ], [ 155.468519233734042, -4.778764539710684 ], [ 155.468249396512221, -4.778890296447138 ], [ 155.46808230422684, -4.778938010447646 ], [ 155.467979399429936, -4.778971432287834 ], [ 155.467709381164354, -4.77904668120116 ], [ 155.467439409292979, -4.779134924325938 ], [ 155.467298548519551, -4.779211984172157 ], [ 155.467169657024272, -4.779284567823226 ], [ 155.466899671266219, -4.779369001521941 ], [ 155.466629562885487, -4.779419194678407 ], [ 155.466419836896506, -4.779486299206907 ], [ 155.466359600921521, -4.779510340779517 ], [ 155.466089370933759, -4.779526593835458 ], [ 155.465998346911618, -4.779487816631908 ], [ 155.465818691478205, -4.779417200062018 ], [ 155.465547961532366, -4.779293676442591 ], [ 155.465418867627079, -4.779218751325629 ], [ 155.465277102951148, -4.779134162476164 ], [ 155.465006379568308, -4.779012439468477 ], [ 155.464869377714194, -4.778949577398633 ], [ 155.464735642795404, -4.778886956023205 ], [ 155.464464898291595, -4.778759293947656 ], [ 155.464311728242734, -4.7786804321553 ], [ 155.464194134765904, -4.778626292876813 ], [ 155.464058805229371, -4.778574400775905 ] ], [ [ 155.462777729102754, -4.779092675325657 ], [ 155.462749409697153, -4.779228352945414 ], [ 155.462762794426112, -4.779499456458042 ], [ 155.462815619326477, -4.779770418161358 ], [ 155.462847037363645, -4.779842414254698 ], [ 155.462951456086017, -4.780041081348808 ], [ 155.463118994851641, -4.780309381188549 ], [ 155.463120451056511, -4.78031162520845 ], [ 155.463263413654118, -4.780582262586351 ], [ 155.463374287307971, -4.78085301530021 ], [ 155.463391334721848, -4.780883199064663 ], [ 155.463532265135882, -4.781123598496177 ], [ 155.46361715153563, -4.781394444560768 ], [ 155.463664322879652, -4.781638169480043 ], [ 155.463671989035561, -4.781665398697197 ], [ 155.463697157786555, -4.781936459563005 ], [ 155.463668074918786, -4.782207715640333 ], [ 155.463672123445207, -4.782478852498389 ], [ 155.46369079985098, -4.782749936708975 ], [ 155.463668585824877, -4.78283038800766 ], [ 155.463633980657306, -4.783021292623749 ], [ 155.463584031075072, -4.783292623830339 ], [ 155.463572332976327, -4.783563817373103 ], [ 155.463570274588079, -4.783834976220307 ], [ 155.46354931873492, -4.784106203092059 ], [ 155.463520238440367, -4.784377459216797 ], [ 155.463515792838564, -4.78464862666449 ], [ 155.46356190522377, -4.784919612088897 ], [ 155.463676907440657, -4.785156829643675 ], [ 155.46370345159562, -4.78519025386409 ], [ 155.463926291235623, -4.785460602797574 ], [ 155.463948463068931, -4.785510283922259 ], [ 155.464047788210564, -4.785731316574091 ], [ 155.464174239182142, -4.786002012433761 ], [ 155.464220693100771, -4.786052070075668 ], [ 155.464489987007056, -4.786272026265251 ], [ 155.464491774956201, -4.786272970454547 ], [ 155.464594736615965, -4.786271648876726 ] ], [ [ 155.464421177259027, -4.817996958420634 ], [ 155.464605504008205, -4.81793600190823 ], [ 155.464875291653811, -4.817792847626332 ], [ 155.464956214307392, -4.817723867098274 ], [ 155.465144596301627, -4.817515731908351 ], [ 155.465203024120029, -4.817451821027368 ], [ 155.465413909239231, -4.817240975873024 ], [ 155.465480778953719, -4.817179662722041 ], [ 155.465683445310759, -4.817028180072384 ], [ 155.465844773787211, -4.816907191581389 ], [ 155.465953010058229, -4.816823391148692 ], [ 155.466175382359353, -4.816634841511286 ], [ 155.46622248623504, -4.81659408603046 ], [ 155.466492105456723, -4.816404510140265 ], [ 155.466580450027521, -4.816362221263754 ], [ 155.466761980814823, -4.8162860194184 ], [ 155.467032148561202, -4.816248648653743 ], [ 155.467302429631104, -4.816242722928559 ], [ 155.467572809491941, -4.816264202952418 ], [ 155.467843358995793, -4.816332720271116 ], [ 155.467889673166695, -4.816357469874953 ], [ 155.468114222468472, -4.816488260455367 ], [ 155.468276317894066, -4.816627216469652 ], [ 155.468385447146176, -4.816743876707109 ], [ 155.468516904399792, -4.816897493105933 ], [ 155.468656841875145, -4.817046555911443 ], [ 155.468785745129651, -4.817167666937664 ], [ 155.468927958685725, -4.817272172437969 ], [ 155.469198790217348, -4.81741872373719 ], [ 155.469271067907158, -4.817437054114212 ], [ 155.469469310897523, -4.817479160533328 ], [ 155.469642798929897, -4.817435703525046 ], [ 155.469739321251211, -4.817398273010819 ], [ 155.46991124503117, -4.817163578130354 ], [ 155.469999523429095, -4.816892107424382 ], [ 155.470007671297338, -4.816857639226226 ], [ 155.470047243119893, -4.816620784112375 ], [ 155.470046619341616, -4.816349636462632 ], [ 155.470005405998506, -4.816230253730611 ], [ 155.469892466130204, -4.816079046580767 ], [ 155.469734251462825, -4.81599406156772 ], [ 155.469464039599075, -4.816018991787518 ], [ 155.469193915686958, -4.816068311605885 ], [ 155.469032246473432, -4.81608217110356 ], [ 155.468923704049047, -4.816093347873744 ], [ 155.468876737932646, -4.816082735831544 ], [ 155.468653190385282, -4.816034703032808 ], [ 155.468382492312202, -4.815924946695619 ], [ 155.468196416378646, -4.815814055701249 ], [ 155.468111595482839, -4.815760081364262 ], [ 155.467843294351525, -4.815544187136635 ], [ 155.467840504665645, -4.815541405250022 ], [ 155.467637177799219, -4.815273784784676 ], [ 155.467568864897089, -4.81517045993405 ], [ 155.467463131510328, -4.815003265919214 ], [ 155.467320138988214, -4.814732634272268 ], [ 155.467296810061384, -4.814684294902697 ], [ 155.467180837954743, -4.814461989144149 ], [ 155.46702491003694, -4.814240937072601 ], [ 155.466980639762198, -4.814191564816683 ], [ 155.466753687330595, -4.813985393995058 ], [ 155.466647126124826, -4.813921623826579 ], [ 155.466482899869902, -4.813850581456569 ], [ 155.466212510522581, -4.813826243837516 ], [ 155.465942278335035, -4.813845538630014 ], [ 155.465672194719872, -4.813906095847182 ], [ 155.465624642284183, -4.813925331077057 ], [ 155.465402419173358, -4.814052206594899 ], [ 155.465201114944591, -4.814198017135722 ], [ 155.465132913995404, -4.81427342431909 ], [ 155.464942315912879, -4.814470106082159 ], [ 155.464863670452303, -4.814567338395496 ], [ 155.464704129213118, -4.814742120329488 ], [ 155.464594514850546, -4.814885731837768 ], [ 155.464516621814823, -4.815013950920007 ], [ 155.46439437600938, -4.815285545016152 ], [ 155.464326170055784, -4.815429321894195 ], [ 155.464254194256256, -4.815557204141301 ], [ 155.464067627555522, -4.815829031398022 ], [ 155.464057347547367, -4.815840341808467 ], [ 155.463801591971389, -4.816101146670509 ], [ 155.463788040824625, -4.816116977153917 ], [ 155.46351858272385, -4.816351635390203 ], [ 155.463484547921581, -4.816373446783611 ], [ 155.463286690020396, -4.816645315007105 ], [ 155.463249871209797, -4.816793681159799 ], [ 155.463226438621177, -4.816916684623568 ], [ 155.46322645816727, -4.817187835845298 ], [ 155.463251691400671, -4.817299123200724 ], [ 155.46328176004161, -4.817458786715352 ], [ 155.463314498868272, -4.817729819334983 ], [ 155.463524367154832, -4.817957679545878 ], [ 155.463603941437384, -4.817999921424952 ], [ 155.463795007121774, -4.818050982066656 ], [ 155.46406532835897, -4.818055819232696 ], [ 155.464335504190757, -4.818020319525395 ], [ 155.464421177259027, -4.817996958420634 ] ] ] } },
{ "type": "Feature", "properties": { "year": 2020, "certainty": "good", "eez_territory": "PNG" }, "geometry": { "type": "MultiLineString", "coordinates": [ [ [ 155.336047455936438, -4.6674048696681 ], [ 155.336239475248476, -4.667332965001531 ], [ 155.336509371034509, -4.667219860168053 ], [ 155.336646968817121, -4.667131695439632 ], [ 155.336778919513762, -4.667001842982543 ], [ 155.336885539977828, -4.666859723492298 ], [ 155.336974917351597, -4.666588248596875 ], [ 155.336948514307238, -4.666317159418945 ], [ 155.336790929772434, -4.666046507176497 ], [ 155.336775707084826, -4.666030977570871 ], [ 155.336559877184243, -4.665776099507619 ], [ 155.336504400915175, -4.665717593278053 ], [ 155.336358833082386, -4.665505591751404 ], [ 155.336260393321652, -4.665234742250821 ], [ 155.336232270039915, -4.665154762317591 ], [ 155.33613855418011, -4.664963970595705 ], [ 155.335960962482773, -4.664840756010305 ], [ 155.335690718136163, -4.664848272724326 ], [ 155.335420741660414, -4.664936838500245 ], [ 155.335360191971574, -4.664966561393435 ], [ 155.335150937344849, -4.665077521958383 ], [ 155.334932542468977, -4.665239162000429 ], [ 155.334881414708235, -4.665303471065976 ], [ 155.334776155510781, -4.665510859929525 ], [ 155.334760070700071, -4.665782091013885 ], [ 155.334824538260449, -4.666053054030721 ], [ 155.334884295886468, -4.666175078477862 ], [ 155.334985664912324, -4.666323695302173 ], [ 155.335155930837658, -4.666587936290745 ], [ 155.335159972701291, -4.66659429259541 ], [ 155.335214484166471, -4.666865288601511 ], [ 155.335222637699957, -4.667136438922105 ], [ 155.335428905584195, -4.667405766504146 ], [ 155.335432124438654, -4.667406918867653 ], [ 155.335699400657234, -4.667473736237057 ], [ 155.335969543375427, -4.667435201009012 ], [ 155.336047455936438, -4.6674048696681 ] ], [ [ 155.429440117865937, -4.712371129379706 ], [ 155.429502163878254, -4.7120997536621 ], [ 155.429529355704176, -4.71182849984064 ], [ 155.429489273346121, -4.711557481256936 ], [ 155.429437825288687, -4.711286502390739 ], [ 155.429429403378066, -4.711015373078316 ], [ 155.429439746436202, -4.710744178161176 ], [ 155.429453833199631, -4.710472970159469 ], [ 155.429467965616396, -4.710201762001787 ], [ 155.429516720422697, -4.709930432830286 ], [ 155.429626170738771, -4.709753977031361 ], [ 155.429725544412975, -4.709658544173259 ], [ 155.429895475922109, -4.70947667214328 ], [ 155.430012878945661, -4.709386381090902 ], [ 155.429894855029829, -4.709297874488128 ], [ 155.429624228960336, -4.709194753445942 ], [ 155.429480509287686, -4.709117083127671 ], [ 155.42935351821933, -4.709067232820487 ], [ 155.429082619931222, -4.708885664476354 ], [ 155.429036778688783, -4.708847474853544 ], [ 155.428811644890203, -4.708681948468101 ], [ 155.428672003500679, -4.70857759031787 ], [ 155.428540656248146, -4.708474273995546 ], [ 155.428281294499612, -4.708307796015623 ], [ 155.428269784607778, -4.708300282817732 ], [ 155.427999012408179, -4.70815492769263 ], [ 155.427728441469895, -4.708067576584903 ], [ 155.427458467991073, -4.708152491054563 ], [ 155.427384131962839, -4.708310928691644 ], [ 155.427459848507453, -4.708550524204583 ], [ 155.427470510986893, -4.708581786292465 ], [ 155.427586281213252, -4.708852541218715 ], [ 155.427686119009763, -4.709123351716403 ], [ 155.427732394706027, -4.709207184224394 ], [ 155.427837996046406, -4.709393980409796 ], [ 155.427931511697921, -4.709664812860587 ], [ 155.428005145451266, -4.709922563411214 ], [ 155.428009543763608, -4.709935699347391 ], [ 155.428103264921049, -4.710206530982258 ], [ 155.428167728418401, -4.710477464787484 ], [ 155.428223519815504, -4.710748428860682 ], [ 155.428278850765196, -4.710912676702919 ], [ 155.428323553156332, -4.711019238305215 ], [ 155.428429681768733, -4.711290026391962 ], [ 155.428487153472759, -4.711560984480562 ], [ 155.42854952185337, -4.711831925424036 ], [ 155.428552333681239, -4.711838329260214 ], [ 155.428699154537526, -4.712102561282612 ], [ 155.428824023164083, -4.712247269856388 ], [ 155.428949510659351, -4.712372844889965 ], [ 155.429095338260623, -4.712548325700014 ], [ 155.429365538329506, -4.712528373226156 ], [ 155.429440117865937, -4.712371129379706 ] ], [ [ 155.435440298627924, -4.716688641059049 ], [ 155.435461045684463, -4.716678421975708 ] ], [ [ 155.434957409251126, -4.7162835988676 ], [ 155.434882320673807, -4.716419441084382 ], [ 155.434972427271731, -4.716690282611189 ], [ 155.435055853228363, -4.716739312328816 ], [ 155.435326101532183, -4.716733137951363 ], [ 155.435440298627924, -4.716688641059049 ] ], [ [ 155.43323706145253, -4.71805215827386 ], [ 155.433377366065002, -4.717780508324565 ], [ 155.433437328263608, -4.717627836002775 ], [ 155.433470589673306, -4.717509023499629 ], [ 155.433500211300611, -4.71723776172076 ], [ 155.433435359360146, -4.717062638648875 ], [ 155.433387756813772, -4.716966998103363 ], [ 155.433164008855044, -4.716752497445657 ], [ 155.433072992445602, -4.716696943644333 ], [ 155.432893172949093, -4.716590063059274 ], [ 155.432623119680557, -4.716652381559808 ], [ 155.432595061166182, -4.716698618859625 ], [ 155.432585646125432, -4.716969809948858 ], [ 155.432625018031615, -4.717197556974955 ], [ 155.432634379279335, -4.717240797218456 ], [ 155.43268678548219, -4.717511771587491 ], [ 155.432735554056933, -4.717782758682699 ], [ 155.432891806331241, -4.718053368900104 ], [ 155.432898302420398, -4.718062872808042 ], [ 155.433168864982207, -4.718146630841901 ], [ 155.43323706145253, -4.71805215827386 ] ], [ [ 155.307897614615882, -4.727158207881678 ], [ 155.308057150304563, -4.727011902286569 ], [ 155.308181047232921, -4.726886081129532 ], [ 155.308326553471403, -4.726741501067567 ], [ 155.308455088509447, -4.726613985665304 ], [ 155.308596023298776, -4.726491295566351 ], [ 155.30879281283984, -4.726341677944622 ], [ 155.308865627083179, -4.726281605094951 ], [ 155.309085545806226, -4.726069520151939 ], [ 155.309135050591067, -4.726017531022782 ], [ 155.309308409535134, -4.725797595245193 ], [ 155.309404143987763, -4.725653838866695 ], [ 155.309477725461733, -4.725525848846719 ], [ 155.309542976296797, -4.725254449355651 ], [ 155.309498549428213, -4.724983415449228 ], [ 155.30940160859501, -4.724888180079716 ], [ 155.309130893426584, -4.724762001038684 ], [ 155.308994193382688, -4.724713914210209 ], [ 155.308860325700095, -4.724680346452677 ], [ 155.308589809875144, -4.7246143681127 ], [ 155.308319237834951, -4.724531401844543 ], [ 155.308048701138432, -4.724459111567898 ], [ 155.307914894403268, -4.72444632742102 ], [ 155.307778324793787, -4.72443528601737 ], [ 155.307508034164101, -4.724437381041521 ], [ 155.307237497023095, -4.724364964748054 ], [ 155.307081220276132, -4.72417792090542 ], [ 155.307014082689875, -4.723906961931455 ], [ 155.306965134954908, -4.723740709285706 ], [ 155.306927697418132, -4.723636066987588 ], [ 155.306768308001807, -4.723365414956946 ], [ 155.306693391470617, -4.723303346070853 ], [ 155.306444118588672, -4.723366493769453 ], [ 155.306423329242591, -4.723374463678148 ], [ 155.306286710193774, -4.723638200137658 ], [ 155.306214228332976, -4.723909623937037 ], [ 155.306155565956288, -4.724141063194878 ], [ 155.306145606475042, -4.724181034909873 ], [ 155.306093590033186, -4.724452390641798 ], [ 155.306036037284628, -4.724723764811745 ], [ 155.305928073616627, -4.724995306760269 ], [ 155.305888317921244, -4.725063578925225 ], [ 155.305772067436607, -4.725267008610751 ], [ 155.305694093626641, -4.725538450802193 ], [ 155.305669070276082, -4.725809716791552 ], [ 155.305672252857534, -4.726080888911367 ], [ 155.30569274777028, -4.726352003404536 ], [ 155.305778255211493, -4.726622901476931 ], [ 155.305894109281155, -4.726814919089547 ], [ 155.305940426103206, -4.726893544279162 ], [ 155.306089858204416, -4.727164229395835 ], [ 155.306165826397319, -4.727243678746 ], [ 155.306436495672301, -4.727355621852586 ], [ 155.306706749598845, -4.727342031258537 ], [ 155.306976912689635, -4.727301010963044 ], [ 155.307247216583562, -4.727302557811051 ], [ 155.307517537503117, -4.727309263240174 ], [ 155.30778760584468, -4.727239686022846 ], [ 155.307897614615882, -4.727158207881678 ] ], [ [ 155.465204525091337, -4.785998300539834 ], [ 155.465301384264876, -4.785920027955972 ], [ 155.46547105464154, -4.785726188999779 ], [ 155.465570445453977, -4.785576659671852 ], [ 155.465637200849528, -4.785454439226911 ], [ 155.465814282506983, -4.785182650069919 ], [ 155.465839229863604, -4.785156066492224 ], [ 155.466076527149767, -4.784910554015113 ], [ 155.466108516295151, -4.784875729062887 ], [ 155.466292277622529, -4.784638625535931 ], [ 155.466377561062558, -4.784527972906564 ], [ 155.466495845552743, -4.784366740982822 ], [ 155.466646588615163, -4.784175476039886 ], [ 155.466715691744099, -4.78409479777789 ], [ 155.466915992943996, -4.78392824328004 ], [ 155.467086737067007, -4.783822309584297 ], [ 155.467185695678438, -4.783764376969263 ], [ 155.467432273012832, -4.783549913299018 ], [ 155.467455081587474, -4.783512110333842 ], [ 155.467555193375063, -4.78327831953018 ], [ 155.467641282177567, -4.783006858561136 ], [ 155.467722958531027, -4.782838655053419 ], [ 155.467780994828161, -4.782735204309608 ], [ 155.467981816632573, -4.782463329791184 ], [ 155.467991866182757, -4.782453014779281 ], [ 155.468261292198775, -4.782212146545291 ], [ 155.46828598091048, -4.782191082730986 ], [ 155.46853081993936, -4.781999728754188 ], [ 155.468636217292897, -4.781918669545353 ], [ 155.468800340614337, -4.781785391118882 ], [ 155.468958671159953, -4.781646356498902 ], [ 155.469069831240432, -4.781562719451875 ], [ 155.469339829085357, -4.781481653469391 ], [ 155.469610065283973, -4.781467130067464 ], [ 155.469880131549218, -4.781405211444632 ], [ 155.469945343595754, -4.781371647905682 ], [ 155.470149919569565, -4.781265693352316 ], [ 155.470419632855766, -4.78110536835246 ], [ 155.470427026808778, -4.781098760231796 ], [ 155.47060348646869, -4.780826973595945 ], [ 155.470688148798416, -4.780611077784836 ], [ 155.470710404399028, -4.780555437861349 ], [ 155.470851093634877, -4.780283780321663 ], [ 155.470956732078037, -4.78013564385998 ], [ 155.471054038490934, -4.780011898216672 ], [ 155.471225950935491, -4.77983758180058 ], [ 155.471485915758109, -4.779739190171649 ], [ 155.471495871906598, -4.779735425730706 ], [ 155.471765600027084, -4.779579517756605 ], [ 155.471829388093511, -4.779466801029036 ], [ 155.471848316010806, -4.779195582939932 ], [ 155.471813388814667, -4.778924559163061 ], [ 155.471771639838011, -4.778653559979149 ], [ 155.47176209102912, -4.778600728147747 ], [ 155.471718546199526, -4.778382601698528 ], [ 155.471639973390666, -4.778111735295747 ], [ 155.471496208366005, -4.777841103978437 ], [ 155.47148905050048, -4.777832350980508 ], [ 155.471353503820154, -4.777719758016958 ] ], [ [ 155.470865927456998, -4.777707801886486 ], [ 155.470737225816151, -4.777843840936617 ], [ 155.470678484909172, -4.777914378309404 ], [ 155.470478544152655, -4.778115923650395 ], [ 155.470409117948492, -4.778171104877442 ], [ 155.470139218567653, -4.77827925646895 ], [ 155.469868963839616, -4.778288233203959 ], [ 155.469598501710806, -4.778239314573753 ], [ 155.469328178522147, -4.778229200973542 ], [ 155.469058237049211, -4.778325710215476 ], [ 155.468957671913387, -4.778392555639249 ], [ 155.468788617478623, -4.778512164503732 ], [ 155.468567892057564, -4.778665110500027 ], [ 155.468519012808457, -4.778702829643069 ], [ 155.468249202977773, -4.7788362329803 ], [ 155.467979120000251, -4.778893366726101 ], [ 155.46778231055211, -4.778939091101058 ], [ 155.467709073029312, -4.778960587938157 ], [ 155.467439224019984, -4.779083154325561 ], [ 155.467259768045295, -4.779212123840174 ], [ 155.467169617488281, -4.779273519648702 ], [ 155.466899657480809, -4.779365148892425 ], [ 155.466629523773094, -4.779408262785826 ], [ 155.466359459675317, -4.779470858866176 ], [ 155.466192744778738, -4.779487116803631 ], [ 155.466089271730198, -4.77949886099593 ], [ 155.466049004502423, -4.779487634270946 ], [ 155.465818739619323, -4.779430659871434 ], [ 155.465547982464784, -4.779299529754697 ], [ 155.465431515528991, -4.779218705808374 ], [ 155.465277030923943, -4.779114018633339 ], [ 155.465006348103856, -4.779003638623294 ], [ 155.464887785103656, -4.778949511172539 ], [ 155.464735610811431, -4.77887800864305 ], [ 155.464464807518397, -4.77873389701901 ], [ 155.464365424352195, -4.77868023902063 ], [ 155.464194040686181, -4.778599967200708 ], [ 155.463923365874592, -4.778491772464592 ], [ 155.4636528169423, -4.778418799984555 ], [ 155.463382658778471, -4.778455212578899 ], [ 155.463112936215168, -4.778613594351842 ], [ 155.463055065229668, -4.778684950931583 ], [ 155.46295824595768, -4.778956450577394 ], [ 155.462914203877403, -4.779227760507777 ], [ 155.46289645890306, -4.779498975905589 ], [ 155.462953989819084, -4.77976992065067 ], [ 155.4630775991549, -4.780040627752422 ], [ 155.463118296607064, -4.780113976507649 ], [ 155.463224958986785, -4.780311249364366 ], [ 155.463305021922395, -4.780582112934475 ], [ 155.463383538482333, -4.780852982023494 ], [ 155.463391290715123, -4.780870886800066 ], [ 155.463505555657889, -4.781123694581728 ], [ 155.463583343906322, -4.781394566192287 ], [ 155.463649082107509, -4.781665481117324 ], [ 155.463664773712537, -4.781764268206775 ], [ 155.463699371790341, -4.78193645159635 ], [ 155.463666231967096, -4.782172121438832 ], [ 155.463662264458549, -4.782207736549008 ], [ 155.463634141174396, -4.782478989182874 ], [ 155.463616775157277, -4.782750203112167 ], [ 155.463576020190374, -4.783021501221908 ], [ 155.463545096496603, -4.783292763960407 ], [ 155.463549317863794, -4.783563900211691 ], [ 155.46357105685945, -4.783834973404499 ], [ 155.463572605359758, -4.784106119266797 ], [ 155.46355351337084, -4.784377339430902 ], [ 155.463552785622682, -4.784648493487418 ], [ 155.463611730031715, -4.784919432701588 ], [ 155.463676492267297, -4.785040788375359 ], [ 155.463783576370332, -4.785189965351422 ], [ 155.463947960799175, -4.785369924683736 ], [ 155.464021044510872, -4.785460261559707 ], [ 155.464167619520566, -4.785730884974243 ], [ 155.464219881126468, -4.785825212756067 ], [ 155.464340815281247, -4.786001412401743 ], [ 155.464491379164912, -4.78616240908308 ], [ 155.464761873564186, -4.786219202539004 ], [ 155.465031759744306, -4.786106132884624 ], [ 155.465204525091337, -4.785998300539834 ] ], [ [ 155.464224831507465, -4.817997670389628 ], [ 155.46433536652961, -4.817982117362702 ], [ 155.464605391664293, -4.817904828398632 ], [ 155.464875140042182, -4.817750781304584 ], [ 155.464904880711742, -4.817724053274423 ], [ 155.465144413139654, -4.817464914174553 ], [ 155.465156014699829, -4.817451991528348 ], [ 155.465386945406067, -4.817180003068072 ], [ 155.465413585616744, -4.817151192084344 ], [ 155.465675270247573, -4.816907806438967 ], [ 155.465682989566346, -4.816901748952493 ], [ 155.465952643220504, -4.816721631287938 ], [ 155.466073658058264, -4.816635210540216 ], [ 155.466222215444873, -4.81651897436063 ], [ 155.466413025466949, -4.816362828693641 ], [ 155.466491734613953, -4.81630165280785 ], [ 155.466761573759982, -4.816173127719831 ], [ 155.467031713675908, -4.816128050704174 ], [ 155.467302089228156, -4.816148336364874 ], [ 155.467572601973956, -4.81620666937602 ], [ 155.467843190419813, -4.816285989074486 ], [ 155.467979048282587, -4.816357145425894 ], [ 155.468114038336012, -4.816437224064378 ], [ 155.468330711123883, -4.816627018971112 ], [ 155.468385242482498, -4.816687158871781 ], [ 155.468570191624536, -4.816897299593639 ], [ 155.468656645101106, -4.816992033955696 ], [ 155.468846351722647, -4.817167446808564 ], [ 155.468927775149069, -4.817221326291055 ], [ 155.469198548891427, -4.817351877191917 ], [ 155.469469136421594, -4.817430837231957 ], [ 155.469739161490224, -4.817354029317602 ], [ 155.469907573696389, -4.817163591470905 ], [ 155.470007967677446, -4.816939717020461 ], [ 155.470023163353659, -4.816892021525098 ], [ 155.470061342678349, -4.816620732881437 ], [ 155.470063172781863, -4.816349576318819 ], [ 155.470005171868877, -4.816165405677586 ], [ 155.46993516635419, -4.816078891455042 ], [ 155.469734245758332, -4.815992481323524 ], [ 155.469464028301445, -4.816015861817286 ], [ 155.469193860591986, -4.816053046214916 ], [ 155.468923634921509, -4.816074192418576 ], [ 155.468653151058305, -4.816023804076655 ], [ 155.468382430187432, -4.815907727354834 ], [ 155.468233379768577, -4.815813921516671 ], [ 155.468111521302717, -4.815739517620489 ], [ 155.46784304452575, -4.815544188043367 ], [ 155.467840506571463, -4.815541933647883 ], [ 155.467605557765154, -4.815273899531403 ], [ 155.467569051301723, -4.815222151197924 ], [ 155.467430843861848, -4.815003383073852 ], [ 155.467307261624768, -4.814732680992216 ], [ 155.467296887544592, -4.814705786136535 ], [ 155.467189901833478, -4.814461956263325 ], [ 155.467052167218242, -4.814191305370414 ], [ 155.467024619005059, -4.814160197371282 ], [ 155.466753520641277, -4.813939142713375 ], [ 155.466716168536038, -4.813921373442058 ], [ 155.466482880627865, -4.813845241660719 ], [ 155.466212502125444, -4.813823913307698 ], [ 155.465942283491557, -4.813846969915008 ], [ 155.465723611053079, -4.813924972310159 ], [ 155.465672365042309, -4.813953376275654 ], [ 155.465402808255988, -4.814160221331694 ], [ 155.465358881502851, -4.81419744528326 ], [ 155.465133588441006, -4.814460670064791 ], [ 155.465125446606748, -4.814469442322161 ], [ 155.464909543051363, -4.814741375830898 ], [ 155.46486446040899, -4.814786663178964 ], [ 155.464643889634374, -4.815013489669234 ], [ 155.464595188572389, -4.81507279365413 ], [ 155.46447954787061, -4.815285236332503 ], [ 155.46434673482409, -4.815556868751517 ], [ 155.464326730193733, -4.815584846480255 ], [ 155.464182526945109, -4.815828614980766 ], [ 155.464057818047905, -4.815970981607943 ], [ 155.463943572440343, -4.816100632130268 ], [ 155.463788642147705, -4.8162839493137 ], [ 155.463703503450915, -4.816372653329527 ], [ 155.463519547151009, -4.816619445713203 ], [ 155.463504596763556, -4.816644525373149 ], [ 155.463421335421287, -4.816915978352483 ], [ 155.463420893764493, -4.817187131206311 ], [ 155.463461153518438, -4.817458136540494 ], [ 155.463523212356506, -4.817637093693983 ], [ 155.463560735256351, -4.817728926827999 ], [ 155.463794697562435, -4.817965057915667 ], [ 155.463944553210041, -4.817998686608057 ], [ 155.464065187266357, -4.818016660800554 ], [ 155.464224831507465, -4.817997670389628 ] ] ] } },
{ "type": "Feature", "properties": { "year": 2019, "certainty": "good", "eez_territory": "PNG" }, "geometry": { "type": "MultiLineString", "coordinates": [ [ [ 155.336319518562533, -4.667268374837084 ], [ 155.336509235241948, -4.6671788220447 ], [ 155.336583600746565, -4.667131906537212 ], [ 155.33677884497277, -4.666979317392308 ], [ 155.336912820863972, -4.666859632605886 ], [ 155.337048091143998, -4.666670008073591 ], [ 155.337100504417094, -4.66658783020222 ], [ 155.337084025075967, -4.666316707993508 ], [ 155.337046760773575, -4.666267983818791 ], [ 155.336869581287573, -4.666046245201554 ], [ 155.33677546629383, -4.66595819710077 ], [ 155.336610054752896, -4.665775932401756 ], [ 155.336504218699048, -4.66566250738964 ], [ 155.336401502346177, -4.665505449671008 ], [ 155.336283917170846, -4.665234663929082 ], [ 155.336232103525049, -4.665104411134445 ], [ 155.336154587101674, -4.664963917220659 ], [ 155.335960860630507, -4.664809952070696 ], [ 155.335690669165899, -4.664833460616958 ], [ 155.335420666031041, -4.664913960548759 ], [ 155.335319974965785, -4.664966695233282 ], [ 155.335150914785231, -4.665070697081417 ], [ 155.33492216078929, -4.665239196545941 ], [ 155.334881347734807, -4.665283208454725 ], [ 155.334741595138524, -4.665510974929066 ], [ 155.334728667320434, -4.665782195513915 ], [ 155.334813597630017, -4.66605309044077 ], [ 155.334884085660548, -4.666188444623579 ] ], [ [ 155.335020203919868, -4.666408911861378 ], [ 155.335047808327772, -4.666459077212592 ] ], [ [ 155.429496622268431, -4.711362334509925 ], [ 155.429479058668221, -4.711286358226889 ], [ 155.42943810745723, -4.711015342648376 ], [ 155.429423167242163, -4.71074423611959 ], [ 155.429431454176978, -4.710473048389127 ], [ 155.429444973329339, -4.710201842371085 ], [ 155.42948800957609, -4.709930533184923 ], [ 155.429626014226926, -4.709708904807285 ], [ 155.429686559373238, -4.709658680443503 ], [ 155.429895441570096, -4.709466780008453 ], [ 155.43000743748081, -4.709386400112564 ], [ 155.429894748040709, -4.709267064252321 ], [ 155.429623971097243, -4.709120484966966 ], [ 155.429618589143757, -4.709116600562633 ], [ 155.429353278392284, -4.708998149440149 ], [ 155.429136118306275, -4.708847127764834 ], [ 155.429082368403897, -4.708813199847497 ], [ 155.428811364193308, -4.708601067515111 ], [ 155.428782009545046, -4.708577206039858 ], [ 155.428540347599835, -4.708385325078887 ], [ 155.428435421854289, -4.708307257723479 ], [ 155.428269330746275, -4.708169465060257 ], [ 155.428133858959512, -4.708072080881543 ] ], [ [ 155.427461810896943, -4.708446237084945 ], [ 155.427492650028427, -4.708581708995017 ], [ 155.427586319133098, -4.708852541086307 ], [ 155.427687099128804, -4.70912334829368 ], [ 155.427732402952643, -4.709209561204182 ], [ 155.427837482336685, -4.709393982203958 ], [ 155.427935686190636, -4.709664798279498 ], [ 155.42800514076751, -4.709921213736699 ], [ 155.428009628789567, -4.709935699050377 ], [ 155.428103769895614, -4.710206529218111 ], [ 155.428178821425007, -4.710477426030253 ], [ 155.428243390776743, -4.71074835942897 ], [ 155.428278566059532, -4.710830661657766 ], [ 155.428366689006452, -4.711019087567447 ], [ 155.428476286563324, -4.711289863515485 ], [ 155.428541018613572, -4.711560796214841 ], [ 155.428551478769265, -4.711592127143979 ], [ 155.428639289850111, -4.711831611644867 ], [ 155.428801542295304, -4.712102203348375 ], [ 155.42882361327807, -4.712129253828898 ], [ 155.429066509895819, -4.712372435809217 ], [ 155.42909485921345, -4.712410420487478 ], [ 155.429230177752515, -4.712463348090581 ] ], [ [ 155.435404131238187, -4.716688767965548 ], [ 155.435595898944314, -4.716597642620173 ], [ 155.435814115049396, -4.716416171828969 ], [ 155.435865291700281, -4.716346120226822 ], [ 155.436015855451359, -4.71614430643659 ], [ 155.435905642195507, -4.715873535768022 ], [ 155.435863584755225, -4.715856480496403 ], [ 155.435593303224323, -4.71585299355893 ], [ 155.435525082615897, -4.715874871032735 ], [ 155.435323354272271, -4.715944947415935 ], [ 155.435053622825194, -4.716099348217263 ], [ 155.435001788315645, -4.71614786438263 ], [ 155.434874597969326, -4.716419468174721 ], [ 155.434997843252177, -4.71669019344593 ], [ 155.435055793786375, -4.716722257922084 ], [ 155.435326053701942, -4.716719416568819 ], [ 155.435404131238187, -4.716688767965548 ] ], [ [ 155.433312767130445, -4.718051892791325 ], [ 155.433403985140728, -4.717780414978421 ], [ 155.433437459798682, -4.717665592280571 ], [ 155.433474602200022, -4.717509009429074 ], [ 155.433494306675044, -4.717373361378809 ] ], [ [ 155.432550000282589, -4.717376672030631 ], [ 155.432596870613736, -4.717512086780521 ], [ 155.432626304223874, -4.717566894178753 ], [ 155.432738375441517, -4.717782748791497 ], [ 155.432898215501865, -4.718037920022473 ], [ 155.432927891142498, -4.718053242377879 ], [ 155.433169093429711, -4.718212205011751 ], [ 155.433312767130445, -4.718051892791325 ] ], [ [ 155.307863568554524, -4.727158321330375 ], [ 155.308057074133615, -4.726988894598324 ], [ 155.308175932595645, -4.72688609817382 ], [ 155.308326581012551, -4.726749819449157 ], [ 155.308475152958522, -4.726613918796979 ], [ 155.308596098970639, -4.726514149592491 ], [ 155.308805820506848, -4.726341634590462 ], [ 155.308865659889079, -4.726291512258857 ], [ 155.309093092795734, -4.726069494996326 ], [ 155.309135074175799, -4.726024653025747 ], [ 155.309310222813536, -4.725797589200944 ], [ 155.3094041179084, -4.725645963847179 ], [ 155.309477676322615, -4.725525849010519 ], [ 155.309553731849434, -4.725254413504252 ], [ 155.30953151085015, -4.724983305587015 ], [ 155.309401445015595, -4.724838776710111 ], [ 155.309164215529819, -4.724713347656238 ], [ 155.309130696332033, -4.724702466967062 ], [ 155.308860225387861, -4.724650042309965 ], [ 155.308589769585296, -4.724602195050642 ], [ 155.308319251545811, -4.72453554495868 ], [ 155.308048710269475, -4.724461871128367 ], [ 155.307930966629755, -4.724446273894413 ], [ 155.307778304268453, -4.724429082130615 ], [ 155.307508021095515, -4.724433430527474 ], [ 155.307237478855285, -4.724359472067293 ], [ 155.307085079767205, -4.724177908057257 ], [ 155.307004517051951, -4.723906993772428 ], [ 155.306965256794996, -4.723777554327539 ], [ 155.306915279184494, -4.723636108320024 ], [ 155.306780351032472, -4.723365374878156 ], [ 155.306693338331343, -4.723287273010781 ], [ 155.306425784126873, -4.723366554776931 ], [ 155.30642330659191, -4.723367611822302 ], [ 155.306290246530466, -4.723638188370658 ], [ 155.306225447084302, -4.723909586606148 ], [ 155.306169735432604, -4.724180954617296 ], [ 155.306155860047539, -4.724230021013609 ], [ 155.306100300393467, -4.724452368311425 ], [ 155.30602553128432, -4.724723799774024 ], [ 155.305895409370834, -4.724995415462201 ], [ 155.30588813273431, -4.725007566515069 ], [ 155.305755750153168, -4.725267062911944 ], [ 155.30568526932629, -4.725538480168716 ], [ 155.305675862907918, -4.725809694185134 ], [ 155.305684997128822, -4.726080846494895 ], [ 155.30570455305039, -4.726351964110712 ], [ 155.305790599004666, -4.726622860386804 ], [ 155.305894051772555, -4.72679753139394 ], [ 155.305949136311654, -4.726893515280879 ], [ 155.30610323373449, -4.727164184860169 ], [ 155.306165772298641, -4.727227325457076 ], [ 155.306436443045499, -4.727339715735609 ], [ 155.306706706424791, -4.727328983677229 ], [ 155.306976861129044, -4.72728543057057 ], [ 155.307247157571879, -4.727284727971637 ], [ 155.307517492494298, -4.727295665859603 ], [ 155.307787522099773, -4.72721438883887 ], [ 155.307863568554524, -4.727158321330375 ] ], [ [ 155.465199651898445, -4.785998318100528 ], [ 155.465301402712839, -4.785925179874361 ], [ 155.465483073792001, -4.785726145686019 ], [ 155.46557050608439, -4.785593591167169 ], [ 155.465644084953112, -4.785454414418216 ], [ 155.465813109569041, -4.78518265429697 ], [ 155.465839218936651, -4.785153015110893 ], [ 155.466079737972052, -4.784910542443312 ], [ 155.466108539847824, -4.784882305855981 ], [ 155.466319060072266, -4.784638529008499 ], [ 155.46637767869683, -4.784560819546592 ], [ 155.466510403778472, -4.784366688511828 ], [ 155.466646620804227, -4.784184463793158 ], [ 155.466718301256037, -4.784094788372359 ], [ 155.466916018226186, -4.783935302120052 ], [ 155.467124044664729, -4.783822175101941 ], [ 155.467185778091249, -4.783787384998509 ], [ 155.467455255767931, -4.783560735213459 ], [ 155.467463290877703, -4.783549801479976 ], [ 155.46757363020231, -4.783278253066225 ], [ 155.467655450925889, -4.783006807484551 ], [ 155.46772304429814, -4.782862598969454 ], [ 155.467793905010211, -4.78273515776999 ], [ 155.467991959061379, -4.782478943313704 ], [ 155.468007819622414, -4.782463236050996 ], [ 155.468261430357728, -4.782250713478485 ], [ 155.468331419259499, -4.782190918915148 ], [ 155.46853092377637, -4.782028712911134 ], [ 155.468667126459707, -4.781918558101388 ], [ 155.468800424032707, -4.78180867431232 ], [ 155.468994765449196, -4.781646226350003 ], [ 155.469069933215849, -4.781591180363679 ], [ 155.469339917752251, -4.781506397762679 ], [ 155.469475024951919, -4.781496090850586 ] ], [ [ 155.471845516276005, -4.779060018145708 ], [ 155.471826412165257, -4.778924512175787 ], [ 155.471786076966112, -4.778653507894864 ], [ 155.471761764301363, -4.778509581336771 ], [ 155.471738681988342, -4.778382529060958 ], [ 155.471661435159945, -4.778111657881649 ], [ 155.471531079806823, -4.777840978208751 ], [ 155.471488882273292, -4.777785408311066 ], [ 155.471394975832538, -4.777705894134293 ] ], [ [ 155.470825867309657, -4.777707946327034 ], [ 155.470700058273394, -4.777843974944485 ], [ 155.470678327264494, -4.777870374942562 ], [ 155.470431732007796, -4.778116092423449 ], [ 155.470408985967424, -4.778134262991136 ], [ 155.47013911399327, -4.778250062517756 ], [ 155.46986887226322, -4.778262665146248 ], [ 155.469598400336253, -4.77821100747822 ], [ 155.469328045177633, -4.778191962626423 ], [ 155.469058111495627, -4.77829064447157 ], [ 155.468915858123836, -4.778392706307471 ], [ 155.468788543107195, -4.778491391954708 ], [ 155.468545544586107, -4.778665191017124 ], [ 155.46851895373436, -4.778686328627803 ], [ 155.468249146194978, -4.778820370696563 ], [ 155.467979076355959, -4.778881173500071 ], [ 155.467708996322699, -4.778939155790733 ], [ 155.467708408986084, -4.778939357293114 ], [ 155.467439111768613, -4.779051788164353 ], [ 155.467207854391773, -4.779212310803952 ], [ 155.467169491730544, -4.779238376974063 ], [ 155.466899531368512, -4.779329903953077 ], [ 155.466629400325587, -4.779373759111739 ], [ 155.466359348186472, -4.779439694657231 ], [ 155.46608914229418, -4.779462676277887 ], [ 155.465818613681108, -4.779395448622842 ], [ 155.465547817662809, -4.779253446133715 ], [ 155.465497477425487, -4.779218468420988 ], [ 155.465276901415052, -4.779077798666503 ], [ 155.465006217461593, -4.77896709681908 ], [ 155.464967255069752, -4.778949225249878 ], [ 155.464735516024206, -4.778851492228569 ], [ 155.464464667288894, -4.778694662710715 ], [ 155.464439953660474, -4.778679970945947 ], [ 155.46419383866359, -4.778543436117614 ], [ 155.463923083945502, -4.778412870852057 ], [ 155.463915341940407, -4.778410706349376 ], [ 155.463652572549165, -4.778350394806965 ], [ 155.46338239634602, -4.778381750696795 ], [ 155.463316084418892, -4.778412861011438 ], [ 155.463112772844113, -4.778567859057138 ], [ 155.463031119183086, -4.778685037015697 ], [ 155.462932366004139, -4.778956543615287 ], [ 155.462875129207305, -4.779227900985407 ], [ 155.462879579497297, -4.779499036592111 ], [ 155.462970739176029, -4.779769860426515 ], [ 155.463093529857872, -4.780040570465744 ], [ 155.463118196143256, -4.780085860909815 ], [ 155.463234478099821, -4.780311215129786 ], [ 155.463315565613271, -4.78058207501173 ], [ 155.463391152811965, -4.78083230388193 ], [ 155.463400201290966, -4.780852922086617 ], [ 155.463523470245804, -4.781123630135322 ], [ 155.463601697008642, -4.781394500162555 ], [ 155.463664415557759, -4.781664091991042 ], [ 155.463664848455693, -4.781665424389399 ], [ 155.463707917971362, -4.781936420844556 ], [ 155.463666350371, -4.782205235791617 ], [ 155.463666048813764, -4.782207722931186 ], [ 155.46364186839395, -4.782478961375569 ], [ 155.463632111259244, -4.782750147920612 ], [ 155.46359610483259, -4.783021428938378 ], [ 155.46356239284313, -4.78329270170912 ], [ 155.463557891750384, -4.783563869351681 ], [ 155.463574542407287, -4.783834960858156 ], [ 155.463574735106818, -4.784106111600267 ], [ 155.463553564164897, -4.784377339248048 ], [ 155.46355900225484, -4.784648471106836 ], [ 155.463623450200998, -4.784919390504218 ], [ 155.46367642836708, -4.785022927963222 ], [ 155.463791378869502, -4.785189937255739 ], [ 155.463947968604742, -4.785372105981553 ], [ 155.46401850453276, -4.785460270707179 ], [ 155.464149919198263, -4.78573094872732 ], [ 155.464219996922196, -4.785857565564545 ], [ 155.464324366559225, -4.786001471654302 ], [ 155.46449132809397, -4.786148142605765 ], [ 155.464761760369839, -4.786187585905172 ], [ 155.465031694869168, -4.78608801400938 ], [ 155.465199651898445, -4.785998318100528 ] ], [ [ 155.464899079024377, -4.817724074315679 ], [ 155.46514443085286, -4.817469828667668 ], [ 155.465160244502812, -4.817451976187182 ], [ 155.465393579505445, -4.81717997900579 ], [ 155.465413613616164, -4.817158960137319 ], [ 155.465683046151895, -4.81691744691295 ], [ 155.465695244617081, -4.816907733986084 ], [ 155.465952670281069, -4.816729137886457 ], [ 155.466078784516611, -4.816635191943141 ], [ 155.466222224800276, -4.816521569379723 ], [ 155.466414892437314, -4.81636282192035 ], [ 155.466491740655869, -4.816303328615177 ], [ 155.466761582723336, -4.816175613626875 ], [ 155.467031758902465, -4.816140592614053 ], [ 155.467302153679782, -4.816166207583832 ], [ 155.467572630560426, -4.81621459490936 ], [ 155.467843183251745, -4.816284001995791 ], [ 155.467982833528083, -4.816357131684456 ], [ 155.468114014037127, -4.816430489048129 ], [ 155.468346436679695, -4.816626961871758 ], [ 155.468385168224472, -4.816666579792801 ], [ 155.468590888180216, -4.816897224433073 ], [ 155.468656555985717, -4.816967341750471 ], [ 155.468886988249835, -4.817167299209681 ], [ 155.468927681268838, -4.817195317931003 ], [ 155.469198474993732, -4.817331407572193 ], [ 155.469469045405646, -4.817405629029164 ], [ 155.469739082379476, -4.817332120482946 ], [ 155.469899988320236, -4.817163619033867 ], [ 155.470007925150185, -4.816927939847075 ], [ 155.470019786140398, -4.816892033796768 ], [ 155.470063201565722, -4.816620726127121 ], [ 155.470069053273164, -4.816349554953065 ], [ 155.470005047070146, -4.81613083918857 ], [ 155.469967050381598, -4.816078775621747 ], [ 155.469734175919257, -4.815973134657339 ], [ 155.469463963490369, -4.815997906122725 ], [ 155.469193806537049, -4.816038068951194 ], [ 155.468923577004944, -4.816058143505774 ], [ 155.468653076000379, -4.816003002711482 ], [ 155.468382355926167, -4.815887144009237 ], [ 155.468257819971768, -4.815813832792691 ], [ 155.468111493290024, -4.815731752092886 ], [ 155.467848414839835, -4.815544168552041 ], [ 155.467840490058308, -4.815537355266582 ], [ 155.467610167299966, -4.815273882803838 ], [ 155.467569024625561, -4.815214753751549 ], [ 155.467436300599559, -4.815003363274372 ], [ 155.467317310835256, -4.81473264453302 ], [ 155.46729680806132, -4.81468374014821 ], [ 155.467192193215681, -4.814461947950912 ], [ 155.467041594475518, -4.814191343720618 ], [ 155.467024658987867, -4.81417128970763 ], [ 155.466753482928141, -4.813928678392382 ], [ 155.466738207147557, -4.813921293516855 ], [ 155.466482840017818, -4.813833972064025 ], [ 155.466212468480279, -4.813814575452668 ], [ 155.465942222885218, -4.813830147496652 ], [ 155.465672183426193, -4.813902960776939 ], [ 155.465614157430764, -4.81392536908435 ], [ 155.465402420471662, -4.814052567021315 ], [ 155.465212571165353, -4.814197975611878 ], [ 155.465133078005209, -4.814318958899976 ], [ 155.465041623319649, -4.814469746147062 ], [ 155.464864226524639, -4.814721728224665 ], [ 155.464849402708268, -4.814741593809006 ], [ 155.464630423738214, -4.815013538474175 ], [ 155.464595139834444, -4.815059261592403 ], [ 155.464467130196198, -4.815285281337855 ], [ 155.464326553689148, -4.815535839808364 ], [ 155.46431395247248, -4.815556987564262 ], [ 155.464121714697086, -4.815828835378343 ], [ 155.4640575598022, -4.815899277213523 ], [ 155.463876764364926, -4.816100874247847 ], [ 155.463788376971877, -4.81621031744101 ], [ 155.463655869622642, -4.816372825951654 ], [ 155.463519422630867, -4.816584868749928 ], [ 155.463493087449109, -4.816644567081478 ], [ 155.463431502509991, -4.816915941507242 ], [ 155.463425393471681, -4.81718711489861 ], [ 155.463450656796311, -4.817458174585015 ], [ 155.463523358254633, -4.817677597953336 ], [ 155.463545788228089, -4.817728981007451 ], [ 155.463794663329878, -4.817955555926205 ], [ 155.464065115634241, -4.817996780110732 ], [ 155.464335247776063, -4.817949161986093 ], [ 155.464605309446654, -4.817882014280777 ], [ 155.464875118704327, -4.817744860849194 ], [ 155.464899079024377, -4.817724074315679 ] ] ] } },
{ "type": "Feature", "properties": { "year": 2016, "certainty": "good", "eez_territory": "PNG" }, "geometry": { "type": "MultiLineString", "coordinates": [ [ [ 155.336093194451877, -4.667404717326471 ], [ 155.336239430576768, -4.667319463489984 ], [ 155.336509226113122, -4.66717606318818 ], [ 155.336586493179055, -4.667131896901797 ], [ 155.336778898826907, -4.666995591622773 ], [ 155.336928401302345, -4.666859580699096 ], [ 155.337048166881601, -4.666692894143615 ], [ 155.337100007253355, -4.666587831858569 ], [ 155.337102417012915, -4.666316646722646 ], [ 155.337046597998807, -4.666218792550645 ], [ 155.336904619754677, -4.66604612849149 ], [ 155.336775402096578, -4.665938792911994 ], [ 155.336599409815364, -4.665775967852785 ], [ 155.336504298960705, -4.665686771431343 ], [ 155.336363390032403, -4.665505576577767 ], [ 155.336252984913017, -4.665234766916663 ], [ 155.336232310303927, -4.665166937361285 ], [ 155.336139912554501, -4.664963966073568 ], [ 155.335960964162098, -4.664841263902999 ], [ 155.335690733653308, -4.66485296621336 ], [ 155.335420759356964, -4.664942191713503 ], [ 155.335373200727901, -4.66496651810056 ], [ 155.335150968122576, -4.6650868330156 ], [ 155.33495256002027, -4.665239095390683 ], [ 155.334881492578347, -4.66532703031489 ], [ 155.334784935631603, -4.665510830713425 ], [ 155.334762058404749, -4.665782084399417 ], [ 155.334821526271014, -4.666053064054539 ], [ 155.334884295288049, -4.666174897456457 ], [ 155.334976456494786, -4.666323725951367 ], [ 155.335111046103464, -4.666594455462294 ], [ 155.335156505165855, -4.666761625390856 ], [ 155.335187481403608, -4.666865378496018 ], [ 155.335275939160027, -4.667136261463099 ], [ 155.335428801864964, -4.667374408093589 ], [ 155.335472935303784, -4.667406782974515 ], [ 155.335699600692038, -4.667534206147899 ], [ 155.335969701882874, -4.667483112241108 ], [ 155.336093194451877, -4.667404717326471 ] ], [ [ 155.42933913607709, -4.712642641278775 ], [ 155.429365909091558, -4.712635091745637 ], [ 155.429511855181744, -4.712370878506224 ], [ 155.429574113028053, -4.712099502055723 ], [ 155.429572908392032, -4.71182834754464 ], [ 155.429526015455906, -4.711557352785938 ], [ 155.429479291160987, -4.71128635741402 ], [ 155.429464215582328, -4.711015251372282 ], [ 155.429463389235679, -4.710744095508755 ], [ 155.429464118917707, -4.710472934203762 ], [ 155.42947596337109, -4.71020173404554 ], [ 155.429540353524999, -4.709930350223291 ], [ 155.429626309009421, -4.709793795804244 ], [ 155.429776305102166, -4.709658366738557 ], [ 155.429895596628995, -4.709511431176437 ], [ 155.430043629928974, -4.709386273594276 ], [ 155.429894826893644, -4.70928977198134 ], [ 155.429808982234505, -4.709251514474206 ] ], [ [ 155.429759483451079, -4.709229454851947 ], [ 155.429624140020934, -4.709169137683987 ], [ 155.429550484372584, -4.709116838580367 ], [ 155.429353331768709, -4.70901352487352 ], [ 155.429102408490536, -4.708847245547191 ], [ 155.429082437268619, -4.708833039776786 ], [ 155.428811469984851, -4.708631550806238 ], [ 155.42874119393133, -4.708577348620807 ], [ 155.428540422857282, -4.708407013567346 ], [ 155.428394932626219, -4.708307399136037 ], [ 155.428269505895599, -4.708219949265812 ], [ 155.428197969629849, -4.708172507503976 ] ], [ [ 155.427388797666282, -4.708446491994121 ], [ 155.427421181303487, -4.708581958522266 ], [ 155.427460282320226, -4.708675594911696 ], [ 155.427523654495673, -4.70885275989612 ], [ 155.427621583557254, -4.709123577080681 ], [ 155.427732984420544, -4.709377158551426 ], [ 155.427742287724385, -4.709394314670686 ], [ 155.427886545815056, -4.709664969920381 ], [ 155.428002359479223, -4.709935724443564 ], [ 155.428005212861848, -4.709941988429524 ], [ 155.428117569110611, -4.710206481009803 ], [ 155.428198151172609, -4.710477358494716 ], [ 155.428264962508052, -4.710748284053909 ], [ 155.428278466697009, -4.710802037991356 ], [ 155.428341344216818, -4.711019176134868 ], [ 155.428395241095956, -4.711290146754726 ], [ 155.428450740844255, -4.711561111745104 ], [ 155.428541677769232, -4.711831952842055 ], [ 155.428552393783121, -4.711855637238734 ], [ 155.428680725666965, -4.712102625705935 ], [ 155.428824328180724, -4.712335089542968 ], [ 155.428857019560127, -4.712373168265559 ], [ 155.42903418221465, -4.712643707670679 ], [ 155.429095847709277, -4.712694978224347 ], [ 155.42933913607709, -4.712642641278775 ] ], [ [ 155.43552213014587, -4.716688353916324 ], [ 155.435596087207472, -4.716651646126563 ], [ 155.435850909149281, -4.716416042709048 ], [ 155.435865458718581, -4.716394026913666 ], [ 155.436050457562374, -4.716144185005842 ], [ 155.435942586800962, -4.716008984843077 ] ], [ [ 155.434864895332254, -4.716555081029523 ], [ 155.434878649161959, -4.716690611598871 ], [ 155.435056020801596, -4.716787390159863 ], [ 155.435326215982542, -4.716765970932002 ], [ 155.43552213014587, -4.716688353916324 ] ], [ [ 155.433488905916306, -4.71710222240847 ], [ 155.433448858625695, -4.716966783869445 ], [ 155.433434960321421, -4.71694808144845 ], [ 155.433163907297853, -4.716723337193567 ], [ 155.433129416056971, -4.71669674585006 ], [ 155.432893093440981, -4.716567230471552 ], [ 155.432622600904892, -4.716503386574403 ], [ 155.432493124491145, -4.716698976119224 ], [ 155.43254218005751, -4.716969962295215 ], [ 155.432604607023165, -4.717240901577028 ], [ 155.432625662125588, -4.717382515768503 ], [ 155.432648777096063, -4.71751190482581 ], [ 155.432679149815471, -4.717782956422127 ], [ 155.432721266106569, -4.718053966830699 ], [ 155.432763369990283, -4.718121146086523 ] ], [ [ 155.307885552471305, -4.727158248075492 ], [ 155.308057139201452, -4.727008548558065 ], [ 155.308202982388423, -4.726886008031239 ], [ 155.308326670090679, -4.726776724011995 ], [ 155.308498032401644, -4.726613842546485 ], [ 155.308596162286477, -4.726533271822863 ], [ 155.308833722071171, -4.726341541594577 ], [ 155.308865735352526, -4.726314301640208 ], [ 155.30913310054413, -4.72606936164119 ], [ 155.309135214834441, -4.726067128213286 ], [ 155.309335927644895, -4.725797503517843 ], [ 155.309404210238029, -4.725673843989133 ], [ 155.309472127242486, -4.725525867507688 ], [ 155.309528703609317, -4.72525449693043 ], [ 155.309454074813374, -4.724983563683059 ], [ 155.309401745223141, -4.724929443367478 ], [ 155.309130944793708, -4.724777516790119 ], [ 155.30895930522783, -4.724714030460628 ], [ 155.308860336432957, -4.724683588810103 ], [ 155.308589853994476, -4.724627698170748 ], [ 155.308319373260076, -4.72457232411419 ], [ 155.308048936842653, -4.724530345034081 ], [ 155.307778611851347, -4.724522049725157 ], [ 155.307508329878743, -4.724526771785587 ], [ 155.307237794658249, -4.724454947985592 ], [ 155.307229334132842, -4.724448610249744 ], [ 155.307021816955171, -4.724178118655093 ], [ 155.306966000574874, -4.724002470704572 ], [ 155.306936369169279, -4.723907220611289 ], [ 155.306863441864948, -4.723636280851235 ], [ 155.30672899579784, -4.723365545785136 ], [ 155.306693481228621, -4.723330495081172 ], [ 155.306543827123335, -4.723366161983225 ], [ 155.306423432449378, -4.723405683706962 ], [ 155.306301852873929, -4.723638149750959 ], [ 155.306218191561101, -4.723909610749241 ], [ 155.306155541591579, -4.724133693193228 ], [ 155.306142751871306, -4.724181044408923 ], [ 155.306100886986314, -4.724452366359393 ], [ 155.306054514206096, -4.72472370332313 ], [ 155.305948855568602, -4.724995237600107 ], [ 155.305888397674664, -4.725087701273734 ], [ 155.305769603412415, -4.725267016810636 ], [ 155.305680088596546, -4.725538497409692 ], [ 155.305677336996382, -4.725809689279242 ], [ 155.305688566121859, -4.726080834616257 ], [ 155.305698952896591, -4.726351982750823 ], [ 155.305779760333479, -4.726622896466682 ], [ 155.305894096695141, -4.726811113722365 ], [ 155.305943749488222, -4.726893533214865 ], [ 155.306097112120312, -4.727164205242957 ], [ 155.306165793221737, -4.727233650233332 ], [ 155.306436483014238, -4.727351796033116 ], [ 155.306706764337008, -4.727346485258406 ], [ 155.306976931162154, -4.727306592899852 ], [ 155.307247232473571, -4.727307358824337 ], [ 155.307517547543199, -4.727312296393906 ], [ 155.307787561289217, -4.727226226981522 ], [ 155.307885552471305, -4.727158248075492 ] ], [ [ 155.464683164155417, -4.786271330280353 ], [ 155.464762022666378, -4.786260848363323 ], [ 155.465031840217137, -4.786128607914481 ], [ 155.465233621486789, -4.785998195689395 ], [ 155.465301456045211, -4.78594007386532 ], [ 155.465488425142667, -4.785726126401134 ], [ 155.465570528921461, -4.785599968557251 ], [ 155.465661579023646, -4.785454351373373 ], [ 155.465839344812878, -4.785188166194444 ], [ 155.465843694662738, -4.785182544073261 ], [ 155.466088769081779, -4.784910509895109 ], [ 155.466108558156151, -4.784887418228768 ], [ 155.46628563984126, -4.784638649459199 ], [ 155.466377524743365, -4.784517831566272 ], [ 155.466512354666548, -4.784366681480383 ], [ 155.466646795772448, -4.78423331772184 ], [ 155.46678740201483, -4.784094539307076 ], [ 155.466916203198082, -4.783986946260196 ], [ 155.467141544332776, -4.783822112020346 ], [ 155.467185780522101, -4.783788063644622 ], [ 155.46741115874562, -4.783549989414905 ], [ 155.46745493380871, -4.783470855456457 ], [ 155.467541014776259, -4.783278370643072 ], [ 155.467666466385793, -4.783006767774975 ], [ 155.467723277010066, -4.782927565404836 ], [ 155.467899065313759, -4.782734778670964 ], [ 155.467992511763981, -4.782633236025615 ], [ 155.468140081432949, -4.782462759234889 ], [ 155.468261787528917, -4.782350416009224 ], [ 155.468423863165413, -4.782190585624021 ], [ 155.468531118557479, -4.782083081930037 ], [ 155.468719810482355, -4.781918368144288 ], [ 155.46880056590183, -4.781848271630026 ], [ 155.469050968364996, -4.781646023689568 ], [ 155.469070080969885, -4.781632417607164 ], [ 155.46934000231667, -4.781529997045819 ], [ 155.469610210985678, -4.781507786676554 ], [ 155.469880324930102, -4.781459167160668 ], [ 155.470072480741379, -4.781371189308388 ], [ 155.47015016138144, -4.781333156437141 ], [ 155.470419881240218, -4.781174659867605 ], [ 155.470502974853019, -4.781098486243908 ], [ 155.470637737094762, -4.780826850033579 ], [ 155.47068837779517, -4.780674960448405 ], [ 155.470730439459402, -4.780555365584119 ], [ 155.47087205726271, -4.780283704694521 ], [ 155.470956855547485, -4.780170087638311 ], [ 155.471095804670853, -4.780011747538943 ], [ 155.47122615606844, -4.779894804114337 ], [ 155.471496097473874, -4.779798342682439 ], [ 155.471621272655739, -4.779738701784343 ], [ 155.471765795257369, -4.779633968764769 ], [ 155.471863877489056, -4.779466676578547 ], [ 155.471873082912367, -4.779195493576308 ], [ 155.471825483195175, -4.778924515527452 ], [ 155.471777961290769, -4.778653537173517 ], [ 155.471761981588543, -4.778570197853197 ], [ 155.471724404893024, -4.778382580564018 ], [ 155.471649003924682, -4.778111702722065 ], [ 155.471496609492164, -4.777841102531719 ], [ 155.471489052316031, -4.777832857592401 ], [ 155.471218009787549, -4.777621847060836 ], [ 155.47094771043956, -4.777618234012275 ], [ 155.470716846129847, -4.777843914415985 ], [ 155.470678383006913, -4.7778859343651 ], [ 155.470424380002669, -4.778116118929538 ], [ 155.470408964203472, -4.778128187660179 ], [ 155.470139099925291, -4.778246135160561 ], [ 155.469868886622351, -4.77826667421584 ], [ 155.469598442394556, -4.778222751549928 ], [ 155.469328092414798, -4.77820515430944 ], [ 155.469058159335788, -4.778304005727729 ], [ 155.468922568876394, -4.778392682126692 ], [ 155.468788542581194, -4.778491245036549 ], [ 155.468580280498088, -4.778665065864629 ], [ 155.468519056462895, -4.778715023497585 ], [ 155.468249251296754, -4.778849730849497 ], [ 155.467979210109291, -4.778918541047447 ], [ 155.467903745617463, -4.778938653676923 ], [ 155.467709178727461, -4.778990120288127 ], [ 155.467439245546899, -4.779089169530399 ], [ 155.467243930462928, -4.779212180878655 ], [ 155.467169562482326, -4.779258148402585 ], [ 155.466899593673332, -4.77934731648044 ], [ 155.466629457482583, -4.779389734574038 ], [ 155.466359360249697, -4.779443066672854 ], [ 155.46608910933665, -4.779453462738271 ], [ 155.465818580300237, -4.779386115572558 ], [ 155.46554788865862, -4.779273298773977 ], [ 155.46544999086808, -4.779218639318923 ], [ 155.465277076318444, -4.779126714124001 ], [ 155.465006327916143, -4.778997991956772 ], [ 155.464929041676982, -4.778949362737874 ], [ 155.464735407101017, -4.778821021136428 ], [ 155.464479143763128, -4.778679829979705 ], [ 155.464464586822743, -4.7786721492319 ], [ 155.464193871736967, -4.778552690949111 ], [ 155.463923137584231, -4.778427882460333 ], [ 155.46386561105075, -4.778410885179347 ], [ 155.463652601125801, -4.778358393401417 ], [ 155.46338246696331, -4.778401518479473 ], [ 155.463361730978193, -4.778412696905256 ], [ 155.463112825229302, -4.778582524198169 ], [ 155.463007418952401, -4.778685122215298 ], [ 155.46284367473919, -4.778901108529642 ], [ 155.462809635691571, -4.778956984814885 ], [ 155.462732013343725, -4.779228415483264 ], [ 155.462751739297289, -4.779499496202434 ], [ 155.462846465708765, -4.779682403069287 ], [ 155.462892887871789, -4.779770140345983 ], [ 155.463042903929221, -4.780040752514892 ], [ 155.463118530455347, -4.780179420159649 ], [ 155.463186406805249, -4.780311388012249 ], [ 155.463281859588932, -4.780582196242427 ], [ 155.463387359378373, -4.780852968279594 ], [ 155.463391252823158, -4.780860285319766 ], [ 155.463513946971659, -4.781123664394654 ], [ 155.463590362014685, -4.781394540942999 ], [ 155.46364461597247, -4.781665497186583 ], [ 155.463665303053631, -4.781912321510505 ], [ 155.463667833969993, -4.781936565078242 ], [ 155.463665689092181, -4.782020291090089 ], [ 155.463661375419207, -4.782207739748173 ], [ 155.463665514452714, -4.782478876281917 ], [ 155.463639068124621, -4.782750122884138 ], [ 155.463581913015503, -4.783021480014011 ], [ 155.46353715922163, -4.783292792527311 ], [ 155.46352542099882, -4.783563986223166 ], [ 155.463533313277367, -4.783835109262607 ], [ 155.463524832098841, -4.784106291236171 ], [ 155.463501069958909, -4.784377528220374 ], [ 155.463511328808693, -4.784648642735231 ], [ 155.463573111075135, -4.7849195717441 ], [ 155.463676927270853, -4.785162372125951 ], [ 155.463692904582786, -4.785190291840991 ], [ 155.463812894931522, -4.785461011157913 ], [ 155.463930723431304, -4.785731738189389 ], [ 155.463949341689101, -4.785755804229258 ], [ 155.46409559075056, -4.786002295723086 ], [ 155.464221057634461, -4.786153913518799 ], [ 155.464428874951608, -4.786272246430391 ], [ 155.464491849088745, -4.786293678538447 ], [ 155.464683164155417, -4.786271330280353 ] ], [ [ 155.463227731873957, -4.81664552864317 ], [ 155.463151321146967, -4.816916956820922 ], [ 155.463112819565055, -4.817188247648422 ], [ 155.463183821247412, -4.817459141654449 ], [ 155.463252639930658, -4.81756249569987 ], [ 155.463337235291903, -4.817729736928409 ], [ 155.463524460690536, -4.817983645234305 ], [ 155.463544406562903, -4.818000137238698 ], [ 155.463795244062368, -4.818116748428409 ], [ 155.464065419836231, -4.818081207391153 ], [ 155.464335541370218, -4.818030637092741 ], [ 155.464467762875927, -4.817996789488286 ], [ 155.464605576425271, -4.8179560962927 ], [ 155.464875323366897, -4.81780164673658 ], [ 155.464963127104909, -4.817723842026719 ], [ 155.465144685959842, -4.817540607118388 ], [ 155.465225253098339, -4.817451740402768 ], [ 155.465413854957148, -4.817225916311972 ], [ 155.465456753499467, -4.817179749866609 ], [ 155.465683262319942, -4.816977415764146 ], [ 155.46577576756971, -4.81690744189982 ], [ 155.46595288100292, -4.816787591770932 ], [ 155.466152313376057, -4.816634925200807 ], [ 155.466222439373666, -4.816581087736831 ], [ 155.46649211569428, -4.816407349607592 ], [ 155.466600032452391, -4.816362150214434 ], [ 155.466762012870333, -4.816294909505412 ], [ 155.46703216261173, -4.816252544950668 ], [ 155.467302503002912, -4.816263067140289 ], [ 155.467572980354419, -4.816311573404012 ], [ 155.467757112189389, -4.816357951075466 ], [ 155.467843541540134, -4.816383323152398 ], [ 155.468114572783065, -4.816585356399 ], [ 155.468154063249756, -4.816627660353018 ], [ 155.468385852558754, -4.816856225509315 ], [ 155.468427208171391, -4.816897818827916 ], [ 155.468657041223679, -4.817101790569694 ], [ 155.4687372190578, -4.817167843185229 ], [ 155.468928022424507, -4.817289830206557 ], [ 155.469198764614305, -4.817411631822233 ], [ 155.469297988621605, -4.817436956311537 ], [ 155.469469307301807, -4.817478164655038 ], [ 155.469593747168204, -4.817435881753657 ], [ 155.469739237410693, -4.817375054534812 ], [ 155.469915311260308, -4.81716356335485 ], [ 155.470008064483181, -4.816966525529082 ], [ 155.470038784779035, -4.816891964761806 ], [ 155.470081310194672, -4.816620660328693 ], [ 155.470073784026454, -4.816349537764647 ], [ 155.470005143001487, -4.816157410072134 ], [ 155.469943984068095, -4.816078859420818 ], [ 155.469734173560937, -4.815972481348111 ], [ 155.469463912560713, -4.81598379617084 ], [ 155.46919373793898, -4.816019062076358 ], [ 155.468923540221368, -4.816047950599522 ], [ 155.468653048255078, -4.815995313423516 ], [ 155.468382352538697, -4.815886205083472 ], [ 155.468242712801441, -4.81581388763556 ], [ 155.468111508502091, -4.815735969096283 ], [ 155.467859947525909, -4.81554412669451 ], [ 155.46784044144124, -4.815523875859844 ], [ 155.467642660539553, -4.815273764888072 ], [ 155.467568851669569, -4.815166791833901 ], [ 155.467466993979912, -4.815003251904268 ], [ 155.467352672974329, -4.814732516235673 ], [ 155.467296545010868, -4.814610778060219 ], [ 155.467222807447911, -4.814461836891373 ], [ 155.467028271510884, -4.814191392046388 ], [ 155.467024717717891, -4.814187582997232 ], [ 155.46675348309688, -4.813928725211102 ], [ 155.466740995585809, -4.813921283404256 ], [ 155.466482773574171, -4.813815533386271 ], [ 155.466212377417605, -4.813789301897017 ], [ 155.466077235347825, -4.813791735140258 ] ], [ [ 155.464448408019678, -4.815149773663435 ], [ 155.464371628217663, -4.815285627457907 ], [ 155.464325923033186, -4.815360733446693 ], [ 155.464172897167913, -4.815557498771565 ], [ 155.464056866738446, -4.815706836072605 ], [ 155.463966471335681, -4.815829397991354 ], [ 155.463787729712152, -4.816030586819939 ], [ 155.463693516478656, -4.816101538318531 ], [ 155.463518144390946, -4.816229910408749 ] ] ] } },
{ "type": "Feature", "properties": { "year": 2014, "certainty": "good", "eez_territory": "PNG" }, "geometry": { "type": "MultiLineString", "coordinates": [ [ [ 155.335763929915345, -4.667676991301235 ], [ 155.335969972320214, -4.667564854808072 ], [ 155.33619218540565, -4.667404387606326 ], [ 155.336239605100587, -4.667372211093681 ], [ 155.336509386304357, -4.667224474874584 ], [ 155.3366645691776, -4.667131636806668 ], [ 155.336779032735109, -4.667036057188072 ], [ 155.336960751397811, -4.666859472922494 ], [ 155.337048285982519, -4.666728883327809 ], [ 155.337114089701544, -4.666587784941351 ], [ 155.337129484498291, -4.666316556549204 ], [ 155.337046486638599, -4.66618513868995 ], [ 155.336941707849036, -4.66604600495239 ], [ 155.33677521548006, -4.665882385969248 ], [ 155.336674310391459, -4.665775718406596 ], [ 155.336503996282914, -4.665595267720028 ], [ 155.336429292567288, -4.66550535713355 ], [ 155.336278653935352, -4.66523468145289 ], [ 155.336232171815965, -4.66512506118668 ], [ 155.33614462108693, -4.664963950398468 ], [ 155.335960905913538, -4.664823647378834 ], [ 155.335690564578414, -4.664801825729604 ], [ 155.335420572818833, -4.664885763603989 ], [ 155.335293053333316, -4.664966784825616 ], [ 155.335150918630006, -4.66507186023102 ], [ 155.334956240342137, -4.665239083144106 ], [ 155.334881501614802, -4.665329764253313 ], [ 155.334766888142752, -4.665510890766834 ], [ 155.334735823853038, -4.665782171699472 ], [ 155.334801941334831, -4.66605312923234 ], [ 155.33488445518222, -4.666223263452223 ], [ 155.334945665441694, -4.666323828435083 ], [ 155.335090945690297, -4.666594522371568 ], [ 155.335156421862109, -4.666736432968731 ], [ 155.335210846467618, -4.666865300711782 ], [ 155.335286507107099, -4.667136226278266 ], [ 155.335346263933104, -4.667407204760565 ], [ 155.335429574381465, -4.667607965176883 ], [ 155.335551912083162, -4.667677697386727 ], [ 155.335700226227317, -4.667723298438577 ], [ 155.335763929915345, -4.667676991301235 ] ], [ [ 155.429509135550461, -4.712370888017216 ], [ 155.429590894599357, -4.712099443369453 ], [ 155.429609921866188, -4.711828218112962 ], [ 155.429568205923175, -4.71155720526204 ], [ 155.42951837672129, -4.711286220757301 ], [ 155.429491030621818, -4.711015157623737 ], [ 155.429495079310811, -4.710743984722755 ], [ 155.429525355565573, -4.71047272013612 ], [ 155.42955343901491, -4.710201463223752 ], [ 155.429596828041895, -4.709930152819366 ], [ 155.429626581282776, -4.709872203292764 ], [ 155.42982158412272, -4.709658208461974 ], [ 155.429895850302245, -4.709584478657569 ], [ 155.430146203123314, -4.709385915017956 ], [ 155.4298943267666, -4.709145745706596 ], [ 155.429846246177732, -4.709115804881118 ], [ 155.429623745098525, -4.709055392935503 ], [ 155.429353098319126, -4.708946277798089 ], [ 155.429191009946891, -4.708846935969518 ], [ 155.429082237066467, -4.708775361301027 ], [ 155.428811291696519, -4.708580177815056 ], [ 155.428807546028651, -4.708577116832187 ], [ 155.428540347140569, -4.708385192721116 ], [ 155.428427732315384, -4.70830728458012 ], [ 155.428269408289225, -4.708191815740492 ], [ 155.427998609212182, -4.708038697002152 ], [ 155.427994429249168, -4.708037638743363 ], [ 155.427728107823128, -4.707971382766266 ], [ 155.427493226629849, -4.708039388658584 ], [ 155.427458173610177, -4.708067610186052 ], [ 155.427357687565973, -4.708311021011572 ], [ 155.42737981362518, -4.708582102950797 ], [ 155.427426119536705, -4.708717520867477 ] ], [ [ 155.428479239372137, -4.711696591613005 ], [ 155.42851217868909, -4.71183205595163 ], [ 155.428552593260662, -4.711913081764247 ], [ 155.428659300884846, -4.712102700601703 ], [ 155.428824211251623, -4.712301423775768 ], [ 155.428892860328091, -4.712373042957344 ], [ 155.42909556813612, -4.712614499410638 ], [ 155.429365867204268, -4.712623035212985 ], [ 155.429509135550461, -4.712370888017216 ] ], [ [ 155.435188556583284, -4.716041663755735 ], [ 155.435053691355591, -4.716119012778948 ], [ 155.435019641627548, -4.716147801755478 ], [ 155.43484138662464, -4.716419584675238 ], [ 155.434893276770651, -4.716690560283858 ], [ 155.435055970213085, -4.716772876038939 ], [ 155.435326189886979, -4.716758484780686 ], [ 155.435461146861229, -4.71670744584059 ] ], [ [ 155.433290633125949, -4.71805197041108 ], [ 155.433401562151317, -4.717780423475253 ], [ 155.433437581346482, -4.717700481511932 ], [ 155.433517711852289, -4.717508858256847 ], [ 155.433593307968749, -4.717237435271319 ], [ 155.433525965541833, -4.716966513511087 ], [ 155.433434722860795, -4.716879909223905 ], [ 155.43316383413719, -4.716702330365844 ], [ 155.433153517141079, -4.716696661361754 ], [ 155.432893095277137, -4.716567757768221 ], [ 155.432622653663486, -4.71651853932299 ], [ 155.432491379624736, -4.716698982234364 ], [ 155.432465982654719, -4.716970229356671 ], [ 155.432485026783837, -4.717241320720265 ], [ 155.432537612743261, -4.717512294500287 ], [ 155.432613469529684, -4.717783186675321 ], [ 155.43262719552942, -4.717822820326519 ], [ 155.432738296964601, -4.718053907120737 ], [ 155.432898922677481, -4.718240933847343 ], [ 155.43316906352436, -4.718203620951881 ], [ 155.433290633125949, -4.71805197041108 ] ], [ [ 155.307950251289355, -4.727158032481825 ], [ 155.308057296312683, -4.727056004226776 ], [ 155.308226673935081, -4.726885929079042 ], [ 155.308326722481723, -4.72679254778377 ], [ 155.308559960303143, -4.726613636155101 ], [ 155.308596337562335, -4.726586207087864 ], [ 155.308865911550868, -4.726367511748499 ], [ 155.308893602658202, -4.726341342008848 ], [ 155.309135387167544, -4.726119167726309 ], [ 155.309185085274862, -4.726069188360536 ], [ 155.309391085813928, -4.725797319653354 ], [ 155.309404528571861, -4.725769967787794 ], [ 155.30949971010989, -4.725525775563192 ], [ 155.30955544725208, -4.725254407786298 ], [ 155.309512736328827, -4.724983368163711 ], [ 155.309401503532513, -4.724856449735699 ], [ 155.309130760632769, -4.724721889620652 ], [ 155.309099480349005, -4.724713563374072 ], [ 155.308860272084843, -4.72466414940872 ], [ 155.308589810660834, -4.724614605506334 ], [ 155.308319226071831, -4.724527847287563 ], [ 155.308048659517539, -4.724446532976281 ], [ 155.308035535721217, -4.724445925630599 ], [ 155.307778318301587, -4.724433323719308 ], [ 155.30750800501437, -4.724428569353086 ], [ 155.307237257551407, -4.724292564660583 ], [ 155.30715333179586, -4.724177680844168 ], [ 155.307060043339561, -4.723906808941193 ], [ 155.306964963734316, -4.723688930853528 ], [ 155.30694059612, -4.723636024055742 ], [ 155.306765245294372, -4.723365425149495 ], [ 155.30669340122563, -4.723306296668364 ], [ 155.306433032244399, -4.723366530659052 ], [ 155.306423314074237, -4.723369875243323 ], [ 155.306308799068262, -4.723638126637649 ], [ 155.306243975484989, -4.723909524951677 ], [ 155.306162492938682, -4.724180978717825 ], [ 155.306155767690626, -4.72420208473883 ], [ 155.306074569187359, -4.72445245393798 ], [ 155.306018561785635, -4.724723822967309 ], [ 155.30592936219918, -4.724995302472018 ], [ 155.305888327885981, -4.72506659289076 ], [ 155.305786047300103, -4.725266962087797 ], [ 155.305710954628807, -4.7255383946899 ], [ 155.305685531378884, -4.725809662007578 ], [ 155.305685775662965, -4.726080843903713 ], [ 155.305705430503536, -4.726351961190105 ], [ 155.305779080756821, -4.726622898728857 ], [ 155.3058941095791, -4.726815009168229 ], [ 155.305940673903251, -4.726893543454178 ], [ 155.306081212963846, -4.727164258181217 ], [ 155.306165883522311, -4.727260946785333 ], [ 155.306436582037691, -4.727381725113253 ], [ 155.306706854994445, -4.727373882609164 ], [ 155.30697700476108, -4.727328832635145 ], [ 155.307247346524917, -4.727341818149887 ], [ 155.307517722033538, -4.727365010338441 ], [ 155.307787740641174, -4.727280404277495 ], [ 155.307950251289355, -4.727158032481825 ] ], [ [ 155.464221196602352, -4.786192737797753 ], [ 155.464349713745889, -4.786272531612137 ], [ 155.464491962745285, -4.786325427038556 ], [ 155.464762137680566, -4.786292972797205 ], [ 155.464801649218202, -4.786270903371549 ], [ 155.465031873822028, -4.786137993299993 ], [ 155.465252710878417, -4.785998126899063 ], [ 155.465301526251807, -4.785959680213899 ], [ 155.46554232093942, -4.785725932172275 ], [ 155.465570840855719, -4.785687077409429 ], [ 155.465710847613593, -4.785454173817644 ], [ 155.465839566956845, -4.785250199505928 ], [ 155.465895478452524, -4.785182357449778 ], [ 155.466108830174704, -4.784963375308899 ], [ 155.466159259097623, -4.784910255844364 ], [ 155.466377960738242, -4.784639572141918 ], [ 155.466378919603159, -4.784638313263177 ], [ 155.466576024993259, -4.784366451994948 ], [ 155.466646992416628, -4.784288223315943 ], [ 155.466854787814611, -4.784094296416435 ], [ 155.466916409855628, -4.784044644382115 ], [ 155.467186011322895, -4.783852498070915 ], [ 155.467220818303076, -4.783821826253416 ], [ 155.467455327356987, -4.783580720144107 ], [ 155.467479083086829, -4.783549744548703 ], [ 155.467644921115635, -4.783277996060928 ], [ 155.467724044660798, -4.78314186494905 ], [ 155.467813743584856, -4.783006236839144 ], [ 155.467984766071112, -4.782734469710942 ], [ 155.467992838997901, -4.782724584430144 ], [ 155.468211393569561, -4.782462502137419 ], [ 155.4682620001212, -4.782409759073397 ], [ 155.468503339460256, -4.782190299075486 ], [ 155.468531416925714, -4.782166363881564 ], [ 155.468800970540826, -4.781961209254816 ], [ 155.468852942683668, -4.78191788810581 ], [ 155.469070486906247, -4.781745710084135 ], [ 155.469228499257582, -4.781645383505887 ], [ 155.4693402154968, -4.781589488435582 ], [ 155.469610335618057, -4.781542563820691 ], [ 155.469880414054131, -4.781484033689583 ], [ 155.470098894290174, -4.78137109402893 ], [ 155.470150204394656, -4.781345156593869 ], [ 155.470420005143296, -4.781209224575656 ], [ 155.470540099636452, -4.781098352310587 ], [ 155.470660099739916, -4.7808267693573 ], [ 155.470688605276735, -4.780738419575493 ], [ 155.470759794353853, -4.780555259684181 ], [ 155.470916418128411, -4.780283544658779 ], [ 155.470957083356922, -4.780233638055089 ], [ 155.471180165430781, -4.780011443187147 ], [ 155.471226447610832, -4.779976129351138 ], [ 155.471496381072228, -4.779877444913711 ], [ 155.471631254182597, -4.77980200413599 ] ], [ [ 155.468923333759278, -4.778392815550113 ], [ 155.468788558369056, -4.778495654724944 ], [ 155.468597282387179, -4.778665004606669 ], [ 155.468519115877939, -4.778731619642511 ], [ 155.46824930244739, -4.778864019701697 ], [ 155.467979246419986, -4.778928685353161 ], [ 155.467941672769314, -4.778938517054221 ], [ 155.467709210682358, -4.778999048544361 ], [ 155.46743925052121, -4.779090559481382 ], [ 155.467173700609919, -4.779212433804517 ], [ 155.467169406310319, -4.779214506364709 ], [ 155.466899312042216, -4.779268607625664 ], [ 155.466629106640568, -4.779291672925722 ], [ 155.466358894520653, -4.779312880416523 ], [ 155.466088546795874, -4.779296197118081 ], [ 155.465818032095825, -4.779232838938448 ], [ 155.465769718626717, -4.779217488596871 ], [ 155.46554744247112, -4.779148529516637 ], [ 155.46527678921268, -4.779046418630325 ], [ 155.465077692618564, -4.778948827894563 ], [ 155.465005990673973, -4.778903661637629 ], [ 155.464735112029359, -4.778738474316052 ], [ 155.464644593447986, -4.778679234834838 ], [ 155.464464230697502, -4.778572508311179 ], [ 155.46419352122922, -4.778454608512995 ], [ 155.464083215351963, -4.77841010265774 ], [ 155.463922863065733, -4.778351053776225 ], [ 155.463652434821256, -4.77831184458886 ], [ 155.46351733688914, -4.778324766073832 ] ], [ [ 155.463576531026064, -4.782885923662484 ], [ 155.46355697255467, -4.783021569772764 ], [ 155.463512652848095, -4.783292880727175 ], [ 155.46349549911892, -4.78356409391917 ], [ 155.463491885862567, -4.783835258378286 ], [ 155.463451831794401, -4.784106554008879 ], [ 155.463403669076001, -4.784332855933967 ], [ 155.463393900759002, -4.784377914003086 ], [ 155.463403260448729, -4.784649031778085 ], [ 155.46340481705937, -4.784653794511753 ], [ 155.463486937298228, -4.784919881993681 ], [ 155.463564642718325, -4.785190753663827 ], [ 155.463650750817436, -4.785461595035187 ], [ 155.463678175084709, -4.785511119522317 ], [ 155.463825105426707, -4.785732118561314 ] ], [ [ 155.464492227289327, -4.817996700772271 ], [ 155.46460554587577, -4.817947619387891 ], [ 155.464875209205758, -4.817769971549924 ], [ 155.464926840942439, -4.817723973629762 ], [ 155.465144612800458, -4.817520309433411 ], [ 155.465215430345864, -4.817451776030023 ], [ 155.465413954142377, -4.817253433384902 ], [ 155.465482715269076, -4.817179655698652 ], [ 155.465683242873439, -4.816972020991881 ], [ 155.465754813212897, -4.816907517909869 ], [ 155.46595280409602, -4.816766258016154 ], [ 155.466141427015629, -4.816634964694005 ], [ 155.466222410648726, -4.816573120059115 ], [ 155.466475994804398, -4.816362600240612 ], [ 155.466491908183997, -4.816349794649774 ], [ 155.466761711063981, -4.816211207606263 ], [ 155.467031845621221, -4.816164640753166 ], [ 155.467302219564431, -4.816184476082288 ], [ 155.467572701430043, -4.816234243287621 ], [ 155.467843240596721, -4.816299898736036 ], [ 155.46795279090793, -4.81635724074649 ], [ 155.468114079121108, -4.816448528605012 ], [ 155.468314139249685, -4.81662707914305 ], [ 155.468385295940692, -4.816701973644901 ], [ 155.468551347747592, -4.816897368025562 ], [ 155.468656698599176, -4.817006857211621 ], [ 155.468838422581825, -4.817167475608289 ], [ 155.468927813588152, -4.817231975323029 ], [ 155.469198636762485, -4.817376217315018 ], [ 155.469381384134465, -4.817436653329743 ], [ 155.469469254342187, -4.817463496874439 ], [ 155.469559226077564, -4.81743600718324 ], [ 155.469739217471812, -4.81736953271933 ], [ 155.46991299739409, -4.817163571762776 ], [ 155.470008021032811, -4.816954492789042 ], [ 155.470033607910182, -4.816891983572942 ], [ 155.470077446985414, -4.816620674365859 ], [ 155.470068017456128, -4.816349558716531 ], [ 155.470005269466924, -4.816192437999159 ], [ 155.469907204789081, -4.816078993036969 ], [ 155.469734242581723, -4.81599160134497 ], [ 155.469463949514164, -4.815994034047743 ], [ 155.469193786827333, -4.816032607872382 ], [ 155.468923598230589, -4.816064025223103 ], [ 155.468653097732812, -4.816009025591906 ], [ 155.46838241798838, -4.815904346086638 ], [ 155.468221646260645, -4.815813964111895 ], [ 155.468111551659518, -4.815747932949357 ], [ 155.467848331952126, -4.815544168852878 ], [ 155.467840485966207, -4.815536220707049 ], [ 155.467641857295746, -4.81527376780301 ], [ 155.467568807723325, -4.81515460515651 ], [ 155.467485987101441, -4.815003182987548 ], [ 155.467368100012834, -4.814732460264269 ], [ 155.467296481314946, -4.814593110606034 ], [ 155.467214981468743, -4.814461865281882 ], [ 155.467024733637203, -4.81419199943075 ], [ 155.467024242692673, -4.814191406659883 ], [ 155.466753498646057, -4.81393303966361 ], [ 155.466730221128529, -4.813921322479026 ], [ 155.466482829577586, -4.813831074815622 ], [ 155.466212424297652, -4.813802313012134 ], [ 155.465942091876514, -4.813793783401271 ], [ 155.465671808704059, -4.813798938545296 ], [ 155.465401808146225, -4.813882572037855 ], [ 155.46534706123407, -4.813926337245912 ], [ 155.465174466497473, -4.814198113724065 ], [ 155.465132959373079, -4.814286022715011 ], [ 155.465022106059592, -4.814469816887613 ], [ 155.464869618797678, -4.814741520536573 ], [ 155.464864322719109, -4.814748435477685 ], [ 155.464645576382736, -4.815013483555873 ], [ 155.464595194655828, -4.815074482713412 ], [ 155.464405361753649, -4.815285505201728 ], [ 155.46432600385333, -4.815383174131539 ], [ 155.464111583660554, -4.81555772097254 ], [ 155.464056520293042, -4.815610636586713 ], [ 155.463786427656629, -4.815669012412074 ], [ 155.463516208306856, -4.815692222895219 ], [ 155.463246200952284, -4.815774337749895 ], [ 155.463105001098256, -4.815832519377182 ], [ 155.46297676222008, -4.816014437191438 ], [ 155.462873377593695, -4.816104509809032 ], [ 155.462977816783422, -4.816307361637607 ], [ 155.462996249369326, -4.816375216032825 ], [ 155.463065292400728, -4.816646117219537 ], [ 155.463056277752031, -4.816917301210402 ], [ 155.462996728277687, -4.817188668319965 ], [ 155.462981141669701, -4.817230792196906 ], [ 155.46292560463246, -4.817460077387337 ], [ 155.462902513135731, -4.817731312416695 ], [ 155.462983385538905, -4.817853887452261 ], [ 155.463197453348272, -4.818001394839383 ], [ 155.463254297101713, -4.818022597247761 ], [ 155.463524729318181, -4.818058215983618 ], [ 155.463795196996642, -4.818103684705935 ], [ 155.464065523644251, -4.81811001760165 ], [ 155.464335651074549, -4.818061080707016 ], [ 155.464492227289327, -4.817996700772271 ] ] ] } },
{ "type": "Feature", "properties": { "year": 2017, "certainty": "good", "eez_territory": "PNG" }, "geometry": { "type": "MultiLineString", "coordinates": [ [ [ 155.335997940302605, -4.667405034586845 ], [ 155.336239358033822, -4.667297538130867 ], [ 155.336509184381555, -4.66716345132892 ], [ 155.336565223865705, -4.667131967754905 ], [ 155.336778867661252, -4.6669861736586 ], [ 155.336919875283655, -4.666859609103876 ], [ 155.337042907452371, -4.666588022089913 ], [ 155.337001129926904, -4.666316984144254 ], [ 155.336822367032624, -4.666046402465336 ], [ 155.33677558386978, -4.665993735260861 ], [ 155.336569641476842, -4.665776066989972 ], [ 155.336504377000381, -4.665710363619918 ], [ 155.336354405975726, -4.665505606492664 ], [ 155.336252853082755, -4.665234767355583 ], [ 155.336232306027568, -4.665165644281335 ], [ 155.336137176219239, -4.664963975183046 ], [ 155.33596098454089, -4.664847427184879 ], [ 155.335690776098346, -4.664865804577861 ], [ 155.335455103935999, -4.664966245522826 ], [ 155.33542089435258, -4.664983027685886 ], [ 155.335151027470914, -4.665104787367924 ], [ 155.334946111811433, -4.665239116847594 ], [ 155.334881450961092, -4.665314439221354 ], [ 155.334781837004272, -4.665510841024209 ], [ 155.334767486495053, -4.665782066336376 ], [ 155.33483125418411, -4.66605303168027 ], [ 155.334884252713408, -4.66616201907275 ], [ 155.334984480068329, -4.666323699245802 ], [ 155.335155950596459, -4.666593911876332 ], [ 155.335156203963209, -4.66659430514091 ], [ 155.335249446538, -4.666865172207245 ], [ 155.335333322052463, -4.66713607041107 ], [ 155.335428536820274, -4.667294273661149 ], [ 155.335588412730772, -4.66740639844176 ], [ 155.3356993496825, -4.667458326600245 ], [ 155.335969485444849, -4.667417690506908 ], [ 155.335997940302605, -4.667405034586845 ] ], [ [ 155.429481596040802, -4.712370984326754 ], [ 155.429536584698326, -4.712099633293325 ], [ 155.429556466294656, -4.711828405040048 ], [ 155.429520561129408, -4.711557371857443 ], [ 155.42946144289337, -4.711286419817045 ], [ 155.429431677424589, -4.711015365128137 ], [ 155.42943481160205, -4.710744195412667 ], [ 155.429455416539128, -4.710472964624613 ], [ 155.429469753268421, -4.710201755753038 ], [ 155.429510242301689, -4.709930455473732 ], [ 155.429626097194557, -4.709732797850464 ], [ 155.429702322320338, -4.709658625345178 ], [ 155.429895435816491, -4.709465123185353 ], [ 155.430015283189562, -4.709386372686406 ], [ 155.429894846941124, -4.709295545147246 ], [ 155.429624132667158, -4.709167019687343 ], [ 155.429560039511586, -4.709116805186743 ], [ 155.429353312800231, -4.709008060890066 ], [ 155.429112823186728, -4.708847209158337 ], [ 155.429082414307828, -4.70882642477702 ], [ 155.428811480471666, -4.708634572525575 ], [ 155.428737300770024, -4.708577362220639 ], [ 155.428540465578152, -4.708419325275755 ], [ 155.428382149053419, -4.708307443783414 ], [ 155.428269536930515, -4.708228894566572 ], [ 155.427998657554639, -4.708052632993849 ], [ 155.427943439076927, -4.708037816788617 ], [ 155.427728144298868, -4.707981899198257 ], [ 155.427588475898574, -4.708039056129959 ], [ 155.427458826389852, -4.708255828561682 ], [ 155.427445090735461, -4.708310715874894 ], [ 155.427459239318949, -4.70837488599404 ], [ 155.42749670229972, -4.70858169484662 ], [ 155.427586300458842, -4.708852541151515 ], [ 155.427689648479344, -4.709123339390968 ], [ 155.427732391925758, -4.709206382846927 ], [ 155.427836744643827, -4.709393984780399 ], [ 155.427950338347927, -4.709664747100761 ], [ 155.42800469246788, -4.709792029697017 ], [ 155.428064001682458, -4.709935509112334 ], [ 155.428145815329685, -4.710206382329249 ], [ 155.428220462279, -4.710477280542044 ], [ 155.428277910723324, -4.71064187372872 ], [ 155.428319047232037, -4.710748095070328 ], [ 155.42839015126836, -4.711019005577699 ], [ 155.428444848637895, -4.71128997338647 ], [ 155.428502158968854, -4.711560932034808 ], [ 155.428551902875569, -4.71171426517418 ], [ 155.428593878243049, -4.71183177038013 ], [ 155.428739070509579, -4.712102421743378 ], [ 155.428823934104116, -4.712221627611256 ], [ 155.428953036860463, -4.712372832561105 ], [ 155.429095406659485, -4.712568015620467 ], [ 155.429365671991206, -4.712566846109856 ], [ 155.429481596040802, -4.712370984326754 ] ], [ [ 155.435424733115269, -4.716688695676567 ], [ 155.435595929231027, -4.716606330442871 ], [ 155.435799030895822, -4.716416224762566 ], [ 155.435865267561098, -4.716339196222467 ], [ 155.436036135013211, -4.716144235268818 ], [ 155.435887233292306, -4.715873600363913 ], [ 155.435863618042049, -4.715866029360306 ], [ 155.43559337656464, -4.715874034742459 ], [ 155.435591491307491, -4.715874638040395 ], [ 155.435323439056276, -4.715969273983997 ], [ 155.435053632714528, -4.716102185922418 ], [ 155.43499466680575, -4.716147889363854 ], [ 155.434849892455645, -4.716419554838184 ], [ 155.434935172660573, -4.716690413307471 ], [ 155.435055911863799, -4.71675613526561 ], [ 155.435326095346426, -4.716731363405651 ], [ 155.435424733115269, -4.716688695676567 ] ], [ [ 155.43328487526631, -4.718051990602687 ], [ 155.43337637139976, -4.717780511812579 ], [ 155.43343728046483, -4.717614115596222 ], [ 155.433464515737853, -4.717509044798796 ], [ 155.433517021332818, -4.717237702776226 ], [ 155.433446121396145, -4.716966793466779 ], [ 155.433434977014485, -4.71695287379915 ], [ 155.433163941832987, -4.716733253337292 ], [ 155.433088137609559, -4.716696890553061 ], [ 155.432893212654506, -4.716601465334771 ], [ 155.432622904736718, -4.716590649189844 ], [ 155.432516692661721, -4.716698893520695 ], [ 155.432542315898303, -4.716969961819105 ], [ 155.432606131796263, -4.717240896232381 ], [ 155.432625435066029, -4.7173173139154 ], [ 155.432684326477414, -4.717511780207587 ], [ 155.432750682448585, -4.717782705645488 ], [ 155.432846121937786, -4.718053529078135 ], [ 155.432898599752662, -4.718148230668804 ], [ 155.43316910234941, -4.718214765321533 ], [ 155.43328487526631, -4.718051990602687 ] ], [ [ 155.307860618652768, -4.727158331159993 ], [ 155.308057095856725, -4.726995456143694 ], [ 155.308182874488722, -4.726886075040283 ], [ 155.308326591818599, -4.726753083233343 ], [ 155.308479550992558, -4.726613904139675 ], [ 155.308596129644457, -4.726523413499674 ], [ 155.308844225572869, -4.726341506586124 ], [ 155.308865765966829, -4.72632354689337 ], [ 155.309124498262406, -4.726069390314791 ], [ 155.309135183069941, -4.726057536214632 ], [ 155.309318459716621, -4.725797561744598 ], [ 155.309404032468279, -4.725620163939121 ], [ 155.309441163932235, -4.725525970719215 ], [ 155.309484357330575, -4.725254644746852 ], [ 155.309449369454171, -4.724983579365849 ], [ 155.309401692199629, -4.724913429692198 ], [ 155.309130786495189, -4.724729701602605 ], [ 155.309085329026232, -4.724713610529895 ], [ 155.308860252288667, -4.724658169013633 ], [ 155.30858974558987, -4.724594945124754 ], [ 155.308319177320527, -4.724513115699733 ], [ 155.308059955871158, -4.724445844297843 ], [ 155.30804864800271, -4.724443052987639 ], [ 155.307778320482242, -4.724433982833078 ], [ 155.307625973652449, -4.724447289573108 ], [ 155.307508105374154, -4.724458907076113 ], [ 155.307455609356907, -4.724447856856901 ], [ 155.307237587932093, -4.724392449212035 ], [ 155.307058947991834, -4.724177995048956 ], [ 155.306992799498573, -4.723907032776265 ], [ 155.306965330294048, -4.723799780666104 ], [ 155.306918532539214, -4.723636097491688 ], [ 155.306776213143479, -4.723365388648932 ], [ 155.306693348510464, -4.723290351899213 ], [ 155.306423800351354, -4.723366561377866 ], [ 155.306423303858026, -4.723366784827945 ], [ 155.306291472842872, -4.723638184290157 ], [ 155.306206025302259, -4.723909651232873 ], [ 155.306155596469807, -4.724150293113523 ], [ 155.306149360403055, -4.724181022418191 ], [ 155.306111591812993, -4.724452330736309 ], [ 155.306045018505046, -4.72472373492356 ], [ 155.305918200050769, -4.724995339618244 ], [ 155.305888251528245, -4.725043497502927 ], [ 155.305757660349826, -4.72526705655515 ], [ 155.305696010126752, -4.725538444424229 ], [ 155.3056915640976, -4.725809641930073 ], [ 155.305692256515101, -4.726080822333538 ], [ 155.305705177355946, -4.726351962032708 ], [ 155.305799790963647, -4.726622829788389 ], [ 155.305893957289726, -4.72676896440269 ], [ 155.305964757129033, -4.726893463275323 ], [ 155.306096301815046, -4.727164207940981 ], [ 155.306165852200706, -4.727251478735341 ], [ 155.306436544501594, -4.727370380138751 ], [ 155.306706789763638, -4.727354169391031 ], [ 155.306976931720897, -4.727306761741131 ], [ 155.30724718632311, -4.727293414910322 ], [ 155.307517480869308, -4.72729215388962 ], [ 155.307787501861611, -4.727208275398362 ], [ 155.307860618652768, -4.727158331159993 ] ], [ [ 155.465214200299698, -4.785998265674834 ], [ 155.465301440071272, -4.785935612870195 ], [ 155.465491614701904, -4.785726114906766 ], [ 155.465570503916751, -4.785592985831292 ], [ 155.465636340726718, -4.785454442326587 ], [ 155.465767824406385, -4.785182817494831 ], [ 155.46583899110604, -4.785089392491876 ], [ 155.466006958320179, -4.784910804737482 ], [ 155.466108290281028, -4.784812616933944 ], [ 155.466283488460192, -4.784638657212986 ], [ 155.46637757354921, -4.784531459526143 ], [ 155.466502231213354, -4.78436671796756 ], [ 155.466646596108546, -4.784177568319645 ], [ 155.466714016743452, -4.784094803815135 ], [ 155.466915966521299, -4.783920866012335 ], [ 155.467054691299296, -4.783822425097759 ], [ 155.467185605464834, -4.783739190977702 ], [ 155.467415409032412, -4.783549974092883 ], [ 155.467455009338209, -4.783491940810109 ], [ 155.467559217386025, -4.783278305023841 ], [ 155.4676523916186, -4.783006818512999 ], [ 155.467723078706371, -4.782872204807083 ], [ 155.467802454688496, -4.782735126949315 ], [ 155.467991932535682, -4.782471538260365 ], [ 155.46799956655704, -4.782463265803216 ], [ 155.468261434929502, -4.782251989680546 ], [ 155.468341014240622, -4.782190884322619 ], [ 155.468530943131725, -4.782034115573789 ], [ 155.468659633340508, -4.781918585118192 ], [ 155.468800329473055, -4.78178228143319 ], [ 155.468948122467424, -4.781646394535051 ], [ 155.469069799012118, -4.781553724621666 ], [ 155.469339809898429, -4.781476298958131 ], [ 155.469610074486781, -4.781469698032852 ], [ 155.469880205765207, -4.781425918716972 ], [ 155.469997578530723, -4.781371459491534 ], [ 155.470150030767257, -4.781296716517087 ], [ 155.470419755524006, -4.781139589086697 ], [ 155.47046709435574, -4.781098615686362 ], [ 155.470620019282933, -4.780826913952471 ], [ 155.470688188566868, -4.780622171951675 ], [ 155.470712867564288, -4.780555428975419 ], [ 155.470859997132038, -4.780283748202014 ], [ 155.470956800534395, -4.780154740891129 ], [ 155.471072467760024, -4.780011831730646 ], [ 155.471226025394827, -4.779858352486023 ], [ 155.471495922229508, -4.779749462250375 ], [ 155.471523657653364, -4.779739053996106 ], [ 155.471765703676795, -4.779608426412299 ], [ 155.4718565004722, -4.779466703197697 ], [ 155.471869600841103, -4.779195506140328 ], [ 155.471824678735857, -4.778924518429887 ], [ 155.471783903121576, -4.778653515737381 ], [ 155.47176184696724, -4.778532642700188 ], [ 155.471732633773428, -4.778382550879268 ], [ 155.471652424981897, -4.778111690382071 ], [ 155.471509233792688, -4.777841057000263 ], [ 155.471488997651448, -4.777817603862909 ], [ 155.471217996951822, -4.777618264796756 ], [ 155.470947730523619, -4.777623839789162 ], [ 155.470713379830158, -4.777843926913738 ], [ 155.47067836727382, -4.777881542779571 ], [ 155.47041448735709, -4.778116154595235 ], [ 155.470408936115433, -4.778120346971735 ], [ 155.470139052119265, -4.778232789116102 ], [ 155.469868835062726, -4.778252278761767 ], [ 155.469598401936963, -4.778211454445875 ], [ 155.469328062251776, -4.778196730840568 ], [ 155.469058117627043, -4.778292356912239 ], [ 155.468915600278649, -4.778392707236561 ], [ 155.468788538411076, -4.778490080287328 ], [ 155.468550655816927, -4.778665172601619 ], [ 155.468518972418281, -4.778691547571459 ], [ 155.468249198939532, -4.778835104898481 ], [ 155.46797912064352, -4.77889354644146 ], [ 155.467778382718876, -4.77893910524924 ], [ 155.467709064992761, -4.77895834249791 ], [ 155.467439222363481, -4.779082691455289 ], [ 155.467251721586109, -4.779212152819253 ], [ 155.467169589866074, -4.779265800719602 ], [ 155.466899575151302, -4.779342140074161 ], [ 155.466629430220195, -4.779382114705599 ], [ 155.466359385386369, -4.779450093079503 ], [ 155.466089170665839, -4.779470607796964 ], [ 155.465818645266637, -4.77940427969315 ], [ 155.465547922549774, -4.779282775756685 ], [ 155.465440776626252, -4.779218672479399 ], [ 155.46527707840113, -4.779127296582062 ], [ 155.465006337818096, -4.779000761612854 ], [ 155.464919152168676, -4.778949398318996 ], [ 155.46473544359344, -4.778831229849824 ], [ 155.464465393583254, -4.778679879439163 ], [ 155.464464612934762, -4.778679455078436 ], [ 155.464193854310167, -4.778547814453811 ], [ 155.46392312206217, -4.778423538385576 ], [ 155.463870323503016, -4.778410868233743 ], [ 155.463652638666446, -4.778368901002352 ], [ 155.463382483760483, -4.778406220473668 ], [ 155.463367139818843, -4.778412677459467 ], [ 155.463112772319477, -4.778567712185002 ], [ 155.463011644249804, -4.778685107025901 ], [ 155.462890743997235, -4.778956693243478 ], [ 155.462844567361316, -4.779151000190637 ], [ 155.462828759449366, -4.77922806768677 ], [ 155.462845286395435, -4.779352285868987 ], [ 155.462866814078126, -4.779499082487343 ], [ 155.462994166688219, -4.779769776189629 ], [ 155.463117992204275, -4.780028786438876 ], [ 155.463124736552601, -4.780040458245645 ], [ 155.463247790998025, -4.780311167250999 ], [ 155.463335054523753, -4.78058200491507 ], [ 155.463390715699489, -4.780710005294041 ], [ 155.463461858998016, -4.780852700297539 ], [ 155.463561471509337, -4.781123493427028 ], [ 155.463634980904885, -4.781394380414421 ], [ 155.463663803353768, -4.781492853044021 ], [ 155.463722358249584, -4.781665217463877 ], [ 155.463759442875102, -4.781936235439789 ], [ 155.463743401098611, -4.782207444578033 ], [ 155.463728198074364, -4.782478650702184 ], [ 155.4637025612966, -4.782749894380653 ], [ 155.463668684445992, -4.78285796584184 ], [ 155.463627991547526, -4.783021314178618 ], [ 155.46357759449657, -4.783292646996488 ], [ 155.463564853663343, -4.783563844293576 ], [ 155.463570019775489, -4.783834977137511 ], [ 155.463566454600226, -4.784106141407867 ], [ 155.463545166067547, -4.784377369480381 ], [ 155.463549022391305, -4.784648507035453 ], [ 155.463621412129896, -4.784919397842117 ], [ 155.463676441426855, -4.785026578235719 ], [ 155.463781756854274, -4.785189971903223 ], [ 155.463948194921727, -4.785435350732945 ], [ 155.463966877083351, -4.785460456636127 ], [ 155.464122257058733, -4.785731048359985 ], [ 155.464220074573717, -4.785879260934499 ], [ 155.464316553934282, -4.786001499797266 ], [ 155.464491330029858, -4.786148683381161 ], [ 155.464761757225205, -4.78618670757017 ], [ 155.465031716109138, -4.786093946095113 ], [ 155.465214200299698, -4.785998265674834 ] ], [ [ 155.463432021376349, -4.816373637119551 ], [ 155.463398658198145, -4.816644909274021 ], [ 155.463360348372817, -4.816916199364622 ], [ 155.46329421901558, -4.817187590284768 ], [ 155.463282200346526, -4.817458785119614 ], [ 155.463397245813326, -4.817729519420833 ], [ 155.463523979001678, -4.817849925987927 ], [ 155.463759747644161, -4.817999356603238 ], [ 155.463794874650972, -4.818014212436258 ], [ 155.464065222306743, -4.818026385837626 ], [ 155.4642176106492, -4.817997696572089 ], [ 155.464335341091896, -4.817975058147469 ], [ 155.464605381494863, -4.817902006546537 ], [ 155.464875149073123, -4.817753287048585 ], [ 155.464908898071286, -4.817724038704447 ], [ 155.465144469677711, -4.817480600545024 ], [ 155.465170041971078, -4.817451940652427 ], [ 155.465392740093677, -4.817179982050391 ], [ 155.465413602273173, -4.817155813184415 ], [ 155.465663811456437, -4.816907848003091 ], [ 155.465682955285644, -4.81689223878019 ], [ 155.465952606265233, -4.816711379867148 ], [ 155.466066350424427, -4.8166352370498 ], [ 155.466222245789453, -4.81652739138883 ], [ 155.466439814903396, -4.816362731502162 ], [ 155.466491813851206, -4.816323630320566 ], [ 155.466761636355386, -4.81619048796775 ], [ 155.46703176082147, -4.816141124781358 ], [ 155.467302077895596, -4.816145194047325 ], [ 155.467572522973398, -4.816184766591308 ], [ 155.467843096388663, -4.816259922359975 ], [ 155.468002090456906, -4.816357061776413 ], [ 155.468113994137013, -4.816424973252266 ], [ 155.468344881486075, -4.816626967518667 ], [ 155.468385167678917, -4.816666428603179 ], [ 155.468599420298005, -4.816897193448081 ], [ 155.468656519780609, -4.81695730994898 ], [ 155.468888927708974, -4.81716729216517 ], [ 155.468927686938457, -4.817196888639647 ], [ 155.469198519498292, -4.81734373532216 ], [ 155.469469078601776, -4.817414823204384 ], [ 155.469739111673448, -4.817340233134882 ], [ 155.469899065250871, -4.817163622388016 ], [ 155.47000791418796, -4.81692490404848 ], [ 155.470019368144818, -4.816892035315628 ], [ 155.470063857080333, -4.816620723745293 ], [ 155.470059847958083, -4.816349588398973 ], [ 155.470005245802014, -4.816185883403353 ], [ 155.469920705221654, -4.816078943991217 ], [ 155.469734239679241, -4.815990797308175 ], [ 155.469464024308849, -4.816014755686515 ], [ 155.469193920377649, -4.81606961127505 ], [ 155.469096079868962, -4.816081939282822 ], [ 155.468923751662174, -4.816106541571576 ], [ 155.468833853345615, -4.816082891560313 ], [ 155.468653197897197, -4.816036784852213 ], [ 155.468382429730838, -4.815907600792531 ], [ 155.468223701543934, -4.815813956650777 ], [ 155.468111547119008, -4.815746674255432 ], [ 155.467840594982619, -4.815566446133301 ], [ 155.467818095514019, -4.815544278594174 ], [ 155.467589003036693, -4.815273959606682 ], [ 155.467569123187047, -4.815242085333826 ], [ 155.467433164197388, -4.815003374654644 ], [ 155.467324115338386, -4.814732619845748 ], [ 155.467296765406246, -4.814671909026123 ], [ 155.467192709062971, -4.814461946079578 ], [ 155.467033823604112, -4.81419137190757 ], [ 155.467024691411979, -4.814180285030829 ], [ 155.466760846650345, -4.813921211411714 ], [ 155.466753435334113, -4.813915472362301 ], [ 155.466482751213334, -4.813809328054451 ], [ 155.466212389246465, -4.81379258489327 ], [ 155.465942203920491, -4.813824883472303 ], [ 155.465672200265544, -4.813907635299656 ], [ 155.465629880861258, -4.813925312087306 ], [ 155.46540243110843, -4.81405551997054 ], [ 155.465254317753875, -4.81419782429693 ], [ 155.465133475689584, -4.814429367496168 ], [ 155.465114992198352, -4.814469480215652 ], [ 155.464920043553377, -4.814741337771383 ], [ 155.464864486285023, -4.81479384727035 ], [ 155.464643628272995, -4.815013490616499 ], [ 155.46459521591612, -4.815080385611764 ], [ 155.464471483225253, -4.815285265561207 ], [ 155.464326503822718, -4.815521994253 ], [ 155.464293843970808, -4.81555706044252 ], [ 155.464057241213709, -4.815810816567855 ], [ 155.464032023612162, -4.815829160429552 ], [ 155.463787826748984, -4.816057532375055 ], [ 155.463711993261455, -4.81610147136289 ], [ 155.463518244202305, -4.816257628283252 ] ] ] } },
{ "type": "Feature", "properties": { "year": 2021, "certainty": "good", "eez_territory": "PNG" }, "geometry": { "type": "MultiLineString", "coordinates": [ [ [ 155.336290245469826, -4.667404060973032 ], [ 155.336509642280589, -4.667301832861182 ], [ 155.336694490892171, -4.667131537125946 ], [ 155.33677900366655, -4.667027273023144 ], [ 155.336886362611494, -4.666859720751704 ], [ 155.336953855001269, -4.66658831876412 ], [ 155.336913066711134, -4.666317277500792 ], [ 155.336775817402184, -4.666064321242142 ], [ 155.336764089310776, -4.666046596575531 ], [ 155.336539268581959, -4.665776168139207 ], [ 155.336504474688724, -4.66573989562758 ], [ 155.336340771985903, -4.665505651890584 ], [ 155.336232559501866, -4.665242289231156 ], [ 155.336229826144944, -4.665234844021863 ], [ 155.336107967782198, -4.664964072419568 ], [ 155.335961046383915, -4.664866130704037 ], [ 155.335690778867701, -4.664866642218692 ], [ 155.335420806760595, -4.664956531281311 ], [ 155.3354018308153, -4.664966422819368 ], [ 155.335151012833876, -4.665100359293488 ], [ 155.334951402332678, -4.665239099242982 ], [ 155.334881472958216, -4.665321094349102 ], [ 155.334777244684062, -4.665510856305278 ], [ 155.334757960541594, -4.66578209803584 ], [ 155.334808192078896, -4.666053108430199 ], [ 155.334884392327638, -4.666204250788353 ], [ 155.33495878970237, -4.666323784752982 ], [ 155.335109169178367, -4.666594461710134 ], [ 155.335156588447944, -4.666786811128375 ], [ 155.335177680152725, -4.666865411124962 ], [ 155.335202108408311, -4.667136507270141 ], [ 155.335372565089301, -4.667407117185744 ], [ 155.335429018478948, -4.667439898799757 ], [ 155.335699421207153, -4.667479948451734 ], [ 155.335969642965324, -4.667465303601859 ], [ 155.336239775725431, -4.667423779697654 ], [ 155.336290245469826, -4.667404060973032 ] ], [ [ 155.429238224823791, -4.712642994169732 ], [ 155.429365753511007, -4.712590310417706 ], [ 155.42948919980455, -4.712370957735434 ], [ 155.429552992655857, -4.712099575914496 ], [ 155.429543647943291, -4.711828449863524 ], [ 155.429499964170333, -4.711557443876026 ], [ 155.429464597336789, -4.711286408788176 ], [ 155.429448701122283, -4.711015305612194 ], [ 155.429441153140942, -4.710744173243524 ], [ 155.429448310151741, -4.710472989466284 ], [ 155.429482437042481, -4.710201711416679 ], [ 155.429573819961632, -4.709930233243544 ], [ 155.429626487444125, -4.709845180402641 ], [ 155.429677650251307, -4.709794290943151 ] ], [ [ 155.42921812463544, -4.708992458085807 ], [ 155.429207218359494, -4.708982458743399 ] ], [ [ 155.427410794204633, -4.708717574375308 ], [ 155.427460772659884, -4.708816958601826 ], [ 155.427478664723452, -4.708852916986081 ], [ 155.427622777251401, -4.709123572912235 ], [ 155.427732810222068, -4.709326949704011 ], [ 155.427775708537354, -4.709394197950142 ], [ 155.427896916024764, -4.709664933698888 ], [ 155.427977102583242, -4.709935812670474 ], [ 155.428005443416055, -4.710008424280579 ], [ 155.428086601934325, -4.710206589194932 ], [ 155.428178414629798, -4.710477427451536 ], [ 155.428249174255654, -4.71074833922064 ], [ 155.428278727722528, -4.710877232026619 ], [ 155.428318927093102, -4.711019254470786 ], [ 155.428406883097324, -4.711290106068619 ], [ 155.428473557472472, -4.711561031999705 ], [ 155.428531756924428, -4.711831987519007 ], [ 155.428552487305808, -4.711882569509426 ], [ 155.428649258100876, -4.712102735708577 ], [ 155.428782167317053, -4.712373429961612 ], [ 155.428824763054052, -4.712460294387462 ], [ 155.429022562166892, -4.71264374830213 ], [ 155.429095831180234, -4.712690220159083 ], [ 155.429238224823791, -4.712642994169732 ] ], [ [ 155.433065247206628, -4.718323918743687 ], [ 155.433169331564528, -4.718280558854297 ], [ 155.43320931671434, -4.718187834545643 ] ], [ [ 155.43252304915481, -4.717105608398554 ], [ 155.432555689850233, -4.717241073040138 ], [ 155.432625956435771, -4.717467027790254 ], [ 155.432642524058622, -4.717511926745622 ], [ 155.432701527303522, -4.717782877972694 ], [ 155.432747054941615, -4.718053876415227 ], [ 155.432854096021117, -4.718324659148992 ], [ 155.432899394365762, -4.718376339785091 ], [ 155.433065247206628, -4.718323918743687 ] ], [ [ 155.308063454604508, -4.727022064118016 ], [ 155.308245035223166, -4.726885867889402 ], [ 155.308326775163891, -4.726808459429852 ], [ 155.308569733805825, -4.726613603581767 ], [ 155.308596353669969, -4.72659107173778 ], [ 155.308865911844919, -4.726367600554284 ], [ 155.308891524278295, -4.726341348936307 ], [ 155.309135383055605, -4.726117926048174 ], [ 155.309186385537856, -4.72606918402632 ], [ 155.309404647067737, -4.725805748187091 ], [ 155.309410257708578, -4.725797255744648 ], [ 155.309490201815521, -4.725525807258183 ], [ 155.309511420542634, -4.725254554539233 ], [ 155.309431388393563, -4.724983639295766 ], [ 155.309401828423916, -4.724954570791944 ], [ 155.30913104611318, -4.724808120797715 ], [ 155.308860507121921, -4.724735153152747 ], [ 155.308788997072185, -4.724714597917275 ], [ 155.308589968132679, -4.72466218330863 ], [ 155.308319395483579, -4.724579039495806 ], [ 155.308048940464431, -4.72453143958246 ], [ 155.307778713878236, -4.724552887167911 ], [ 155.307508564488643, -4.724597690128896 ], [ 155.30723801024746, -4.724520125411004 ], [ 155.307172816026934, -4.724448798417623 ], [ 155.307039389459561, -4.724178060157934 ], [ 155.306988524217616, -4.723907047007205 ], [ 155.306965371882967, -4.723812357225929 ], [ 155.30691392637047, -4.723636112822672 ], [ 155.306696025082658, -4.723365655507592 ], [ 155.306693592401416, -4.723364121190514 ], [ 155.306686668720346, -4.723365686644121 ], [ 155.306423554433849, -4.723442583712353 ], [ 155.306297360323015, -4.723638164699789 ], [ 155.306178582137591, -4.723909742550127 ], [ 155.306155095437362, -4.723998735354865 ], [ 155.306114297557656, -4.724181139093548 ], [ 155.306084822917484, -4.72445241981643 ], [ 155.306020730699402, -4.724723815749547 ], [ 155.305901469682453, -4.724995395294469 ], [ 155.305888184131874, -4.725023112511184 ], [ 155.305783796993836, -4.725266969576507 ], [ 155.305715670869603, -4.725538378994491 ], [ 155.305701703658144, -4.725809608184457 ], [ 155.305703439102984, -4.726080785114474 ], [ 155.30570860496988, -4.72635195062387 ], [ 155.305777889817449, -4.726622902693254 ], [ 155.305857020395422, -4.726758230614859 ] ], [ [ 155.306910325203575, -4.727297088294792 ], [ 155.306976843800783, -4.727280194373118 ], [ 155.307112022450497, -4.727289035625806 ] ], [ [ 155.464823553739706, -4.786270824445995 ], [ 155.4650319044882, -4.786146557920632 ], [ 155.465280510445922, -4.785998026719883 ], [ 155.465301605396377, -4.785981782537893 ], [ 155.46556559826908, -4.785725848284476 ], [ 155.465570952285475, -4.785718194203637 ], [ 155.465747254145953, -4.785454042612333 ], [ 155.465839854804273, -4.785330579195843 ], [ 155.465979909895509, -4.785182053159092 ], [ 155.466109155120307, -4.785054109889003 ], [ 155.466220532933988, -4.784910035003453 ], [ 155.466378053226094, -4.784665396642563 ], [ 155.46639377002424, -4.784638259738579 ], [ 155.466587089777306, -4.784366412113807 ], [ 155.466647055730164, -4.784305901131447 ], [ 155.466868619554731, -4.784094246559411 ], [ 155.466916455868954, -4.784057491053584 ], [ 155.467186130044013, -4.78388564201842 ], [ 155.467266264623476, -4.783821662424313 ], [ 155.467455370892367, -4.783592873523826 ], [ 155.467479406155178, -4.783549743384032 ], [ 155.467570714864422, -4.783278263575923 ], [ 155.467666252263143, -4.783006768546866 ], [ 155.467723201542213, -4.782906497061987 ], [ 155.467836799598729, -4.782735003138523 ], [ 155.46799217796945, -4.782540054390251 ], [ 155.468061326983559, -4.782463043155067 ], [ 155.468261524244866, -4.782276921806409 ], [ 155.468368487462129, -4.782190785273405 ], [ 155.468531064584766, -4.782068016650342 ], [ 155.468709938037478, -4.781918403740607 ], [ 155.468800557880712, -4.781846032854728 ], [ 155.469070192173461, -4.781663453597692 ], [ 155.469112335504548, -4.781645802402348 ], [ 155.469340128296409, -4.781565153838987 ], [ 155.469610402299907, -4.781561170462009 ], [ 155.469880519166281, -4.781513360898308 ], [ 155.470150321352492, -4.78137778622827 ], [ 155.470162577875641, -4.781370864304098 ], [ 155.470419993178581, -4.781205886838971 ], [ 155.470527034523741, -4.781098399445205 ], [ 155.470665312390508, -4.780826750551853 ], [ 155.470688735984027, -4.780774881804343 ], [ 155.470789953991869, -4.780555150879763 ], [ 155.47095726587375, -4.780284552893156 ], [ 155.47095812460762, -4.780283394196354 ], [ 155.471177096412788, -4.780011454259553 ], [ 155.471226402266097, -4.779963480618163 ], [ 155.471496328986575, -4.779862917107157 ], [ 155.471766193314323, -4.779744987512982 ], [ 155.471772475498113, -4.779738156190962 ], [ 155.471893432300533, -4.779466569932479 ], [ 155.471888827312938, -4.779195436767095 ], [ 155.471842996469206, -4.778924452340503 ], [ 155.471798995853902, -4.778653461287621 ], [ 155.471761576355874, -4.778457149634452 ], [ 155.471744777657619, -4.778382507071408 ], [ 155.471639598237033, -4.778111736648951 ], [ 155.47148927910871, -4.777896141826653 ], [ 155.471431975379375, -4.777841335640809 ], [ 155.471218328996969, -4.777710932750087 ], [ 155.470948036934658, -4.777709363044349 ], [ 155.470744276450148, -4.777843815515274 ], [ 155.470678450159596, -4.777904678686055 ], [ 155.470496745182061, -4.778115858028884 ], [ 155.470409208361787, -4.778196343151788 ], [ 155.470139395378851, -4.778328616298113 ], [ 155.469869117434428, -4.778331116427644 ], [ 155.469598629944528, -4.778275121378337 ], [ 155.469328332222545, -4.778272123623912 ], [ 155.46905841908864, -4.77837655136149 ], [ 155.469033262459959, -4.77839228325629 ], [ 155.468788798023866, -4.77856259188393 ], [ 155.468662309465714, -4.778664770309618 ], [ 155.468519279031796, -4.778777192408631 ], [ 155.468249412982459, -4.778894897352145 ], [ 155.468077832593025, -4.778938026556569 ], [ 155.467979382285563, -4.778966642626221 ], [ 155.467709366410531, -4.779042558997657 ], [ 155.467439446969365, -4.779145451990216 ], [ 155.467331324826603, -4.779211866126458 ], [ 155.467169741833857, -4.779308267435415 ], [ 155.466899789401282, -4.779402016771645 ], [ 155.466629684822152, -4.779453275736505 ], [ 155.466527329974525, -4.779485912174775 ], [ 155.466359719769457, -4.779543561560189 ], [ 155.466089548040088, -4.779576104367017 ], [ 155.465819001047635, -4.779503752161149 ], [ 155.465785703000819, -4.779488582082426 ], [ 155.465548233099383, -4.779369613904182 ], [ 155.465300454980877, -4.779219177457614 ], [ 155.465277361214504, -4.779206390273202 ], [ 155.465006620837556, -4.779079923742277 ], [ 155.46474044496324, -4.778950041258934 ], [ 155.464735859707901, -4.778947635904637 ], [ 155.464465103150047, -4.778816609650639 ], [ 155.464210392216984, -4.778680796630209 ], [ 155.464194292844752, -4.778670526656944 ], [ 155.463923555489998, -4.778544838128492 ], [ 155.463653056983844, -4.778485986189049 ], [ 155.463382841027538, -4.778506228314488 ], [ 155.463112892411942, -4.778601331795351 ], [ 155.463002643937386, -4.778685139380828 ], [ 155.462884455457555, -4.778956715850118 ], [ 155.46286033025703, -4.779227954188637 ], [ 155.462845406150649, -4.779385809186019 ], [ 155.462837444071027, -4.779499188079778 ], [ 155.462846087912112, -4.779576651522824 ], [ 155.462874540188466, -4.779770206314992 ], [ 155.462998996180545, -4.780040910402664 ], [ 155.463118666859003, -4.780217593012519 ], [ 155.46317703566973, -4.780311421713986 ], [ 155.463276539597615, -4.780582215376728 ], [ 155.463348412483867, -4.780853108371969 ], [ 155.46339154763433, -4.780942767519432 ], [ 155.463483679695315, -4.781123773278257 ], [ 155.463586455988406, -4.781394554995852 ], [ 155.463655087517964, -4.781665459509671 ], [ 155.463661578405691, -4.781936587587338 ], [ 155.463602848379139, -4.782207950352244 ], [ 155.463596546758339, -4.782479124469536 ], [ 155.463649229350807, -4.782750086315631 ], [ 155.46361127262341, -4.783021374349936 ], [ 155.463542771666312, -4.783292772327672 ], [ 155.463523319785708, -4.783563993785979 ], [ 155.463545804009954, -4.783835064302417 ], [ 155.463559130314991, -4.784106167773243 ], [ 155.463546446292924, -4.7843773648717 ], [ 155.463549182114718, -4.784648506460432 ], [ 155.463598936283233, -4.78491947876405 ], [ 155.463676767765833, -4.785117790743629 ], [ 155.463718125417159, -4.785190201027408 ], [ 155.463897658069016, -4.785460705912493 ], [ 155.463948573500261, -4.785541143386685 ], [ 155.4640652382177, -4.785731253725207 ], [ 155.464220457363666, -4.785986208651859 ], [ 155.464233111507042, -4.786001800371475 ], [ 155.464476475036861, -4.786272074944574 ], [ 155.464491823174967, -4.786286439832549 ], [ 155.464762199951338, -4.786310365456268 ], [ 155.464823553739706, -4.786270824445995 ] ], [ [ 155.464301740603304, -4.81799739151644 ], [ 155.464335390340466, -4.817988725106709 ], [ 155.464605384934003, -4.817902960850962 ], [ 155.464875196004897, -4.817766308826767 ], [ 155.464922979052147, -4.817723987635994 ], [ 155.465144471743912, -4.8174811737983 ], [ 155.465169171307821, -4.81745194381027 ], [ 155.465397279916289, -4.817179965584144 ], [ 155.465413630766164, -4.817163718160158 ], [ 155.465683158540543, -4.816948625617236 ], [ 155.465740936381962, -4.816907568246473 ], [ 155.465952812024824, -4.816768457445074 ], [ 155.466133955893127, -4.816634991797415 ], [ 155.466222383249431, -4.816565520066774 ], [ 155.466465121463472, -4.816362639689555 ], [ 155.466491881284384, -4.81634233373391 ], [ 155.466761724778252, -4.816215011105485 ], [ 155.467031910701934, -4.816182688329319 ], [ 155.467302262861068, -4.81619648134012 ], [ 155.467572690857878, -4.816231312193937 ], [ 155.467843226113217, -4.816295883733555 ], [ 155.467963488447822, -4.816357201911965 ], [ 155.46811402402983, -4.816433258762643 ], [ 155.468344570178857, -4.816626968649026 ], [ 155.468385173909439, -4.81666815526679 ], [ 155.468586759413057, -4.816897239426944 ], [ 155.468656597677409, -4.816978893750823 ], [ 155.468848415824965, -4.817167439311446 ], [ 155.468927808461444, -4.817230555032701 ], [ 155.469198608601033, -4.817368416659024 ], [ 155.46946914502746, -4.817433220744463 ], [ 155.469739159929617, -4.817353597121152 ], [ 155.469886219279005, -4.817163669066183 ], [ 155.469980287431639, -4.816892177320719 ], [ 155.470007320871787, -4.816760592577227 ], [ 155.47002932028434, -4.816620849234821 ], [ 155.470030691767164, -4.816485269292053 ] ], [ [ 155.469961396075803, -4.816214371131556 ], [ 155.469853702569594, -4.816079187402663 ], [ 155.469734352762487, -4.816022123230479 ], [ 155.469464141830912, -4.816047314641187 ], [ 155.469274183458737, -4.816081292440721 ], [ 155.469194024003542, -4.81609832317485 ], [ 155.468923856892587, -4.816135701012849 ], [ 155.468671996142916, -4.816083479295449 ], [ 155.46865334980194, -4.816078882965729 ], [ 155.468382532879502, -4.815936190846008 ], [ 155.468171139673558, -4.815814147459636 ], [ 155.468111681922977, -4.815784043637787 ], [ 155.467840767442254, -4.815614261144693 ], [ 155.467764685841928, -4.815544472438019 ], [ 155.467569362554315, -4.815308462390983 ], [ 155.467543289707379, -4.815274125493208 ], [ 155.46738672501462, -4.815003543155118 ], [ 155.467297167429933, -4.814783416113493 ], [ 155.467269536145523, -4.814732817861414 ], [ 155.467154070186496, -4.81446208624826 ], [ 155.467025035090103, -4.814275629607462 ], [ 155.46695992512241, -4.814191639951963 ], [ 155.466753583106708, -4.813956475055617 ], [ 155.466706255737506, -4.813921409391575 ], [ 155.466482773305529, -4.813815458842297 ], [ 155.466212329380596, -4.813775969642579 ], [ 155.465942050551035, -4.813782312627989 ], [ 155.465686516056451, -4.813925106783122 ], [ 155.465672302907279, -4.813936128046349 ], [ 155.465402865580529, -4.814176135213451 ], [ 155.465381437589002, -4.814197363521795 ], [ 155.465148807075991, -4.814469357648239 ], [ 155.465133693187909, -4.814489750196745 ], [ 155.464968817536203, -4.814741160985889 ], [ 155.464864702028621, -4.81485374480371 ], [ 155.464720256807539, -4.815013212883855 ], [ 155.464595544688393, -4.815171667849047 ], [ 155.464522672519166, -4.815285080034164 ], [ 155.464383714847486, -4.815556734723293 ], [ 155.464326918923547, -4.815637246937619 ], [ 155.464188555235523, -4.815828593132556 ], [ 155.464057876157625, -4.815987116183964 ], [ 155.463950472733615, -4.816100607122705 ], [ 155.463788596019242, -4.816271140820932 ], [ 155.463643166118857, -4.816372871987823 ], [ 155.463519069996863, -4.816486947384481 ], [ 155.463415378039457, -4.816644848685646 ], [ 155.463369046458865, -4.816916167843794 ], [ 155.463372253847837, -4.81718730748368 ], [ 155.463389281664234, -4.817458397030968 ], [ 155.463440214018789, -4.817729363679716 ], [ 155.463524033579063, -4.817865077132052 ], [ 155.46369587421529, -4.817999588158663 ], [ 155.463794959890549, -4.818037872228229 ], [ 155.464065311824982, -4.818051230449449 ], [ 155.464301740603304, -4.81799739151644 ] ] ] } },
{ "type": "Feature", "properties": { "year": 2013, "certainty": "good", "eez_territory": "PNG" }, "geometry": { "type": "MultiLineString", "coordinates": [ [ [ 155.336403757976313, -4.667403682851292 ], [ 155.336509729702755, -4.667328252210207 ], [ 155.336703358662078, -4.667131507583753 ], [ 155.336779067282237, -4.66704649689643 ], [ 155.336947115722495, -4.666859518350879 ], [ 155.337027014801947, -4.666588075036387 ], [ 155.336991081062877, -4.666317017619628 ], [ 155.3369156189531, -4.666046091853762 ], [ 155.336775141947101, -4.66586015961938 ], [ 155.336702627017985, -4.665775624099838 ], [ 155.336503984092815, -4.665591582441297 ], [ 155.336420577760492, -4.665505386152728 ], [ 155.336233918775548, -4.665234830395844 ], [ 155.336232525414545, -4.665231982056445 ], [ 155.336019928284344, -4.664964365500646 ], [ 155.335961262716694, -4.664931556793223 ], [ 155.33569100578444, -4.664935277159289 ], [ 155.335592797609593, -4.664965787250258 ], [ 155.33542105016403, -4.665030159966631 ], [ 155.335151296056978, -4.665186040435418 ], [ 155.335092320357631, -4.66523863031288 ], [ 155.33489157852884, -4.66551047584743 ], [ 155.334882197882308, -4.66554041137823 ], [ 155.334829672909962, -4.665781859395821 ], [ 155.334864833981129, -4.666052919926454 ], [ 155.334884050122838, -4.666100737047661 ], [ 155.334983382342017, -4.666323702899469 ], [ 155.335121903355059, -4.666594419320964 ], [ 155.335156187159811, -4.666665454381028 ], [ 155.335244280058902, -4.666865189407233 ], [ 155.335334689884235, -4.667136065856918 ], [ 155.335426237252534, -4.66740693847077 ], [ 155.335428933714979, -4.6674142715176 ], [ 155.335699800021047, -4.667594461907377 ], [ 155.33597007743171, -4.667596625476865 ], [ 155.336240094844754, -4.667520226822075 ], [ 155.336403757976313, -4.667403682851292 ] ], [ [ 155.429609996376797, -4.712370535283409 ], [ 155.429634852845993, -4.712253564508629 ], [ 155.429657864013194, -4.71209920916892 ], [ 155.429653493886491, -4.71182806574431 ], [ 155.429632683272132, -4.711629067681385 ], [ 155.429624710479118, -4.711557007683246 ], [ 155.429602276190479, -4.711285927408134 ], [ 155.429599278631798, -4.711014779165394 ], [ 155.429602351346858, -4.710743609697465 ], [ 155.429606487577132, -4.71047243651108 ], [ 155.429628121742013, -4.71031578970892 ], [ 155.4296508841704, -4.71020112258482 ], [ 155.429750919243048, -4.709929614177743 ], [ 155.429896224218368, -4.709692149061135 ], [ 155.429926065262521, -4.709657843228216 ], [ 155.430071200207408, -4.70938617721533 ], [ 155.429894713841463, -4.709257215674719 ], [ 155.429623961866611, -4.709117826382721 ], [ 155.429622296226228, -4.70911658760665 ], [ 155.429353197491452, -4.708974845318243 ], [ 155.429133811447372, -4.708847135825068 ], [ 155.429082376295497, -4.708815473426293 ], [ 155.428811476712553, -4.708633489355527 ], [ 155.428731426442312, -4.708577382741165 ], [ 155.428540394177674, -4.708398748384739 ], [ 155.428407106679316, -4.708307356617222 ], [ 155.428269526083682, -4.708225768155921 ], [ 155.427998860654611, -4.708111181505769 ], [ 155.427728477403008, -4.708077936359172 ], [ 155.427461301043536, -4.708310659281233 ], [ 155.427492542352155, -4.708581709370963 ], [ 155.427570846579641, -4.708852595113261 ], [ 155.427648698464878, -4.70912348239343 ], [ 155.42773260457065, -4.709267674542608 ], [ 155.427799341456137, -4.709394115412366 ], [ 155.427921901742735, -4.709664846427117 ], [ 155.428004876904907, -4.709845178333983 ], [ 155.428045235566174, -4.709935574667529 ], [ 155.428133363209554, -4.710206425831924 ], [ 155.428198143448498, -4.710477358521705 ], [ 155.428278127662878, -4.710704370082944 ], [ 155.428295477168632, -4.710748177429681 ], [ 155.428383217695284, -4.711019029807411 ], [ 155.428442161280145, -4.711289982778325 ], [ 155.428484427779694, -4.711560994007105 ], [ 155.428552305049379, -4.711830083921606 ], [ 155.428552924103741, -4.711831913531864 ], [ 155.428702258605682, -4.712102550431417 ], [ 155.428824075420209, -4.712262315434537 ], [ 155.42892820131479, -4.71237291939468 ], [ 155.429095375796635, -4.712559131165141 ], [ 155.429365933225284, -4.712642038198194 ], [ 155.429609996376797, -4.712370535283409 ] ], [ [ 155.43558585948395, -4.716688130286571 ], [ 155.435596197337702, -4.716683236822274 ], [ 155.435730988168388, -4.716584558624861 ] ], [ [ 155.435188758874716, -4.716099707849955 ], [ 155.435111870573905, -4.716147478220733 ], [ 155.435054002864007, -4.716208398024574 ], [ 155.434908368116112, -4.716419349712383 ], [ 155.434942095543704, -4.716690389020827 ], [ 155.43505595555996, -4.71676867197183 ], [ 155.435326263403823, -4.716779574868856 ], [ 155.43558585948395, -4.716688130286571 ] ], [ [ 155.433300919945282, -4.718051934337242 ], [ 155.433438084855993, -4.717845006702039 ], [ 155.433472176587316, -4.717780175844174 ], [ 155.433578616519696, -4.717508644678435 ], [ 155.433588126403464, -4.717237453441138 ], [ 155.433459570790347, -4.71696674631012 ], [ 155.433434945696973, -4.71694388296682 ], [ 155.433164109332495, -4.716781347488601 ], [ 155.432988024216087, -4.716697241493781 ], [ 155.432893365699471, -4.716645415311106 ], [ 155.432622994021472, -4.716616292070553 ], [ 155.432558135502774, -4.716698748275499 ], [ 155.432534079898545, -4.716969990685558 ], [ 155.432540638112755, -4.717241125798377 ], [ 155.432573386745077, -4.717512169100377 ], [ 155.432626870895177, -4.717729607691579 ], [ 155.432646944258295, -4.717783069324854 ], [ 155.432784613755587, -4.718053744732578 ], [ 155.432898719206179, -4.718182522828089 ], [ 155.43316900036865, -4.718185492631843 ], [ 155.433300919945282, -4.718051934337242 ] ], [ [ 155.307649489205062, -4.727430216978375 ], [ 155.307788004950993, -4.727360243867321 ], [ 155.307990565039148, -4.727157898142635 ], [ 155.308057367479336, -4.7270775000597 ], [ 155.308263953291032, -4.726885804843763 ], [ 155.308326867117103, -4.726836232012389 ], [ 155.308596649340785, -4.726680366158106 ], [ 155.308694080792577, -4.726613189143533 ], [ 155.308866302610397, -4.726485605604417 ], [ 155.309045980732918, -4.726340834099896 ], [ 155.309135853188536, -4.726259889414666 ], [ 155.309335459929457, -4.726068687094886 ], [ 155.309405171414738, -4.725964074014444 ], [ 155.309492056010157, -4.725796983067481 ], [ 155.309526571171489, -4.725525686023699 ], [ 155.309504464998099, -4.72525457772369 ], [ 155.309402200077074, -4.725066811930173 ], [ 155.309318959669724, -4.724984014004144 ], [ 155.309131329763773, -4.724893797676107 ], [ 155.308860776177426, -4.724816432420121 ], [ 155.308590262793444, -4.724751209433436 ], [ 155.308484519323656, -4.724715612314773 ], [ 155.308319689532738, -4.7246678928387 ], [ 155.308049224157259, -4.724617174486819 ], [ 155.307778887407409, -4.72460533556533 ], [ 155.307508513896153, -4.724582397024265 ], [ 155.307270887530052, -4.724448471901503 ], [ 155.307237620213158, -4.724402208677899 ], [ 155.307136895013912, -4.72417773556333 ], [ 155.307048623663974, -4.723906846954414 ], [ 155.306965206965629, -4.723762485722913 ], [ 155.306872521986463, -4.723636250629961 ], [ 155.306693904088235, -4.723458394886489 ], [ 155.306424040880984, -4.723589729883332 ], [ 155.30639467989991, -4.723637840865305 ], [ 155.306297067671466, -4.723909348281199 ], [ 155.306230781591466, -4.724180751473671 ], [ 155.306161235288187, -4.724452165532633 ], [ 155.306156647812742, -4.724468298823888 ], [ 155.306095167043338, -4.724723568034435 ], [ 155.306007724239322, -4.724995041687944 ], [ 155.30588878935086, -4.725206166473035 ], [ 155.305851697404108, -4.725266743610018 ], [ 155.305745872421966, -4.725538278484501 ], [ 155.30571258367587, -4.72580957197435 ], [ 155.305715768701049, -4.726080744077598 ], [ 155.305727743861638, -4.726351886919611 ], [ 155.30578151940162, -4.726622890611088 ], [ 155.305894175416967, -4.726834915139028 ], [ 155.305925118912256, -4.726893595240045 ], [ 155.306059394729033, -4.727164330827204 ], [ 155.306166036731099, -4.727307259233727 ], [ 155.306381547660209, -4.727434440685697 ], [ 155.306436841129255, -4.727460032666865 ], [ 155.306707147957155, -4.727462416992447 ], [ 155.306961143509142, -4.727432510251115 ], [ 155.306977341458634, -4.727430572753647 ], [ 155.30699313804115, -4.727432403674204 ], [ 155.307247736655995, -4.72745968995986 ], [ 155.30751807884846, -4.72747280314571 ], [ 155.307649489205062, -4.727430216978375 ] ], [ [ 155.464790556195766, -4.786270943341247 ], [ 155.465031985479186, -4.786169177474433 ], [ 155.465301714617539, -4.786012284039812 ], [ 155.46531981811998, -4.78599788506789 ], [ 155.465571072715704, -4.785751824166517 ], [ 155.465597912628766, -4.785725731827341 ], [ 155.465790612083197, -4.785453886352364 ], [ 155.465839985852853, -4.78536717327219 ], [ 155.46594894808382, -4.785182164746582 ], [ 155.466108896395014, -4.784981866151282 ], [ 155.466173173117539, -4.784910205696446 ], [ 155.466378219369403, -4.784711786893581 ], [ 155.4664629746689, -4.784638010303636 ], [ 155.466647588607742, -4.784454683677062 ], [ 155.466744240948344, -4.784365845669724 ], [ 155.466916945455893, -4.784194178961513 ], [ 155.467018221919034, -4.78409370729424 ], [ 155.467186403082223, -4.78396186652296 ], [ 155.467389527794467, -4.783821218058634 ], [ 155.46745598742379, -4.78376498159114 ], [ 155.467656144357932, -4.78354910621389 ], [ 155.467725056386371, -4.783424286267234 ], [ 155.467799596785596, -4.783277438426249 ], [ 155.467900505195416, -4.783005924047815 ], [ 155.467993263976183, -4.782843215850699 ], [ 155.468072604201495, -4.782734153034347 ], [ 155.468262385220498, -4.782517253898592 ], [ 155.468317840122637, -4.782462118358084 ], [ 155.468531810179257, -4.782276128426429 ], [ 155.468607605329225, -4.78218992313517 ], [ 155.468801070231763, -4.781989033286416 ], [ 155.468875151635103, -4.781917808023859 ], [ 155.469070601651737, -4.781777733830237 ], [ 155.469293597609294, -4.781645148747034 ], [ 155.46934033421465, -4.781622618268131 ], [ 155.46961039903502, -4.781560259441646 ], [ 155.469880490637337, -4.781505401087068 ], [ 155.470150405430758, -4.781401242769271 ], [ 155.470209458325002, -4.78137069518918 ], [ 155.470420161497657, -4.781252841726459 ], [ 155.470587345338487, -4.781098181861602 ], [ 155.470688968814358, -4.780839831654452 ], [ 155.47069486408347, -4.780826643938762 ], [ 155.470804516914313, -4.780555098341843 ], [ 155.470957308854651, -4.78029654275141 ], [ 155.470969039530729, -4.780283354818699 ], [ 155.471219073761745, -4.780011302812456 ], [ 155.47122654932096, -4.780004500888064 ], [ 155.471496483896374, -4.7799061246526 ], [ 155.471766392298463, -4.779800483544705 ], [ 155.471826928980136, -4.779737959695354 ], [ 155.471952478316638, -4.77946635686605 ], [ 155.471937714170082, -4.7791952603704 ], [ 155.47187727905191, -4.7789243286495 ], [ 155.471818511310516, -4.778653390881589 ], [ 155.471761635278256, -4.7784735874541 ], [ 155.471735016170413, -4.778382542285025 ], [ 155.471615126132264, -4.778111824920711 ], [ 155.471489420069446, -4.777935475083524 ], [ 155.471398852825729, -4.777841455098093 ], [ 155.471218268375736, -4.777694014573505 ], [ 155.470947993275473, -4.777697177296506 ], [ 155.470805104503995, -4.777843596194278 ], [ 155.470678720390339, -4.777980107410048 ], [ 155.47053476611751, -4.778115720947647 ], [ 155.470409250971585, -4.77820823734622 ], [ 155.470139270618461, -4.778293787382707 ], [ 155.469868978559418, -4.778292342940111 ], [ 155.469598548255192, -4.778252311232254 ], [ 155.469328320715391, -4.778268910130667 ], [ 155.46905841333998, -4.778374945854454 ], [ 155.469026984454757, -4.778392305878771 ], [ 155.468788770625565, -4.778554939410966 ], [ 155.46865800023059, -4.778664785836281 ], [ 155.468519281360528, -4.778777842879808 ], [ 155.468249396874342, -4.778890397611586 ], [ 155.46802591078071, -4.77893821360118 ], [ 155.467979321894603, -4.778949771010423 ], [ 155.467709294311618, -4.779022414607818 ], [ 155.467439373660426, -4.779124967717076 ], [ 155.467287372257829, -4.779212024423728 ], [ 155.467169636656962, -4.779278876257282 ], [ 155.466899684084325, -4.77937258380962 ], [ 155.466629616010408, -4.779434043019085 ], [ 155.466359436078932, -4.779464263046307 ], [ 155.466089016201266, -4.779427425883907 ], [ 155.465818392400479, -4.779333579813201 ], [ 155.465579317263661, -4.779218173882351 ], [ 155.465547630858822, -4.779201209547555 ], [ 155.465276853296501, -4.779064341206862 ], [ 155.465094175678445, -4.778948768586834 ], [ 155.465005944861986, -4.778890847376821 ], [ 155.464734964476719, -4.77869719566223 ], [ 155.464709832758388, -4.778679000149252 ], [ 155.464464070324027, -4.778527636446326 ], [ 155.464193401320841, -4.778421054138263 ], [ 155.464153556732128, -4.778409849690018 ], [ 155.463922885009595, -4.778357195189108 ], [ 155.463652538959394, -4.778340993023137 ], [ 155.463382459084244, -4.778399312908789 ], [ 155.463352008244271, -4.778412731860188 ], [ 155.463112750656762, -4.778561647730629 ], [ 155.462983550798128, -4.778685208017737 ], [ 155.462843731478927, -4.778916993345791 ], [ 155.462821415076831, -4.778956942470471 ], [ 155.46276150560621, -4.77922830946178 ], [ 155.462823567595194, -4.779499237968702 ], [ 155.462845974409191, -4.779544879707722 ], [ 155.462954052224063, -4.779769920426291 ], [ 155.463034447795764, -4.780040782922502 ], [ 155.463111831369474, -4.780311656206901 ], [ 155.463119049768977, -4.780324749537545 ], [ 155.463227425016242, -4.780582392024142 ], [ 155.463372936865341, -4.780853020157776 ], [ 155.463391354664225, -4.780888778555205 ], [ 155.463503138055131, -4.781123703278839 ], [ 155.46356313013402, -4.781394638915659 ], [ 155.463620673418347, -4.781665583331961 ], [ 155.463664813076775, -4.781775278288552 ], [ 155.463724103985385, -4.781936362601988 ], [ 155.463763006911819, -4.782207374024885 ], [ 155.463752227723234, -4.782478564225094 ], [ 155.463709053666747, -4.782749871015143 ], [ 155.463668695341539, -4.782861012589892 ], [ 155.463617317053689, -4.783021352596109 ], [ 155.46355868562253, -4.783292715051818 ], [ 155.463535940941341, -4.783563948359065 ], [ 155.463531140458258, -4.783835117083611 ], [ 155.463523047400287, -4.784106297660483 ], [ 155.463503223903388, -4.784377520466531 ], [ 155.463504807005876, -4.78464866621401 ], [ 155.463565333628111, -4.784919599745519 ], [ 155.463676790326616, -4.785124096472107 ], [ 155.463719469078598, -4.785190196189212 ], [ 155.463849232924247, -4.785460880300358 ], [ 155.463949071232065, -4.785680229478552 ], [ 155.463977116628229, -4.78573157110411 ], [ 155.464106787526532, -4.786002255393181 ], [ 155.464221044953035, -4.786150370619857 ], [ 155.464418653525939, -4.786272283254045 ], [ 155.464491860139191, -4.786296765359384 ], [ 155.464762099353493, -4.786282267744514 ], [ 155.464790556195766, -4.786270943341247 ] ], [ [ 155.464571044401225, -4.817996414949492 ], [ 155.464605689327527, -4.817987424403116 ], [ 155.464875554592965, -4.817865802121822 ], [ 155.465047569685424, -4.817723535761957 ], [ 155.465144989998777, -4.817624960171736 ], [ 155.465300365518743, -4.817451467964312 ], [ 155.465414257469149, -4.817337584688355 ], [ 155.465602010742231, -4.817179222979991 ], [ 155.465683724357859, -4.817105590738529 ], [ 155.465876641554416, -4.816907075979452 ], [ 155.465953077041775, -4.816841971970613 ], [ 155.466218801021142, -4.816634683995202 ], [ 155.466222621182197, -4.816631517188333 ], [ 155.466492146373525, -4.816415858731768 ], [ 155.466571402834319, -4.816362254088759 ], [ 155.466761881113541, -4.816258368721984 ], [ 155.467031994335997, -4.816205880844014 ], [ 155.467302296021302, -4.816205675967872 ], [ 155.467572714002387, -4.816237728915769 ], [ 155.467843290034494, -4.816313603466325 ], [ 155.467921345738432, -4.816357354898701 ], [ 155.46811414455513, -4.816466665118572 ], [ 155.46830439423843, -4.816627114526682 ], [ 155.468385322686601, -4.816709385677208 ], [ 155.468555226503526, -4.816897353939825 ], [ 155.468656703652073, -4.817008257268473 ], [ 155.46882539552692, -4.817167522924136 ], [ 155.46892786914043, -4.817247365294762 ], [ 155.469198759343215, -4.817410171748653 ], [ 155.469273029398863, -4.817437046988168 ], [ 155.46946936190497, -4.817493287594941 ], [ 155.469678697609112, -4.81743557308566 ], [ 155.469739372642096, -4.817412504943135 ], [ 155.469958673078111, -4.817163405789003 ], [ 155.470008383812143, -4.817054956562994 ], [ 155.470070676108577, -4.816891848877742 ], [ 155.470093891018934, -4.816620614615482 ], [ 155.470067524599244, -4.816349560507244 ], [ 155.470005311347137, -4.816204037770759 ], [ 155.469880406651697, -4.816079090391185 ], [ 155.469734327787421, -4.816015204747509 ], [ 155.469464064977785, -4.816026022854714 ], [ 155.469193902218564, -4.816064579872097 ], [ 155.468923647840313, -4.816077772259923 ], [ 155.468653087895234, -4.816006299229808 ], [ 155.468382346593216, -4.815884557144203 ], [ 155.468272854248227, -4.815813778214116 ], [ 155.468111391086268, -4.815703419616507 ], [ 155.467918903573093, -4.815543912712285 ], [ 155.46784021141579, -4.815460099202734 ], [ 155.467685784053714, -4.815273608393366 ], [ 155.467568667292625, -4.815115662273253 ], [ 155.467495481272408, -4.815003148537659 ], [ 155.467356123877948, -4.814732503715354 ], [ 155.467296614642777, -4.81463009191866 ], [ 155.467196839065821, -4.814461931097206 ], [ 155.467024804846972, -4.814211754844265 ], [ 155.467007284926922, -4.814191468169518 ], [ 155.466753625082248, -4.8139681220026 ], [ 155.466657580609677, -4.813921585913504 ], [ 155.466482923341033, -4.813857094856221 ], [ 155.466212559920734, -4.813839953720091 ], [ 155.465942326621672, -4.813858941443922 ], [ 155.465672248097121, -4.813920913088042 ], [ 155.465661111606721, -4.813925198875554 ], [ 155.465402539069458, -4.81408549167658 ], [ 155.465293662292538, -4.814197681686122 ], [ 155.465133526068826, -4.814443354040844 ], [ 155.465118250573454, -4.814469468405225 ], [ 155.464983889553906, -4.814741106355356 ], [ 155.464864880476568, -4.814903287262297 ], [ 155.464784280938261, -4.815012980828021 ], [ 155.464595870997982, -4.81526226461204 ], [ 155.464578780274337, -4.81528487667656 ], [ 155.464397193115161, -4.815556685872954 ], [ 155.464326995371835, -4.815658472487937 ], [ 155.464171847050693, -4.815828653687554 ], [ 155.46405767111969, -4.815930185711024 ], [ 155.463787835720126, -4.816060023503472 ], [ 155.463686392992713, -4.816101564132284 ], [ 155.463518205503874, -4.816246881649933 ], [ 155.463462543336306, -4.816373526520236 ], [ 155.463413288656113, -4.816644856257053 ], [ 155.463377120087557, -4.81691613858583 ], [ 155.463356322261632, -4.817187365221058 ], [ 155.463312717631055, -4.817458674519298 ], [ 155.463291597148839, -4.81772990233989 ], [ 155.463524326258323, -4.817946326553041 ], [ 155.463623584076402, -4.817999850219302 ], [ 155.463795000319976, -4.818049094111265 ], [ 155.464065383160829, -4.818071028690856 ], [ 155.464335612857809, -4.818050475350572 ], [ 155.464571044401225, -4.817996414949492 ] ] ] } },
{ "type": "Feature", "properties": { "year": 2022, "certainty": "good", "eez_territory": "PNG" }, "geometry": { "type": "MultiLineString", "coordinates": [ [ [ 155.336408401136993, -4.667403667384057 ], [ 155.336509791474157, -4.667346919705599 ], [ 155.33674156237106, -4.667131380310187 ], [ 155.336779178213931, -4.667080018876362 ], [ 155.336894588385292, -4.6668596933476 ], [ 155.336926117966527, -4.666588411166485 ], [ 155.336867113795535, -4.66631743057494 ], [ 155.336776054634583, -4.666136024467749 ], [ 155.336718555869396, -4.666046748233979 ], [ 155.33652791395474, -4.665776205952579 ], [ 155.336504500434899, -4.665747678879965 ], [ 155.336339209033326, -4.665505657094823 ], [ 155.33623256060929, -4.66524262408181 ], [ 155.336229157499758, -4.665234846248051 ], [ 155.336079354485747, -4.66496416767366 ], [ 155.335961112238749, -4.664886047451683 ], [ 155.335690825323269, -4.664880693601522 ], [ 155.335429868364969, -4.664966329509014 ], [ 155.335420851970667, -4.664970207261431 ], [ 155.335151075601203, -4.665119347913051 ], [ 155.334991819685769, -4.665238964749853 ], [ 155.334881643663863, -4.665372740213055 ], [ 155.334806855882988, -4.665510757772696 ], [ 155.334777720958556, -4.665782032279065 ], [ 155.334823527511418, -4.666053057394469 ], [ 155.334884376514538, -4.666199467516445 ], [ 155.334955930055685, -4.666323794270902 ], [ 155.335155865367227, -4.666568136223789 ], [ 155.335176086749868, -4.666594238954211 ], [ 155.335293146159131, -4.666865026723092 ], [ 155.335342285824311, -4.667136040566439 ], [ 155.335428900125635, -4.667404116179559 ], [ 155.335431589722361, -4.667406920648149 ], [ 155.335699566837633, -4.667523972122052 ], [ 155.335969796970886, -4.667511853774575 ], [ 155.336239938182331, -4.667472879145834 ], [ 155.336408401136993, -4.667403667384057 ] ], [ [ 155.429449944738593, -4.712371095014461 ], [ 155.429515851907183, -4.712099705795597 ], [ 155.429523372521459, -4.711828520762551 ], [ 155.429486447071724, -4.711557491139089 ], [ 155.429445790945579, -4.711286474540684 ], [ 155.429424704812675, -4.711015389504716 ], [ 155.429419522902577, -4.710744248859608 ], [ 155.429434075526018, -4.710473039225794 ], [ 155.429470939756499, -4.710201751605656 ], [ 155.429550829985743, -4.709930313603677 ], [ 155.429626348107405, -4.709805055068635 ], [ 155.429777749366821, -4.709658361690055 ], [ 155.429895455257849, -4.709470721587505 ], [ 155.429962905679247, -4.70938655578022 ], [ 155.429895021514056, -4.709345817436741 ], [ 155.429624475716224, -4.709265821768339 ], [ 155.429353764143514, -4.709138071438418 ], [ 155.429328702314393, -4.709117613634955 ], [ 155.429082737544036, -4.708919548138981 ], [ 155.428988883784541, -4.708847642191383 ], [ 155.428811802678808, -4.70872741358076 ], [ 155.428592002417901, -4.70857786977029 ], [ 155.428540886697192, -4.708540685664992 ], [ 155.428270041407359, -4.708374299239058 ], [ 155.428147859703358, -4.708308262011114 ], [ 155.427999301406629, -4.708238236481018 ], [ 155.427728965290726, -4.708218595548888 ], [ 155.427517381089388, -4.708310463490867 ], [ 155.427459334498138, -4.708402328016819 ], [ 155.427403274123662, -4.708582021042578 ], [ 155.427460412625294, -4.708713161955991 ], [ 155.427528962055248, -4.708852741363621 ], [ 155.427676882593971, -4.70912338397126 ], [ 155.427732434478372, -4.709218648060321 ], [ 155.427833118674613, -4.709393997444312 ], [ 155.427946868863302, -4.709664759219405 ], [ 155.428004692562155, -4.709792056870456 ], [ 155.428067559407708, -4.709935496684166 ], [ 155.428151324993905, -4.710206363080637 ], [ 155.428227963786497, -4.710477254332401 ], [ 155.428277812049799, -4.710613447390477 ], [ 155.428330351059742, -4.710748055571808 ], [ 155.42841075138935, -4.711018933589159 ], [ 155.428457166610826, -4.711289930337111 ], [ 155.428497827522136, -4.711560947173694 ], [ 155.428551972053128, -4.711734187252046 ], [ 155.428588246460066, -4.711831790065694 ], [ 155.428699335383101, -4.712102560650415 ], [ 155.428824121716957, -4.712275645153282 ], [ 155.428916911894959, -4.712372958866066 ], [ 155.429095329657628, -4.712545849157869 ], [ 155.429365476390245, -4.712510544675923 ], [ 155.429449944738593, -4.712371095014461 ] ], [ [ 155.435518138698313, -4.716688367922339 ], [ 155.435596089851856, -4.716652404667915 ], [ 155.435719455532734, -4.716552082738318 ] ], [ [ 155.435012142617268, -4.716283406866474 ], [ 155.434939162708986, -4.716419241686561 ], [ 155.435019822027897, -4.716690116338452 ], [ 155.435055778781816, -4.71671795297415 ], [ 155.435326180189719, -4.716755702882768 ], [ 155.435518138698313, -4.716688367922339 ] ], [ [ 155.432936100021067, -4.718324371608167 ], [ 155.4331688964146, -4.718155653327582 ], [ 155.433206294652763, -4.718052266163644 ], [ 155.43331536466161, -4.717780725743336 ], [ 155.433436925512524, -4.717512227049419 ], [ 155.433438105092051, -4.717509137411061 ], [ 155.433461979588969, -4.717237895779093 ], [ 155.433435751094947, -4.717175096282619 ], [ 155.433298238855571, -4.716967311959683 ], [ 155.433164429669176, -4.716873324414546 ], [ 155.432893823136027, -4.7167767750318 ], [ 155.432623615949666, -4.716794908096085 ], [ 155.432478834931914, -4.716970184311787 ], [ 155.432547214348546, -4.717241102747879 ], [ 155.43262578638533, -4.717418197501736 ], [ 155.432670236951424, -4.717511829598588 ], [ 155.432751637929584, -4.717782702295746 ], [ 155.432792075322766, -4.718053718571793 ], [ 155.432882231371224, -4.718324560495605 ], [ 155.432899298935126, -4.718348945158032 ], [ 155.432936100021067, -4.718324371608167 ] ], [ [ 155.307922264366113, -4.727158125742439 ], [ 155.308057226355544, -4.727034873635894 ], [ 155.308201205094946, -4.726886013954046 ], [ 155.308326636416069, -4.726766553172444 ], [ 155.308513252671844, -4.726613791821354 ], [ 155.308596201027314, -4.726544972041201 ], [ 155.308865849482856, -4.726348767907544 ], [ 155.308874376886109, -4.726341406090109 ], [ 155.309135316554034, -4.726097844603642 ], [ 155.309164327850482, -4.726069257551705 ], [ 155.309404627633597, -4.725799879981421 ], [ 155.309406570355662, -4.725797268036324 ], [ 155.309506130230972, -4.725525754162256 ], [ 155.309518527524006, -4.725254530849932 ], [ 155.309427662073205, -4.724983651715335 ], [ 155.309401840081136, -4.72495809137277 ], [ 155.309131092881273, -4.724822247234644 ], [ 155.308860497309155, -4.724732188787084 ], [ 155.308812341689162, -4.724714520136875 ], [ 155.308589954684066, -4.724658120031175 ], [ 155.308319462128651, -4.724599177900179 ], [ 155.308049052081145, -4.724565171493214 ], [ 155.30777875167206, -4.724564310233879 ], [ 155.307508469538021, -4.724568988400272 ], [ 155.307237860968684, -4.724474995208479 ], [ 155.307209308017036, -4.724448676923982 ], [ 155.307069028269439, -4.724177961492208 ], [ 155.307032015809, -4.723906902237435 ], [ 155.306964866787609, -4.723659613156834 ], [ 155.306955376912725, -4.723635974859278 ], [ 155.306711280150324, -4.723365604740813 ], [ 155.306693559210686, -4.723354082107353 ], [ 155.306660215477791, -4.723365774675745 ], [ 155.306423685273273, -4.723482161991785 ], [ 155.306335845139387, -4.723638036641773 ], [ 155.306262478585893, -4.723909463380902 ], [ 155.306208342046887, -4.724180826146487 ], [ 155.306156358830521, -4.724380890876636 ], [ 155.306139193170139, -4.724452238884885 ], [ 155.306075059600175, -4.724723634950351 ], [ 155.305980022672088, -4.724995133878076 ], [ 155.305888623105574, -4.725155884792412 ], [ 155.305825764807025, -4.725266829912166 ], [ 155.305742078337772, -4.725538291111187 ], [ 155.305724314265319, -4.725809532933238 ], [ 155.305727950856408, -4.726080703531244 ], [ 155.305743226005376, -4.726351835386541 ], [ 155.305822562181646, -4.726622753986483 ], [ 155.30589386864861, -4.726742163513619 ], [ 155.305983690509635, -4.726893400240954 ], [ 155.30612454805339, -4.727164113890681 ], [ 155.306165725104705, -4.72721305932162 ], [ 155.306436495091248, -4.727355446227937 ], [ 155.306706762929394, -4.727346059874404 ], [ 155.306976924342507, -4.72730453217546 ], [ 155.307247253816342, -4.727313807319764 ], [ 155.307517642562772, -4.727341002101425 ], [ 155.30778767786822, -4.727261442366216 ], [ 155.307922264366113, -4.727158125742439 ] ], [ [ 155.465221841594882, -4.785998238139023 ], [ 155.465301438213544, -4.785935094066781 ], [ 155.465509188889058, -4.785726051573559 ], [ 155.465570667785983, -4.785638747216902 ], [ 155.465668257799933, -4.785454327304392 ], [ 155.465839342662122, -4.785187565595404 ], [ 155.465843659070003, -4.78518254420153 ], [ 155.466108699606337, -4.784926916214777 ], [ 155.466124403689037, -4.784910381466502 ], [ 155.466335104579542, -4.784638471181506 ], [ 155.466377760833126, -4.78458375406759 ], [ 155.466526660431896, -4.784366629918972 ], [ 155.466646784130518, -4.784230067118642 ], [ 155.46677581019506, -4.784094581088866 ], [ 155.466916202692317, -4.783986805052172 ], [ 155.467174777871065, -4.783821992221153 ], [ 155.467185873052586, -4.783813896198913 ], [ 155.467430878323285, -4.783549918326826 ], [ 155.46745504828047, -4.783502812174462 ], [ 155.467543231330097, -4.783278362652564 ], [ 155.467630204829561, -4.783006898493404 ], [ 155.467722930990988, -4.782830966573689 ], [ 155.467780771159767, -4.782735205115902 ], [ 155.467990554437364, -4.782463298291704 ], [ 155.467991897926481, -4.782461876557005 ], [ 155.468261341533093, -4.782225918209329 ], [ 155.468307745123042, -4.782191004266302 ], [ 155.468530919783319, -4.782027598334794 ], [ 155.468658977372797, -4.781918587483311 ], [ 155.468800340704945, -4.781785416410584 ], [ 155.468954562222677, -4.7816463713148 ], [ 155.469069823747958, -4.781560628317836 ], [ 155.469339846346713, -4.781486470605542 ], [ 155.469610147674587, -4.781490120389417 ], [ 155.46988032812186, -4.781460057694451 ], [ 155.47008581602401, -4.781371141205228 ], [ 155.470150176824632, -4.781337464901717 ], [ 155.470419820230262, -4.781157640085737 ], [ 155.470479905086279, -4.781098569470597 ], [ 155.470627607520953, -4.780826886577151 ], [ 155.470688385893737, -4.780677219678121 ], [ 155.470735012765317, -4.780555349085665 ], [ 155.470879014093185, -4.780283679597333 ], [ 155.470956886956913, -4.780178849757996 ], [ 155.471085609177976, -4.780011784320938 ], [ 155.471226056666097, -4.779867075682578 ], [ 155.471495946979871, -4.779756365836346 ], [ 155.471543551442409, -4.779738982217012 ], [ 155.471765738234097, -4.779618064660491 ], [ 155.471862663501639, -4.779466680959092 ], [ 155.471871247230752, -4.779195500199823 ], [ 155.471823620918229, -4.77892452224642 ], [ 155.471777488513879, -4.778653538879136 ], [ 155.471762013023863, -4.778578967283669 ], [ 155.47171711146683, -4.778382606874143 ], [ 155.471626102205704, -4.778111785329727 ], [ 155.471489181459532, -4.777868893899358 ], [ 155.47146684151258, -4.777841209893531 ], [ 155.47121811791439, -4.777652023537101 ], [ 155.470947965508259, -4.777689427154786 ], [ 155.47080266950951, -4.77784360497397 ], [ 155.47067876890091, -4.777993647900884 ], [ 155.470562806458531, -4.778115619849242 ], [ 155.470409373262271, -4.778242373691737 ], [ 155.470139408970198, -4.778332410532543 ], [ 155.469869081062143, -4.778320961430633 ], [ 155.469598588998053, -4.778263687887661 ], [ 155.469328307286474, -4.77826515996651 ], [ 155.469058451887662, -4.778385711623015 ], [ 155.469048342839358, -4.778392228914658 ], [ 155.468788850676816, -4.778577298075204 ], [ 155.468678175234373, -4.778664713143224 ], [ 155.468519307144163, -4.778785044827993 ], [ 155.468249402791457, -4.7788920505348 ], [ 155.468071716953375, -4.778938048587925 ], [ 155.467979383862428, -4.778967083158434 ], [ 155.467709383459379, -4.779047322423936 ], [ 155.467439483822062, -4.779155749484257 ], [ 155.467356018403962, -4.779211777190126 ], [ 155.467169792047997, -4.779322299476691 ], [ 155.466899779462182, -4.779399239094965 ], [ 155.466629677230372, -4.779451153858323 ], [ 155.466538660549361, -4.77948587137771 ], [ 155.466359801248529, -4.77956633672802 ], [ 155.466089615438136, -4.779594945533169 ], [ 155.465818965705893, -4.779493871090573 ], [ 155.465808872164899, -4.779488498684 ], [ 155.465548226194358, -4.779367683088624 ], [ 155.46531825270776, -4.779219113410182 ], [ 155.465277304201635, -4.779190445738798 ], [ 155.465006560991782, -4.779063184657041 ], [ 155.464754494373295, -4.778949990714663 ], [ 155.464735835120933, -4.778940757896611 ], [ 155.464465061219386, -4.778804878268064 ], [ 155.464236889217801, -4.778680701329991 ], [ 155.464194238897988, -4.778655431267055 ], [ 155.463923554117287, -4.778544453964924 ], [ 155.463653101747838, -4.778498515260069 ], [ 155.463383017768194, -4.778555701589982 ], [ 155.463113188759365, -4.778684292575281 ], [ 155.463112570459799, -4.778684744201487 ], [ 155.462908021799365, -4.778956631131299 ], [ 155.462867518655997, -4.779227928345896 ], [ 155.462900832149245, -4.779498960182393 ], [ 155.462956823219514, -4.779769910462898 ], [ 155.463059692478936, -4.780040692144241 ], [ 155.463118369453838, -4.780134363150613 ], [ 155.463225176193049, -4.780311248583207 ], [ 155.463314132771046, -4.780582080165275 ], [ 155.4633910759174, -4.780810789980196 ], [ 155.463412421125696, -4.780852878131064 ], [ 155.463540664190504, -4.781123568280931 ], [ 155.463625514023533, -4.781394414474341 ], [ 155.463663873141684, -4.781512373663411 ], [ 155.46372335622425, -4.781665213873031 ], [ 155.463767481467841, -4.78193620651375 ], [ 155.4637490462475, -4.782207424263555 ], [ 155.463739786712665, -4.782478608997489 ], [ 155.463729922253748, -4.782749795910391 ], [ 155.463668994731222, -4.782944731111892 ], [ 155.463651346881591, -4.78302123012222 ], [ 155.463599610225316, -4.783292567758547 ], [ 155.463590777623807, -4.783563750984491 ], [ 155.463596597317519, -4.783834881470381 ], [ 155.463593150668999, -4.784106045308832 ], [ 155.463580355847256, -4.784377242799921 ], [ 155.46357604299871, -4.784648409757924 ], [ 155.463614741270305, -4.784919421859924 ], [ 155.463676534374486, -4.785052557492858 ], [ 155.463771780751927, -4.78519000782558 ], [ 155.463947980599073, -4.785375457842992 ], [ 155.464024476772664, -4.785460249198752 ], [ 155.464189185411215, -4.785730807297532 ], [ 155.46421973691892, -4.78578492150516 ], [ 155.464353123887207, -4.786001368062695 ], [ 155.464491408186461, -4.786170516124807 ], [ 155.464761907479527, -4.786228675483784 ], [ 155.465031762435501, -4.786106884504349 ], [ 155.465221841594882, -4.785998238139023 ] ], [ [ 155.46418677789768, -4.817997808369198 ], [ 155.464335344991099, -4.81797614021219 ], [ 155.464605398998827, -4.817906863609627 ], [ 155.464875228341441, -4.817775280959667 ], [ 155.464938209402249, -4.817723932398718 ], [ 155.465144562487609, -4.817506350353316 ], [ 155.465193866290917, -4.817451854242643 ], [ 155.465413771663179, -4.81720280784416 ], [ 155.465436314854912, -4.817179824000513 ], [ 155.465683254007587, -4.816975109785596 ], [ 155.465771391135291, -4.816907457774995 ], [ 155.465952907874623, -4.816795045884475 ], [ 155.466190299590636, -4.816634787394228 ], [ 155.466222539911797, -4.816608974737719 ], [ 155.466492002518805, -4.816375959397635 ], [ 155.466511741524414, -4.816362470548762 ], [ 155.466761770112925, -4.816227584144832 ], [ 155.46703192944662, -4.81618788641653 ], [ 155.467302249142648, -4.816192677512358 ], [ 155.467572679734985, -4.816228228405652 ], [ 155.467843246477855, -4.816301529057067 ], [ 155.467951809377553, -4.816357244309665 ], [ 155.468114019097754, -4.816431891721401 ], [ 155.468368826907493, -4.81662688057241 ], [ 155.468385080330705, -4.816642221742271 ], [ 155.468607441398859, -4.816897164318788 ], [ 155.468656514408366, -4.816955821397215 ], [ 155.468857259939995, -4.817167407188274 ], [ 155.468927794215404, -4.817226608360547 ], [ 155.469198709302134, -4.817396310572299 ], [ 155.469293271317923, -4.81743697344953 ], [ 155.469469369954794, -4.817495517072172 ], [ 155.469706615052246, -4.817435471645127 ], [ 155.469739408078198, -4.81742231842513 ], [ 155.469934026063584, -4.817163495350342 ], [ 155.470008143419221, -4.816988385262285 ], [ 155.470042470797608, -4.816891951367935 ], [ 155.470075664503099, -4.816620680842591 ], [ 155.470066162184622, -4.816349565457344 ], [ 155.470005312473234, -4.816204349672548 ], [ 155.469853363273756, -4.816079188635262 ], [ 155.469734404134613, -4.816036354093133 ], [ 155.469464212091424, -4.816066779881148 ], [ 155.469380797459081, -4.8160809052144 ], [ 155.469194102648487, -4.816120113425669 ], [ 155.468923925808099, -4.816154797473816 ], [ 155.468653397210886, -4.816092021570729 ], [ 155.468638676359149, -4.816083600281317 ], [ 155.468382625882299, -4.815961968583351 ], [ 155.468147016396955, -4.815814235030026 ], [ 155.468111705367733, -4.815790542795284 ], [ 155.467840688456675, -4.815592362178995 ], [ 155.467791257888365, -4.815544375998566 ], [ 155.467569244699149, -4.815275781016428 ], [ 155.467567867800909, -4.81527403630353 ], [ 155.467398646567943, -4.815003499899119 ], [ 155.467296997325434, -4.814736235488277 ], [ 155.467295171693763, -4.814732724855083 ], [ 155.467173801440396, -4.814462014670268 ], [ 155.46702495422258, -4.814253195185017 ], [ 155.466967731666585, -4.814191611636463 ], [ 155.466753821507211, -4.814022623650448 ], [ 155.466547450349339, -4.81392198529162 ], [ 155.46648307294808, -4.813898611609299 ], [ 155.466212682528379, -4.813873981876835 ], [ 155.465942505493359, -4.813908590120778 ], [ 155.46590405693965, -4.813924318147456 ], [ 155.465672719175586, -4.814051679946165 ], [ 155.46549727895831, -4.814196943607384 ], [ 155.465403290726329, -4.814294158381887 ], [ 155.465258446419881, -4.814468960231412 ], [ 155.465134193146469, -4.814628547660515 ], [ 155.465056880651503, -4.814740841784699 ], [ 155.464865088327514, -4.814960992226393 ], [ 155.464819742262478, -4.815012852295655 ], [ 155.464609519600629, -4.815284765262625 ], [ 155.464596022244052, -4.815304256069055 ], [ 155.464464624302252, -4.815556441472813 ], [ 155.46432735630745, -4.815758683484287 ], [ 155.464278789331814, -4.815828266092613 ], [ 155.464066577407152, -4.816100186333695 ], [ 155.464058317593896, -4.816109682279917 ], [ 155.463808026530813, -4.81637227453249 ], [ 155.463789036963107, -4.816393576340757 ], [ 155.463584688183602, -4.816644235126383 ], [ 155.463520027455786, -4.816752815207567 ], [ 155.46345335360644, -4.816915862318975 ], [ 155.463437923721926, -4.817187069486711 ], [ 155.46346818278468, -4.817458111063399 ], [ 155.463516260817528, -4.81772908803639 ], [ 155.46352359799539, -4.81774415406626 ], [ 155.463794792781982, -4.81799148810242 ], [ 155.463868500467811, -4.817998962336196 ], [ 155.464065171580103, -4.818012307264381 ], [ 155.46418677789768, -4.817997808369198 ] ] ] } },
{ "type": "Feature", "properties": { "year": 2012, "certainty": "good", "eez_territory": "PNG" }, "geometry": { "type": "MultiLineString", "coordinates": [ [ [ 155.336365595921791, -4.667403809975037 ], [ 155.336509564124981, -4.667278213765243 ], [ 155.336604166695111, -4.667131838026648 ], [ 155.336716807288326, -4.666860285602564 ], [ 155.336778065143648, -4.666743653816591 ], [ 155.336863137331193, -4.666588620974307 ], [ 155.336912474639007, -4.666317279473066 ], [ 155.336896313383534, -4.666046156159442 ], [ 155.336775146978027, -4.665861680288362 ], [ 155.336701354116514, -4.665775628339183 ], [ 155.336503982445578, -4.665591084453014 ], [ 155.336422745598469, -4.665505378934118 ], [ 155.336232675905279, -4.665277486590296 ], [ 155.336202366111678, -4.665234935446779 ], [ 155.335961560893253, -4.665021733582322 ], [ 155.335691244376591, -4.665007442434204 ], [ 155.335421301012786, -4.665106039606713 ], [ 155.335164313788226, -4.665238390730859 ], [ 155.335151499100988, -4.665247464687734 ], [ 155.334912411250514, -4.66551040652236 ], [ 155.334882405723562, -4.66560328931962 ], [ 155.334840678738686, -4.665781822770652 ], [ 155.334883824180935, -4.666032390470969 ], [ 155.334888327844766, -4.666052841737742 ], [ 155.335006338895681, -4.666323626490679 ], [ 155.335134694026465, -4.6665943767435 ], [ 155.335156098420526, -4.666638617596814 ], [ 155.335258283407796, -4.666865142787882 ], [ 155.335330210233792, -4.667136080771757 ], [ 155.335403698994867, -4.66740701351807 ], [ 155.335429063436749, -4.667453491153958 ], [ 155.335699960525602, -4.667642980742168 ], [ 155.335970314935366, -4.667668411794781 ], [ 155.336240008429627, -4.667494109860425 ], [ 155.336365595921791, -4.667403809975037 ] ], [ [ 155.42953391534968, -4.712370801357841 ], [ 155.429623896745511, -4.712099327957565 ], [ 155.429633864667977, -4.711969134692767 ], [ 155.429640487124971, -4.711828111228436 ], [ 155.429632566936732, -4.711595578981179 ], [ 155.429630853378143, -4.711556986203169 ], [ 155.429621668026499, -4.711285859604373 ], [ 155.429618193192738, -4.711014713034287 ], [ 155.429622715046065, -4.710743538503679 ], [ 155.429629417789101, -4.710688963144308 ], [ 155.4296535816664, -4.710472271873039 ], [ 155.429695069653405, -4.71020096812117 ], [ 155.429757721616994, -4.70992959039856 ], [ 155.429896215238898, -4.709689563422837 ], [ 155.429927559625384, -4.709657838004271 ], [ 155.430041857505017, -4.709386279790201 ], [ 155.42989484928242, -4.709296219374732 ], [ 155.429624044681901, -4.70914167858362 ], [ 155.429590683000214, -4.709116698091951 ], [ 155.429353210522237, -4.708978598951031 ], [ 155.429106304945975, -4.708847231933031 ], [ 155.429082434078055, -4.708832120583478 ], [ 155.428811534617097, -4.708650174169396 ], [ 155.428705102047559, -4.708577474698383 ], [ 155.428540580762643, -4.708452520088169 ], [ 155.428349158419365, -4.708307559004052 ], [ 155.428269614613015, -4.708251285183607 ], [ 155.427998948969247, -4.708136640124669 ], [ 155.427728722647458, -4.708148641445772 ], [ 155.427506642981342, -4.708310500980812 ], [ 155.427504234839233, -4.708581668546898 ], [ 155.427593101061262, -4.708852517405111 ], [ 155.427701661665651, -4.709123297438993 ], [ 155.427732270532289, -4.709171392643795 ], [ 155.427850353583295, -4.709393937250192 ], [ 155.427976972992553, -4.709664654067431 ], [ 155.428004433668264, -4.709717451206602 ], [ 155.428111256402246, -4.709935344036388 ], [ 155.428213887321959, -4.710206144509279 ], [ 155.428276943912664, -4.710363342900465 ], [ 155.428326156781594, -4.710476911246779 ], [ 155.428404081041606, -4.710747797935525 ], [ 155.42848491665174, -4.711018674408483 ], [ 155.428549988935288, -4.711163045692711 ], [ 155.42861179317299, -4.711289389923312 ], [ 155.428680274897204, -4.71156030947655 ], [ 155.428709292337572, -4.711831366946921 ], [ 155.428795602282719, -4.712102224114296 ], [ 155.428823668596579, -4.712145181535778 ], [ 155.429022098777182, -4.712372591092323 ], [ 155.429095025406099, -4.712458263487895 ], [ 155.429365642617398, -4.712558391241366 ], [ 155.42953391534968, -4.712370801357841 ] ], [ [ 155.435606191660185, -4.716688058938614 ], [ 155.435865854663859, -4.716507595885489 ], [ 155.435976520933565, -4.71641560189043 ], [ 155.436135042673499, -4.716197398346499 ], [ 155.436179978761658, -4.716143730455943 ], [ 155.436134440944414, -4.716024810998384 ], [ 155.435863745738942, -4.715902661104963 ], [ 155.435593693345083, -4.715964917327764 ], [ 155.435323725921364, -4.71605158155507 ], [ 155.435157714044237, -4.716147317399468 ], [ 155.435054218515234, -4.716270276691182 ], [ 155.434974458301639, -4.71641911786979 ], [ 155.435055661652257, -4.716684347312748 ], [ 155.435060952435009, -4.716689972040006 ], [ 155.435326192418785, -4.716759211092887 ], [ 155.435596231970578, -4.716693171171402 ], [ 155.435606191660185, -4.716688058938614 ] ], [ [ 155.433195053731964, -4.718052305581784 ], [ 155.433438146015021, -4.717862561228244 ], [ 155.433494313004218, -4.717780098214589 ], [ 155.433593879137703, -4.717508591155165 ], [ 155.433595412057485, -4.717237427893051 ], [ 155.43344833603993, -4.716966785701749 ], [ 155.433434984938884, -4.716955148779374 ], [ 155.433164197061672, -4.716806536979067 ], [ 155.432893660138035, -4.716729968147026 ], [ 155.432623744972659, -4.716831962278131 ], [ 155.432578457407146, -4.716969835145139 ], [ 155.432588990635082, -4.71724095631553 ], [ 155.432625592311638, -4.717362468268217 ], [ 155.432673710881261, -4.717511817420709 ], [ 155.432743455702507, -4.717782730981101 ], [ 155.432859911978539, -4.718053480727989 ], [ 155.432898423660788, -4.718097678567922 ], [ 155.433168616176374, -4.718075211925605 ], [ 155.433195053731964, -4.718052305581784 ] ], [ [ 155.307968590449008, -4.72715797136977 ], [ 155.308057340250286, -4.727069275555185 ], [ 155.308327059726082, -4.726894405086773 ], [ 155.308341595095158, -4.72688554609221 ], [ 155.30859678960104, -4.726722725033202 ], [ 155.30872966308192, -4.726613070546599 ], [ 155.308866340500145, -4.726497047551542 ], [ 155.309035301991713, -4.726340869695533 ], [ 155.309135815425037, -4.726248486340741 ], [ 155.309330150626806, -4.726068704793709 ], [ 155.309405186508855, -4.725968631577835 ], [ 155.30950201664578, -4.725796949862734 ], [ 155.309536022928739, -4.725525654516674 ], [ 155.309494574998979, -4.725254610689247 ], [ 155.309402268226648, -4.725087393151412 ], [ 155.309306156958826, -4.724984056672538 ], [ 155.309131318733023, -4.724890465867369 ], [ 155.308860795147041, -4.724822162913114 ], [ 155.30859025862901, -4.724749951252144 ], [ 155.308490812975379, -4.724715591348207 ], [ 155.308319684456904, -4.724666359073886 ], [ 155.308049244014853, -4.724623175597553 ], [ 155.307778916835218, -4.724614229932532 ], [ 155.307508574077929, -4.724600588778963 ], [ 155.307237825101993, -4.724464151864695 ], [ 155.307223382817369, -4.724448630063905 ], [ 155.307108286845732, -4.724177830800938 ], [ 155.307029906132271, -4.723906909259946 ], [ 155.306965292443152, -4.723788334444299 ], [ 155.306859431940012, -4.723636294197387 ], [ 155.306693905805474, -4.723458914279672 ], [ 155.306424076143372, -4.723600396280889 ], [ 155.306402693177688, -4.723637814200218 ], [ 155.306309322568978, -4.723909307501012 ], [ 155.30625851091483, -4.724180659196882 ], [ 155.3062057692118, -4.724452017329509 ], [ 155.306157106931636, -4.724607164349541 ], [ 155.306119970034388, -4.72472348549132 ], [ 155.30601812824176, -4.724995007063391 ], [ 155.305888848737851, -4.725224128216603 ], [ 155.305862814348671, -4.725266706613186 ], [ 155.305768491183215, -4.725538203208981 ], [ 155.305743359233304, -4.725809469548387 ], [ 155.305736875535644, -4.726080673826742 ], [ 155.305741202291756, -4.726351842122592 ], [ 155.305801235427651, -4.726622824980011 ], [ 155.305894039634211, -4.726793861361175 ], [ 155.305944082120703, -4.726893532107453 ], [ 155.306089048195247, -4.727164232092864 ], [ 155.306165862010943, -4.727254444223042 ], [ 155.306436607640393, -4.727389463304426 ], [ 155.306706963436881, -4.727406654502371 ], [ 155.306977222756132, -4.727394704598669 ], [ 155.307247601724583, -4.727418922946127 ], [ 155.307517922384449, -4.727425536108812 ], [ 155.307787854667481, -4.727314848164765 ], [ 155.307968590449008, -4.72715797136977 ] ], [ [ 155.466968596239354, -4.816225237608915 ], [ 155.467032009404505, -4.816210059473383 ], [ 155.467302307182337, -4.81620877068336 ], [ 155.46751964365248, -4.816223237814508 ] ], [ [ 155.470044007777517, -4.816214070992178 ], [ 155.470005026976338, -4.816125273621132 ], [ 155.469948366316288, -4.816078843500331 ], [ 155.469734278574037, -4.816001571834628 ], [ 155.46946406993095, -4.816027395106109 ], [ 155.469193903835532, -4.816065027888734 ], [ 155.468923596840966, -4.816063640151986 ], [ 155.468653032319963, -4.81599089718677 ], [ 155.468382281927319, -4.815866633314296 ], [ 155.468308108825198, -4.815813650228961 ], [ 155.468121050555482, -4.815678754132679 ] ] ] } },
{ "type": "Feature", "properties": { "year": 2011, "certainty": "good", "eez_territory": "PNG" }, "geometry": { "type": "MultiLineString", "coordinates": [ [ [ 155.469889226713207, -4.816485783273311 ], [ 155.469810493022806, -4.816350494339353 ], [ 155.469735061719859, -4.816218511408798 ], [ 155.469730020799403, -4.816215211695523 ] ], [ [ 155.469329070893934, -4.81606948454077 ], [ 155.469193949749155, -4.816077749333203 ], [ 155.469009612553094, -4.816082253300665 ], [ 155.468923673510034, -4.816084885426653 ], [ 155.468911543606367, -4.816082609438114 ], [ 155.468788430080764, -4.816059276422212 ] ] ] } }
]
}
