{
"type": "FeatureCollection",
"name": "shorelines_nanumea",
"crs": { "type": "name", "properties": { "name": "urn:ogc:def:crs:OGC:1.3:CRS84" } },
"features": [
{ "type": "Feature", "properties": { "year": 2023, "certainty": "good", "eez_territory": "TUV" }, "geometry": { "type": "MultiLineString", "coordinates": [ [ [ 176.078082769575673, -5.65302184509231 ], [ 176.078219040165834, -5.652835739798251 ], [ 176.078256663198943, -5.652750762899498 ], [ 176.078290256340892, -5.652479457926325 ], [ 176.078305338747612, -5.652208123561437 ], [ 176.078330411264034, -5.651936805047879 ], [ 176.078365619279054, -5.651665502612841 ], [ 176.078381151297549, -5.651394168943054 ], [ 176.078369183397854, -5.651122791628702 ], [ 176.078351729997877, -5.650851405608694 ], [ 176.078330294001319, -5.650580013268629 ], [ 176.078271419744965, -5.650308561520593 ], [ 176.078223170493175, -5.650224324494032 ], [ 176.078098337510596, -5.65003692852708 ], [ 176.077952877460348, -5.649856206264732 ], [ 176.077871883583754, -5.649765210786128 ], [ 176.077682477708805, -5.649555750826972 ], [ 176.07761917076752, -5.64949345129646 ], [ 176.077412000980758, -5.649304113986455 ], [ 176.077318507704916, -5.649221615580038 ], [ 176.07714149053723, -5.649073927550721 ], [ 176.076995278083047, -5.648949743900307 ], [ 176.076870982149615, -5.648842580975854 ], [ 176.076630249611611, -5.648677805660511 ], [ 176.076600397396305, -5.648659595992847 ], [ 176.076329727305676, -5.648530598599574 ], [ 176.076104060797746, -5.648405611011682 ], [ 176.076059090093253, -5.648380936403315 ], [ 176.07578844962535, -5.648233424875309 ], [ 176.075638862016973, -5.648133512988486 ], [ 176.075517859558374, -5.648054216159982 ], [ 176.075247251314465, -5.647886582488096 ], [ 176.075211998645671, -5.647861475670537 ], [ 176.074976654515183, -5.647711839386546 ], [ 176.074800794931093, -5.647589463032586 ], [ 176.074706083404806, -5.647521014242569 ], [ 176.074435484549213, -5.647347790456545 ], [ 176.074390610625755, -5.647317451786932 ], [ 176.074164865455032, -5.647187425235318 ], [ 176.073950366670289, -5.64704539241537 ], [ 176.073894278609288, -5.647006851846928 ], [ 176.073623676135355, -5.646836231243141 ], [ 176.07353522727243, -5.64677337279231 ], [ 176.073353112532573, -5.646641249476933 ], [ 176.073136677623637, -5.646501379387927 ], [ 176.073082513572956, -5.646468638381973 ], [ 176.072811885850257, -5.646314231963896 ], [ 176.072673141367488, -5.646229282094772 ], [ 176.0725412726174, -5.646150810483904 ], [ 176.072270602469786, -5.646023281441212 ], [ 176.072147257561369, -5.645957084984626 ], [ 176.071999955267643, -5.645881412240344 ], [ 176.07172931621156, -5.64573451543651 ], [ 176.071656031800387, -5.645684942824378 ], [ 176.071458745861008, -5.64554454459014 ], [ 176.071248801337759, -5.645412934516455 ], [ 176.071188146919269, -5.64537265066085 ], [ 176.07091752314156, -5.645216461262978 ], [ 176.070774059300675, -5.645140818081206 ], [ 176.070646891955278, -5.645065022684129 ], [ 176.07037622135357, -5.644938420445459 ], [ 176.07024232834064, -5.644868610196173 ], [ 176.070105585987136, -5.644789792294973 ], [ 176.069834904847795, -5.644669973887293 ], [ 176.069669126529647, -5.644596335548269 ], [ 176.069564233639312, -5.644544007427744 ], [ 176.069293535865398, -5.644434780357259 ], [ 176.069022830905851, -5.644330131599693 ], [ 176.069006402591981, -5.644323917089784 ], [ 176.068752134368083, -5.644220277210853 ], [ 176.068481387048848, -5.644142310431191 ], [ 176.068210652162634, -5.644056614008877 ], [ 176.068195549873536, -5.644051260623674 ], [ 176.067939929742295, -5.643963173823926 ], [ 176.067669191678362, -5.64387959134482 ], [ 176.067398467880452, -5.643787141698671 ], [ 176.06737681752108, -5.643778590510622 ], [ 176.067127794925511, -5.643662949271663 ], [ 176.066857068960701, -5.643571993614943 ], [ 176.066649964906446, -5.643506066837539 ], [ 176.066586342822319, -5.643481210653065 ], [ 176.066315599966543, -5.643400941752441 ], [ 176.066044819896433, -5.643343987203101 ], [ 176.065774068800522, -5.643268976426401 ], [ 176.065688671266997, -5.643233165773777 ], [ 176.065503406905634, -5.643138308006657 ], [ 176.06523268065547, -5.643047909382559 ], [ 176.064961912576081, -5.64298368593876 ], [ 176.064860107403433, -5.642960476694485 ], [ 176.064691134108244, -5.642925994900465 ], [ 176.064420335873535, -5.642880681860442 ], [ 176.064149520704518, -5.642845969662067 ], [ 176.063878681988172, -5.642825972753327 ], [ 176.063607828497226, -5.64281521001156 ], [ 176.063336966875795, -5.642809533063202 ], [ 176.063066119640126, -5.642794910011487 ], [ 176.062795304239756, -5.642760480699822 ], [ 176.06252450673702, -5.642714940114209 ], [ 176.062376981251106, -5.642685121631566 ], [ 176.062253713394227, -5.642666848888613 ], [ 176.061982914532649, -5.642622232235804 ], [ 176.061712119964767, -5.642574982678178 ], [ 176.061441333107524, -5.642522977264107 ], [ 176.061170545073168, -5.642471746145579 ], [ 176.060899699951278, -5.642456042417147 ], [ 176.060628779992925, -5.642486865048423 ], [ 176.060357830458088, -5.642536056370744 ], [ 176.060086874218229, -5.642589395887434 ], [ 176.059815892779341, -5.642658361976788 ], [ 176.059769990406068, -5.642680913121524 ], [ 176.059544778423287, -5.642809797331309 ], [ 176.05938779060736, -5.64295165210346 ], [ 176.059273409290682, -5.643119231686027 ], [ 176.059224835226928, -5.643222745474927 ], [ 176.059168518823839, -5.643494011305973 ], [ 176.059156830551245, -5.643765349326886 ], [ 176.059187795494154, -5.64403675635534 ], [ 176.059242463850467, -5.644308201735287 ], [ 176.059271303373094, -5.644425687170163 ], [ 176.059320978860768, -5.644579685697239 ], [ 176.059407997633883, -5.644851183415588 ], [ 176.059502062086381, -5.645122692529716 ], [ 176.059540928184362, -5.645198971889889 ], [ 176.059649844060857, -5.645394288532897 ], [ 176.059790226509023, -5.64566587255103 ], [ 176.059810992624648, -5.645699817378796 ], [ 176.059967821369327, -5.645937516733158 ], [ 176.060081184777317, -5.646121655528519 ], [ 176.060144963327957, -5.646209160153518 ], [ 176.060347304322477, -5.646480844282904 ], [ 176.060351470454236, -5.646485659489776 ], [ 176.060621914068008, -5.646751794812273 ], [ 176.060622847907098, -5.646752646688109 ], [ 176.06089243053114, -5.646972838006641 ], [ 176.060952334594901, -5.647024536163624 ], [ 176.061162957534947, -5.647187464513217 ], [ 176.061300898607783, -5.647296456314942 ], [ 176.061433487039324, -5.647400665654287 ], [ 176.061703189566572, -5.647568463058847 ], [ 176.061704088992883, -5.647568963220918 ], [ 176.06197474240858, -5.64770537054842 ], [ 176.062221261991994, -5.64784065644284 ], [ 176.062245376765759, -5.647853718517747 ], [ 176.062516038034431, -5.647985420770281 ], [ 176.062736075165077, -5.648112844184689 ], [ 176.062786655132697, -5.648144692483892 ], [ 176.063057308568517, -5.648281448894019 ], [ 176.063285632872066, -5.648385087560116 ], [ 176.063327985459182, -5.648403692226828 ], [ 176.063598731769559, -5.648482787798379 ], [ 176.063869480691295, -5.648560314318535 ], [ 176.064140204002086, -5.648653854657092 ], [ 176.064151250098007, -5.64865783966225 ], [ 176.06441094629335, -5.648735631259385 ], [ 176.064681686985324, -5.648818463911968 ], [ 176.064952387585237, -5.648926356441169 ], [ 176.06496184959903, -5.648930502062393 ], [ 176.065223097045219, -5.649028795939545 ], [ 176.065493805393118, -5.649131999631249 ], [ 176.065640112148685, -5.649202950630975 ], [ 176.06576446089548, -5.649268253725284 ], [ 176.06603510521029, -5.649411580115962 ], [ 176.066146627509738, -5.649475122450414 ], [ 176.06630571074237, -5.64957921489118 ], [ 176.066576399526014, -5.649694958636026 ], [ 176.066683004402222, -5.649747341880892 ], [ 176.066847027785059, -5.649848591923305 ], [ 176.067117739918814, -5.649949909732019 ], [ 176.06733948387344, -5.650019753744444 ], [ 176.06738846545565, -5.650042919518371 ], [ 176.067659119864004, -5.650180467232752 ], [ 176.067923792081672, -5.650292049157032 ], [ 176.067929810368952, -5.650295529290092 ], [ 176.068200463563386, -5.650434009313564 ], [ 176.068471200818834, -5.65051997858074 ], [ 176.068596659201376, -5.650564486087008 ], [ 176.068741909215788, -5.650624072483565 ], [ 176.069012631607677, -5.650719475800326 ], [ 176.069283343824651, -5.650821318030744 ], [ 176.069320135757948, -5.650837003437034 ], [ 176.06955402783575, -5.650940899602596 ], [ 176.069824760854829, -5.651029852694294 ], [ 176.070001177490298, -5.65110945204311 ], [ 176.070095432142665, -5.651157560496132 ], [ 176.070366147585503, -5.651257670146114 ], [ 176.070636879317505, -5.651347634076105 ], [ 176.070729892152286, -5.651381976236955 ], [ 176.070907602199753, -5.651443213198879 ], [ 176.071178364708857, -5.65151399507081 ], [ 176.07144909589897, -5.651604487085033 ], [ 176.071562661417232, -5.651654665994723 ], [ 176.071719778055439, -5.651725826862969 ], [ 176.071990485462777, -5.651831390831373 ], [ 176.072233267427805, -5.65192709561561 ], [ 176.072261190288486, -5.651938648958587 ], [ 176.072531971471193, -5.651998003927898 ], [ 176.072802807201214, -5.652023122745194 ], [ 176.073073661238567, -5.652036759454158 ], [ 176.073344511607701, -5.652052723797244 ], [ 176.073615335621639, -5.652085288994749 ], [ 176.073886128153788, -5.652137695088319 ], [ 176.074156911449904, -5.6521959574332 ], [ 176.074180694525722, -5.652201561763536 ], [ 176.074427705166613, -5.652247705521383 ], [ 176.074698457961318, -5.6523252672752 ], [ 176.074969138927827, -5.652448133019422 ], [ 176.075016194768267, -5.652474251366151 ], [ 176.075239792415573, -5.652588395171887 ], [ 176.075510475534003, -5.652710073622777 ], [ 176.075606229343776, -5.652746549130492 ], [ 176.075781210785891, -5.652798966625333 ], [ 176.07605198319672, -5.652864490077664 ], [ 176.076322760672241, -5.652926869269657 ], [ 176.076593556813634, -5.652977519511278 ], [ 176.076864374171407, -5.653014821006454 ], [ 176.076896577804177, -5.653019960286827 ], [ 176.077135194080995, -5.653050545964728 ], [ 176.077405994861039, -5.65309838521015 ], [ 176.077676809443489, -5.653137546048701 ], [ 176.077947731326219, -5.65310894106578 ], [ 176.078082769575673, -5.65302184509231 ] ], [ [ 176.104073302292875, -5.659846539138607 ], [ 176.104212680585476, -5.659724246927537 ], [ 176.10436796409266, -5.659575634143041 ], [ 176.10448407525098, -5.659390849562946 ], [ 176.104533085414545, -5.659304528948569 ], [ 176.104622525133379, -5.659033306845779 ], [ 176.104652654215897, -5.658761993158469 ], [ 176.104628142494846, -5.658490595117611 ], [ 176.104756703888341, -5.658254949579574 ], [ 176.104767244599316, -5.658219449615417 ], [ 176.104803744705976, -5.657948145727978 ], [ 176.104757482625274, -5.657748577275997 ], [ 176.104699636045325, -5.657676624841271 ], [ 176.104612712829095, -5.657405130473067 ], [ 176.104551199466925, -5.657133675321288 ], [ 176.104487727002748, -5.657017109108585 ], [ 176.10433424559929, -5.657133340424767 ], [ 176.104371021886777, -5.657404757394466 ], [ 176.10441861608021, -5.65767619106571 ], [ 176.10442564090792, -5.657947562104774 ], [ 176.104423629631469, -5.658218919191038 ], [ 176.104379129104132, -5.658490210668218 ], [ 176.104214265366778, -5.65869459240799 ], [ 176.104176460168702, -5.658761257859111 ], [ 176.103972804352907, -5.659032303422411 ], [ 176.103942820944297, -5.65906047300669 ], [ 176.103748383062367, -5.659303316791118 ], [ 176.103671413929789, -5.659401832316196 ], [ 176.103569061329893, -5.659574399754077 ], [ 176.10352451366947, -5.659845691001734 ], [ 176.103670475084328, -5.660011390120135 ], [ 176.103941473426232, -5.659935664198572 ], [ 176.104073302292875, -5.659846539138607 ] ], [ [ 176.13682441286528, -5.701414648201539 ], [ 176.136867138373901, -5.701143350134013 ], [ 176.136790252266024, -5.700871872743607 ], [ 176.136709673068225, -5.700600389814285 ], [ 176.136657992022634, -5.700444020111719 ], [ 176.136606409470772, -5.700328872870131 ], [ 176.136509694122992, -5.700057365738596 ], [ 176.136427597371949, -5.699785880523656 ], [ 176.136388232122158, -5.699679230583216 ], [ 176.136310569949785, -5.699514342921736 ], [ 176.136195625318209, -5.699242808433862 ], [ 176.136118266266351, -5.699052609201804 ], [ 176.13607373756966, -5.698971263522346 ], [ 176.135945695514977, -5.698699709367572 ], [ 176.135848247519078, -5.698461699165359 ], [ 176.135829727590533, -5.698428173314223 ], [ 176.135684856297075, -5.698156593884617 ], [ 176.13557814501479, -5.697927117506489 ], [ 176.135553863912179, -5.697885035263195 ], [ 176.13540782117218, -5.697613454041041 ], [ 176.135307994715646, -5.697424785364563 ], [ 176.135253685179634, -5.697341860652323 ], [ 176.135099350047028, -5.697070266942684 ], [ 176.135037773618535, -5.69697005597769 ], [ 176.134923576622697, -5.696798641023954 ], [ 176.134781720505856, -5.69652706600429 ], [ 176.134767571716196, -5.69650276078151 ], [ 176.134619034173539, -5.69625545968508 ], [ 176.134497393230902, -5.696020087621799 ], [ 176.134474440360293, -5.695983880515064 ], [ 176.134327717625382, -5.695712298128739 ], [ 176.134227299233373, -5.695481256021609 ], [ 176.134204607255157, -5.695440751196482 ], [ 176.134074294456184, -5.695169193431584 ], [ 176.133964866829245, -5.694897667034923 ], [ 176.133957299096863, -5.694880043061183 ], [ 176.133839799118988, -5.694626117128088 ], [ 176.133730281473703, -5.694354590578676 ], [ 176.133687314043925, -5.694269083767003 ], [ 176.133590708398856, -5.694083018848753 ], [ 176.133479587892452, -5.693811489870818 ], [ 176.13341734968111, -5.693644641575617 ], [ 176.133372370035346, -5.693539966751326 ], [ 176.133268619045737, -5.693268448836502 ], [ 176.133169164821766, -5.692996937375187 ], [ 176.133147495390034, -5.692947071726993 ], [ 176.13305544391747, -5.692725404457374 ], [ 176.1329642418589, -5.692453905392029 ], [ 176.132877670202248, -5.692230443851299 ], [ 176.132855304859447, -5.692182379653388 ], [ 176.132729970212608, -5.691910829246368 ], [ 176.132622860749819, -5.691639306239184 ], [ 176.132607720052988, -5.69159755248537 ], [ 176.132523858633022, -5.691367795419486 ], [ 176.132465191777158, -5.691096345267201 ], [ 176.132428618650209, -5.690824928347952 ], [ 176.132385066535818, -5.690553500931482 ], [ 176.132338597010914, -5.690413282380367 ], [ 176.132295605267046, -5.690282004457877 ], [ 176.132214552945527, -5.690010520630469 ], [ 176.132167260279317, -5.689739087587717 ], [ 176.132134396752775, -5.689467676251641 ], [ 176.132085207065501, -5.689196240355948 ], [ 176.13206962322073, -5.689129961020511 ], [ 176.132026572509176, -5.688924790252003 ], [ 176.131972115613536, -5.688653346432795 ], [ 176.13192148844189, -5.688381908375172 ], [ 176.131871042023761, -5.688110470589725 ], [ 176.131808042589142, -5.687839013919037 ], [ 176.13180070346209, -5.687811122084444 ], [ 176.131752351736083, -5.687567568243677 ], [ 176.131698227915109, -5.68729612492597 ], [ 176.13164688493319, -5.687024685792252 ], [ 176.131591622589156, -5.686753240761845 ], [ 176.131531726184193, -5.68653116864909 ], [ 176.131519902761625, -5.686481770969567 ], [ 176.131462126527254, -5.686210322156356 ], [ 176.131416862519558, -5.685938892169728 ], [ 176.131388537655397, -5.685667487670854 ], [ 176.131358502692734, -5.685396080599092 ], [ 176.131310257260083, -5.685124646127936 ], [ 176.131263174109876, -5.684968176283883 ], [ 176.131233386365722, -5.684853168585504 ], [ 176.131157772532504, -5.684581692932805 ], [ 176.131096900100772, -5.68431023946119 ], [ 176.131030324782671, -5.684038777407486 ], [ 176.130993825307257, -5.683937023575978 ], [ 176.130938905386955, -5.683767277965461 ], [ 176.130860835431605, -5.683495798610181 ], [ 176.130789019617055, -5.683224328665626 ], [ 176.130724249108511, -5.683057944260193 ], [ 176.130686747436755, -5.682952812879696 ], [ 176.130599344991282, -5.682681319470027 ], [ 176.130525912385082, -5.68240984708562 ], [ 176.130454633606462, -5.682205486972745 ], [ 176.13043220367345, -5.682138344177266 ], [ 176.130340144815136, -5.681866843748296 ], [ 176.130257354731924, -5.681595357269673 ], [ 176.13018501942949, -5.681352560483115 ], [ 176.130176456498447, -5.681323873636811 ], [ 176.130104000434784, -5.681052402712612 ], [ 176.130030802073918, -5.680780930669443 ], [ 176.129940918077949, -5.680509433500128 ], [ 176.129915478568336, -5.680451191106704 ], [ 176.129838314403202, -5.680237917172752 ], [ 176.129751067598477, -5.6799664239665 ], [ 176.129649495171861, -5.679694909181636 ], [ 176.129645733475854, -5.679686326302199 ], [ 176.129564843060678, -5.679423419875719 ], [ 176.129471557875263, -5.679151917563486 ], [ 176.129375947344386, -5.678949184174186 ], [ 176.129348930662587, -5.678880371047281 ], [ 176.129267549527242, -5.678608886656868 ], [ 176.129166823931399, -5.678337373120827 ], [ 176.129106181266877, -5.67819905960255 ], [ 176.129063593047647, -5.678065855804435 ], [ 176.128997825085236, -5.677794394928742 ], [ 176.128886073583459, -5.677522864764812 ], [ 176.128836436129291, -5.67743536941048 ], [ 176.128770554421664, -5.677251328914982 ], [ 176.128685780258252, -5.676979839390639 ], [ 176.128566596895411, -5.676734712081433 ], [ 176.128556181998647, -5.676708282306797 ], [ 176.128436446746775, -5.676436740076691 ], [ 176.12830199472981, -5.676165175651207 ], [ 176.128296582293075, -5.676151152374868 ], [ 176.128233615840486, -5.675893710822326 ], [ 176.12816907706312, -5.675622251781865 ], [ 176.12803551363578, -5.675350688674236 ], [ 176.128026916329333, -5.675335875178809 ], [ 176.127926472594055, -5.675079162528907 ], [ 176.127825806107609, -5.674807649004559 ], [ 176.127757015631659, -5.674677197824446 ], [ 176.127696882197142, -5.674536092860047 ], [ 176.127593935734467, -5.674264575882762 ], [ 176.127487092429334, -5.674033836910787 ], [ 176.12747048625107, -5.673993027973868 ], [ 176.127384348730772, -5.673721536337498 ], [ 176.127310800241673, -5.673450063688631 ], [ 176.127217438095329, -5.673211969977849 ], [ 176.127205144088748, -5.673178542601686 ], [ 176.127122329031835, -5.672907055968178 ], [ 176.127041083617854, -5.67263557170032 ], [ 176.126947680555077, -5.672459144591359 ], [ 176.126904825560359, -5.6723640044239 ], [ 176.126769974153092, -5.672092439255062 ], [ 176.126677562839006, -5.671946191779071 ], [ 176.126616469893435, -5.671820845919812 ], [ 176.12648545016728, -5.671549286502194 ], [ 176.126407454082738, -5.671427566556692 ], [ 176.126330328083412, -5.671277690686384 ], [ 176.126202242965775, -5.671006135668671 ], [ 176.126137372027387, -5.670891481202418 ], [ 176.126058029537063, -5.670734556285827 ], [ 176.125938414188482, -5.670463014030632 ], [ 176.125867327972742, -5.670330438224664 ], [ 176.125800037632899, -5.670191443431614 ], [ 176.125683040364805, -5.669919905107897 ], [ 176.125597281853857, -5.669771070757055 ], [ 176.125532356469023, -5.669648315889943 ], [ 176.125392613114997, -5.669376743180138 ], [ 176.125327137282113, -5.669277400382966 ], [ 176.125224406761646, -5.669105127448524 ], [ 176.12506716737019, -5.668833528262436 ], [ 176.125056943122161, -5.668816934526071 ], [ 176.124918268487164, -5.668561941659007 ], [ 176.124786756425721, -5.668351773464368 ], [ 176.124749982513094, -5.668290325731691 ], [ 176.12461380857107, -5.668018758322363 ], [ 176.124516645136282, -5.667836822043901 ], [ 176.124470932692816, -5.667747180765394 ], [ 176.124353177933216, -5.667475641175508 ], [ 176.124246552190698, -5.667309981171363 ], [ 176.124179749437531, -5.667204017385721 ], [ 176.124003531959772, -5.666932389348013 ], [ 176.123976294792811, -5.666892539007436 ], [ 176.12382819397223, -5.666660762609828 ], [ 176.123706012140559, -5.666492088012149 ], [ 176.123636976287059, -5.666389111815723 ], [ 176.123463623099894, -5.666117488016323 ], [ 176.123435756252519, -5.666074119902401 ], [ 176.123303754818437, -5.665845884595736 ], [ 176.123165531780273, -5.665635562896695 ], [ 176.123126468477267, -5.665574254786908 ], [ 176.122943935858672, -5.665302617004464 ], [ 176.122895242093193, -5.665240482603752 ], [ 176.122750765908933, -5.665030963081726 ], [ 176.122645929189872, -5.664895123610118 ] ], [ [ 176.121408911998401, -5.662897401920747 ], [ 176.121386163795421, -5.662858004332893 ], [ 176.121273903642333, -5.662610251708744 ], [ 176.121264800007651, -5.662586458972402 ], [ 176.121274025203945, -5.662529785871194 ], [ 176.121292617474779, -5.662450820458849 ] ], [ [ 176.119478160459607, -5.662719428167484 ], [ 176.11939095543778, -5.662854976296678 ], [ 176.119377308717617, -5.662878357933227 ], [ 176.119106212262778, -5.663018507758749 ], [ 176.119053050143577, -5.662854462793246 ], [ 176.118988400558777, -5.662583003319977 ], [ 176.119005193974829, -5.662447348241662 ] ], [ [ 176.116808352067153, -5.659952073984046 ], [ 176.116672967650629, -5.659914583691736 ], [ 176.116471355113873, -5.659865561577213 ], [ 176.116402188947745, -5.65984614679048 ], [ 176.116131457324343, -5.659746766175568 ], [ 176.115888815034566, -5.659593312706305 ], [ 176.115860855276168, -5.659562167460826 ], [ 176.115652057437615, -5.659321590714382 ], [ 176.115590464761624, -5.659238486412617 ], [ 176.115331425488165, -5.659049740724284 ], [ 176.11531987962087, -5.659043042035584 ], [ 176.115049047742019, -5.659010003810739 ], [ 176.114778157303164, -5.659015501307513 ], [ 176.114507364925601, -5.658956553195217 ], [ 176.114236624208189, -5.658863707175843 ], [ 176.114051876290858, -5.658776426645199 ], [ 176.113965948469001, -5.658728243721223 ], [ 176.113695308987275, -5.658569060954473 ], [ 176.113581310076512, -5.658504346811166 ], [ 176.113424681646705, -5.65840201235474 ], [ 176.113153997686084, -5.658272237742737 ], [ 176.1130794522781, -5.658232218815945 ], [ 176.112883344378304, -5.658122438105969 ], [ 176.112658905370182, -5.657960214842583 ], [ 176.112612786014097, -5.657910454579995 ], [ 176.11238065042528, -5.657688428360268 ], [ 176.112342304953643, -5.657647906043329 ], [ 176.112071664739517, -5.657489870723867 ], [ 176.111852854340185, -5.657416259805721 ], [ 176.11180091846154, -5.657401462905017 ], [ 176.11153006440918, -5.657383743091663 ], [ 176.111430064941629, -5.657415612390269 ], [ 176.111259055910864, -5.657467220452846 ], [ 176.110987982548636, -5.657593135087722 ], [ 176.110855435180838, -5.657686092633098 ], [ 176.110716743310775, -5.657827570714673 ], [ 176.110626965228761, -5.657957103052645 ], [ 176.110471471770865, -5.658228225262794 ], [ 176.11044519118019, -5.658266619769566 ], [ 176.110306228647318, -5.658499332451421 ], [ 176.110173741161844, -5.658638585119733 ], [ 176.110032758724827, -5.658770273510028 ], [ 176.109902420163934, -5.65892594620294 ], [ 176.109840163704774, -5.659041338532859 ], [ 176.109785924864667, -5.65931261585481 ], [ 176.109824668747024, -5.659584035898 ], [ 176.109901272955113, -5.659676055712257 ], [ 176.110172011754514, -5.659769732648021 ], [ 176.110442882664813, -5.659777051835479 ], [ 176.110713702478392, -5.659817825759457 ], [ 176.110800570729936, -5.659856893735046 ], [ 176.110984411056961, -5.659931449660029 ], [ 176.111255089377892, -5.660064964971423 ], [ 176.11135144386617, -5.660129098859404 ], [ 176.111525689032703, -5.660250093240909 ], [ 176.111718378849332, -5.66040102178115 ], [ 176.111796243835812, -5.66046472424756 ], [ 176.112031483622729, -5.660672862083356 ], [ 176.112066762684009, -5.66070305164049 ], [ 176.11233730778909, -5.660924316817571 ], [ 176.112358582034943, -5.660944723683831 ], [ 176.112607812395396, -5.661172273498972 ], [ 176.112662316162812, -5.66121654938496 ], [ 176.112878438059653, -5.661340992679934 ], [ 176.113149198488316, -5.661421417481608 ], [ 176.113419357010713, -5.661489068394929 ], [ 176.113419978256388, -5.661489212693229 ], [ 176.113690785679921, -5.661538908595374 ], [ 176.113961601762412, -5.66158296196324 ], [ 176.114232423715066, -5.661623199347872 ], [ 176.114503253843651, -5.661658102523445 ], [ 176.114774064637004, -5.661705746274535 ], [ 176.114979612666048, -5.661762813345518 ], [ 176.115044837005797, -5.661778690743552 ], [ 176.115315610501085, -5.661850951035061 ], [ 176.115586318466285, -5.661966369921991 ], [ 176.115686658704618, -5.662035253334108 ], [ 176.115856919941677, -5.662151932988956 ], [ 176.116068751375167, -5.66230719710924 ], [ 176.116127506285721, -5.662347574478331 ], [ 176.116398190685317, -5.66247879309972 ], [ 176.116658956893673, -5.662579457889938 ], [ 176.116668915984206, -5.662583170600415 ], [ 176.116939645560677, -5.662684805498675 ], [ 176.117210320292827, -5.662822648459202 ], [ 176.117258177033989, -5.662851731882122 ], [ 176.11748099152797, -5.662962890167515 ], [ 176.117751674251565, -5.663095653786923 ], [ 176.11781729059183, -5.663123944291335 ], [ 176.118022408618629, -5.663194453985117 ], [ 176.118293177784835, -5.663270372020932 ], [ 176.118563909580871, -5.663371005592603 ], [ 176.118834757678314, -5.663394953102761 ], [ 176.11884607819718, -5.663396870549686 ], [ 176.11910553546997, -5.663465344121263 ], [ 176.119175836810484, -5.66366873305139 ], [ 176.119296061521595, -5.663940276993116 ], [ 176.119375413851088, -5.664129724533206 ], [ 176.119413261025187, -5.664211816327315 ], [ 176.119505026574217, -5.664483317003056 ], [ 176.119558994657325, -5.664754760239625 ], [ 176.119593756949541, -5.665026174291642 ], [ 176.119642500972276, -5.66529760959073 ], [ 176.119644521964659, -5.6653031463205 ], [ 176.119750500677554, -5.665569134930685 ], [ 176.119840970403658, -5.665840633628958 ], [ 176.119903187442588, -5.6661120893985 ], [ 176.119914116708202, -5.666155650959602 ], [ 176.119987423012901, -5.666383578620541 ], [ 176.12009658107641, -5.666655105701816 ], [ 176.120183998859574, -5.666818700157384 ], [ 176.120252278886568, -5.666926703469874 ], [ 176.120384855403501, -5.667198266099593 ], [ 176.120454097891013, -5.66733878855178 ], [ 176.120523901489832, -5.667469838540501 ], [ 176.120670724768672, -5.6677414227749 ], [ 176.120724262865394, -5.667815579908392 ], [ 176.120867150188189, -5.668013082298332 ], [ 176.120994485583509, -5.668254465496279 ], [ 176.12101354526223, -5.668284665836422 ], [ 176.121083509487079, -5.668556133342018 ], [ 176.121080280841852, -5.668827489741759 ], [ 176.121048090862075, -5.66909880217116 ], [ 176.12100272312091, -5.66937009458383 ], [ 176.120992720524754, -5.669421146115651 ], [ 176.120959068113507, -5.669641389584686 ], [ 176.120905029528359, -5.669912668804812 ], [ 176.120826095555714, -5.670183910198189 ], [ 176.12073648339171, -5.67045513534626 ], [ 176.120720131857809, -5.670545112595923 ], [ 176.12069779543441, -5.670726437831474 ], [ 176.120704250794773, -5.670997808892348 ], [ 176.120719320295677, -5.671081189330777 ], [ 176.120767261347339, -5.671269265874391 ], [ 176.120875938078399, -5.671540792229814 ], [ 176.120989190624499, -5.671753632044372 ], [ 176.121037111879218, -5.671812398318211 ], [ 176.121259729098028, -5.671984916727101 ], [ 176.121427983739721, -5.672084353178038 ], [ 176.121530381171681, -5.672141257767575 ], [ 176.121800989395638, -5.672326696533624 ], [ 176.121834607121599, -5.67235633173319 ], [ 176.122071531671651, -5.6725558720094 ], [ 176.122153542525268, -5.672628177025944 ], [ 176.122342084161744, -5.672778435401577 ], [ 176.122484249969204, -5.67290004004074 ], [ 176.122612626884575, -5.673007603316723 ], [ 176.122767050632064, -5.673171830273744 ], [ 176.122883021986155, -5.673334624967416 ], [ 176.122958835354154, -5.673443482432568 ], [ 176.123153338784334, -5.673713682711765 ], [ 176.123154535334777, -5.673715140487325 ], [ 176.123361936426505, -5.673986816234047 ], [ 176.123423680300732, -5.674076593358489 ], [ 176.123543653289971, -5.674258453017064 ], [ 176.123693928049619, -5.674501825605194 ], [ 176.123718597724093, -5.674530079506429 ], [ 176.123964475206293, -5.674728936445735 ], [ 176.124051334570879, -5.674801944960299 ], [ 176.124234999484941, -5.674971352925142 ], [ 176.124324621004092, -5.675073720258305 ], [ 176.124496071216043, -5.675345341307612 ], [ 176.12450530119375, -5.675361458679882 ], [ 176.124651414843498, -5.675616937948502 ], [ 176.124736625866063, -5.675888428420299 ], [ 176.1247751068789, -5.676080660098119 ], [ 176.124795616148106, -5.676159879203428 ], [ 176.124834250436493, -5.676431299176945 ], [ 176.124834601082028, -5.676702661205101 ], [ 176.124817741193141, -5.676973997179057 ], [ 176.124831512857725, -5.677245379517665 ], [ 176.12490877297401, -5.677516857962078 ], [ 176.125043471930496, -5.677755444243152 ], [ 176.12507065447889, -5.677788464485579 ], [ 176.125313958402955, -5.678024089978281 ], [ 176.125351858975392, -5.678060251542786 ], [ 176.125570800703798, -5.678331944314345 ], [ 176.125584352701878, -5.678354044492694 ], [ 176.125740520985516, -5.678603562583562 ], [ 176.125854572647057, -5.678799879849247 ], [ 176.125898360680367, -5.67887516285712 ], [ 176.12598776629298, -5.67914665962068 ], [ 176.126002650318412, -5.679418043685144 ], [ 176.125972048985062, -5.679689358956677 ], [ 176.125926530554807, -5.679960651656448 ], [ 176.125861633368089, -5.680231915028271 ], [ 176.125852386130049, -5.680250422126742 ], [ 176.125747315231479, -5.680503103607058 ], [ 176.12558080550599, -5.680706534109972 ], [ 176.125510856892674, -5.680774107295022 ], [ 176.1253095252886, -5.68096322667716 ], [ 176.125218833253768, -5.681045026721122 ], [ 176.125038281905177, -5.681195355542649 ], [ 176.124860322104212, -5.681315845244399 ], [ 176.124767101108915, -5.681385888703206 ], [ 176.124495970939108, -5.68154278866495 ], [ 176.124424197560757, -5.681586545864307 ], [ 176.124224826413268, -5.681709102385217 ], [ 176.123953760038916, -5.681823608890906 ], [ 176.12379969248974, -5.68185696039044 ], [ 176.12368276436905, -5.681891285452936 ], [ 176.123411915611825, -5.681861782438291 ], [ 176.123401203461299, -5.681856355835648 ], [ 176.123141218328499, -5.681732172966561 ], [ 176.122953899890632, -5.681584315580156 ], [ 176.122870653990446, -5.681514788702239 ], [ 176.122666119515543, -5.681312517312532 ], [ 176.122600176722102, -5.6812400127072 ], [ 176.122419263207348, -5.68104078110324 ], [ 176.122329736476786, -5.68094094925115 ], [ 176.122184197485041, -5.680769062734701 ], [ 176.122059382078163, -5.680585373325064 ], [ 176.121990926352339, -5.680497407812017 ], [ 176.12181014363378, -5.680225771829755 ], [ 176.121789080778257, -5.68019494843429 ], [ 176.121613068066949, -5.679954111048545 ], [ 176.121518734270865, -5.679834591144895 ], [ 176.12140510596268, -5.679682433674705 ], [ 176.121248381704618, -5.679478444065444 ], [ 176.12119070701246, -5.679410746465247 ], [ 176.121011739747473, -5.679139113093005 ], [ 176.120978096814071, -5.67907785607066 ], [ 176.120844576148642, -5.6788674976432 ], [ 176.120707731505178, -5.678730544268971 ], [ 176.120565206265042, -5.678595711454365 ], [ 176.120437221823209, -5.678478643777813 ], [ 176.120277219809907, -5.678323912054301 ], [ 176.120166732634601, -5.678213389309779 ], [ 176.120019111149162, -5.678052158033715 ], [ 176.119896288853454, -5.677918370374039 ], [ 176.119787189950159, -5.677780443807168 ], [ 176.119625947683375, -5.677555916182447 ], [ 176.119586256599831, -5.677508776711163 ], [ 176.11940148464268, -5.677237134188397 ], [ 176.119355632638275, -5.677176463642004 ], [ 176.119085034205426, -5.676983874384968 ], [ 176.119054253060398, -5.676965244114807 ], [ 176.118814368919118, -5.676835427320262 ], [ 176.118663835776175, -5.676693288053906 ], [ 176.118543894356833, -5.676561538306832 ], [ 176.118422089652313, -5.67642155847261 ], [ 176.118273528151263, -5.676216509533331 ], [ 176.118223055811228, -5.676149893956724 ], [ 176.118084315486755, -5.675878321354261 ], [ 176.118016629809119, -5.675606857107814 ], [ 176.118003663874617, -5.675541443582014 ], [ 176.117949143882896, -5.675335393165358 ], [ 176.117849206419038, -5.675063879725695 ], [ 176.117733816770397, -5.674855426772672 ], [ 176.117689260007836, -5.67479227474143 ], [ 176.117537358644057, -5.674520682007616 ], [ 176.11746371434927, -5.674337684258933 ], [ 176.11741423383819, -5.674249133161579 ], [ 176.117204689880538, -5.673977452426769 ], [ 176.117193389703033, -5.673966348670442 ], [ 176.116922725556549, -5.673818406683179 ], [ 176.116651990250944, -5.673717328063619 ], [ 176.116631101875555, -5.673705215855958 ], [ 176.116381351587677, -5.673552830071543 ], [ 176.116275546724324, -5.67343331189643 ], [ 176.116161233764501, -5.673161776360135 ], [ 176.116111205849336, -5.673064676461369 ], [ 176.115840554769477, -5.672908639164897 ], [ 176.115753790716326, -5.67288979289309 ], [ 176.115569748720191, -5.672854438757573 ], [ 176.115299108924773, -5.672691175382656 ], [ 176.115221989698853, -5.672617619044783 ], [ 176.115035337307006, -5.672345972761045 ], [ 176.115028770100253, -5.672330549271878 ], [ 176.114933899798189, -5.672074456785699 ], [ 176.114889285931355, -5.671803027720704 ], [ 176.114860591165353, -5.671531623004753 ], [ 176.114825220675243, -5.671260208078619 ], [ 176.114759797237951, -5.671074037248787 ], [ 176.114726050964322, -5.670988695569819 ], [ 176.114559764156297, -5.670717080383678 ], [ 176.114489569669416, -5.670641073189421 ], [ 176.114218913674648, -5.670489295791343 ], [ 176.113948094185957, -5.670444798210296 ], [ 176.113947627460988, -5.670444782840282 ], [ 176.113677217652338, -5.670437724473717 ], [ 176.113406323887318, -5.670441956873639 ], [ 176.113347204368011, -5.670443863406974 ], [ 176.113135420338239, -5.670452607516323 ], [ 176.113076283853616, -5.670443448340039 ], [ 176.11286458770843, -5.670416830549603 ], [ 176.112593893291233, -5.670290620228118 ], [ 176.112468200463155, -5.670171155591818 ], [ 176.112323473170363, -5.669985001248489 ], [ 176.112259175481228, -5.669899474408941 ], [ 176.11212727656698, -5.669627911473155 ], [ 176.112053392753097, -5.669457315260861 ], [ 176.112001765051076, -5.669356358321376 ], [ 176.111801961514061, -5.669084691188889 ], [ 176.111783098384279, -5.669069862547933 ], [ 176.111512351671934, -5.668978434505884 ], [ 176.111241472889759, -5.668973410505993 ], [ 176.110970614212334, -5.668955263526101 ], [ 176.110699814382286, -5.668898693898604 ], [ 176.110429028435647, -5.66883310321946 ], [ 176.110158152344638, -5.668826423531722 ], [ 176.109918704757746, -5.669081798956433 ], [ 176.110004963710963, -5.669353292060015 ], [ 176.110156954800146, -5.669608291207655 ], [ 176.110169476393622, -5.669624905449849 ], [ 176.110353351588486, -5.669896548572035 ], [ 176.1104271941783, -5.670030994495206 ], [ 176.110506513200306, -5.670168144464435 ], [ 176.110640431694577, -5.670439710769262 ], [ 176.110697328372225, -5.670522636291596 ], [ 176.11084545916151, -5.670711386303608 ], [ 176.110967663461594, -5.670883304903857 ], [ 176.111032899219879, -5.670983034779121 ], [ 176.11118231430234, -5.6712546248217 ], [ 176.111237867804363, -5.671329618747134 ], [ 176.111404857060876, -5.671526327135101 ], [ 176.111508261662436, -5.671652315571524 ], [ 176.111630828942737, -5.671798034656965 ], [ 176.11177864184674, -5.671984142798481 ], [ 176.111862125638709, -5.672069750293569 ], [ 176.112049107019061, -5.672260589658952 ], [ 176.11213782991905, -5.672341534010531 ], [ 176.112319644907899, -5.672489640503092 ], [ 176.112459286983523, -5.672613387817475 ], [ 176.112590165739277, -5.672729994885746 ], [ 176.112750241463431, -5.672885194714682 ], [ 176.112860657694938, -5.672989396087948 ], [ 176.11305224770183, -5.673157018448351 ], [ 176.113131192212819, -5.673221094656654 ], [ 176.11336452374141, -5.673428857805133 ], [ 176.113401706774169, -5.673466005351084 ], [ 176.113608560534487, -5.673700592480915 ], [ 176.113672114056641, -5.673781330646608 ], [ 176.113824595003166, -5.673972284189293 ], [ 176.113942501910458, -5.674109571766486 ], [ 176.114073248705978, -5.674244025805812 ], [ 176.114212968255231, -5.674386573799713 ], [ 176.114346368830809, -5.674515804812057 ], [ 176.114483474378659, -5.674637671480233 ], [ 176.114621822975124, -5.674787587299218 ], [ 176.114753866140234, -5.674963902084581 ], [ 176.114833052460483, -5.675059271400983 ], [ 176.1149940375754, -5.675330878567741 ], [ 176.115024111480722, -5.675386344804289 ], [ 176.115168112434844, -5.675602505738617 ], [ 176.115294435200184, -5.675757616803243 ], [ 176.115387746247336, -5.67587420257517 ], [ 176.115564888236094, -5.676044261866472 ], [ 176.115687666216161, -5.67614602214468 ], [ 176.115835465390745, -5.676249626348348 ], [ 176.116055158902441, -5.676417944904237 ], [ 176.116106036600314, -5.676459024582721 ], [ 176.116376647550794, -5.676642461435731 ], [ 176.11643431124088, -5.676689885298616 ], [ 176.116647193702505, -5.676868577426715 ], [ 176.116741691119785, -5.676961715854732 ], [ 176.116917666262822, -5.677143183081015 ], [ 176.117020285221344, -5.677233502325941 ], [ 176.117188217645406, -5.677366159413266 ], [ 176.117347965357311, -5.677505363646643 ], [ 176.117458738821426, -5.67760913183514 ], [ 176.11763326793573, -5.677777160144182 ], [ 176.117729222163604, -5.677877130936754 ], [ 176.117895439599124, -5.678048921242542 ], [ 176.117999671001343, -5.678167986640627 ], [ 176.11813695020038, -5.678320650736292 ], [ 176.118270122908086, -5.678456999838263 ], [ 176.118394148763969, -5.678592404089946 ], [ 176.118540538153439, -5.6787703113275 ], [ 176.118619525799858, -5.678864108838356 ], [ 176.118810901226965, -5.679118147559672 ], [ 176.118825329049571, -5.679135783685695 ], [ 176.119043354427163, -5.679407477117901 ], [ 176.119081285524658, -5.679452216792973 ], [ 176.119283642557662, -5.679679204425919 ], [ 176.119351713122882, -5.67975797205697 ], [ 176.119516128501346, -5.679950919778057 ], [ 176.119622123237349, -5.680075427126373 ], [ 176.119741100095297, -5.680222623620522 ], [ 176.119892501927779, -5.680413774754347 ], [ 176.119961100730222, -5.680494319834192 ], [ 176.120162871060387, -5.680758621344515 ], [ 176.120169050224348, -5.680765997642215 ], [ 176.120379417711746, -5.681037679084119 ], [ 176.120433227892647, -5.68111177942227 ], [ 176.120590896003392, -5.681309362167985 ], [ 176.120703603888813, -5.68145251099371 ], [ 176.120814587701119, -5.681581063789632 ], [ 176.120974049266039, -5.681747690734638 ], [ 176.121065615557001, -5.68185280694703 ], [ 176.121244400938139, -5.682104859939689 ], [ 176.121260080698249, -5.682124463986147 ], [ 176.121446388811847, -5.682396108578496 ], [ 176.121514702415396, -5.682495357027703 ], [ 176.121640647624702, -5.682667765225867 ], [ 176.12178506003761, -5.682849028309215 ], [ 176.121863179979869, -5.682939464821373 ], [ 176.122055485923624, -5.683157846985897 ], [ 176.12210563596372, -5.68321119464606 ], [ 176.122325901572424, -5.683473611461338 ], [ 176.122334034825116, -5.683482903038222 ], [ 176.122542895585411, -5.683754581683459 ], [ 176.122596261960723, -5.683826062037425 ], [ 176.122768615927697, -5.68402628589272 ], [ 176.12286669158226, -5.684132985311841 ], [ 176.123019448996388, -5.684298028184513 ], [ 176.123137152739048, -5.684419256535868 ], [ 176.12327642340739, -5.684569779725769 ], [ 176.123407599470653, -5.684715237059948 ], [ 176.123517773970832, -5.684841507469408 ], [ 176.123678019351473, -5.685029149131419 ], [ 176.123751354465583, -5.685113223351505 ], [ 176.123948483506325, -5.6853139729697 ], [ 176.124010023919226, -5.685384977238983 ], [ 176.124218872004548, -5.68564901435852 ], [ 176.12422547571191, -5.685656665483925 ], [ 176.124455410256019, -5.685928375643065 ], [ 176.124489284398607, -5.685968446029179 ], [ 176.124686782764115, -5.68620008792149 ], [ 176.124759695110299, -5.68628918333282 ], [ 176.124908692977186, -5.68647178579234 ], [ 176.125030093528153, -5.68661825153843 ], [ 176.125140361438184, -5.6867434983981 ], [ 176.1253005595334, -5.686902766363097 ], [ 176.125402393283764, -5.687015256953543 ], [ 176.125570984657429, -5.687214530939094 ], [ 176.125636120004771, -5.687286972542778 ], [ 176.125841429784657, -5.687513232916382 ], [ 176.125883309811485, -5.687558708460426 ], [ 176.126111857763533, -5.687823479872045 ], [ 176.126118369894783, -5.687830425936723 ], [ 176.126344834158004, -5.688102130334237 ], [ 176.126382263144791, -5.688148892361001 ], [ 176.1265674656687, -5.688373828871085 ], [ 176.126652672380743, -5.68847194509847 ], [ 176.126805301875891, -5.68864555036152 ], [ 176.126923114797222, -5.688773189534239 ], [ 176.127054755354465, -5.688917289362251 ], [ 176.127193583986298, -5.689056859245592 ], [ 176.127311181901973, -5.68918903883581 ], [ 176.127464000448953, -5.689375686010359 ], [ 176.127541418272955, -5.689460748622901 ], [ 176.127734412922422, -5.689697352817634 ], [ 176.127765233360975, -5.689732448639638 ], [ 176.127969735047571, -5.690004119403374 ], [ 176.128004784970045, -5.690046048610227 ], [ 176.1281845069893, -5.690275805643659 ], [ 176.128275118909073, -5.690420254977971 ], [ 176.128365991935254, -5.690547441531553 ], [ 176.128537815616596, -5.690819062788374 ], [ 176.128545400069243, -5.690829733484309 ], [ 176.128740478669755, -5.69109073060388 ], [ 176.128815743024433, -5.691198400147904 ], [ 176.128939256198407, -5.691362392505952 ], [ 176.129086116932172, -5.691546718286592 ], [ 176.129153287735136, -5.691634077399999 ], [ 176.129333058867672, -5.691905710516416 ], [ 176.129356424401635, -5.691939400003003 ], [ 176.12951489822629, -5.692177346721993 ], [ 176.129626674109119, -5.692370709757968 ], [ 176.129679578004072, -5.692448956993772 ], [ 176.129845296215251, -5.692720568806568 ], [ 176.129896937870029, -5.692792923195365 ], [ 176.130038840682062, -5.692992222580001 ], [ 176.130167229773377, -5.693196663573346 ], [ 176.130216759193047, -5.693263852739642 ], [ 176.130393399178956, -5.693535480938596 ], [ 176.130437525275994, -5.693598244826632 ], [ 176.130582641155144, -5.693807128111862 ], [ 176.130707778330475, -5.694028305307918 ], [ 176.13074166407921, -5.694078729679411 ], [ 176.130899842405029, -5.694350329949719 ], [ 176.130978010139955, -5.694472753340406 ], [ 176.131080601618606, -5.694621964237719 ], [ 176.131234086613603, -5.694893557382225 ], [ 176.131248240590651, -5.694918360615337 ], [ 176.131403247689974, -5.6951651741305 ], [ 176.131518533829905, -5.695322414576124 ], [ 176.131603192152426, -5.695436837236059 ], [ 176.13178885977382, -5.695704922108818 ], [ 176.131791719523505, -5.695708483097776 ], [ 176.131995347753616, -5.695980151668182 ], [ 176.132059208766407, -5.696072300223336 ], [ 176.13219319048298, -5.696251811480063 ], [ 176.132329595081757, -5.696415026065121 ], [ 176.132414133437663, -5.696523506031635 ], [ 176.132587712724671, -5.696795129225449 ], [ 176.132599895492035, -5.696815215644302 ], [ 176.132765721842105, -5.69706675905691 ], [ 176.132870207545096, -5.697207877412569 ], [ 176.132969947170949, -5.697338428310256 ], [ 176.13314055403751, -5.697577804131376 ], [ 176.133166760939446, -5.697610086365775 ], [ 176.133370054953872, -5.697881754128178 ], [ 176.133410914833803, -5.697938409659654 ], [ 176.133567029385915, -5.698153412339802 ], [ 176.133681266226915, -5.698305503836233 ], [ 176.133767437802732, -5.698425075673565 ], [ 176.133940175213041, -5.698696697357968 ], [ 176.133951557279403, -5.698713084145749 ], [ 176.134147346037196, -5.698968370777651 ], [ 176.134221946624024, -5.699055292448351 ], [ 176.134367355321899, -5.699240063445938 ], [ 176.134492307206727, -5.699416910409993 ], [ 176.13456748722561, -5.699511726188909 ], [ 176.134762671901001, -5.699775998402226 ], [ 176.13476891106103, -5.699783390829157 ], [ 176.134980330741371, -5.700055070440217 ], [ 176.135033057882424, -5.700121081168051 ], [ 176.13520910513364, -5.700326776064924 ], [ 176.135303494623543, -5.700432455255614 ], [ 176.135460872858573, -5.700598516152422 ], [ 176.135573967129176, -5.7007201167059 ], [ 176.135704304213448, -5.700870243649174 ], [ 176.135844356021522, -5.701063854111089 ], [ 176.13591262495143, -5.701141918381537 ], [ 176.136114864761254, -5.701327657419296 ], [ 176.136244316300946, -5.701413778172136 ], [ 176.136385539453357, -5.701480623512717 ], [ 176.136656380201401, -5.701522587853761 ], [ 176.13682441286528, -5.701414648201539 ] ], [ [ 176.101205007965518, -5.664455219155926 ], [ 176.101225744881646, -5.664409479683318 ], [ 176.101284430888256, -5.664183982445747 ], [ 176.101316749649669, -5.663912672660946 ], [ 176.101350453437618, -5.663641365014922 ], [ 176.101335873124896, -5.663369982488771 ], [ 176.101227544132797, -5.663245322941287 ], [ 176.100992515617889, -5.663369449952455 ], [ 176.100956440375967, -5.663388097999329 ], [ 176.100715915318318, -5.663640380676984 ], [ 176.100685116921966, -5.663672865407997 ], [ 176.100517694192717, -5.663911432894221 ], [ 176.100437113296834, -5.664182667653679 ], [ 176.100524215602775, -5.664454162717464 ], [ 176.100683649023296, -5.664622002762136 ], [ 176.100954423590366, -5.664692561448297 ], [ 176.101205007965518, -5.664455219155926 ] ], [ [ 176.108025761329742, -5.671249768427082 ], [ 176.10822928787681, -5.670978721724141 ], [ 176.108258712734113, -5.670934396322012 ], [ 176.108374672618794, -5.670707585353565 ], [ 176.108530338001657, -5.670453499983214 ], [ 176.108540667002444, -5.670436480664756 ], [ 176.108582753298407, -5.670165185098315 ], [ 176.108530898668874, -5.670088181126294 ], [ 176.108260082699388, -5.670042061996912 ], [ 176.108122461856993, -5.67016447607311 ], [ 176.107988785094022, -5.670309623051367 ], [ 176.107869393636435, -5.670435446426572 ], [ 176.107717464234327, -5.670592158979261 ], [ 176.107562938007902, -5.670706334314877 ], [ 176.107446185499413, -5.670847110496298 ], [ 176.107280118778931, -5.670977258452385 ], [ 176.107425892731698, -5.671248843575406 ], [ 176.107445539796572, -5.671267266690634 ], [ 176.107716218071488, -5.67140328689073 ], [ 176.10798727591208, -5.671292283234552 ], [ 176.108025761329742, -5.671249768427082 ] ] ] } },
{ "type": "Feature", "properties": { "year": 2022, "certainty": "good", "eez_territory": "TUV" }, "geometry": { "type": "MultiLineString", "coordinates": [ [ [ 176.078118939259497, -5.653021902526241 ], [ 176.078218915400669, -5.652914603984379 ], [ 176.078304695659483, -5.652750839151872 ], [ 176.078338099387622, -5.652479533871644 ], [ 176.078338646858811, -5.652208176431272 ], [ 176.078353324622753, -5.651936841415654 ], [ 176.078389902429308, -5.651665541151406 ], [ 176.078405018464224, -5.651394206819007 ], [ 176.078376219761083, -5.651122802794763 ], [ 176.07834697896169, -5.650851398069404 ], [ 176.078332099943935, -5.650580016134354 ], [ 176.07828345881137, -5.650308580624742 ], [ 176.078223235230894, -5.650183384070671 ], [ 176.07812759677779, -5.650036974963126 ], [ 176.077952881877138, -5.64985341370349 ], [ 176.077872305020605, -5.649765211455112 ], [ 176.077682483007578, -5.649552401440171 ], [ 176.077623787762747, -5.649493458627092 ], [ 176.077412010226539, -5.649298271121203 ], [ 176.077324516814997, -5.649221625123654 ], [ 176.077141492094398, -5.649072943741641 ], [ 176.07699631503192, -5.648949745547682 ], [ 176.076870985284131, -5.648840601106808 ], [ 176.076639622410738, -5.648677820555967 ], [ 176.07660040673565, -5.64865369851095 ], [ 176.07632974106096, -5.648521914942946 ], [ 176.076119739011972, -5.648405635940773 ], [ 176.076059103023539, -5.648372775740408 ], [ 176.075788456243174, -5.648229249289193 ], [ 176.075642173825116, -5.648133518256854 ], [ 176.075517858809008, -5.648054688852751 ], [ 176.075247247646473, -5.647888895621476 ], [ 176.075208671412241, -5.64786147037542 ], [ 176.074976646992383, -5.647716582238086 ], [ 176.074799135714187, -5.647589460390981 ], [ 176.074706085470041, -5.6475197125152 ], [ 176.07443549622019, -5.647340436134231 ], [ 176.074403256043183, -5.647317471927234 ], [ 176.074164892508776, -5.647170382145984 ], [ 176.073977957634611, -5.64704543637784 ], [ 176.07389430491807, -5.646990282367295 ], [ 176.073623682785581, -5.646832043964034 ], [ 176.073541371041046, -5.646773382585612 ], [ 176.07335311204929, -5.646641553684519 ], [ 176.073138228997124, -5.646501381861802 ], [ 176.073082513781515, -5.646468507130288 ], [ 176.07281186965966, -5.646324418269843 ], [ 176.0726488990299, -5.646229243419037 ], [ 176.072541247164366, -5.646166819997312 ], [ 176.072270582669518, -5.646035732132825 ], [ 176.072133721421437, -5.645957063378249 ], [ 176.071999948572255, -5.64588562127919 ], [ 176.071729297037592, -5.645746565904194 ], [ 176.071637939581422, -5.645684913931597 ], [ 176.071458722440951, -5.645559259810999 ], [ 176.071225440913025, -5.645412897195795 ], [ 176.071188121481413, -5.645388629530416 ], [ 176.070917485165438, -5.645240309794435 ], [ 176.070734058352429, -5.645140754145413 ], [ 176.070646853451336, -5.645089196285176 ], [ 176.070376175355108, -5.644967291513534 ], [ 176.070164279337121, -5.644868485377999 ], [ 176.070105509032203, -5.644838080393441 ], [ 176.069834821528445, -5.644722241476185 ], [ 176.069564144455285, -5.644599938972923 ], [ 176.069556318190877, -5.644596155035965 ], [ 176.06929346196975, -5.644481111285706 ], [ 176.069022756025532, -5.644377067131774 ], [ 176.068889805005028, -5.644323730389639 ], [ 176.068752058797003, -5.644267632879638 ], [ 176.068481319370079, -5.644184708728995 ], [ 176.06821058471354, -5.644098856803312 ], [ 176.068086711369148, -5.644051086204879 ], [ 176.067939880965781, -5.643993713800612 ], [ 176.067669147129891, -5.643907476375641 ], [ 176.067398419406942, -5.643817475278868 ], [ 176.067300150180785, -5.643778467547639 ], [ 176.067127724490462, -5.643707014001219 ], [ 176.066856989972592, -5.6436213956452 ], [ 176.066586250056673, -5.643539213745625 ], [ 176.066483011106499, -5.643505798859625 ], [ 176.066315519446647, -5.64345127416667 ], [ 176.066044765234892, -5.643378146228168 ], [ 176.06577402057377, -5.643299105926683 ], [ 176.065600868967124, -5.643233024709659 ], [ 176.065503317917347, -5.643193888149661 ], [ 176.065232587943598, -5.643105799345732 ], [ 176.064961817809291, -5.64304284254877 ], [ 176.064691039693344, -5.64298491539014 ], [ 176.064592475293352, -5.642960046311639 ], [ 176.064420265622715, -5.642924510248359 ], [ 176.064149467770022, -5.642878985349901 ], [ 176.06387865176481, -5.642844817950301 ], [ 176.063607824399327, -5.64281776446054 ], [ 176.063336982109945, -5.642800039535093 ], [ 176.063066145149406, -5.642779017863369 ], [ 176.062795334119471, -5.64274187102848 ], [ 176.062524545882866, -5.64269056613801 ], [ 176.06250197944621, -5.642685323124752 ], [ 176.062253748326128, -5.64264510483709 ], [ 176.061982951139839, -5.642599451755233 ], [ 176.061712161757725, -5.642548982376113 ], [ 176.061441383155312, -5.642491850150599 ], [ 176.061170591366675, -5.642442962042516 ], [ 176.060899749344259, -5.642425339917757 ], [ 176.060628833385579, -5.642453686124546 ], [ 176.060357865447259, -5.642514320112189 ], [ 176.06008688451405, -5.64258300173897 ], [ 176.059815883297063, -5.642664249125312 ], [ 176.059777554086367, -5.642680925348602 ], [ 176.059544757587474, -5.642822729277276 ], [ 176.059417087721016, -5.642951699484707 ], [ 176.059276538508243, -5.643222829110383 ], [ 176.059273223668924, -5.64323439885552 ], [ 176.059228687397848, -5.64349410864493 ], [ 176.059214342082896, -5.643765442373064 ], [ 176.059228954931314, -5.6440368229475 ], [ 176.059271587027808, -5.644249733209471 ], [ 176.05928930022705, -5.644308277511173 ], [ 176.059369810851223, -5.64457976469887 ], [ 176.059428261286314, -5.644851216197658 ], [ 176.059512204054528, -5.645122708936385 ], [ 176.059540961446316, -5.645178336358478 ], [ 176.059666464192929, -5.645394315416254 ], [ 176.05979481751848, -5.645665879976359 ], [ 176.059811003744528, -5.645692917321185 ], [ 176.059967082171909, -5.645937515537776 ], [ 176.060081174939938, -5.646127761069518 ], [ 176.060137630352671, -5.64620914829671 ], [ 176.060333866525241, -5.64648082255868 ], [ 176.06035144603743, -5.64650081708856 ], [ 176.060608635233677, -5.646752623716821 ], [ 176.060621894007767, -5.646764250896148 ], [ 176.060892422511159, -5.646977819130143 ], [ 176.060949404828619, -5.647024531429842 ], [ 176.061162963471901, -5.647183776216743 ], [ 176.061306025014744, -5.647296464595236 ], [ 176.06143349771861, -5.647394029526692 ], [ 176.06170282473758, -5.64756846246979 ], [ 176.06170408860919, -5.647569201689891 ], [ 176.06197472858139, -5.647713967257091 ], [ 176.062196989416265, -5.647840617271304 ], [ 176.062245354444514, -5.647867599819183 ], [ 176.062516019811284, -5.647996756524722 ], [ 176.062709265705934, -5.648112800940722 ], [ 176.062786628865325, -5.648161036414352 ], [ 176.063057289875758, -5.648293082870471 ], [ 176.063250320156556, -5.648385030630735 ], [ 176.063327959943194, -5.648419577081839 ], [ 176.063598681325175, -5.648514200289906 ], [ 176.063869404883178, -5.648607534130252 ], [ 176.064016382263617, -5.648657622414182 ], [ 176.064140141188346, -5.648692991141893 ], [ 176.064410922259242, -5.648750610012312 ], [ 176.064681669009758, -5.648829669905197 ], [ 176.064905287070246, -5.648930411028631 ], [ 176.064952347174426, -5.648951555351425 ], [ 176.0652230561669, -5.64905429326977 ], [ 176.065493737134801, -5.649174586374281 ], [ 176.065548810022449, -5.649202803782948 ], [ 176.065764394486621, -5.649309697588845 ], [ 176.06603508086161, -5.649426779477379 ], [ 176.066125251079995, -5.6494750880874 ], [ 176.066305702582525, -5.649584309879491 ], [ 176.066576361195985, -5.649718898336221 ], [ 176.066636963095789, -5.649747267906644 ], [ 176.066847027252948, -5.649848924353063 ], [ 176.067117762616533, -5.649935725827514 ], [ 176.067356188445672, -5.650019780565056 ], [ 176.067388478160126, -5.650034978265964 ], [ 176.067659124803725, -5.650177378707833 ], [ 176.067908795704511, -5.650292025092606 ], [ 176.0679297996912, -5.65030220724178 ], [ 176.068200491486721, -5.650416541145587 ], [ 176.06847119273516, -5.650525036920342 ], [ 176.068569290069973, -5.650564442197566 ], [ 176.068741896637817, -5.650631945240049 ], [ 176.06901262940184, -5.650720856838954 ], [ 176.069283324549446, -5.65083338931813 ], [ 176.069290898435696, -5.650836956585892 ], [ 176.069553993385142, -5.65096248040745 ], [ 176.069824708900398, -5.651062407330479 ], [ 176.069931577679881, -5.651109340587283 ], [ 176.070095390514297, -5.651183651851998 ], [ 176.070366118249495, -5.65127606205558 ], [ 176.070636842725435, -5.651370581415634 ], [ 176.070666226615629, -5.651381874359537 ], [ 176.070907572959811, -5.651461554959427 ], [ 176.071178314487213, -5.651545507079133 ], [ 176.071449043015178, -5.651637678610287 ], [ 176.071493936941209, -5.651654556115041 ], [ 176.071719769709063, -5.651731066739974 ], [ 176.071990487368794, -5.651830193920702 ], [ 176.072228531295934, -5.651927088048648 ], [ 176.072261186385333, -5.651941100706527 ], [ 176.072531935400491, -5.652020667904441 ], [ 176.072802746932012, -5.652061001991482 ], [ 176.073073608606705, -5.652069848241511 ], [ 176.073344475026971, -5.652075728176089 ], [ 176.073615312067432, -5.652100105687027 ], [ 176.073886108106706, -5.652150309220286 ], [ 176.074073099539987, -5.652201390201165 ], [ 176.074156868896154, -5.652222740836164 ], [ 176.074427654376024, -5.65227968223792 ], [ 176.074698430415168, -5.652342614635406 ], [ 176.074969115805203, -5.652462698563939 ], [ 176.074988132804464, -5.652474206660959 ], [ 176.075239705737772, -5.652643010270753 ], [ 176.075475199172757, -5.652746340499487 ], [ 176.075510398066569, -5.652758898608175 ], [ 176.075781160719714, -5.652830530344641 ], [ 176.076051952815078, -5.652883649303998 ], [ 176.076322750992688, -5.652932975093049 ], [ 176.076593533688538, -5.652992110889376 ], [ 176.076719284639438, -5.653019678367777 ], [ 176.076864323406483, -5.653046861569826 ], [ 176.077135143378655, -5.653082556231584 ], [ 176.077405958484462, -5.653121357651774 ], [ 176.077676792000318, -5.653148564886193 ], [ 176.077947720382582, -5.653115856231225 ], [ 176.078118939259497, -5.653021902526241 ] ], [ [ 176.104268397113913, -5.655505077586141 ], [ 176.104219299923926, -5.655422306359818 ], [ 176.104179096719918, -5.655504939744824 ], [ 176.104218783411426, -5.65575810999893 ], [ 176.104268397113913, -5.655505077586141 ] ], [ [ 176.104052571450637, -5.659846507109131 ], [ 176.104212667072346, -5.659733025776544 ], [ 176.104436145502746, -5.659575739439533 ], [ 176.104483879036707, -5.659518365658507 ], [ 176.104638913684965, -5.659304692343993 ], [ 176.104722882043745, -5.659033461771267 ], [ 176.104715597555781, -5.658762090321106 ], [ 176.104690411769212, -5.658490691237841 ], [ 176.104756513258764, -5.658378899102583 ], [ 176.104819837357667, -5.658219530782748 ], [ 176.104877056856736, -5.657948258860636 ], [ 176.104842211961795, -5.657676844865925 ], [ 176.104786897132044, -5.657405399284745 ], [ 176.104758190768365, -5.657288068506348 ], [ 176.104679706736931, -5.657133873650725 ], [ 176.104487920864898, -5.656891065008951 ], [ 176.104247759481353, -5.657133206899577 ], [ 176.104309787531633, -5.657404662855997 ], [ 176.104359809753646, -5.657676100276476 ], [ 176.104369883062873, -5.657947476018743 ], [ 176.104360490624003, -5.658218821703798 ], [ 176.104306074662446, -5.658490097859884 ], [ 176.10421440513997, -5.658603770681935 ], [ 176.104134581499721, -5.658761193174841 ], [ 176.103942870668106, -5.659028175546774 ], [ 176.103940251062255, -5.659032253128232 ], [ 176.103751544367555, -5.659303321676627 ], [ 176.103671419876235, -5.659397971290129 ], [ 176.103523012348404, -5.659574328570002 ], [ 176.103531893576246, -5.65984570241061 ], [ 176.103670545805585, -5.659965475724017 ], [ 176.10394152210759, -5.659904048829605 ], [ 176.104052571450637, -5.659846507109131 ] ], [ [ 176.136800625974558, -5.70141461253743 ], [ 176.13687849805379, -5.701143367163792 ], [ 176.136841369578633, -5.700871949377216 ], [ 176.136810993464053, -5.700600541713547 ], [ 176.136735589510238, -5.700329066547442 ], [ 176.136658514034906, -5.700094665434766 ], [ 176.136641405906232, -5.700057563224262 ], [ 176.136532183683954, -5.699786037348009 ], [ 176.136434638706049, -5.69951452897386 ], [ 176.136388642320156, -5.699404757681184 ], [ 176.136301045230653, -5.699242966535703 ], [ 176.136180302612559, -5.698971423356518 ], [ 176.136118599513139, -5.698829672170749 ], [ 176.136045657945687, -5.698699859314403 ], [ 176.135913498483916, -5.698428298985372 ], [ 176.135848484617867, -5.698303117596249 ], [ 176.135754457415146, -5.698156698312049 ], [ 176.135610333457663, -5.697885119997912 ], [ 176.135578285709641, -5.697833035989091 ], [ 176.13543845093082, -5.697613500008459 ], [ 176.135308060150919, -5.697381039321483 ], [ 176.13528074156298, -5.697341901262436 ], [ 176.135113335612743, -5.697070287937151 ], [ 176.135037797767637, -5.696953915134117 ], [ 176.134932602825131, -5.696798654575814 ], [ 176.134786487481449, -5.696527073162241 ], [ 176.134767581749543, -5.696496056225598 ], [ 176.134616907131033, -5.696255456490711 ], [ 176.134497402218585, -5.696014083168676 ], [ 176.134478220336831, -5.695983886192449 ], [ 176.134334935856486, -5.695712308971562 ], [ 176.1342273134278, -5.695471775123661 ], [ 176.134210024014862, -5.695440759334016 ], [ 176.134065719219876, -5.695169180547665 ], [ 176.133957246280914, -5.694915313135365 ], [ 176.133947638351543, -5.694897641147701 ], [ 176.133823675385713, -5.694626092898492 ], [ 176.133713633050121, -5.694354565558619 ], [ 176.133687266696143, -5.694300695824155 ], [ 176.133574931350068, -5.694082995135545 ], [ 176.133470023054258, -5.693811475493567 ], [ 176.133417281403183, -5.693690218553285 ], [ 176.133345087682329, -5.693539925738683 ], [ 176.133235106542656, -5.693268398454435 ], [ 176.133147360081637, -5.693037375570578 ], [ 176.133128331394488, -5.692996875982567 ], [ 176.133016617024168, -5.692725346076709 ], [ 176.132933764374201, -5.692453859563211 ], [ 176.1328775503423, -5.692310422843129 ], [ 176.132820540702028, -5.692182327374486 ], [ 176.13271093030491, -5.691910800611315 ], [ 176.132616099831296, -5.691639296070401 ], [ 176.132607693279255, -5.691615414339941 ], [ 176.132513182256872, -5.691367779360533 ], [ 176.132441952730119, -5.691096310311035 ], [ 176.132384340541108, -5.690824861744356 ], [ 176.132338272088134, -5.690630026029331 ], [ 176.132315173436126, -5.69055339579567 ], [ 176.132234168551292, -5.690281912037741 ], [ 176.132173517206439, -5.690010458897681 ], [ 176.132127137189713, -5.689739027227473 ], [ 176.132072729240718, -5.689467583480168 ], [ 176.132069138626349, -5.68945318563723 ], [ 176.132001933093221, -5.689196115077349 ], [ 176.13194355134587, -5.688924665351198 ], [ 176.131893388526748, -5.688653227990629 ], [ 176.131846918494062, -5.688381796186285 ], [ 176.131800157063395, -5.688175541001891 ], [ 176.131783897146619, -5.688110339479727 ], [ 176.131711115973445, -5.687838868087819 ], [ 176.13165413509509, -5.687567420468914 ], [ 176.131611561098396, -5.687295994527718 ], [ 176.131573274227378, -5.687024575037624 ], [ 176.131531354127702, -5.686779292512224 ], [ 176.131525794352996, -5.686753141715523 ], [ 176.131467618619439, -5.68648169229975 ], [ 176.131426545351189, -5.686210268618284 ], [ 176.131395290009692, -5.685938859710233 ], [ 176.131358682636915, -5.685667442749359 ], [ 176.13131400351935, -5.68539601364347 ], [ 176.131262907663654, -5.685145864160011 ], [ 176.131257955597675, -5.685124567431293 ], [ 176.131192261304022, -5.684853106703772 ], [ 176.131125216097246, -5.684581643942749 ], [ 176.131059750609296, -5.684310183558194 ], [ 176.130993635613237, -5.684063511340488 ], [ 176.130985477959513, -5.684038709919167 ], [ 176.13089960020875, -5.68376721881331 ], [ 176.13082912806766, -5.683495750890492 ], [ 176.130747353629658, -5.683224265955596 ], [ 176.13072408040702, -5.68317041701486 ], [ 176.130636580290002, -5.68295273736917 ], [ 176.1305478331345, -5.682681241931268 ], [ 176.130465894773664, -5.682409756739676 ], [ 176.130454374987409, -5.682377879118398 ], [ 176.130368769490133, -5.682138248682293 ], [ 176.130283705786212, -5.68186675877931 ], [ 176.130205977866837, -5.681595279918285 ], [ 176.130184752223073, -5.681530648454311 ], [ 176.130115448223393, -5.681323781779952 ], [ 176.130031638296458, -5.681052293756206 ], [ 176.129951984216177, -5.680780811987766 ], [ 176.129915129830067, -5.680683582439601 ], [ 176.129849083711633, -5.68050929520976 ], [ 176.129753695851349, -5.680237789739953 ], [ 176.12965807984898, -5.679966283921852 ], [ 176.129645361259605, -5.679934319230528 ], [ 176.12956131016864, -5.679694776361314 ], [ 176.12948268665599, -5.679423296129635 ], [ 176.129375627455516, -5.679162275878039 ], [ 176.129371069117326, -5.679151766194063 ], [ 176.129260301289804, -5.678880237530431 ], [ 176.129164928759025, -5.678608732054101 ], [ 176.129105772562497, -5.678471265545649 ], [ 176.129052236443783, -5.678337200476647 ], [ 176.128956697631992, -5.678065694738796 ], [ 176.12884994275916, -5.677794172094147 ], [ 176.128835937485064, -5.677767417583137 ], [ 176.128723698869663, -5.677522620070667 ], [ 176.128612940433612, -5.677251091375474 ], [ 176.128565974076167, -5.677149368618725 ], [ 176.128496437421603, -5.676979554013196 ], [ 176.128397164574324, -5.676708042615635 ], [ 176.128307434458719, -5.676436545598873 ], [ 176.128296208510505, -5.676399959241424 ], [ 176.128225117432748, -5.67616505975463 ], [ 176.128157107622172, -5.675893595478572 ], [ 176.128082196894525, -5.67562212079707 ], [ 176.128026697751267, -5.67548134816402 ], [ 176.127977558421094, -5.675350601290306 ], [ 176.127872611656215, -5.675079081312128 ], [ 176.127756799700506, -5.674820881521649 ], [ 176.127750155996495, -5.67480753492273 ], [ 176.127627250362877, -5.674535987843693 ], [ 176.12752849404734, -5.674264477179093 ], [ 176.127486898912224, -5.67416258100131 ], [ 176.127417700605918, -5.673992948351982 ], [ 176.127327993682229, -5.673721451326972 ], [ 176.127235754741463, -5.673449950478503 ], [ 176.127217141111515, -5.67340951548213 ], [ 176.127116531078627, -5.673178408913336 ], [ 176.127020338176465, -5.672906902088476 ], [ 176.126947270557935, -5.67273181378319 ], [ 176.12690624885596, -5.672635368253895 ], [ 176.126789239393247, -5.672363830003802 ], [ 176.126677291729862, -5.672126455431743 ], [ 176.126660030186997, -5.672092273331817 ], [ 176.126529924092353, -5.671820715293146 ], [ 176.126407225820031, -5.671579308542921 ], [ 176.126390515218986, -5.671549143198075 ], [ 176.12625166256538, -5.671277571926565 ], [ 176.126137143824678, -5.671043150835008 ], [ 176.126116419552005, -5.671006006089311 ], [ 176.125981277462699, -5.670734440389662 ], [ 176.125867125813414, -5.670464770818552 ], [ 176.125866205615353, -5.670462904985698 ], [ 176.125743952572691, -5.670191358726786 ], [ 176.125628586271546, -5.669919822859264 ], [ 176.125597141935799, -5.669864025580862 ], [ 176.125476817550492, -5.66964823199222 ], [ 176.125326986938234, -5.669377259443967 ], [ 176.125326610749482, -5.669376643464396 ], [ 176.125178260587518, -5.669105057722002 ], [ 176.125056814524953, -5.668902330064249 ], [ 176.125015039735246, -5.668833449487266 ], [ 176.124874231936133, -5.668561875103195 ], [ 176.124786655009302, -5.668419104354711 ], [ 176.124708430173172, -5.668290262921437 ], [ 176.124562435853591, -5.668018680658843 ], [ 176.124516491673717, -5.667938684222521 ], [ 176.124411366714583, -5.667747090704716 ], [ 176.124281210178111, -5.667475532353726 ], [ 176.124246395464922, -5.667413986976207 ], [ 176.124118228477698, -5.66720392434697 ], [ 176.123976131756564, -5.667000707107477 ], [ 176.123929777781626, -5.6669322777909 ], [ 176.123773899077975, -5.666660680474273 ], [ 176.123705905514043, -5.666562813943977 ], [ 176.123589440151306, -5.666389039892582 ], [ 176.123435658998289, -5.666138614069737 ], [ 176.123421888447155, -5.666117424861649 ], [ 176.123263360264417, -5.665845823460743 ], [ 176.123165423741796, -5.665707192104443 ], [ 176.123075666254294, -5.665574177888101 ], [ 176.122895133015192, -5.665312783788021 ], [ 176.122887307502054, -5.665302531272622 ], [ 176.122700377073215, -5.665030886783211 ], [ 176.122624836112607, -5.664922696645015 ], [ 176.122509927956344, -5.66475923692875 ], [ 176.122354510354597, -5.664551953146271 ], [ 176.12230816205556, -5.664487569894249 ], [ 176.122157916644426, -5.664215980869669 ], [ 176.122084330658311, -5.664084680968617 ], [ 176.122002809720982, -5.663944384459252 ], [ 176.121858786555578, -5.663672804822754 ], [ 176.121814175987822, -5.663601098210419 ], [ 176.121681786165254, -5.663401175190394 ], [ 176.121543880985314, -5.663210694015936 ], [ 176.121486790446568, -5.66312951824927 ], [ 176.121306922697869, -5.662857884203279 ], [ 176.121273620709871, -5.662797529958196 ], [ 176.121189341993585, -5.662586344567805 ], [ 176.121231018698126, -5.662315046388097 ], [ 176.121274477999663, -5.662230054510643 ], [ 176.121356730666349, -5.662043875581062 ], [ 176.121363415058312, -5.661772524330109 ], [ 176.121275470851629, -5.661572772651025 ], [ 176.121242654936509, -5.66150097990644 ], [ 176.121095568526584, -5.661229395562299 ], [ 176.121005232161934, -5.661145844705773 ], [ 176.120744251382973, -5.661228862857623 ], [ 176.120734217847399, -5.661232403343856 ], [ 176.120462949289106, -5.66148709258121 ], [ 176.120446178326574, -5.661499772042476 ], [ 176.120191731242983, -5.661708226520345 ], [ 176.120107555602686, -5.661770619481858 ], [ 176.119920504405542, -5.661935039371074 ], [ 176.119830173671772, -5.662041559663738 ], [ 176.119686239155413, -5.66231270235549 ], [ 176.119648949099343, -5.662378751231205 ], [ 176.119507093197427, -5.662583791499613 ], [ 176.119377450309855, -5.662784839372901 ], [ 176.11910678157372, -5.66264260597815 ], [ 176.119098010155994, -5.662583169915966 ], [ 176.119107019633333, -5.662485413656182 ], [ 176.119125826083604, -5.662311850972843 ], [ 176.119231650612193, -5.662040650556124 ], [ 176.119301436562068, -5.661769395352188 ], [ 176.119234602884944, -5.661497932579203 ], [ 176.119108730520736, -5.661355572959605 ], [ 176.118995305441928, -5.661226207750777 ], [ 176.118838270799017, -5.661075792860922 ], [ 176.1187232585674, -5.660954433076517 ], [ 176.118567771194449, -5.660822510553595 ], [ 176.118379943579527, -5.660682549949342 ], [ 176.118297198300468, -5.660617751222984 ], [ 176.118026584499063, -5.660440111560141 ], [ 176.117961713572043, -5.660410552710422 ], [ 176.117755881838264, -5.660321196474579 ], [ 176.117485100494576, -5.660254245561312 ], [ 176.117214371271899, -5.660152991126875 ], [ 176.11718004240808, -5.660138002013459 ], [ 176.116943667497196, -5.660035039981674 ], [ 176.116672892856826, -5.659963857427774 ], [ 176.116402103505521, -5.659902419039462 ], [ 176.116279822040923, -5.659865269722095 ], [ 176.116131362488687, -5.659809206864806 ], [ 176.115860721733981, -5.659650068655338 ], [ 176.1157967315402, -5.659593172312949 ], [ 176.115590333925326, -5.659324585178618 ], [ 176.115587360725755, -5.659321492055551 ], [ 176.115319764630328, -5.659118692803185 ], [ 176.115048929031559, -5.659088078418715 ], [ 176.114778061646177, -5.659078394647553 ], [ 176.114658535177938, -5.659048713928347 ], [ 176.114507300151075, -5.658999129182555 ], [ 176.114236608838809, -5.65887380649472 ], [ 176.114040115933591, -5.658776408681107 ], [ 176.113965935681875, -5.658736643870299 ], [ 176.113695286542821, -5.658583801106785 ], [ 176.113554301636611, -5.65850430553513 ], [ 176.113424659654811, -5.658416451321489 ], [ 176.113153969004685, -5.658291063434714 ], [ 176.113047505497065, -5.658232169967354 ], [ 176.112883322297819, -5.658136927106529 ], [ 176.112651519004913, -5.657960203543713 ], [ 176.112612778095212, -5.657915649513479 ], [ 176.112383793793668, -5.657688433169907 ], [ 176.112342320247535, -5.657637875589191 ], [ 176.112071737446513, -5.657442199055943 ], [ 176.11201509115233, -5.657416508156405 ], [ 176.111801019641888, -5.657335141237045 ], [ 176.111530135298267, -5.657337290847069 ], [ 176.111317515891074, -5.657415439992503 ], [ 176.111259105617791, -5.657434658937029 ], [ 176.110988056418051, -5.657544761187634 ], [ 176.110786453204042, -5.657685986898755 ], [ 176.110716866413583, -5.657746983727243 ], [ 176.110556379379005, -5.657956994826897 ], [ 176.110445406770111, -5.65812554111383 ], [ 176.110387117618899, -5.658228095897064 ], [ 176.110192398312563, -5.658499157837362 ], [ 176.110173926030654, -5.658517655021869 ], [ 176.109903473335635, -5.658770075116082 ], [ 176.109902656935162, -5.658771119306395 ], [ 176.109774338229101, -5.659041237497823 ], [ 176.109739875456313, -5.659312545167046 ], [ 176.109818426123553, -5.65958402631549 ], [ 176.109901282472237, -5.659669833289051 ], [ 176.110172050615034, -5.659744317793337 ], [ 176.110442905566202, -5.659762069755991 ], [ 176.110713686787648, -5.659828093659947 ], [ 176.110773644122219, -5.659856852445222 ], [ 176.110984396015567, -5.659941295440349 ], [ 176.111255057971618, -5.660085528582756 ], [ 176.111321340155115, -5.660129052724073 ], [ 176.111525650662912, -5.660275223131117 ], [ 176.111678318190826, -5.66040096040844 ], [ 176.111796184024087, -5.660503907683529 ], [ 176.111982611904779, -5.660672787234628 ], [ 176.112066703645723, -5.660741738538947 ], [ 176.112327861693558, -5.660944676650147 ], [ 176.11233726520075, -5.660952231748297 ], [ 176.112607765169344, -5.661203236323757 ], [ 176.11262405132581, -5.661216490817475 ], [ 176.112878427582785, -5.661347863540768 ], [ 176.113149191754957, -5.661425834576985 ], [ 176.113367927845218, -5.6614889897412 ], [ 176.113419959489221, -5.661501527608658 ], [ 176.113690762571338, -5.661554076840869 ], [ 176.11396159158204, -5.661589646265536 ], [ 176.114232434063268, -5.661616402835481 ], [ 176.114503262038028, -5.6616527189858 ], [ 176.114774050471283, -5.661715055612195 ], [ 176.114915563674685, -5.661762715558577 ], [ 176.115044806506745, -5.66179873978074 ], [ 176.115315580935373, -5.661870392229628 ], [ 176.115586295906951, -5.661981208264909 ], [ 176.115665421015564, -5.662035220934571 ], [ 176.11585689561727, -5.662167936649242 ], [ 176.116031763576927, -5.66230714070305 ], [ 176.116127469329967, -5.662371895211582 ], [ 176.116398169319751, -5.662492857862038 ], [ 176.116656628171143, -5.662579454340922 ], [ 176.116668915724773, -5.662583341423064 ], [ 176.116939645904353, -5.662684579125909 ], [ 176.117210285644887, -5.662845476476949 ], [ 176.11722036418837, -5.662851674289853 ], [ 176.117480972956855, -5.6629751293179 ], [ 176.117751657697227, -5.66310656688753 ], [ 176.117790443299981, -5.66312390342478 ], [ 176.118022394667207, -5.663203653839531 ], [ 176.118293186269824, -5.663264775198215 ], [ 176.118563986069233, -5.66332053797235 ], [ 176.118834927227311, -5.6632830487759 ], [ 176.119105981956238, -5.663170566185531 ], [ 176.119161104259604, -5.663397349448306 ], [ 176.11918318348927, -5.663668744218018 ], [ 176.119257765043812, -5.663940218787856 ], [ 176.119368864029553, -5.66421174885568 ], [ 176.119375267035281, -5.664226669712745 ], [ 176.119483524162263, -5.664483284327388 ], [ 176.119548337827609, -5.664754744045534 ], [ 176.119579785312112, -5.665026153060174 ], [ 176.119619795922205, -5.665297575087968 ], [ 176.119644413347913, -5.665374875082383 ], [ 176.119720723760025, -5.665569089684695 ], [ 176.119817573063045, -5.66584059807883 ], [ 176.119881303588954, -5.666112056148785 ], [ 176.119913988975355, -5.666240016648626 ], [ 176.119965001800779, -5.666383544556017 ], [ 176.120074996880049, -5.666655072911503 ], [ 176.120183972583419, -5.666836058567049 ], [ 176.120243720634704, -5.666926690470119 ], [ 176.120380348831873, -5.667198259254953 ], [ 176.120454058317364, -5.667364937067931 ], [ 176.120509228670812, -5.66746981625758 ], [ 176.120652779153033, -5.667741395524948 ], [ 176.120724232017523, -5.667835967352494 ], [ 176.12085972587667, -5.668013071026757 ], [ 176.120994489201877, -5.668252073551465 ], [ 176.121015816108496, -5.668284669283586 ], [ 176.121083638710957, -5.668556133538173 ], [ 176.12108123035253, -5.66882749118315 ], [ 176.121061251177139, -5.669098822150549 ], [ 176.121020660272791, -5.669370121817813 ], [ 176.120992616077444, -5.669490176762043 ], [ 176.120965317588201, -5.669641399074246 ], [ 176.120899205222685, -5.669912659959829 ], [ 176.120807644328238, -5.670183882173509 ], [ 176.120720292936511, -5.6704387060448 ], [ 176.120715471125436, -5.670455103426937 ], [ 176.120691622079534, -5.670726428452876 ], [ 176.120708354346931, -5.670997815126701 ], [ 176.120719350898099, -5.671060975852496 ], [ 176.120767930695365, -5.67126926689128 ], [ 176.120867069066378, -5.671540778756756 ], [ 176.120989136550605, -5.671789355395087 ], [ 176.121006561900032, -5.67181235191499 ], [ 176.121259677923575, -5.672018733606246 ], [ 176.121370386925832, -5.672084265726047 ], [ 176.121530348697434, -5.67216272329307 ], [ 176.121800964050863, -5.672343454079101 ], [ 176.121816845766233, -5.672356304777096 ], [ 176.12207152717977, -5.672558842784664 ], [ 176.122148374623492, -5.672628169185247 ], [ 176.122342062075944, -5.672793046007668 ], [ 176.122459745281475, -5.672900002874266 ], [ 176.122612581272875, -5.673037785256774 ], [ 176.122739873788532, -5.673171789065661 ], [ 176.122882980627907, -5.673361999185199 ], [ 176.122944839366568, -5.673443461214335 ], [ 176.12313618822742, -5.673715112677522 ], [ 176.123153303391632, -5.673737114096037 ], [ 176.123342260928922, -5.673986786416346 ], [ 176.123423629044424, -5.674110535358339 ], [ 176.12351812030721, -5.674258414328567 ], [ 176.123674403762408, -5.674530012551633 ], [ 176.123693851891147, -5.674552269522838 ], [ 176.123964395000314, -5.674782075496645 ], [ 176.123987503055645, -5.674801848285262 ], [ 176.124234920395423, -5.675023766253034 ], [ 176.124280602296636, -5.675073653608857 ], [ 176.124469857929626, -5.675345301623947 ], [ 176.124505238688414, -5.675402891484471 ], [ 176.124637317921611, -5.675616916610437 ], [ 176.12472854938818, -5.675888416195845 ], [ 176.124775029169172, -5.676132180669716 ], [ 176.124781904936441, -5.676159858450667 ], [ 176.124804459380186, -5.676431254085799 ], [ 176.124783201976328, -5.676702583403842 ], [ 176.124773881265668, -5.676893170825944 ], [ 176.124770956823255, -5.676973926358467 ], [ 176.124773715478796, -5.677003068857854 ], [ 176.124803601897895, -5.677245337266132 ], [ 176.12488893525628, -5.677516827933171 ], [ 176.125043446044032, -5.677772606856966 ], [ 176.125057403589977, -5.677788444430175 ], [ 176.125313947962979, -5.678031013463261 ], [ 176.125342515477655, -5.678060237405181 ], [ 176.125544143708453, -5.678331903987566 ], [ 176.125584299281115, -5.678389480320345 ], [ 176.125731655623611, -5.678603549174123 ], [ 176.125854551612036, -5.678813836339156 ], [ 176.125892332392226, -5.678875153740173 ], [ 176.125999159961651, -5.679146676850899 ], [ 176.126026896978487, -5.679418080353295 ], [ 176.125993672134086, -5.679689391660036 ], [ 176.125937366084372, -5.679960668046085 ], [ 176.125877365212688, -5.680231938826811 ], [ 176.125852330606307, -5.680287251848636 ], [ 176.125766004622363, -5.680503131884645 ], [ 176.125580782888449, -5.680721530814381 ], [ 176.125522474356302, -5.680774124878233 ], [ 176.125309533066172, -5.680958071533633 ], [ 176.12520824560778, -5.681045010690247 ], [ 176.125038305308522, -5.681179848719714 ], [ 176.124842441116186, -5.681315818158104 ], [ 176.124767119616166, -5.6813736302078 ], [ 176.12449597143393, -5.681542461008442 ], [ 176.124424001432203, -5.68158654556705 ], [ 176.124224831782385, -5.681705548478421 ], [ 176.123953788491292, -5.681804782063111 ], [ 176.123694550052278, -5.681856800903674 ], [ 176.123682811457201, -5.681860137402959 ], [ 176.123632555582844, -5.681856706857531 ], [ 176.123411940190181, -5.681845529217663 ], [ 176.12314122479404, -5.681727898654621 ], [ 176.122967854859411, -5.681584336765937 ], [ 176.122870696477179, -5.681486708560546 ], [ 176.122696736325025, -5.681312563806161 ], [ 176.122600234133245, -5.681202078602884 ], [ 176.122454445303617, -5.68104083454193 ], [ 176.122329802465799, -5.680897358492333 ], [ 176.122224760432431, -5.680769124359868 ], [ 176.122059511392109, -5.680499972229645 ], [ 176.122057745626449, -5.680497509343094 ], [ 176.121875974686077, -5.680225871875176 ], [ 176.121789213323609, -5.68010743416167 ], [ 176.121663761430398, -5.679954188103085 ], [ 176.121518817895492, -5.679779390840837 ], [ 176.121441575346466, -5.679682489119577 ], [ 176.121248440929236, -5.679439359734704 ], [ 176.12122465738193, -5.679410798090666 ], [ 176.121053065893904, -5.679139175943708 ], [ 176.120978209098666, -5.679003772949933 ], [ 176.120887656549144, -5.678867563171152 ], [ 176.12070780499289, -5.678682070587853 ], [ 176.120613904422896, -5.678595785547084 ], [ 176.120437288706228, -5.67843453828477 ], [ 176.120308385657552, -5.678323959485925 ], [ 176.120166756478312, -5.678197669876158 ], [ 176.120029583797361, -5.678052173976257 ], [ 176.119896308535488, -5.677905397936799 ], [ 176.119796460450516, -5.677780457922741 ], [ 176.119625958383381, -5.677548865494184 ], [ 176.119592095293825, -5.677508785602979 ], [ 176.119424580515158, -5.677237169366755 ], [ 176.119355698498936, -5.677133075682888 ], [ 176.119128082881502, -5.676965356604106 ], [ 176.119085093245076, -5.676944990623213 ], [ 176.118814397851196, -5.67681637791319 ], [ 176.118685778507853, -5.676693321500725 ], [ 176.118543934884173, -5.676534861257739 ], [ 176.118443293527122, -5.676421590800558 ], [ 176.118273575291425, -5.676185487189328 ], [ 176.118245981427123, -5.676149928915891 ], [ 176.118108634859169, -5.675878358442817 ], [ 176.118038402400629, -5.675606890313399 ], [ 176.118003806375441, -5.675447682576957 ], [ 176.117971928217798, -5.675335427914961 ], [ 176.117866204892522, -5.675063905652771 ], [ 176.117733861496276, -5.674826004156503 ], [ 176.117709722211941, -5.674792305955716 ], [ 176.117551544220163, -5.674520703649934 ], [ 176.117463777684151, -5.674296028739198 ], [ 176.117437436840959, -5.67424916856448 ], [ 176.117249177952544, -5.673977520318306 ], [ 176.117193456917732, -5.6739221519971 ], [ 176.116922768855147, -5.673789943942444 ], [ 176.116677554524586, -5.673705286788189 ], [ 176.116652020965233, -5.673697143573246 ], [ 176.11638137635299, -5.673536559578144 ], [ 176.11628919654774, -5.673433332747217 ], [ 176.116181030613234, -5.673161806603193 ], [ 176.116111280443619, -5.673015679564933 ], [ 176.115892792466354, -5.672890005315477 ], [ 176.115840608803069, -5.672873157386033 ], [ 176.115569772242765, -5.672838996994029 ], [ 176.115299142646194, -5.672669044553568 ], [ 176.11524906217366, -5.672617660442469 ], [ 176.115064448234705, -5.672346017283052 ], [ 176.11502886672406, -5.672267151701357 ], [ 176.114953279297083, -5.672074486426705 ], [ 176.114907029686464, -5.671803054859946 ], [ 176.114873874026586, -5.671531643320764 ], [ 176.114839894555359, -5.671260230522002 ], [ 176.114759882731818, -5.671017946936284 ], [ 176.114749068056454, -5.670988730776077 ], [ 176.114596696254466, -5.670717136881415 ], [ 176.114489650110158, -5.670588310154251 ], [ 176.114274509539428, -5.67044528313594 ], [ 176.114219021775483, -5.670418409470196 ], [ 176.113948199146137, -5.670375991884205 ], [ 176.113677304188514, -5.670381013266065 ], [ 176.113406383400246, -5.670402967294789 ], [ 176.113135476813653, -5.670415619304672 ], [ 176.112864636538092, -5.670384859453869 ], [ 176.112593940333284, -5.670259828272205 ], [ 176.112497396245487, -5.670171200356206 ], [ 176.112323518556565, -5.669955300606253 ], [ 176.112281083831874, -5.669899508006348 ], [ 176.112143111201192, -5.669627935758798 ], [ 176.1120534472104, -5.669421685975333 ], [ 176.112020305953536, -5.669356386760267 ], [ 176.111824275888438, -5.669084725421714 ], [ 176.111783124937546, -5.669052493908596 ], [ 176.111512368203961, -5.668967623944611 ], [ 176.111241518034319, -5.66894389865206 ], [ 176.110970664581032, -5.66892234648533 ], [ 176.110699839943152, -5.668881994252383 ], [ 176.110429054820429, -5.668815870334068 ], [ 176.110158168729839, -5.668815724998541 ], [ 176.10996351808609, -5.669081867850145 ], [ 176.110044456168737, -5.66935335277086 ], [ 176.1101570235015, -5.669563439578938 ], [ 176.110199360026456, -5.669624951383195 ], [ 176.110367438410634, -5.669896570221254 ], [ 176.110427229955519, -5.670007632071224 ], [ 176.110516702744206, -5.670168160122234 ], [ 176.110639661258972, -5.670439709585485 ], [ 176.110697334269815, -5.670518784342019 ], [ 176.110841116202181, -5.670711379631841 ], [ 176.110967590425531, -5.670931018737082 ], [ 176.111000783815854, -5.670982985449908 ], [ 176.111158954738897, -5.671254588945959 ], [ 176.111237821166725, -5.671360093612577 ], [ 176.111377654063773, -5.671526285364993 ], [ 176.111508219081998, -5.671680146188995 ], [ 176.111608405763917, -5.671798000233471 ], [ 176.111778612006958, -5.672003650918951 ], [ 176.111843818661043, -5.672069722195219 ], [ 176.112049100797293, -5.672264658251908 ], [ 176.112133261477709, -5.672341527000588 ], [ 176.112319612613447, -5.672510764347761 ], [ 176.112425413744319, -5.672613335856939 ], [ 176.112590091604062, -5.672778499431246 ], [ 176.11270282713815, -5.672885122002379 ], [ 176.112860601602819, -5.673026105082217 ], [ 176.113010373246425, -5.673156954250751 ], [ 176.113131134873186, -5.67325863000889 ], [ 176.11331299104296, -5.673428778824164 ], [ 176.113401627579748, -5.673517860639351 ], [ 176.113569201761408, -5.673700532172337 ], [ 176.113672065412146, -5.673813190318633 ], [ 176.113816590214583, -5.67397227192636 ], [ 176.113942522082851, -5.674096356549478 ], [ 176.114081777166064, -5.674244038867815 ], [ 176.114212975250439, -5.674381989986263 ], [ 176.114350580058868, -5.674515811260213 ], [ 176.114483457166045, -5.674648953517139 ], [ 176.114611858890441, -5.674787572046295 ], [ 176.114753834030267, -5.674984953777005 ], [ 176.114813776468765, -5.675059241898978 ], [ 176.114973449702831, -5.675330847062114 ], [ 176.115024072205699, -5.675412099930757 ], [ 176.115157019450749, -5.675602488765652 ], [ 176.11529437423863, -5.675797602693381 ], [ 176.115359148583252, -5.675874158827302 ], [ 176.115564838623328, -5.676076812190808 ], [ 176.115645943739963, -5.676145958337014 ], [ 176.115835426548784, -5.676275116962241 ], [ 176.116032311971054, -5.676417909976859 ], [ 176.116106017311921, -5.676471686290461 ], [ 176.116376606565439, -5.676669373273758 ], [ 176.116401930477821, -5.676689835814965 ], [ 176.11664718895878, -5.676871693087985 ], [ 176.116753455646517, -5.676961733827198 ], [ 176.116917708316095, -5.677115555426941 ], [ 176.117046271425039, -5.677233542013652 ], [ 176.11718824046099, -5.677351166340863 ], [ 176.117367032592114, -5.677505392757962 ], [ 176.117458783183736, -5.677579971745072 ], [ 176.11767399507832, -5.677777222307312 ], [ 176.11772928453891, -5.677836119934435 ], [ 176.117915041138161, -5.678048951153872 ], [ 176.117999697010873, -5.678150881363279 ], [ 176.118154075213425, -5.678320676862635 ], [ 176.118270147767362, -5.678440646866877 ], [ 176.118403750810984, -5.678592418735549 ], [ 176.118540539942131, -5.678769134393332 ], [ 176.118617264996743, -5.678864105390744 ], [ 176.118806901044934, -5.679135755588879 ], [ 176.118810866490037, -5.679141009561104 ], [ 176.119028495378672, -5.679407454467182 ], [ 176.119081258823257, -5.679469794601445 ], [ 176.119261097404234, -5.679679170066323 ], [ 176.119351659581639, -5.679793227651158 ], [ 176.119487500948367, -5.679950876157983 ], [ 176.119622090145413, -5.680097222835336 ], [ 176.119732391186886, -5.68022261035359 ], [ 176.119892478830337, -5.680428991450587 ], [ 176.119945368468819, -5.680494295872826 ], [ 176.120145894746486, -5.68076596238128 ], [ 176.120162826154171, -5.680788213024101 ], [ 176.120362185950256, -5.681037652848882 ], [ 176.120433205145304, -5.681126772816114 ], [ 176.120603103757048, -5.6813093807503 ], [ 176.120703664836697, -5.681412328383459 ], [ 176.120864933524558, -5.681581140407146 ], [ 176.120974103929569, -5.681711642202137 ], [ 176.12108014571038, -5.681852829054555 ], [ 176.121244418830173, -5.682093057970451 ], [ 176.121268873632744, -5.682124477362248 ], [ 176.121457036527346, -5.682396124773467 ], [ 176.121514717957325, -5.68248510278047 ], [ 176.121651756028001, -5.682667782118588 ], [ 176.121785096334207, -5.682825074663375 ], [ 176.121882424538541, -5.682939494080697 ], [ 176.122055492547105, -5.683153474795192 ], [ 176.122107292665675, -5.683211197164348 ], [ 176.122325900545462, -5.683474289530811 ], [ 176.122333219331722, -5.683482901798885 ], [ 176.122546919973615, -5.683754587798298 ], [ 176.122596277445382, -5.6838158353823 ], [ 176.122785212047205, -5.684026311104148 ], [ 176.122866723019513, -5.684112217681636 ], [ 176.123041833464725, -5.68429806218088 ], [ 176.123137176431385, -5.684403601198921 ], [ 176.12328322592532, -5.684569790054631 ], [ 176.123407618108644, -5.684702918405748 ], [ 176.123525880233728, -5.684841519775046 ], [ 176.123678020871381, -5.685028144302789 ], [ 176.123753121092221, -5.685113226032737 ], [ 176.123948432832719, -5.685347482396562 ], [ 176.123981112890419, -5.685384933370464 ], [ 176.124196645760662, -5.685656621747127 ], [ 176.124218817718656, -5.685684921467489 ], [ 176.124420459049219, -5.685928322631191 ], [ 176.124489218232782, -5.686012222065132 ], [ 176.124645160183007, -5.686200024804345 ], [ 176.124759635831992, -5.686328412438411 ], [ 176.124879674724752, -5.686471741797999 ], [ 176.125030043976011, -5.686651052310209 ], [ 176.125114241547436, -5.686743458806625 ], [ 176.125300478940915, -5.68695612782865 ], [ 176.125353929259518, -5.687015183511343 ], [ 176.125570902840536, -5.687268716849919 ], [ 176.125587469594024, -5.68728689883435 ], [ 176.125839119248354, -5.687558641524895 ], [ 176.125841357482187, -5.687561129918878 ], [ 176.126093341039706, -5.687830388034291 ], [ 176.126111816218071, -5.687851008862838 ], [ 176.12633590132188, -5.688102116809795 ], [ 176.126382253400266, -5.688155350953385 ], [ 176.126567736581535, -5.688373829281163 ], [ 176.126652654483337, -5.688483810343724 ], [ 176.126786551426193, -5.6886455219852 ], [ 176.12692308773191, -5.688791137285225 ], [ 176.127034091215563, -5.688917258097249 ], [ 176.12719350603038, -5.689108567270398 ], [ 176.127264993434181, -5.689188968968508 ], [ 176.127463946642933, -5.68941138453135 ], [ 176.127509697783324, -5.689460700651487 ], [ 176.127734361668246, -5.689731366885651 ], [ 176.127735233220477, -5.689732403279479 ], [ 176.127944051546763, -5.690004080577344 ], [ 176.12800473985962, -5.690075992926597 ], [ 176.128164816314694, -5.69027577588308 ], [ 176.128275081482514, -5.690445104805187 ], [ 176.128350279188595, -5.690547417787112 ], [ 176.128517735166412, -5.690819032448122 ], [ 176.128545353806032, -5.690860457805918 ], [ 176.128710155744102, -5.691090684796144 ], [ 176.128815703161706, -5.691224880268407 ], [ 176.1289242425309, -5.691362369829661 ], [ 176.12908604176917, -5.691596660112348 ], [ 176.129115749976137, -5.691634020714378 ], [ 176.129294235519126, -5.691905651898732 ], [ 176.129356337661818, -5.691997047888094 ], [ 176.12947986153128, -5.692177293830289 ], [ 176.129626593287156, -5.692424437178817 ], [ 176.129644136072471, -5.692448903497912 ], [ 176.129825351594093, -5.692720538706847 ], [ 176.129896894418806, -5.692821814838639 ], [ 176.130020335276214, -5.692992194657217 ], [ 176.130167165818392, -5.693239198724517 ], [ 176.130184624281611, -5.693263804258567 ], [ 176.130355776269397, -5.693535424186604 ], [ 176.130437438829603, -5.693655752241099 ], [ 176.130544048998075, -5.693807069907715 ], [ 176.130706983528398, -5.694078677381918 ], [ 176.130707700898029, -5.694079828435747 ], [ 176.130890462695248, -5.694350315807441 ], [ 176.130978010172271, -5.694472731830331 ], [ 176.131085509164166, -5.694621971635829 ], [ 176.13124288491403, -5.694893570643889 ], [ 176.131248264113196, -5.694902701469555 ], [ 176.131421394025182, -5.695165201478255 ], [ 176.131518570977164, -5.695297679397389 ], [ 176.131621430113626, -5.695436864716863 ], [ 176.131788872130443, -5.695696692220921 ], [ 176.131797733414743, -5.695708492157978 ], [ 176.131995044016833, -5.695980151210668 ], [ 176.132059213055015, -5.696069443171067 ], [ 176.132201550024774, -5.696251824069441 ], [ 176.132329605148243, -5.696408318161735 ], [ 176.132419999957307, -5.696523514864728 ], [ 176.132589276109343, -5.69679513157905 ], [ 176.132599899707628, -5.696812405856711 ], [ 176.132770870531374, -5.69706676680677 ], [ 176.132870217763895, -5.697201064720068 ], [ 176.132975329659246, -5.697338436410505 ], [ 176.133140554558764, -5.697577456556491 ], [ 176.133167239717068, -5.697610087086176 ], [ 176.133368694900071, -5.697881752082143 ], [ 176.133410919106808, -5.69793555949783 ], [ 176.133567761427514, -5.69815341344087 ], [ 176.133681221589626, -5.698335284763685 ], [ 176.133744167250399, -5.698425040678154 ], [ 176.133930457121863, -5.698696682745763 ], [ 176.133951538693253, -5.698725487357082 ], [ 176.134147789233765, -5.698968371443912 ], [ 176.134221933066755, -5.69906434201279 ], [ 176.13436570953732, -5.699240060972322 ], [ 176.134492354976857, -5.699385015564087 ], [ 176.134596578105544, -5.699511769903709 ], [ 176.134762743047247, -5.69972848403996 ], [ 176.134809335456112, -5.699783451563123 ], [ 176.135029159322215, -5.700055143785869 ], [ 176.135033149967711, -5.700059567297808 ], [ 176.135288070392221, -5.700326894651162 ], [ 176.135303628032972, -5.700343313287015 ], [ 176.135538992216226, -5.700598633439739 ], [ 176.135574091384598, -5.700637069577598 ], [ 176.135792544390739, -5.700870376099894 ], [ 176.135844565945604, -5.700923513525769 ], [ 176.136062715438356, -5.701142143619338 ], [ 176.13611506505751, -5.701193717707861 ], [ 176.136385645159322, -5.701409917240275 ], [ 176.136395501010441, -5.701414004975426 ], [ 176.13665643423451, -5.701486434378262 ], [ 176.136800625974558, -5.70141461253743 ] ], [ [ 176.101120130704942, -5.664726447379207 ], [ 176.101225433717673, -5.664610785247302 ], [ 176.101281834430125, -5.664455338323303 ], [ 176.101326482624586, -5.664184047665619 ], [ 176.101350062334944, -5.663912724322997 ], [ 176.101389852946227, -5.663641426111166 ], [ 176.101432791567049, -5.663370132769308 ], [ 176.101227756620915, -5.663107822201203 ], [ 176.100956541603665, -5.663322615550446 ], [ 176.100914878220209, -5.663369329511181 ], [ 176.100686532578493, -5.663640335079685 ], [ 176.100685164911511, -5.663641832840235 ], [ 176.100499236989663, -5.663911404244109 ], [ 176.100419236992508, -5.664182639901475 ], [ 176.100501951046709, -5.664454128154315 ], [ 176.100683547230375, -5.664687815652256 ], [ 176.100756911090286, -5.664725883762765 ], [ 176.100954227344232, -5.664819477778819 ], [ 176.101120130704942, -5.664726447379207 ] ], [ [ 176.107968200158723, -5.671521040037412 ], [ 176.107986945960391, -5.671507098677941 ], [ 176.108142264631027, -5.671249947974774 ], [ 176.1082585395217, -5.67104720898207 ], [ 176.108296298194745, -5.670978824970733 ], [ 176.108407175524746, -5.670707635423072 ], [ 176.108530305776753, -5.670474496317905 ], [ 176.108549163495553, -5.670436493750408 ], [ 176.108578912432364, -5.670165179183425 ], [ 176.108530897014759, -5.670089258942437 ], [ 176.108260093112023, -5.670035279138452 ], [ 176.108100832531932, -5.670164442746659 ], [ 176.10798882116984, -5.670286131196285 ], [ 176.107863005101478, -5.670435436579948 ], [ 176.107717472507488, -5.67058677355734 ], [ 176.107446427884497, -5.670689383344157 ], [ 176.107175564541308, -5.670674012681139 ], [ 176.107119392927871, -5.670705650245917 ], [ 176.107029300191414, -5.670976871521818 ], [ 176.107174823784447, -5.671155886163052 ], [ 176.107232735614758, -5.671248545641718 ], [ 176.107445163513916, -5.671512097695956 ], [ 176.107454658471255, -5.671520248230707 ], [ 176.107715824968949, -5.671659133030132 ], [ 176.107968200158723, -5.671521040037412 ] ] ] } },
{ "type": "Feature", "properties": { "year": 2018, "certainty": "good", "eez_territory": "TUV" }, "geometry": { "type": "MultiLineString", "coordinates": [ [ [ 176.078075134562965, -5.653021832968366 ], [ 176.078218922711869, -5.65290998259498 ], [ 176.07836300648782, -5.652750931715997 ], [ 176.07840811877179, -5.652479645012236 ], [ 176.078374030461703, -5.65220823259343 ], [ 176.078389723688787, -5.651936899185904 ], [ 176.07844128714558, -5.651665622698152 ], [ 176.078446504571787, -5.651394272652968 ], [ 176.078408871101999, -5.651122854608316 ], [ 176.078370826605294, -5.650851435912189 ], [ 176.078350571396925, -5.650580045445067 ], [ 176.078293455243056, -5.650308596487351 ], [ 176.078223250301306, -5.650173853425207 ], [ 176.078136061340899, -5.650036988396568 ], [ 176.07795295482245, -5.64980729320462 ], [ 176.077914319223396, -5.649765278146655 ], [ 176.077682506538395, -5.649537527407615 ], [ 176.077634621333175, -5.649493475827946 ], [ 176.077412002926934, -5.649302884102508 ], [ 176.077319816884, -5.649221617659271 ], [ 176.077141507501551, -5.649063209641288 ], [ 176.07700634603998, -5.64894976148361 ], [ 176.076870994532328, -5.648834759647595 ], [ 176.076627835907516, -5.648677801824576 ], [ 176.076600394048313, -5.648661710144625 ], [ 176.076329744789803, -5.648519560919878 ], [ 176.076138800149891, -5.648405666248296 ], [ 176.076059139165778, -5.648349965267623 ], [ 176.075788557240855, -5.648165523382031 ], [ 176.075740161929303, -5.648133674126054 ], [ 176.075517922588944, -5.648014456644197 ], [ 176.07527130370849, -5.647861570048211 ], [ 176.075247317614384, -5.647844771634408 ], [ 176.074976713486279, -5.647674660071795 ], [ 176.074865014400075, -5.64758956527133 ], [ 176.074706142784265, -5.647483587140315 ], [ 176.07446184488245, -5.647317565237835 ], [ 176.074435559702977, -5.647300433079312 ], [ 176.074164939896349, -5.647140529190117 ], [ 176.074027972366082, -5.64704551606621 ], [ 176.073894370506594, -5.646948973980566 ], [ 176.0736237752227, -5.64677384134936 ], [ 176.073623307491886, -5.646773513187896 ], [ 176.073353158607603, -5.646612246097911 ], [ 176.073181154223846, -5.646501450310263 ], [ 176.073082560172708, -5.646439312359622 ], [ 176.072811918031988, -5.646293984837489 ], [ 176.072694208366897, -5.646229315703814 ], [ 176.072541262066153, -5.646157447048179 ], [ 176.072270600885417, -5.646024277718843 ], [ 176.072162616423867, -5.645957109500054 ], [ 176.071999986219112, -5.645861954636941 ], [ 176.071729349564862, -5.64571355350671 ], [ 176.071683756546776, -5.645684987098948 ], [ 176.07145875114432, -5.645541224992033 ], [ 176.071233104921873, -5.645412909439933 ], [ 176.071188131181003, -5.645382536719385 ], [ 176.070917508496962, -5.645225657907664 ], [ 176.070755934779839, -5.645140789112093 ], [ 176.070646874582962, -5.645075929415147 ], [ 176.070376195087363, -5.64495490651636 ], [ 176.070182981742704, -5.644868515288368 ], [ 176.070105524699017, -5.644828249740972 ], [ 176.069834827119053, -5.644718734408807 ], [ 176.069564137785562, -5.64460412185152 ], [ 176.069546141482078, -5.644596138750444 ], [ 176.069293449242338, -5.644489091038628 ], [ 176.069022740805337, -5.644386607184894 ], [ 176.068859308627168, -5.644323681553912 ], [ 176.068752036613802, -5.644281533607375 ], [ 176.068481300887953, -5.644196287045173 ], [ 176.068210560523482, -5.644114006749697 ], [ 176.068021238145093, -5.644050981271163 ], [ 176.067939836238111, -5.644021718565289 ], [ 176.067669107082054, -5.643932544133763 ], [ 176.067398383295824, -5.643840072675883 ], [ 176.067226943979875, -5.643778350126375 ], [ 176.067127671134898, -5.643740393443562 ], [ 176.066856920529546, -5.643664827507004 ], [ 176.066586163472437, -5.643593351249786 ], [ 176.066315430574434, -5.64350682700495 ], [ 176.066311768696551, -5.643505523948271 ], [ 176.066044693039686, -5.643423262049605 ], [ 176.065773956922413, -5.643338871601597 ], [ 176.065503246565328, -5.643238452692301 ], [ 176.065487819412596, -5.643232843063503 ], [ 176.065232518877821, -5.643148924133142 ], [ 176.064961767183661, -5.643074444514451 ], [ 176.064691020311528, -5.642997010725932 ], [ 176.064555802774777, -5.642959987328468 ], [ 176.064420256307272, -5.642930321984389 ], [ 176.064149463311111, -5.642881766406893 ], [ 176.063878652107519, -5.642844604254572 ], [ 176.063607822355721, -5.642819038339545 ], [ 176.06333698656664, -5.642797262236257 ], [ 176.063066158961476, -5.642770412980347 ], [ 176.062795342944185, -5.642736374801731 ], [ 176.062524544806024, -5.64269123662471 ], [ 176.062498621199296, -5.642685317711716 ], [ 176.062253750479499, -5.642643764416528 ], [ 176.061982957380479, -5.64259556821608 ], [ 176.061712167781621, -5.642545234776827 ], [ 176.061441373026696, -5.642498149634072 ], [ 176.061170561845586, -5.642461317506754 ], [ 176.060899719771925, -5.642443721996862 ], [ 176.060628797749644, -5.642475830813621 ], [ 176.060357827054361, -5.642538170848677 ], [ 176.060086835639225, -5.64261335502109 ], [ 176.059891894691589, -5.642681110174108 ], [ 176.059815798231568, -5.64271706218859 ], [ 176.059544681101073, -5.642870200998174 ], [ 176.059457622451049, -5.642951765037743 ], [ 176.059273246153708, -5.643220448531745 ], [ 176.059272099602964, -5.643222821930172 ], [ 176.059194383358317, -5.643494053149619 ], [ 176.059166162292172, -5.643765364424815 ], [ 176.059183638407632, -5.644036749629398 ], [ 176.059232210984703, -5.644308185146821 ], [ 176.05927122100843, -5.644476777787596 ], [ 176.059303843379411, -5.644579657974049 ], [ 176.059390527697047, -5.644851155152557 ], [ 176.059496802088631, -5.645122684020546 ], [ 176.05954092738213, -5.645199469594408 ], [ 176.059662905900893, -5.64539430966069 ], [ 176.059803318884661, -5.645665893726061 ], [ 176.059811027400173, -5.645678238591481 ], [ 176.059976426067209, -5.645937530648085 ], [ 176.06008121077096, -5.646105522604605 ], [ 176.060154284825671, -5.646209175225471 ], [ 176.060351480187904, -5.646479616969751 ], [ 176.06035258195152, -5.646480852814902 ], [ 176.060621922656054, -5.646746462184714 ], [ 176.060628932690719, -5.646752656522557 ], [ 176.06089244213905, -5.646965628459141 ], [ 176.060961604124572, -5.647024551140805 ], [ 176.061162975016629, -5.64717660410768 ], [ 176.061314823230305, -5.647296478806219 ], [ 176.061433504675591, -5.647389706460485 ], [ 176.061704095921954, -5.647564656364684 ], [ 176.061709840408383, -5.647568473797345 ], [ 176.061974743191882, -5.647704883561324 ], [ 176.062199206310027, -5.647840620849011 ], [ 176.062245353524276, -5.647868172091077 ], [ 176.06251603424451, -5.647987778308999 ], [ 176.062738342544975, -5.648112847841941 ], [ 176.062786663372492, -5.648139565553939 ], [ 176.063057316947067, -5.648276234261147 ], [ 176.063261648356729, -5.648385048893722 ], [ 176.063327964135055, -5.64841696748263 ], [ 176.063598701788806, -5.648501457306886 ], [ 176.063869440664206, -5.648585246685832 ], [ 176.064071396673825, -5.648657711036381 ], [ 176.064140162629798, -5.648679631944163 ], [ 176.064410917303235, -5.648753698741976 ], [ 176.064681621540586, -5.648859262084024 ], [ 176.064827903315035, -5.648930286475521 ], [ 176.064952292757226, -5.648985487999644 ], [ 176.065223032747639, -5.649068900687578 ], [ 176.06549371777615, -5.649186664295311 ], [ 176.065523454241287, -5.649202762998805 ], [ 176.065764370644501, -5.649324576706402 ], [ 176.066035028275081, -5.649459605829576 ], [ 176.066067116724327, -5.649474994631348 ], [ 176.066305722438614, -5.64957191173358 ], [ 176.066576435712705, -5.649672357515282 ], [ 176.066742476987514, -5.649747437429682 ], [ 176.066847108029407, -5.649798460386075 ], [ 176.067117817371468, -5.649901509102667 ], [ 176.067388519779826, -5.650008962768211 ], [ 176.067412315185948, -5.6500198706778 ], [ 176.067659180844487, -5.650142339641069 ], [ 176.067904012690832, -5.650292017417303 ], [ 176.06792978429624, -5.650311835380918 ], [ 176.068200465429101, -5.650432842171983 ], [ 176.068471173200408, -5.650537260709966 ], [ 176.068527499367377, -5.650564375179049 ], [ 176.068741831142489, -5.650672939746535 ], [ 176.069012529626974, -5.650783324467389 ], [ 176.069127112308678, -5.650836694100736 ], [ 176.069283206345318, -5.650907415206448 ], [ 176.069553956074145, -5.650985852958216 ], [ 176.069824709616029, -5.651061958924388 ], [ 176.069953746278429, -5.651109376088566 ], [ 176.070095419846552, -5.651165267328897 ], [ 176.070366128415628, -5.651269688523019 ], [ 176.070636833236676, -5.651376531909643 ], [ 176.070653333920632, -5.651381853727832 ], [ 176.070907585682392, -5.651453574303128 ], [ 176.071178344890654, -5.651526430179622 ], [ 176.071449070878259, -5.651620190881012 ], [ 176.071536836087205, -5.651654624705015 ], [ 176.071719794324849, -5.651715612871019 ], [ 176.071990521653163, -5.651808664166028 ], [ 176.072261272515874, -5.651886997924811 ], [ 176.072437494555714, -5.651927421874476 ], [ 176.072532054344379, -5.651945932580107 ], [ 176.0728028567747, -5.651991965554771 ], [ 176.073073696157138, -5.652014806611408 ], [ 176.073344526351576, -5.652043451847116 ], [ 176.073615321317419, -5.652094287009394 ], [ 176.073886120301125, -5.652142636180082 ], [ 176.074156926946472, -5.652186203841557 ], [ 176.074222597086845, -5.652201628572621 ], [ 176.074427716030101, -5.652240866066951 ], [ 176.074698449628585, -5.652330514863564 ], [ 176.074961556576142, -5.652474164321431 ], [ 176.074969090376584, -5.652478716702157 ], [ 176.075239737463079, -5.652623020433708 ], [ 176.075504447768481, -5.65274638707273 ], [ 176.075510413690409, -5.652749051491668 ], [ 176.075781193789879, -5.652809681620075 ], [ 176.076051999975078, -5.652853909296614 ], [ 176.076322790227152, -5.652908226081219 ], [ 176.076593588917774, -5.652957262517087 ], [ 176.076864396870121, -5.653000494515101 ], [ 176.076950747672612, -5.653020046413122 ], [ 176.077135180199463, -5.653059309899205 ], [ 176.077405938931491, -5.653133705644671 ], [ 176.077676756847836, -5.653170770607312 ], [ 176.077947744856715, -5.653100391296256 ], [ 176.078075134562965, -5.653021832968366 ] ], [ [ 176.114236890033936, -5.658689028329754 ], [ 176.114024700076982, -5.658640704691 ] ], [ [ 176.112748219619021, -5.657915111232962 ], [ 176.112665714567129, -5.657824544862094 ] ], [ [ 176.112477791869054, -5.657617546073381 ], [ 176.112346043311561, -5.657417014634394 ], [ 176.112342670659359, -5.657408053909052 ], [ 176.112207609405004, -5.657159302186883 ] ], [ [ 176.109854711537736, -5.659448401726086 ], [ 176.10990142688371, -5.659575414411834 ], [ 176.109906043299446, -5.659584160802868 ], [ 176.110172043531236, -5.659748950626571 ], [ 176.110442819009307, -5.659818695013457 ], [ 176.110609915348618, -5.659856601353184 ], [ 176.110713609166538, -5.65987888805092 ], [ 176.11098435963811, -5.659965107262933 ], [ 176.111255027851456, -5.660105250065087 ], [ 176.111293235633781, -5.660129009651184 ], [ 176.11152565701002, -5.660271066158763 ], [ 176.111685741056135, -5.660400971780436 ], [ 176.111796190367926, -5.660499751779303 ], [ 176.112005357073286, -5.660672822070154 ], [ 176.112066738948556, -5.66071860515772 ], [ 176.112330018129967, -5.660944679951765 ], [ 176.112337266638434, -5.660951289392174 ], [ 176.112607746415932, -5.661215531572839 ], [ 176.112608984262408, -5.661216467755399 ], [ 176.112878426445207, -5.661348609559351 ], [ 176.113149189627194, -5.661427230401426 ], [ 176.113335677211779, -5.661488940416033 ], [ 176.1134199417221, -5.661513186268984 ], [ 176.113690753700666, -5.661559899438648 ], [ 176.113961589202887, -5.66159120837112 ], [ 176.114232420255547, -5.661625471506889 ], [ 176.114503246903809, -5.661662661833621 ], [ 176.114774032244298, -5.661727033887446 ], [ 176.114882853514615, -5.661762665615535 ], [ 176.115044796671526, -5.661805205090017 ], [ 176.115315569269512, -5.661878063202601 ], [ 176.11558625086704, -5.662010832998926 ], [ 176.115621157326785, -5.662035153404807 ], [ 176.115856835842379, -5.662207263906649 ], [ 176.115992579973209, -5.662307080945692 ], [ 176.116127445258769, -5.66238773652438 ], [ 176.116398155528685, -5.662501936379065 ], [ 176.116608314770275, -5.662579380708293 ], [ 176.11666889108534, -5.662599566001947 ], [ 176.116939633181573, -5.662692959241514 ], [ 176.11721029347791, -5.662840315622489 ], [ 176.117229369777647, -5.662851688006375 ], [ 176.117480960880158, -5.662983088364468 ], [ 176.117751642630168, -5.663116499513642 ], [ 176.117768568172892, -5.663123870125863 ], [ 176.118022394188444, -5.663203969535936 ], [ 176.118293184949721, -5.663265645953797 ], [ 176.118563985083938, -5.663321188070915 ], [ 176.118834919335541, -5.663288257481943 ], [ 176.118970505665999, -5.66319309926948 ] ], [ [ 176.116266897904438, -5.659747211666216 ], [ 176.116217940492817, -5.659729494898368 ] ], [ [ 176.115996213254533, -5.659616957378987 ], [ 176.115957015882827, -5.659593416678012 ], [ 176.115860961560287, -5.659492207294795 ], [ 176.115833167626278, -5.659457547362859 ] ], [ [ 176.115725776519753, -5.659323627144577 ], [ 176.115724231751557, -5.659321700767618 ] ], [ [ 176.104493284157542, -5.658490386924385 ], [ 176.104485500492018, -5.65846452356899 ], [ 176.104481392821583, -5.65849036856513 ], [ 176.104485420320628, -5.658516634543137 ], [ 176.104493284157542, -5.658490386924385 ] ], [ [ 176.104347341583093, -5.659575602292924 ], [ 176.10443853324665, -5.659304382946748 ], [ 176.104413613012923, -5.659032984283025 ], [ 176.104214004684479, -5.658863974430728 ], [ 176.104014633767804, -5.659032368045329 ], [ 176.103942797143361, -5.659075932526012 ], [ 176.103790155950207, -5.659303381345929 ], [ 176.103671219907625, -5.659527809235382 ], [ 176.103647323127802, -5.659574520725426 ], [ 176.103671010926405, -5.659663495769757 ], [ 176.103941614181508, -5.659844252347221 ], [ 176.104212708213595, -5.659706298184206 ], [ 176.104347341583093, -5.659575602292924 ] ], [ [ 176.115455386353318, -5.65899983223477 ], [ 176.115320092037024, -5.658903293541909 ], [ 176.115049136459788, -5.658951654363372 ], [ 176.11477825462822, -5.658951510513277 ], [ 176.114705372163229, -5.658913104959257 ] ], [ [ 176.136943185101927, -5.701414826264174 ], [ 176.137085203337932, -5.701143677005379 ], [ 176.137074574681321, -5.70087229893405 ], [ 176.136991681820234, -5.700600812556798 ], [ 176.136934563943697, -5.700329364809537 ], [ 176.136929095118319, -5.700310066455997 ], [ 176.13682636579216, -5.700057840498066 ], [ 176.136701321495565, -5.699786290925395 ], [ 176.136659116867605, -5.699691194920616 ], [ 176.136544523036491, -5.699514693732858 ], [ 176.136408040291286, -5.699243126980121 ], [ 176.136388930543603, -5.699211892709367 ], [ 176.136221358342283, -5.698971484929692 ], [ 176.136118734417352, -5.698739420778407 ], [ 176.136095039855974, -5.69869993338244 ], [ 176.135950120492282, -5.69842835392103 ], [ 176.13584859367154, -5.698230176462232 ], [ 176.135800074709067, -5.698156766750311 ], [ 176.13564548713029, -5.697885172744549 ], [ 176.135578380893406, -5.69776938646713 ], [ 176.135483638131632, -5.697613567819896 ], [ 176.135342236183305, -5.697341993557681 ], [ 176.135308198644879, -5.697288449530213 ], [ 176.135139062060915, -5.697070326555584 ], [ 176.135037830229066, -5.696932218409462 ], [ 176.134945999902385, -5.696798674689811 ], [ 176.134789638575484, -5.696527077893812 ], [ 176.134767583745827, -5.696494722246234 ], [ 176.134610167911035, -5.69625544636978 ], [ 176.134497351474238, -5.696047984182036 ], [ 176.134457155156639, -5.695983854553005 ], [ 176.134311674125598, -5.695712274028759 ], [ 176.134227164192708, -5.695571453212127 ], [ 176.134145038025537, -5.69544066170292 ], [ 176.134007958593656, -5.695169093761505 ], [ 176.133957013822169, -5.695070544615861 ], [ 176.133860826364668, -5.69489751069762 ], [ 176.133746696454551, -5.694625977213823 ], [ 176.133686977264603, -5.694493932745794 ], [ 176.13361903944417, -5.694354423389633 ], [ 176.133507746752144, -5.694082894150973 ], [ 176.133417061246035, -5.693837175559587 ], [ 176.133404944487836, -5.693811377667426 ], [ 176.133294933394211, -5.69353985034005 ], [ 176.133198328277814, -5.693268343160441 ], [ 176.133147209029914, -5.693138184732151 ], [ 176.133091433418429, -5.692996820504368 ], [ 176.132998587246391, -5.692725318965992 ], [ 176.132918180507346, -5.692453836129216 ], [ 176.132877501155264, -5.692343243581358 ], [ 176.132815781780209, -5.692182320217778 ], [ 176.132706312246938, -5.691910793665897 ], [ 176.13260764269387, -5.691649161789683 ], [ 176.132603266744979, -5.691639276768535 ], [ 176.13250856231258, -5.691367772411346 ], [ 176.132446816504341, -5.691096317627199 ], [ 176.132402322390874, -5.690824888793253 ], [ 176.132344280632452, -5.690553439580832 ], [ 176.132338417045645, -5.690533331414321 ], [ 176.132267363912661, -5.690281961974812 ], [ 176.13220814073307, -5.690010510984343 ], [ 176.132163704934129, -5.689739082239252 ], [ 176.13212027130416, -5.689467655002157 ], [ 176.132069420759706, -5.689265004858542 ], [ 176.132051107024779, -5.689196189056795 ], [ 176.131986380745104, -5.688924729787181 ], [ 176.131936641246654, -5.688653293064173 ], [ 176.131893680377914, -5.688381866539665 ], [ 176.131838710501654, -5.688110421948288 ], [ 176.131800460059111, -5.687973461871767 ], [ 176.131763802534266, -5.687838947359554 ], [ 176.131703198442864, -5.687567494290719 ], [ 176.131649935082436, -5.687296052266536 ], [ 176.13160901977875, -5.687024628821534 ], [ 176.131566318808808, -5.68675320269022 ], [ 176.131531632436833, -5.686593689643368 ], [ 176.131507580189719, -5.686481752428723 ], [ 176.131462230852236, -5.686210322313326 ], [ 176.13142212143353, -5.685938900082532 ], [ 176.131381145019219, -5.685667476547634 ], [ 176.131339389998033, -5.685396051841623 ], [ 176.131289203050841, -5.685124614448908 ], [ 176.131263094436548, -5.685021309491809 ], [ 176.131222794467647, -5.684853152647936 ], [ 176.131151012448527, -5.684581682760563 ], [ 176.131087790633813, -5.684310225753377 ], [ 176.131021369576615, -5.684038763931408 ], [ 176.130993789528276, -5.68396088118627 ], [ 176.130925719269072, -5.68376725812137 ], [ 176.130843117758133, -5.683495771945237 ], [ 176.130772236955323, -5.683224303406986 ], [ 176.130724209535487, -5.683084327679532 ], [ 176.130679924216878, -5.682952802609785 ], [ 176.130589959147159, -5.682681305342228 ], [ 176.130513338573508, -5.682409828158479 ], [ 176.130454589052022, -5.682235186785063 ], [ 176.130418471156361, -5.682138323504676 ], [ 176.130317881688256, -5.681866810231805 ], [ 176.130244558774848, -5.681595338004912 ], [ 176.130184964800208, -5.68138897033822 ], [ 176.130163542041146, -5.681323854192749 ], [ 176.130075526917835, -5.68105235984083 ], [ 176.130003895541734, -5.680780890155566 ], [ 176.129921181249586, -5.680509403780317 ], [ 176.129915410462502, -5.680496576052979 ], [ 176.129810763282279, -5.680237875683015 ], [ 176.129695270056999, -5.679966339934138 ], [ 176.129645485210204, -5.679851737075194 ], [ 176.12958511292166, -5.679694812213285 ], [ 176.129504684547754, -5.679423329264567 ], [ 176.12940245723567, -5.679151813476864 ], [ 176.129375731946482, -5.679092670853202 ], [ 176.129307138437042, -5.678880308090543 ], [ 176.129225053134945, -5.678608822636366 ], [ 176.129112042582079, -5.678337290586891 ], [ 176.129105993943369, -5.678323822739743 ], [ 176.129023827918871, -5.678065795890275 ], [ 176.128924929397215, -5.67779428509153 ], [ 176.128836127622009, -5.677640807354392 ], [ 176.128784025996623, -5.677522710987279 ], [ 176.128682608861055, -5.677251196377822 ], [ 176.128566188313016, -5.677006738879408 ], [ 176.12855543801399, -5.676979642945513 ], [ 176.128452740061505, -5.676708126391005 ], [ 176.128344304670065, -5.676436601181309 ], [ 176.128296317607436, -5.676327340464992 ], [ 176.12824178006926, -5.676165084875298 ], [ 176.128176156859638, -5.675893624198139 ], [ 176.12808805515246, -5.675622129629676 ], [ 176.128026650373158, -5.675512879829108 ], [ 176.12796162194482, -5.675350577260525 ], [ 176.127868290685655, -5.675079074796328 ], [ 176.127756789289123, -5.67482780931117 ], [ 176.127748426825804, -5.674807532314991 ], [ 176.127629570997073, -5.674535991343729 ], [ 176.12751996805946, -5.674264464319066 ], [ 176.127486860645433, -5.674188038973337 ], [ 176.127413776701246, -5.673992942432973 ], [ 176.127332875785839, -5.673721458691752 ], [ 176.127242119118222, -5.673449960079882 ], [ 176.127217161617949, -5.673395875398065 ], [ 176.127129338490107, -5.673178428236413 ], [ 176.127034574577749, -5.672906923568868 ], [ 176.126947362295112, -5.672670805012246 ], [ 176.126934036187748, -5.672635410183585 ], [ 176.126826715773376, -5.672363886558372 ], [ 176.126678295873205, -5.67209230089914 ], [ 176.126677345165945, -5.672090925603997 ], [ 176.126536789080916, -5.67182072565519 ], [ 176.126407254595506, -5.671560179714527 ], [ 176.126401547786827, -5.671549159852513 ], [ 176.126267128409921, -5.671277595275898 ], [ 176.126140352232341, -5.671006042225036 ], [ 176.126137209381596, -5.670999580376053 ], [ 176.126017695000712, -5.670734495381667 ], [ 176.125895829194405, -5.670462949722491 ], [ 176.125867210198408, -5.670408698324557 ], [ 176.125763427676759, -5.670191388140499 ], [ 176.125627295535736, -5.669919820909647 ], [ 176.125597126614224, -5.669874204402592 ], [ 176.125467350998662, -5.669648217691407 ], [ 176.125326966753335, -5.669390666214799 ], [ 176.125318719360962, -5.669376631541655 ], [ 176.125172123782534, -5.669105048449059 ], [ 176.125056793073668, -5.668916574740964 ], [ 176.125006583381179, -5.668833436707602 ], [ 176.124858425861277, -5.668561851213448 ], [ 176.124786635938847, -5.668431765259879 ], [ 176.124709788270138, -5.668290264974376 ], [ 176.124583902029428, -5.668018713111231 ], [ 176.124516554814505, -5.667896774173686 ], [ 176.124438087820891, -5.667747131106405 ], [ 176.124302476820787, -5.667475564511752 ], [ 176.124246445540621, -5.66738075612072 ], [ 176.124143561124129, -5.667203962658573 ], [ 176.123976185635001, -5.666964961138043 ], [ 176.123953718709004, -5.666932314003854 ], [ 176.123787790739073, -5.666660701489612 ], [ 176.123705929040398, -5.666547208879638 ], [ 176.123602804942237, -5.666389060114177 ], [ 176.123435674712056, -5.666128193532889 ], [ 176.123428348536947, -5.666117434637531 ], [ 176.123271935608784, -5.665845836439305 ], [ 176.123165453342864, -5.665687566781349 ], [ 176.123093062553949, -5.665574204221207 ], [ 176.122923727001279, -5.665302586410133 ], [ 176.122895215428599, -5.665258157019461 ], [ 176.122760525184049, -5.665030977858661 ], [ 176.12262497592971, -5.664830042359971 ], [ 176.122580777182748, -5.664759344225247 ], [ 176.122404087194269, -5.664487715191023 ], [ 176.12235471896625, -5.664413742832719 ], [ 176.122224724465923, -5.664216082076972 ], [ 176.122084482977442, -5.663983788854774 ], [ 176.122057082713923, -5.663944466688746 ], [ 176.121941178331099, -5.663672929667838 ], [ 176.1218144696129, -5.663406650310207 ], [ 176.121811319185667, -5.663401371491802 ], [ 176.121586148014956, -5.663129668850046 ], [ 176.121544077788883, -5.663080396194033 ], [ 176.121375360961537, -5.662857987956418 ], [ 176.121273811026526, -5.662671556521171 ], [ 176.121237201210789, -5.662586417130015 ], [ 176.121274210924497, -5.662406848779511 ], [ 176.121301398648285, -5.662315153083862 ], [ 176.121418617342613, -5.662043969383648 ], [ 176.121386378197258, -5.661772559134551 ], [ 176.121315608595353, -5.661636771177907 ] ], [ [ 176.119154200818173, -5.663261658349945 ], [ 176.119157298058838, -5.663397343663188 ], [ 176.119215920663407, -5.663668793975938 ], [ 176.11932001927255, -5.663940313404246 ], [ 176.119375518875387, -5.664060374023967 ], [ 176.119437368408171, -5.664211852962708 ], [ 176.119508709510484, -5.664483322599668 ], [ 176.119548593241632, -5.664754744433663 ], [ 176.119578993773814, -5.665026151857333 ], [ 176.119631630448879, -5.665297593071912 ], [ 176.119644480607377, -5.665330458119893 ], [ 176.119737385714188, -5.665569115002701 ], [ 176.119829656384468, -5.665840616438455 ], [ 176.119898427023088, -5.666112082165721 ], [ 176.119914112212598, -5.666158620256337 ], [ 176.120002777481773, -5.666383601948066 ], [ 176.120114996312964, -5.666655133677267 ], [ 176.120184059127467, -5.666778886136951 ], [ 176.120270410797957, -5.666926731011347 ], [ 176.120392201373846, -5.66719827725667 ], [ 176.12045412824952, -5.667318728909986 ], [ 176.120537422377367, -5.667469859073711 ], [ 176.120687428520682, -5.667741448138619 ], [ 176.12072428097926, -5.667803608366683 ], [ 176.120858100413386, -5.668013068558972 ], [ 176.120994469926671, -5.66826481552561 ], [ 176.121005603229406, -5.668284653780283 ], [ 176.121073337980988, -5.668556117901977 ], [ 176.121079967731902, -5.668827489266444 ], [ 176.12106380607986, -5.669098826029254 ], [ 176.121043272811363, -5.669370156149642 ], [ 176.121004840959955, -5.669641459087241 ], [ 176.120992327440035, -5.669680936728074 ], [ 176.120926683847841, -5.669912701689261 ], [ 176.120842049167578, -5.67018393442889 ], [ 176.120761720910394, -5.670455173683079 ], [ 176.120719907919096, -5.670693040292728 ], [ 176.120715681664024, -5.670726465003978 ], [ 176.120718850279701, -5.670997831072599 ], [ 176.12071944220915, -5.671000662777264 ], [ 176.120791007460724, -5.671269301949577 ], [ 176.120893932747265, -5.671540819565389 ], [ 176.120989224284301, -5.671731394954964 ], [ 176.121050345693703, -5.671812418418924 ], [ 176.121259711670945, -5.671996432835826 ], [ 176.121402324851317, -5.67208431421963 ], [ 176.121530346427932, -5.672164223439286 ], [ 176.12179801775423, -5.672356276201559 ], [ 176.121800941384095, -5.672358440953969 ], [ 176.122071515967775, -5.672566257953165 ], [ 176.122146901947787, -5.672628166950907 ], [ 176.122342097154757, -5.672769839983217 ], [ 176.122503605979631, -5.672900069397433 ], [ 176.122612639353576, -5.672999352357492 ], [ 176.12278083540042, -5.673171851175016 ], [ 176.122883074787552, -5.673299676533455 ], [ 176.122973607759945, -5.673443504827499 ], [ 176.123137255675431, -5.673715114295532 ], [ 176.123153302724489, -5.673737555774099 ], [ 176.123325987107279, -5.673986761753294 ], [ 176.123423597468047, -5.674131445174811 ], [ 176.123505559085032, -5.674258395294935 ], [ 176.123663962064768, -5.674529996731748 ], [ 176.123693836258951, -5.674562623524794 ], [ 176.123964406505195, -5.67477445317553 ], [ 176.123998882667252, -5.674801865520592 ], [ 176.124234940021381, -5.675010760000043 ], [ 176.124292383921642, -5.675073671447938 ], [ 176.124463685166091, -5.675345292278977 ], [ 176.12450521980017, -5.675415411835047 ], [ 176.124617952427172, -5.675616887296941 ], [ 176.124725369559485, -5.675888411382867 ], [ 176.124775120020757, -5.676071947171608 ], [ 176.124803672928124, -5.67615989139771 ], [ 176.124836223011641, -5.676431302162541 ], [ 176.124840018821374, -5.676702669405503 ], [ 176.12485486801549, -5.676974053377685 ], [ 176.124879342927414, -5.677245451919562 ], [ 176.12492246568587, -5.677516878688726 ], [ 176.125043458852105, -5.677764115166585 ], [ 176.125062011947932, -5.677788451405021 ], [ 176.125313972428529, -5.678014788631265 ], [ 176.125362157981129, -5.678060267125988 ], [ 176.125575579732612, -5.678331951543945 ], [ 176.125584362769814, -5.678347366041137 ], [ 176.125730213741605, -5.67860354699317 ], [ 176.125854539552165, -5.678821837911601 ], [ 176.125885435534713, -5.678875143309556 ], [ 176.125981370877582, -5.679146649949035 ], [ 176.126000301115226, -5.679418040132397 ], [ 176.12597703073115, -5.679689366491258 ], [ 176.125954042617622, -5.679960693270329 ], [ 176.12591020371076, -5.680231988502274 ], [ 176.125852231667722, -5.680352878675171 ], [ 176.125778596215866, -5.680503150935748 ], [ 176.125580751914157, -5.680742068472212 ], [ 176.125549459852209, -5.680774165720299 ], [ 176.125309491648579, -5.680985523955651 ], [ 176.125236831491065, -5.681045053972015 ], [ 176.125038270925671, -5.681202630446975 ], [ 176.124898663588482, -5.681315903322585 ], [ 176.124767058252161, -5.681414275264938 ], [ 176.124495921970322, -5.681575212636226 ], [ 176.124476291317364, -5.681586624816322 ], [ 176.124224799169724, -5.681727135195774 ], [ 176.123953756471707, -5.68182596926759 ], [ 176.123807421427813, -5.681856972113432 ], [ 176.123682764820643, -5.681890986736754 ], [ 176.123411891202693, -5.681877923726648 ], [ 176.123362594636347, -5.681856297246908 ], [ 176.123141156632187, -5.681772959769354 ], [ 176.122890198895021, -5.681584218867997 ], [ 176.122870578416354, -5.681564736436651 ], [ 176.122618822836614, -5.681312445486239 ], [ 176.122600102963105, -5.681288748153015 ], [ 176.122400347567634, -5.681040752371067 ], [ 176.122329735575988, -5.680941544293002 ], [ 176.122196114756804, -5.680769080840284 ], [ 176.122059373148744, -5.680591270409347 ], [ 176.121987658405686, -5.680497402846214 ], [ 176.121789026619467, -5.680230706880193 ], [ 176.121785035052966, -5.680225733669522 ], [ 176.121590625800792, -5.679954076934603 ], [ 176.121518725520531, -5.679840367171868 ], [ 176.121406202655294, -5.679682435342056 ], [ 176.121248348219694, -5.679500541768555 ], [ 176.121160652294265, -5.679410700761949 ], [ 176.120977960983367, -5.679167473096108 ], [ 176.12096088856336, -5.679139035752133 ], [ 176.120820877186702, -5.67886746159424 ], [ 176.120707714204428, -5.678741956045975 ], [ 176.120557857419925, -5.67859570027297 ], [ 176.120437194237894, -5.678496834618968 ], [ 176.120239991174373, -5.678323855393457 ], [ 176.1201666627951, -5.678259432039603 ], [ 176.11996997452195, -5.678052083230353 ], [ 176.119896245043975, -5.677947245117755 ], [ 176.119775488977382, -5.677780425990665 ], [ 176.11962590616298, -5.677583275533403 ], [ 176.119566737485201, -5.677508746984844 ], [ 176.119399674128033, -5.67723713143068 ], [ 176.11935563571916, -5.677174434025076 ], [ 176.119085062077261, -5.676965517915333 ], [ 176.119084712766551, -5.676965290525259 ], [ 176.118814399669503, -5.676815180708969 ], [ 176.118686982896463, -5.676693323336524 ], [ 176.118543935327637, -5.676534569350761 ], [ 176.118439644129523, -5.676421585236651 ], [ 176.118273503629126, -5.676232647155529 ], [ 176.118209788149727, -5.676149873724512 ], [ 176.118089655139443, -5.675878329497654 ], [ 176.118020970808402, -5.675606863728378 ], [ 176.118003655286799, -5.675547094022566 ], [ 176.117935815918088, -5.675335372837754 ], [ 176.117829392524925, -5.675063849503744 ], [ 176.117733761099743, -5.674892049092613 ], [ 176.117666971881079, -5.674792240740945 ], [ 176.117511486701289, -5.674520642535017 ], [ 176.117463592249976, -5.674417988422796 ], [ 176.117374014484909, -5.674249071793096 ], [ 176.117196838778568, -5.673977440445145 ], [ 176.117193377515207, -5.673974362684293 ], [ 176.116922692357889, -5.67384023006072 ], [ 176.116651934507104, -5.673753961013366 ], [ 176.116566984198812, -5.673705117943464 ], [ 176.116381299584134, -5.673586995580272 ], [ 176.116244406455337, -5.6734332643269 ], [ 176.116135217977416, -5.673161736615559 ], [ 176.116111139295185, -5.67310839185578 ], [ 176.115840568815287, -5.672899415848278 ], [ 176.115796311255707, -5.672889857876498 ], [ 176.115569748915561, -5.672854310491175 ], [ 176.115299077919218, -5.672711523757433 ], [ 176.115200990925132, -5.672617586933786 ], [ 176.115028720205174, -5.672363286523815 ], [ 176.115016297864997, -5.672345943641489 ], [ 176.11490035565231, -5.672074405478291 ], [ 176.114853334225501, -5.671802972730564 ], [ 176.114829395287416, -5.671531575289751 ], [ 176.114815219019903, -5.671260192781093 ], [ 176.114759887596136, -5.67101475554935 ], [ 176.114752646087339, -5.670988736248844 ], [ 176.114593160794016, -5.670717131473064 ], [ 176.114489610936602, -5.670614005105446 ], [ 176.114218884471512, -5.670508445351867 ], [ 176.113948041664742, -5.670479228033631 ], [ 176.113677186135533, -5.670458378769154 ], [ 176.11340631728558, -5.670446281958543 ], [ 176.11332796734473, -5.67044383393885 ], [ 176.113135441754793, -5.670438580915794 ], [ 176.112864628227584, -5.670390300751266 ], [ 176.112593934293386, -5.67026378177204 ], [ 176.112485188774457, -5.670171181639298 ], [ 176.112323439281255, -5.670007178130225 ], [ 176.112234431454198, -5.6698994364619 ], [ 176.112099971048451, -5.669627869593553 ], [ 176.112053293858906, -5.669522017263855 ], [ 176.111972390630854, -5.66935631326432 ], [ 176.111783056486843, -5.669097267784851 ], [ 176.111764854362605, -5.669084634260328 ], [ 176.111512348391813, -5.668980579432223 ], [ 176.11124149767636, -5.668957207064293 ], [ 176.110970666118448, -5.668921341737502 ], [ 176.110699897410683, -5.668844448898231 ], [ 176.110492825270086, -5.668811320782963 ], [ 176.110429076441307, -5.668801748893829 ], [ 176.110399585518962, -5.668811177529059 ], [ 176.110157963831142, -5.668949509829811 ], [ 176.11009296904993, -5.669082066841938 ], [ 176.110144072909321, -5.669353505897407 ], [ 176.110157311897467, -5.669375156559572 ], [ 176.110310703713481, -5.669625122513064 ], [ 176.110427411752056, -5.669888917905384 ], [ 176.110431504620919, -5.669896668676592 ], [ 176.110545399621458, -5.670168204218434 ], [ 176.110665071882352, -5.670439748628478 ], [ 176.110697367146571, -5.670497311261975 ], [ 176.110828792004611, -5.670711360698912 ], [ 176.11096760719866, -5.67092006101507 ], [ 176.111007895290783, -5.670982996373277 ], [ 176.111169657935818, -5.671254605384105 ], [ 176.111237845739538, -5.671344036798088 ], [ 176.111384983065619, -5.671526296618773 ], [ 176.11150823111285, -5.671672282810042 ], [ 176.111614725871419, -5.671798009936028 ], [ 176.111778629982695, -5.671991899070692 ], [ 176.111853266885106, -5.672069736696838 ], [ 176.112049117205174, -5.672253928655636 ], [ 176.112148741334266, -5.672341550753164 ], [ 176.112319638071455, -5.67249411224561 ], [ 176.112450868086569, -5.672613374903324 ], [ 176.112590123301459, -5.672757760787547 ], [ 176.112717972936792, -5.672885145229661 ], [ 176.112860600978138, -5.673026513907224 ], [ 176.112999711898937, -5.673156937905386 ], [ 176.113131121563413, -5.673267342739196 ], [ 176.113308401673066, -5.6734287717901 ], [ 176.11340161909763, -5.673523414577208 ], [ 176.113565816324353, -5.67370052698478 ], [ 176.113672056367108, -5.67381911434544 ], [ 176.11380727197357, -5.673972257651142 ], [ 176.113942467632967, -5.67413202733799 ], [ 176.114051419902154, -5.674243992372726 ], [ 176.114212937352733, -5.674406823576006 ], [ 176.114324691730729, -5.674515771619993 ], [ 176.114483439645767, -5.674660437163983 ], [ 176.114596737246558, -5.674787548897906 ], [ 176.114753814776748, -5.674997576594133 ], [ 176.114804241179996, -5.67505922730493 ], [ 176.114986668942805, -5.675330867291606 ], [ 176.115024114922136, -5.675384088045437 ], [ 176.115178439717027, -5.675602521539822 ], [ 176.115294420170557, -5.675767475057879 ], [ 176.115385527161095, -5.675874199180527 ], [ 176.115564891568994, -5.676042075196709 ], [ 176.11568931793073, -5.676146024670644 ], [ 176.115835424234007, -5.676276636058168 ], [ 176.116021622272257, -5.676417893634609 ], [ 176.116106016097831, -5.676472483258318 ], [ 176.116376605112578, -5.676670327264243 ], [ 176.116400034718367, -5.676689832917848 ], [ 176.116647205518433, -5.676860816762972 ], [ 176.116776043170006, -5.676961768333098 ], [ 176.116917768509637, -5.677076009942092 ], [ 176.117122242545491, -5.677233658034661 ], [ 176.117188342065958, -5.677284396876347 ], [ 176.117453839954209, -5.677505525285062 ], [ 176.117458889531378, -5.677510067016696 ], [ 176.117722639911335, -5.677777296551707 ], [ 176.117729362456743, -5.677784889492815 ], [ 176.117961285358007, -5.678049021718463 ], [ 176.117999783608155, -5.678093929907386 ], [ 176.11820975513956, -5.678320761805808 ], [ 176.118270237955926, -5.678381318432471 ], [ 176.118474843109084, -5.678592527164705 ], [ 176.118540683580335, -5.67867462158035 ], [ 176.118690770445454, -5.678864217478391 ], [ 176.118811056234819, -5.679016128562518 ], [ 176.118900331810408, -5.679135898034872 ], [ 176.11908136976146, -5.679396762536312 ], [ 176.119090450597497, -5.679407548907457 ], [ 176.119331986988385, -5.679679278101545 ], [ 176.119351796864862, -5.679702829600582 ], [ 176.119558308800805, -5.679950984045999 ], [ 176.119622193434367, -5.680029192191617 ], [ 176.119786247517254, -5.680222692394866 ], [ 176.119892607051383, -5.680344518317438 ], [ 176.120009221018535, -5.680494393122198 ], [ 176.12016293581965, -5.680715946920826 ], [ 176.120202314573305, -5.68076604829522 ], [ 176.120406908753012, -5.681037720937969 ], [ 176.120433289204101, -5.681071367122504 ], [ 176.120639857781811, -5.681309436694733 ], [ 176.120703710634899, -5.681382133718739 ], [ 176.120882135248848, -5.68158116658415 ], [ 176.120974149477377, -5.681681604954274 ], [ 176.121114355239655, -5.681852881102667 ], [ 176.121244512854474, -5.682031037059117 ], [ 176.121319071706722, -5.682124553722646 ], [ 176.121512721616568, -5.682396209466201 ], [ 176.121514847955069, -5.682399332196317 ], [ 176.121714379482142, -5.682667877347046 ], [ 176.121785194520612, -5.68276027682087 ], [ 176.121940335128699, -5.68293958212379 ], [ 176.122055629024231, -5.683063384388825 ], [ 176.122183565374002, -5.68321131309844 ], [ 176.122326015103852, -5.683398649070003 ], [ 176.122396356532334, -5.683482997747618 ], [ 176.122596394787791, -5.683738337485273 ], [ 176.122610653725957, -5.683754684634552 ], [ 176.122836519089731, -5.684026389042469 ], [ 176.122866796167955, -5.684063895127425 ], [ 176.123055486276741, -5.684298082915633 ], [ 176.123137168652192, -5.684408741508371 ], [ 176.123273618155338, -5.684569775466285 ], [ 176.123407599196383, -5.684715418350351 ], [ 176.123516311874965, -5.684841505249879 ], [ 176.123678007943909, -5.685036690794945 ], [ 176.123743931071374, -5.685113212084863 ], [ 176.123948422661584, -5.685354208334727 ], [ 176.123976309472766, -5.685384926081794 ], [ 176.124212485722865, -5.685656645777495 ], [ 176.124218849611651, -5.685663826046981 ], [ 176.124453113369071, -5.68592837215935 ], [ 176.124489281035324, -5.685970671227413 ], [ 176.124687804497171, -5.686200089470824 ], [ 176.124759687235695, -5.686294394587497 ], [ 176.124907147438847, -5.686471783449197 ], [ 176.125030108713446, -5.68660819967251 ], [ 176.125148484290975, -5.686743510710147 ], [ 176.125300506669532, -5.68693776836779 ], [ 176.125365639375616, -5.687015201257181 ], [ 176.125570892417045, -5.687275620107732 ], [ 176.125580716671607, -5.687286888602924 ], [ 176.12582565664772, -5.687558621132393 ], [ 176.125841335632856, -5.687575604012336 ], [ 176.126076255329338, -5.687830362159933 ], [ 176.126111786207304, -5.687870894611951 ], [ 176.126315831970288, -5.688102086424008 ], [ 176.126382214218324, -5.688181320325891 ], [ 176.126554361065701, -5.688373809034601 ], [ 176.12665265157213, -5.688485740352263 ], [ 176.126795921439708, -5.688645536165551 ], [ 176.12692307237802, -5.688801318843132 ], [ 176.127023178740586, -5.68891724158629 ], [ 176.127193545049721, -5.689082685874237 ], [ 176.12728913504418, -5.689189005486941 ], [ 176.127463982969203, -5.689387283275841 ], [ 176.127528980719347, -5.689460729813593 ], [ 176.127734420436411, -5.689692366241443 ], [ 176.127770119687881, -5.689732456027608 ], [ 176.127991512194228, -5.690004152323234 ], [ 176.128004821559983, -5.690021760064114 ], [ 176.128200105844485, -5.690275829219364 ], [ 176.128275188327081, -5.690374163722275 ], [ 176.12840469573473, -5.690547500017274 ], [ 176.128545503898295, -5.690760777904877 ], [ 176.128589398134153, -5.69081914072299 ], [ 176.128763699251039, -5.691090765681283 ], [ 176.12881577527935, -5.691176973648475 ], [ 176.128948652427368, -5.691362406697594 ], [ 176.129086129123635, -5.691538617658453 ], [ 176.129156675245184, -5.691634082515342 ], [ 176.129326119106651, -5.691905700038563 ], [ 176.129356398371186, -5.691956700098326 ], [ 176.129505133534764, -5.692177331981341 ], [ 176.129626705355179, -5.692349938404884 ], [ 176.12969905659989, -5.692448986393735 ], [ 176.129860279895183, -5.692720591418954 ], [ 176.129896960448718, -5.692777910091675 ], [ 176.130036023237096, -5.692992218328802 ], [ 176.130167183904177, -5.69322717027381 ], [ 176.130191476495298, -5.693263814596466 ], [ 176.130364302695767, -5.693535437048443 ], [ 176.130437461281701, -5.693640816305103 ], [ 176.130550875509215, -5.69380708020355 ], [ 176.130701197401805, -5.694078668656365 ], [ 176.130707684845305, -5.694090509767867 ], [ 176.130869063624829, -5.694350283542373 ], [ 176.130977955980399, -5.694508799233818 ], [ 176.131059096543879, -5.694621931818387 ], [ 176.131223363903274, -5.694893541219717 ], [ 176.131248216452093, -5.694934429792594 ], [ 176.131402144031313, -5.695165172467193 ], [ 176.131518518671982, -5.695332507702606 ], [ 176.131593517852394, -5.695436822658673 ], [ 176.131763751144007, -5.695708440961308 ], [ 176.13178879816104, -5.695745957839236 ], [ 176.131956877408612, -5.695980093720226 ], [ 176.132059149755719, -5.696111612609115 ], [ 176.132162889626528, -5.696251765846301 ], [ 176.132329459436392, -5.696505414048759 ], [ 176.132343513896728, -5.696523399696642 ], [ 176.13252810089952, -5.696795039479575 ], [ 176.132599792919962, -5.69688358165471 ], [ 176.132743268048415, -5.697066725258694 ], [ 176.132870154783546, -5.697243052509886 ], [ 176.132946115821511, -5.697338392445229 ], [ 176.133132988647645, -5.697610035548967 ], [ 176.133140487706299, -5.697622036725325 ], [ 176.133310802074448, -5.697881664986407 ], [ 176.13341078338442, -5.69802608733446 ], [ 176.133502216374922, -5.698153314850472 ], [ 176.133681121422057, -5.698402113527087 ], [ 176.133699200069344, -5.698424973051611 ], [ 176.133906447259392, -5.698696646643621 ], [ 176.133951497924755, -5.698752693584505 ], [ 176.134129998474691, -5.698968344698606 ], [ 176.134221899795278, -5.69908655081483 ], [ 176.134348570506745, -5.699240035212058 ], [ 176.13449230779753, -5.699416515950797 ], [ 176.134585853781687, -5.699511753788463 ], [ 176.13476280163141, -5.699689358853012 ], [ 176.134863137967471, -5.699783532392086 ], [ 176.13503333007003, -5.699939255265462 ], [ 176.135141208333607, -5.700055312079589 ], [ 176.135303805846632, -5.700224498935252 ], [ 176.135408216863823, -5.700327075060601 ], [ 176.13557433858432, -5.70047184794548 ], [ 176.135709623062354, -5.700598889585664 ], [ 176.135844853548235, -5.700731236749857 ], [ 176.135998193352975, -5.700870684731657 ], [ 176.136115396069926, -5.700972360017592 ], [ 176.136287985497944, -5.70114248160419 ], [ 176.136385897195765, -5.70124132751234 ], [ 176.136581373081242, -5.701414283761371 ], [ 176.136656465712122, -5.701465372631549 ], [ 176.136927419026421, -5.701432016161411 ], [ 176.136943185101927, -5.701414826264174 ] ], [ [ 176.101156387811102, -5.664455143734773 ], [ 176.101225868959915, -5.664329206016112 ], [ 176.101272038540742, -5.664183963225333 ], [ 176.101297914535849, -5.663912643450187 ], [ 176.101310195836362, -5.663641302585282 ], [ 176.101275992941936, -5.663369889631201 ], [ 176.101227449975482, -5.663306250901685 ], [ 176.101134355880987, -5.663369669966744 ], [ 176.100956342292989, -5.663451545444676 ], [ 176.100786519433939, -5.663640490237158 ], [ 176.100685001907891, -5.663747238892321 ], [ 176.100560300389446, -5.663911499027256 ], [ 176.100497312851104, -5.664182761106878 ], [ 176.100590899061388, -5.66445426623071 ], [ 176.100683752114264, -5.664555349838527 ], [ 176.100954514726311, -5.664633621014789 ], [ 176.101156387811102, -5.664455143734773 ] ], [ [ 176.108004635981445, -5.671249735867486 ], [ 176.108228993356761, -5.670978721270341 ], [ 176.108258708993219, -5.670936832768857 ], [ 176.108372232463552, -5.670707581594523 ], [ 176.108478041210645, -5.670436384209441 ], [ 176.108471710038572, -5.670165014082639 ], [ 176.108260058071409, -5.670058104823282 ], [ 176.10814363763518, -5.670164508699955 ], [ 176.107988754141218, -5.670329778801391 ], [ 176.107898195836441, -5.670435490818416 ], [ 176.107717381349175, -5.670646112597504 ], [ 176.107649673473958, -5.670706468045182 ], [ 176.107496145163793, -5.670977591622911 ], [ 176.107565300623406, -5.671249058563967 ], [ 176.107716294624453, -5.671353461926451 ], [ 176.107987312054377, -5.671268752229918 ], [ 176.108004635981445, -5.671249735867486 ] ] ] } },
{ "type": "Feature", "properties": { "year": 2021, "certainty": "good", "eez_territory": "TUV" }, "geometry": { "type": "MultiLineString", "coordinates": [ [ [ 176.078051258660452, -5.653021795054211 ], [ 176.078218970009942, -5.652880085551529 ], [ 176.078294660192597, -5.652750823220722 ], [ 176.078317544109012, -5.652479501242995 ], [ 176.078297246050937, -5.652208110715645 ], [ 176.078286116694017, -5.651936734741571 ], [ 176.078300759755166, -5.651665399672583 ], [ 176.078324193087894, -5.651394078549377 ], [ 176.078327792285961, -5.651122725943094 ], [ 176.078314654167144, -5.650851346773033 ], [ 176.078292156716856, -5.650579952749974 ], [ 176.078241629551428, -5.650308514247061 ], [ 176.078223111808541, -5.650261436670238 ], [ 176.078101320634204, -5.650036933261529 ], [ 176.077952851227764, -5.649872792000622 ], [ 176.077854647738405, -5.649765183425794 ], [ 176.077682443231822, -5.649577543911878 ], [ 176.07759929164115, -5.649493419732963 ], [ 176.077411969185874, -5.64932420672555 ], [ 176.077293354905777, -5.649221575631924 ], [ 176.077141471973704, -5.649085655795856 ], [ 176.076971470342954, -5.648949706077013 ], [ 176.07687093070254, -5.648875076465425 ], [ 176.076600344268115, -5.648693144579072 ], [ 176.076575733761331, -5.648677719019738 ], [ 176.07632969024769, -5.64855399310997 ], [ 176.076065519057153, -5.648405549726721 ], [ 176.076059056642549, -5.648402048052101 ], [ 176.07578840153397, -5.648263768529497 ], [ 176.075592813092669, -5.648133439732719 ], [ 176.075517813678545, -5.648083156865018 ], [ 176.075247208127479, -5.647913817404811 ], [ 176.075174846517825, -5.64786141654381 ], [ 176.074976628758805, -5.647728077840156 ], [ 176.074784756386407, -5.647589437497774 ], [ 176.074706066793311, -5.64753148449064 ], [ 176.074435457916678, -5.647364572569379 ], [ 176.074368284491385, -5.647317416227525 ], [ 176.07416485339786, -5.647195020887926 ], [ 176.073933967795597, -5.647045366285363 ], [ 176.073894258913157, -5.647019256586613 ], [ 176.073623651328091, -5.646851850898896 ], [ 176.073517127433405, -5.646773343940395 ], [ 176.073353084292847, -5.646659025786724 ], [ 176.073105230240941, -5.64650132923991 ], [ 176.073082482975678, -5.646487893696963 ], [ 176.072811838833815, -5.646343812255731 ], [ 176.072620511295014, -5.646229198128536 ], [ 176.072541226911227, -5.6461795588643 ], [ 176.072270567490108, -5.646045277122876 ], [ 176.072107137688306, -5.645957020944389 ], [ 176.071999921659881, -5.645902539623544 ], [ 176.071729270818906, -5.645763043745364 ], [ 176.071614531472022, -5.645684876548652 ], [ 176.071458700924723, -5.64557277882477 ], [ 176.071215794607667, -5.645412881784567 ], [ 176.071188115559153, -5.645392349614735 ], [ 176.070917504406822, -5.645228226460597 ], [ 176.070754649875852, -5.645140787058364 ], [ 176.070646870447717, -5.645078525612863 ], [ 176.070376198695698, -5.644952641741802 ], [ 176.070201609031614, -5.644868545078009 ], [ 176.070105536303942, -5.644820967831367 ], [ 176.069834844069476, -5.644708101151334 ], [ 176.069594383869685, -5.644596215949898 ], [ 176.069564174679414, -5.644580984051232 ], [ 176.069293474167068, -5.644473463878508 ], [ 176.069022757973215, -5.644375846309902 ], [ 176.068887018059314, -5.644323725926796 ], [ 176.068752047779668, -5.644274536718671 ], [ 176.068481317186439, -5.644186076679762 ], [ 176.06821056230828, -5.644112888951857 ], [ 176.06799318419948, -5.64405093630694 ], [ 176.06793981153632, -5.644037184732193 ], [ 176.067669052009876, -5.643967016117693 ], [ 176.06739831338146, -5.643883822991853 ], [ 176.067147599106562, -5.643778222848399 ], [ 176.067127624630245, -5.64376948676511 ], [ 176.066856890441784, -5.643683645227435 ], [ 176.066586153002902, -5.643599897385323 ], [ 176.066342135804803, -5.643505572703088 ], [ 176.066315449206684, -5.643495180276716 ], [ 176.06604469710706, -5.643420720293797 ], [ 176.065773943529763, -5.643347238530422 ], [ 176.065511126446381, -5.643232880514657 ], [ 176.06550326105625, -5.643229402069853 ], [ 176.065232549068952, -5.643130072783335 ], [ 176.06496178771414, -5.643061628817288 ], [ 176.064691006996696, -5.643005319882256 ], [ 176.064506606427415, -5.642959908198649 ], [ 176.064420235681155, -5.642943190223004 ], [ 176.064149445919753, -5.642892613491146 ], [ 176.063878645045122, -5.642849007882319 ], [ 176.063607836350997, -5.642810314337066 ], [ 176.063337010625105, -5.642782269607348 ], [ 176.063066170803808, -5.642763035228628 ], [ 176.062795349716112, -5.642732157118205 ], [ 176.062562521259224, -5.642685420706608 ], [ 176.062524564203954, -5.642679158579996 ], [ 176.062253770369864, -5.642631383213405 ], [ 176.061982970213649, -5.642587582164953 ], [ 176.061712170087617, -5.642543800175803 ], [ 176.061441384323103, -5.642491123839661 ], [ 176.061170595612197, -5.64244032227748 ], [ 176.060899741395076, -5.642430281128095 ], [ 176.060628809501139, -5.642468528258923 ], [ 176.060357831363319, -5.642535494010882 ], [ 176.060086854091452, -5.642601895455143 ], [ 176.059822387299533, -5.642680997821784 ], [ 176.059815851443005, -5.6426840258288 ], [ 176.059544709083951, -5.642852833325188 ], [ 176.05944891711539, -5.642951750959655 ], [ 176.059317425907835, -5.643222895246766 ], [ 176.059273000563536, -5.643372819223483 ], [ 176.059248658839635, -5.643494140952766 ], [ 176.059224890137614, -5.643765459437823 ], [ 176.059244426351228, -5.644036847978073 ], [ 176.059271713320157, -5.644171390966386 ], [ 176.05930989182022, -5.644308310824814 ], [ 176.059376168539842, -5.644579774984199 ], [ 176.059435514167944, -5.644851227931031 ], [ 176.059532087740251, -5.645122741101723 ], [ 176.059541025637856, -5.645138512113014 ], [ 176.059690497808475, -5.645394354290211 ], [ 176.05981107443526, -5.645649052382764 ], [ 176.059820978851889, -5.645665922288047 ], [ 176.059976893807629, -5.645937531404478 ], [ 176.060081215344951, -5.646102683758044 ], [ 176.060152489962405, -5.646209172323365 ], [ 176.060341902307698, -5.646480835549769 ], [ 176.060351461856953, -5.646490996565551 ], [ 176.060621931635694, -5.646740886402523 ], [ 176.060634871235976, -5.646752666120587 ], [ 176.06089245601197, -5.646957012116617 ], [ 176.060971216136579, -5.647024566671194 ], [ 176.061162977599508, -5.64717499949516 ], [ 176.061313035166762, -5.647296475918129 ], [ 176.061433495514962, -5.647395398884337 ], [ 176.061704090344932, -5.647568122826605 ], [ 176.061704635618298, -5.647568465393659 ], [ 176.061974742554469, -5.647705279855761 ], [ 176.062217752749405, -5.64784065077962 ], [ 176.062245374307821, -5.647855247077771 ], [ 176.062516050922341, -5.64797740380761 ], [ 176.062726890303708, -5.64811282936954 ], [ 176.062786635903933, -5.648156656893139 ], [ 176.063057269476445, -5.64830577895119 ], [ 176.063237069555214, -5.648385009268231 ], [ 176.063327953726002, -5.648423447564328 ], [ 176.063598683350705, -5.648512938975123 ], [ 176.063869414663628, -5.648601442058117 ], [ 176.064047459963575, -5.648657672477599 ], [ 176.064140158855793, -5.648681983351841 ], [ 176.064410932844481, -5.648744012999024 ], [ 176.064681670104477, -5.648828987447094 ], [ 176.064899686723749, -5.648930402014932 ], [ 176.064952342474328, -5.648954486173285 ], [ 176.065223041956102, -5.649063157041722 ], [ 176.065493719314645, -5.64918570442793 ], [ 176.065529177248578, -5.64920277220422 ], [ 176.065764400021777, -5.6493062432716 ], [ 176.066035065111862, -5.649436611048102 ], [ 176.066105385076696, -5.649475056151718 ], [ 176.066305673721899, -5.649602330446995 ], [ 176.066576321563474, -5.64974365141034 ], [ 176.066584021823303, -5.64974718284176 ], [ 176.066847012185548, -5.649858337433362 ], [ 176.067117773653791, -5.649928828600955 ], [ 176.06738852643457, -5.650004803026799 ], [ 176.0674240088521, -5.65001988945156 ], [ 176.067659184809202, -5.650139860725937 ], [ 176.067929858582318, -5.65026537612155 ], [ 176.067985260464184, -5.650292147790236 ], [ 176.068200528554229, -5.650393352504467 ], [ 176.068471270178918, -5.650476576500997 ], [ 176.068742018588438, -5.65055561374163 ], [ 176.06876498762972, -5.650564755991975 ], [ 176.069012760496435, -5.650638779330233 ], [ 176.069283478722241, -5.650736836408626 ], [ 176.069488970468541, -5.65083727395626 ], [ 176.069554140540077, -5.650870297878048 ], [ 176.069824786796374, -5.651013597678132 ], [ 176.07000016385669, -5.651109450419956 ], [ 176.070095418577239, -5.651166062886778 ], [ 176.070366155799178, -5.651252520647212 ], [ 176.070636878793096, -5.651347962932056 ], [ 176.070727739721036, -5.651381972792753 ], [ 176.070907608779578, -5.651439085758862 ], [ 176.071178346612641, -5.651525349713205 ], [ 176.071449056204187, -5.651629400801593 ], [ 176.07151591822543, -5.651654591260558 ], [ 176.07171978418657, -5.65172197772241 ], [ 176.071990516098964, -5.65181215206439 ], [ 176.072261241703842, -5.65190635253975 ], [ 176.072335470764358, -5.651927258897437 ], [ 176.072532013004263, -5.651971907692043 ], [ 176.072802834855253, -5.652005742061906 ], [ 176.07307367618688, -5.652027361663539 ], [ 176.073344510078243, -5.652053685623005 ], [ 176.07361532398005, -5.652092612092242 ], [ 176.073886114928143, -5.652146017004868 ], [ 176.074136257653862, -5.652201490910466 ], [ 176.074156896977826, -5.652205066195907 ], [ 176.074427693529628, -5.652255031939781 ], [ 176.07469844634025, -5.652332585722226 ], [ 176.07496911254762, -5.652464750609663 ], [ 176.074985651215968, -5.652474202707507 ], [ 176.075239783683912, -5.652593896952759 ], [ 176.075510476566507, -5.652709422893516 ], [ 176.075610818422035, -5.652746556436849 ], [ 176.07578121513194, -5.65279622669985 ], [ 176.076051993180556, -5.652858194070472 ], [ 176.07632278683522, -5.652910365691633 ], [ 176.07659359027673, -5.652956405032181 ], [ 176.076864395536404, -5.653001336311661 ], [ 176.07697559332729, -5.653020085914283 ], [ 176.077135208484634, -5.653041452391802 ], [ 176.077406034682866, -5.653073236936174 ], [ 176.077676880633902, -5.653092574904816 ], [ 176.077947791634159, -5.653070833027572 ], [ 176.078051258660452, -5.653021795054211 ] ], [ [ 176.118838474933625, -5.660941005236058 ], [ 176.118567916736623, -5.660726436322087 ], [ 176.118508671985779, -5.660682745672263 ], [ 176.118297358689063, -5.660511905202832 ], [ 176.118177138058229, -5.660410880372703 ], [ 176.118026885578246, -5.660241472028639 ], [ 176.117756141628178, -5.660149847266816 ], [ 176.117701733261498, -5.660138796037117 ], [ 176.117485361333763, -5.660082255044613 ], [ 176.117214607102511, -5.659997535706529 ], [ 176.116943835417629, -5.659924381831879 ], [ 176.116702820279272, -5.659865914195816 ], [ 176.116673052661582, -5.659858578445879 ], [ 176.116402271259886, -5.659791935475656 ], [ 176.116131559494079, -5.659679495872679 ], [ 176.116000531074889, -5.659593483012422 ], [ 176.115861034482265, -5.659444206805676 ], [ 176.115738634655514, -5.65932172272846 ], [ 176.115590604379634, -5.659146607263613 ], [ 176.115444519528211, -5.659049913223335 ], [ 176.115319980008422, -5.658976997553737 ], [ 176.115049145968214, -5.658945400663593 ], [ 176.114778262142039, -5.658946570186409 ], [ 176.114507431574765, -5.658912744692712 ], [ 176.114236648335464, -5.658847852935876 ], [ 176.114061872528794, -5.658776441914387 ], [ 176.113965941821704, -5.658732610492535 ], [ 176.113695290808124, -5.658580999917574 ], [ 176.11356342278674, -5.658504319474799 ], [ 176.113424673663161, -5.65840725403465 ], [ 176.113153962628303, -5.658295248725207 ], [ 176.113028706632861, -5.658232141221912 ], [ 176.112883282823987, -5.658162829391068 ], [ 176.112612642908573, -5.658004333340881 ], [ 176.112547720775524, -5.657960044754356 ], [ 176.112342047838126, -5.657816531922145 ], [ 176.112108863074752, -5.657688012436483 ], [ 176.112071394070739, -5.657667336071543 ], [ 176.111800717420863, -5.657533238674352 ], [ 176.111529876589202, -5.657506816044767 ], [ 176.111258857874247, -5.657596946490577 ], [ 176.111087816413828, -5.657686448762557 ], [ 176.110987741966056, -5.657750679340992 ], [ 176.110716545967364, -5.657956755526188 ], [ 176.11071608318764, -5.657957239680483 ], [ 176.11051612995908, -5.658228293745737 ], [ 176.11044508706064, -5.658334752690537 ], [ 176.110348639634054, -5.658499397503539 ], [ 176.110173638059536, -5.658706027335244 ], [ 176.110103698055951, -5.658770382357216 ], [ 176.10990228604976, -5.659013642791922 ], [ 176.109885405729841, -5.659041407970177 ], [ 176.10982726951292, -5.659312679317455 ], [ 176.109901423144663, -5.659577859102217 ], [ 176.109905230856128, -5.659584159555874 ], [ 176.110172112283664, -5.659703986172758 ], [ 176.110442931902014, -5.659744840844533 ], [ 176.110713706367591, -5.659815280696431 ], [ 176.110799303449454, -5.659856891791797 ], [ 176.110984401520568, -5.659937691983322 ], [ 176.111255084564846, -5.660068116365305 ], [ 176.111353061489581, -5.660129101338443 ], [ 176.111525697671283, -5.660244435480131 ], [ 176.111724253411239, -5.660401030780714 ], [ 176.111796248550405, -5.660461635636081 ], [ 176.112026527883273, -5.660672854493656 ], [ 176.112066756909599, -5.660706835523662 ], [ 176.112337311724929, -5.660921737007964 ], [ 176.112362261474146, -5.660944729317043 ], [ 176.112607830651598, -5.661160304129122 ], [ 176.112679863639897, -5.661216576241976 ], [ 176.112878458684946, -5.661327466318911 ], [ 176.113149197290795, -5.661422203050089 ], [ 176.113399082140091, -5.661489037387888 ], [ 176.113419970587302, -5.661494245109798 ], [ 176.11369079217684, -5.661534644098253 ], [ 176.113961611208083, -5.661576760068919 ], [ 176.114232444204276, -5.661609742386382 ], [ 176.114503283815964, -5.661638411286699 ], [ 176.114774085542592, -5.66169200764731 ], [ 176.115016969897709, -5.661762870377491 ], [ 176.115044849473094, -5.661770495154494 ], [ 176.115315620484893, -5.661844386089144 ], [ 176.115586318743652, -5.661966187479694 ], [ 176.115680573632858, -5.662035244050998 ], [ 176.1158569083928, -5.662159531303216 ], [ 176.116060533252835, -5.662307184576852 ], [ 176.116127501447011, -5.662350758865315 ], [ 176.116398199336544, -5.662473098045205 ], [ 176.116668948255153, -5.662561920720028 ], [ 176.116709732519354, -5.662579535270607 ], [ 176.116939681384423, -5.662661209357046 ], [ 176.117210347458496, -5.662804750127133 ], [ 176.117286898596177, -5.662851775625926 ], [ 176.117481019624137, -5.662944373549856 ], [ 176.11775173144801, -5.66305794805652 ], [ 176.117900992253794, -5.663124071692794 ], [ 176.118022443262959, -5.663171608752085 ], [ 176.118293230131343, -5.663235843395042 ], [ 176.11856406392252, -5.663269169274451 ], [ 176.118835028763272, -5.663216032779147 ], [ 176.119074547852676, -5.663125856677175 ], [ 176.119097264038572, -5.66285452999483 ], [ 176.119033735101198, -5.662583072226613 ], [ 176.119045518894126, -5.662311728925338 ], [ 176.119107518247972, -5.662156160758134 ], [ 176.11916842828569, -5.662040554490492 ], [ 176.119287128770367, -5.661769373615008 ], [ 176.119277586015613, -5.661497997881265 ], [ 176.119108853068127, -5.661274635981345 ], [ 176.119074911135954, -5.661226328716239 ], [ 176.11885492443443, -5.660954633196829 ] ], [ [ 176.104572593812918, -5.658219149165946 ], [ 176.104486002534344, -5.658138187782053 ], [ 176.104450508973258, -5.658218960690917 ], [ 176.104485625521079, -5.658383254411793 ], [ 176.104572593812918, -5.658219149165946 ] ], [ [ 176.103958382011456, -5.65984636157564 ], [ 176.104212786942725, -5.659655151097967 ], [ 176.104283260508765, -5.659575503319231 ], [ 176.104441364003293, -5.659304387318059 ], [ 176.104415026648013, -5.659032986465948 ], [ 176.104213921745867, -5.65891786387703 ], [ 176.104004651175927, -5.659032352623344 ], [ 176.103942805840006, -5.659070283747362 ], [ 176.103773406568735, -5.659303355462198 ], [ 176.103671250939982, -5.65950766038801 ], [ 176.103645095373395, -5.659574517282072 ], [ 176.103670902491729, -5.659733898510193 ], [ 176.103851976430775, -5.659846197148403 ], [ 176.103941597021844, -5.659855396573097 ], [ 176.103958382011456, -5.65984636157564 ] ], [ [ 176.136828955591341, -5.70141465501242 ], [ 176.136927564694076, -5.701334517422633 ], [ 176.136987174827368, -5.701143530074463 ], [ 176.136984607837149, -5.700872164091734 ], [ 176.136928514359141, -5.700698842982964 ], [ 176.136882083330192, -5.700600648280638 ], [ 176.136769910211115, -5.700329117998979 ], [ 176.136697516431724, -5.700057647345959 ], [ 176.136658725619981, -5.699953056748612 ], [ 176.136582872398293, -5.699786113347531 ], [ 176.136473100141473, -5.699514586644771 ], [ 176.136388780291639, -5.699312434774506 ], [ 176.136348627794035, -5.699243037890579 ], [ 176.136221277275837, -5.698971484808114 ], [ 176.136118713295673, -5.698753551363455 ], [ 176.136085599879038, -5.698699919223725 ], [ 176.135931094047947, -5.69842832538028 ], [ 176.135848525122242, -5.698276026124678 ], [ 176.13577007083677, -5.698156721736805 ], [ 176.135619050588474, -5.697885133077806 ], [ 176.135578305572295, -5.697819753861512 ], [ 176.135444825629548, -5.697613509575046 ], [ 176.135308059977348, -5.697381155364263 ], [ 176.135280278239861, -5.697341900567025 ], [ 176.1351068180347, -5.697070278153312 ], [ 176.135037780965803, -5.696965145207028 ], [ 176.13492812987576, -5.696798647860186 ], [ 176.134771723659128, -5.696527050993193 ], [ 176.134767544685701, -5.69652082329626 ], [ 176.134599163484012, -5.696255429843204 ], [ 176.134497334118663, -5.696059578972575 ], [ 176.134449708367413, -5.695983843367901 ], [ 176.134307431032454, -5.695712267654859 ], [ 176.134227208367747, -5.69554194772655 ], [ 176.134168292132216, -5.695440696639354 ], [ 176.134034267249149, -5.695169133291352 ], [ 176.13395714284124, -5.694984388691402 ], [ 176.133911532467039, -5.694897586893927 ], [ 176.133790906878517, -5.694626043654925 ], [ 176.133692695234828, -5.694354534091572 ], [ 176.133687208539129, -5.694339524482248 ], [ 176.133583955006969, -5.694083008698327 ], [ 176.133489269214465, -5.693811504422999 ], [ 176.133417361559253, -5.693636712630441 ], [ 176.13337394174826, -5.693539969113993 ], [ 176.133268416856993, -5.69326844853254 ], [ 176.133167957567167, -5.692996935560135 ], [ 176.133147492478003, -5.692949015208685 ], [ 176.133057270588466, -5.692725407203915 ], [ 176.13297252346095, -5.69245391784475 ], [ 176.132877684725599, -5.692220752768073 ], [ 176.132860185696302, -5.692182386993101 ], [ 176.132731112120524, -5.69191083096372 ], [ 176.132633010006145, -5.69163932150406 ], [ 176.132607774569806, -5.691561181889578 ], [ 176.132541722353096, -5.691367822288898 ], [ 176.132487320903209, -5.691096378552952 ], [ 176.132451583176532, -5.69082496289009 ], [ 176.132412831122508, -5.690553542693663 ], [ 176.132339070802658, -5.690282069839751 ], [ 176.132338794825557, -5.690281323625955 ], [ 176.132262064294849, -5.690010592101301 ], [ 176.132196554261128, -5.689739131655143 ], [ 176.132136347103227, -5.689467679185604 ], [ 176.132069511931093, -5.68920419289249 ], [ 176.132067369343446, -5.689196213521628 ], [ 176.13200228667074, -5.688924753716523 ], [ 176.131952855149677, -5.688653317457089 ], [ 176.131906667677669, -5.688381886078419 ], [ 176.13184526108418, -5.688110431803513 ], [ 176.13180051543489, -5.687936528925613 ], [ 176.131779471614465, -5.687838970934187 ], [ 176.131740042737334, -5.687567549724721 ], [ 176.131690587410191, -5.687296113430644 ], [ 176.131626195453009, -5.687024654663818 ], [ 176.131562734429991, -5.686753197297137 ], [ 176.131531591420469, -5.686621043628993 ], [ 176.13150102842107, -5.686481742570663 ], [ 176.131460021019024, -5.686210318988311 ], [ 176.131419891780553, -5.6859388967277 ], [ 176.131369543081405, -5.685667459090758 ], [ 176.131329027400369, -5.685396036249517 ], [ 176.131288224310055, -5.685124612976236 ], [ 176.131263063293204, -5.685042078466051 ], [ 176.131213334737538, -5.684853138413767 ], [ 176.131129600864284, -5.684581650540937 ], [ 176.131060224625088, -5.684310184271512 ], [ 176.130993614051278, -5.684077888661866 ], [ 176.130981444005528, -5.684038703848447 ], [ 176.130882412801128, -5.683767192946356 ], [ 176.130807026567197, -5.683495717626634 ], [ 176.130736794339441, -5.683224250062696 ], [ 176.130724046623186, -5.683192940295818 ], [ 176.130630622134476, -5.68295272840079 ], [ 176.130534069664691, -5.682681221212888 ], [ 176.130454265407536, -5.682450922032181 ], [ 176.130438252290418, -5.682409715126688 ], [ 176.13034256159915, -5.682138209226427 ], [ 176.130267444696386, -5.681866734297207 ], [ 176.130199998480975, -5.681595270915614 ], [ 176.130184741857505, -5.68153755677412 ], [ 176.130125768681467, -5.681323797319361 ], [ 176.130046126688882, -5.68105231557225 ], [ 176.129919750471998, -5.680780763448016 ], [ 176.129914996068521, -5.680772715571845 ], [ 176.12985539039866, -5.680644985616388 ] ], [ [ 176.126812340438391, -5.672389665179581 ], [ 176.126801030039189, -5.672363847797 ], [ 176.126677312620728, -5.672112565074848 ], [ 176.126666819280587, -5.672092283578265 ], [ 176.126532944934468, -5.671820719852831 ], [ 176.126463351998751, -5.671684933975882 ] ], [ [ 176.124764049351313, -5.668426027778059 ], [ 176.124687999077651, -5.668290232036829 ], [ 176.124553800456965, -5.668018667603696 ], [ 176.124516482703768, -5.66794463805245 ], [ 176.124415787709097, -5.667747097389245 ], [ 176.124283734498533, -5.667475536170877 ], [ 176.124246387259802, -5.667419431945107 ], [ 176.124111910428581, -5.667203914791752 ], [ 176.123976094257046, -5.667025586259498 ], [ 176.123913404113324, -5.666932253023583 ], [ 176.123754084006123, -5.666660650497406 ], [ 176.123705869759505, -5.666586529916996 ], [ 176.123573244657649, -5.66638901538758 ], [ 176.123435564584724, -5.666201223745226 ], [ 176.123377769313578, -5.666117358095407 ], [ 176.12322002779905, -5.665845757876251 ], [ 176.123165338919449, -5.665763428428296 ], [ 176.123040552045239, -5.665574124733477 ], [ 176.122895070003892, -5.665354549719573 ], [ 176.122857560837389, -5.665302486235787 ], [ 176.122670146747879, -5.665030841006506 ], [ 176.122624773767967, -5.66496401084899 ], [ 176.122486496842129, -5.664759201441963 ], [ 176.122354482393519, -5.664570477785509 ], [ 176.12229732541897, -5.664487553479113 ], [ 176.122158510552339, -5.664215981769416 ], [ 176.122105211845422, -5.664080220313807 ] ], [ [ 176.120327546013556, -5.661461606082109 ], [ 176.120263647992545, -5.661499495079465 ], [ 176.120191956894161, -5.661559019120057 ], [ 176.11996945047224, -5.661770409842291 ], [ 176.119920670846625, -5.661825022226875 ], [ 176.119792155112037, -5.662041501935033 ], [ 176.119678891789192, -5.662312691196835 ], [ 176.119648954156077, -5.66237541007234 ], [ 176.119547591188308, -5.662583853018819 ], [ 176.119380830561511, -5.662854960913105 ], [ 176.119377334302754, -5.662861459633239 ], [ 176.119129135813694, -5.663125939647921 ], [ 176.119193753072039, -5.663397399070821 ], [ 176.11922638715626, -5.66366880988379 ], [ 176.119286801548014, -5.663940262919491 ], [ 176.119375306448404, -5.66420064467071 ], [ 176.119379934187691, -5.664211765679697 ], [ 176.119487780456836, -5.664483290795435 ], [ 176.119543351597912, -5.664754736468407 ], [ 176.119572329085685, -5.665026141729467 ], [ 176.119621798400118, -5.665297578130985 ], [ 176.119644436982526, -5.665359267249797 ], [ 176.119731195128651, -5.665569105596099 ], [ 176.119819443161106, -5.665840600920307 ], [ 176.119885467317346, -5.666112062475102 ], [ 176.119914044625631, -5.666203260611642 ], [ 176.119987132898075, -5.666383578179776 ], [ 176.120107758122174, -5.666655122681461 ], [ 176.120184053190542, -5.666782808190916 ], [ 176.120278670753379, -5.666926743557619 ], [ 176.120400057576205, -5.667198289188587 ], [ 176.120454148276139, -5.667305496106481 ], [ 176.12054242450958, -5.667469866670013 ], [ 176.120694176836679, -5.667741458385425 ], [ 176.120724305490683, -5.667787408604056 ], [ 176.120890055410484, -5.668013117072385 ], [ 176.120994590603516, -5.668185040960512 ], [ 176.121056343493592, -5.66828473080299 ], [ 176.12110998983826, -5.668556173537555 ], [ 176.121111386123232, -5.668827536959931 ], [ 176.121096642335061, -5.669098875878302 ], [ 176.12106748506713, -5.669370192909289 ], [ 176.121019303566214, -5.669641481046847 ], [ 176.120992272384512, -5.669717322095874 ], [ 176.120938615097117, -5.669912719807817 ], [ 176.120848476765275, -5.670183944191143 ], [ 176.120778531475878, -5.6704551992184 ], [ 176.120752689306556, -5.6707265212237 ], [ 176.120764996369786, -5.670997901177581 ], [ 176.120820062587455, -5.671269346088916 ], [ 176.120903489578893, -5.671540834082876 ], [ 176.120989247058418, -5.671716349346172 ], [ 176.121062180976338, -5.67181243639516 ], [ 176.121259767118119, -5.671959792317476 ], [ 176.121481872445912, -5.672084434994639 ], [ 176.121530426105124, -5.672111556541918 ], [ 176.12180105632828, -5.672282441499275 ], [ 176.121884824241533, -5.672356407943876 ], [ 176.122071584961162, -5.672520628259026 ], [ 176.122194933911146, -5.672628239822952 ], [ 176.122342130496605, -5.672747782968736 ], [ 176.122539524441038, -5.672900123872198 ], [ 176.122612689589516, -5.672966110233939 ], [ 176.122812573792061, -5.673171899297367 ], [ 176.122883123960236, -5.673267129716717 ], [ 176.122990166441497, -5.673443529929973 ], [ 176.123153384522794, -5.673683401850703 ], [ 176.123178206747411, -5.673715176366634 ], [ 176.123370383892393, -5.673986829035754 ], [ 176.123423687197715, -5.674072026144204 ], [ 176.123540410546184, -5.674258448103605 ], [ 176.123693951654417, -5.674486190750127 ], [ 176.123736098155803, -5.674530106019025 ], [ 176.123964497632215, -5.674714078443743 ], [ 176.124063606393975, -5.674801963545589 ], [ 176.124235001532895, -5.674969995717439 ], [ 176.124326127709793, -5.675073722539573 ], [ 176.124492130184365, -5.675345335341455 ], [ 176.12450529143598, -5.675367926822776 ], [ 176.124653817285832, -5.67561694158497 ], [ 176.124751214406075, -5.675888450501043 ], [ 176.124775232140564, -5.675997612209794 ], [ 176.12481788724017, -5.676159912911405 ], [ 176.124849770301694, -5.676431322666893 ], [ 176.124857839331412, -5.676702696378629 ], [ 176.124839447353793, -5.676974030035819 ], [ 176.124838108779699, -5.677245389502357 ], [ 176.124913813602291, -5.677516865592113 ], [ 176.125043506469069, -5.677732545252912 ], [ 176.125090166439691, -5.677788494016647 ], [ 176.125313982947716, -5.678007812595591 ], [ 176.125366420590609, -5.678060273575596 ], [ 176.125573497783762, -5.678331948394428 ], [ 176.12558436008959, -5.678349143955236 ], [ 176.125753274825712, -5.678603581874336 ], [ 176.125854624341031, -5.678765581353939 ], [ 176.12592065972558, -5.678875196580779 ], [ 176.126009157652788, -5.67914669196985 ], [ 176.126021942154097, -5.679418072860211 ], [ 176.12599299890536, -5.679689390641841 ], [ 176.125965762339888, -5.679960710996813 ], [ 176.125918091996994, -5.680232000434767 ], [ 176.125852220243303, -5.680360456554508 ], [ 176.125774143859928, -5.680503144199357 ], [ 176.125580781260226, -5.680722610434104 ], [ 176.125527096104719, -5.680774131873258 ], [ 176.125309529037281, -5.68096074196048 ], [ 176.125206242069623, -5.681045007656645 ], [ 176.125038307377707, -5.681178477702848 ], [ 176.124847528745505, -5.681315825864951 ], [ 176.124767107966619, -5.681381346438697 ], [ 176.12449595119682, -5.681555860768126 ], [ 176.124448067404956, -5.681586582041438 ], [ 176.124224807508512, -5.681721615671088 ], [ 176.123953763686671, -5.681821195181285 ], [ 176.123776039236986, -5.681856924513344 ], [ 176.123682778931112, -5.68188165289067 ], [ 176.123411918887456, -5.68185961632878 ], [ 176.123404596531884, -5.681856360984496 ], [ 176.12314117919459, -5.681758044028788 ], [ 176.122902396563319, -5.681584237387291 ], [ 176.122870589729303, -5.681557259613727 ], [ 176.122600487023476, -5.681312417639831 ], [ 176.122600067742866, -5.681312019383639 ], [ 176.122342407830871, -5.681040664358838 ], [ 176.122329608078928, -5.681025764824901 ], [ 176.122112752572065, -5.680768954185256 ], [ 176.12205921090802, -5.680698414928461 ], [ 176.121922122249856, -5.680497303256945 ], [ 176.121788988854746, -5.68025564099198 ], [ 176.121766578563069, -5.680225705618491 ], [ 176.121550461273273, -5.679954015879304 ], [ 176.121518617744158, -5.679911509073089 ], [ 176.121334807807386, -5.67968232679302 ], [ 176.121248232295954, -5.679577042676896 ], [ 176.121105624055218, -5.679410617078121 ], [ 176.120977857103753, -5.6792360087896 ], [ 176.120913499654733, -5.679138963673102 ], [ 176.120765280368033, -5.678867377021012 ], [ 176.12070762857428, -5.678798438410969 ], [ 176.120513165421016, -5.678595632271319 ], [ 176.120437155176717, -5.678522592938799 ], [ 176.120229931427076, -5.67832384008242 ], [ 176.12016665476898, -5.678264723361258 ], [ 176.119963766044691, -5.678052073778554 ], [ 176.119896207587317, -5.677971932598595 ], [ 176.119752730641892, -5.677780391336976 ], [ 176.11962589944622, -5.677587701458354 ], [ 176.119564773760828, -5.677508743994183 ], [ 176.119384408836453, -5.677237108178877 ], [ 176.11935559508899, -5.677201200387989 ], [ 176.119085015196532, -5.67699639365578 ], [ 176.119035016929587, -5.67696521480452 ], [ 176.118814349138489, -5.676848451184711 ], [ 176.118644271864355, -5.676693258232368 ], [ 176.118543860873473, -5.676583578591521 ], [ 176.118399783784866, -5.676421524463698 ], [ 176.118273490647908, -5.676241189862604 ], [ 176.118206449627621, -5.676149868633463 ], [ 176.11808480792331, -5.67587832210527 ], [ 176.118020451647794, -5.675606862936598 ], [ 176.118003661994948, -5.67554268032535 ], [ 176.117932056293085, -5.675335367103577 ], [ 176.11782322884531, -5.6750638401022 ], [ 176.117733776313003, -5.674882041240265 ], [ 176.117675563087488, -5.674792253846912 ], [ 176.117515965083044, -5.674520649367729 ], [ 176.117463593625075, -5.674417084046969 ], [ 176.117368130516837, -5.674249062814839 ], [ 176.117196245693066, -5.673977439540031 ], [ 176.117193377211805, -5.673974562176426 ], [ 176.116922728283043, -5.673816614421204 ], [ 176.116662195516369, -5.673705263335714 ], [ 176.116652014282948, -5.673701534971189 ], [ 176.116381329719701, -5.673567197005909 ], [ 176.116251026871169, -5.673433274440314 ], [ 176.11614608383789, -5.673161753215585 ], [ 176.116111203812665, -5.673066014232067 ], [ 176.11588416102029, -5.672889992125881 ], [ 176.115840605013517, -5.672875645857276 ], [ 176.115569754401264, -5.672850709335123 ], [ 176.115299108490603, -5.672691460318271 ], [ 176.115223515161006, -5.672617621377468 ], [ 176.115032026673987, -5.672345967697698 ], [ 176.115028757161923, -5.672339038405251 ], [ 176.114914094046526, -5.672074426492074 ], [ 176.114865925132563, -5.671802991989313 ], [ 176.114841292524744, -5.671531593487119 ], [ 176.114812125495291, -5.671260188049513 ], [ 176.114759784791403, -5.671082203065159 ], [ 176.114724120678034, -5.670988692617267 ], [ 176.114565726254057, -5.670717089504496 ], [ 176.114489594778661, -5.670624603474233 ], [ 176.114218975326537, -5.670448868135788 ], [ 176.114205459314149, -5.67044517746939 ], [ 176.113948167176716, -5.670396949420133 ], [ 176.11367728556425, -5.670393218667519 ], [ 176.113406367488722, -5.670413391668081 ], [ 176.113135462890199, -5.670424738388204 ], [ 176.112864621481663, -5.670394717615735 ], [ 176.112593904480633, -5.670283296085849 ], [ 176.112459827565033, -5.670171142753811 ], [ 176.11232343686541, -5.670008759038542 ], [ 176.112240615114075, -5.669899445945158 ], [ 176.112119606947886, -5.669627899710074 ], [ 176.112053371110278, -5.66947147523718 ], [ 176.111993894177829, -5.669356346248487 ], [ 176.111783033096884, -5.669112567160169 ], [ 176.111725093121947, -5.669084573257313 ], [ 176.11151229394261, -5.669016184506403 ], [ 176.11124145102437, -5.668987704261664 ], [ 176.110970601964567, -5.668963267698174 ], [ 176.110699797130195, -5.668909965152075 ], [ 176.110429061399202, -5.668811573478062 ], [ 176.110158175117675, -5.668811554123426 ], [ 176.109982413447653, -5.669081896897866 ], [ 176.110053248697028, -5.669353366287046 ], [ 176.110157067119161, -5.669534963634266 ], [ 176.110222234424839, -5.669624986541788 ], [ 176.110387824408974, -5.669896601550714 ], [ 176.110427283384325, -5.669972743028203 ], [ 176.110531343227251, -5.67016818261927 ], [ 176.110663155889767, -5.670439745684628 ], [ 176.1106973786666, -5.670489787048927 ], [ 176.110862144703702, -5.670711411936064 ], [ 176.110967686161814, -5.670868474957784 ], [ 176.111041524309741, -5.670983048026943 ], [ 176.111197376256655, -5.671254647953431 ], [ 176.111237902684564, -5.67130682653956 ], [ 176.111431299625622, -5.671526367736343 ], [ 176.111508322105237, -5.671612809867132 ], [ 176.111664341071219, -5.671798086102308 ], [ 176.111778694999657, -5.671949393283014 ], [ 176.111887835096496, -5.672069789752588 ], [ 176.112049140424347, -5.672238744901912 ], [ 176.112152254595003, -5.672341556143921 ], [ 176.112319614633208, -5.672509443218526 ], [ 176.11241995991557, -5.672613327490742 ], [ 176.112590076271545, -5.672788531009407 ], [ 176.112694989212088, -5.672885109982142 ], [ 176.112860601125277, -5.67302641763388 ], [ 176.113012654285399, -5.673156957747882 ], [ 176.113131135484167, -5.673258230049369 ], [ 176.113307175936711, -5.673428769911423 ], [ 176.113401620190871, -5.673522698758902 ], [ 176.113563547221133, -5.673700523507789 ], [ 176.113672052201281, -5.673821842738416 ], [ 176.113807367359385, -5.673972257797272 ], [ 176.113942485759907, -5.674120152192721 ], [ 176.114063633379345, -5.674244011079038 ], [ 176.114212949737293, -5.674398708241608 ], [ 176.114331842552929, -5.674515782569451 ], [ 176.114483419605676, -5.674673572410737 ], [ 176.114591501527485, -5.674787540882913 ], [ 176.114753848613191, -5.674975393042281 ], [ 176.114819121124157, -5.675059250079062 ], [ 176.114962134237231, -5.675330829745747 ], [ 176.115024039632516, -5.675433460125672 ], [ 176.115142461634065, -5.675602466490949 ], [ 176.115294374254859, -5.675797592047539 ], [ 176.115365185283196, -5.675874168062186 ], [ 176.115564864147075, -5.676060066409018 ], [ 176.115667693373979, -5.676145991599877 ], [ 176.115835434237084, -5.676270071410051 ], [ 176.116022910396254, -5.676417895603883 ], [ 176.116105997266231, -5.676484845083479 ], [ 176.116369946308112, -5.676689786935601 ], [ 176.116376568183597, -5.676694575500231 ], [ 176.11664719138426, -5.676870100039532 ], [ 176.116768053439245, -5.676961756127663 ], [ 176.11691779244714, -5.677060283606459 ], [ 176.117131321571662, -5.677233671899232 ], [ 176.117188344597793, -5.677282733066654 ], [ 176.117448402191968, -5.677505516983719 ], [ 176.117458881518871, -5.677515333846048 ], [ 176.117709295729924, -5.677777276185496 ], [ 176.117729339918924, -5.677799708006977 ], [ 176.117959610066038, -5.678049019162179 ], [ 176.117999787323726, -5.678091486324528 ], [ 176.118225320478047, -5.678320785550734 ], [ 176.11827025443543, -5.678370477712971 ], [ 176.118467229017881, -5.678592515552199 ], [ 176.118540675891637, -5.678679680740038 ], [ 176.118684023263, -5.678864207190076 ], [ 176.118811003950583, -5.679050539837931 ], [ 176.118875500328102, -5.679135860177883 ], [ 176.119081371787473, -5.679395428767923 ], [ 176.119091983256311, -5.679407551243655 ], [ 176.119321586283178, -5.679679262251488 ], [ 176.119351768918932, -5.679721231510868 ], [ 176.119531323083635, -5.679950942929613 ], [ 176.119622138995567, -5.680065048076135 ], [ 176.119752235390223, -5.680222640583559 ], [ 176.119892500003289, -5.680415042606969 ], [ 176.119955713523183, -5.680494311629139 ], [ 176.120145335628905, -5.680765961529849 ], [ 176.120162825419499, -5.680788697127678 ], [ 176.120375485379469, -5.681037673097213 ], [ 176.120433246624231, -5.681099432872272 ], [ 176.12063925695233, -5.681309435780209 ], [ 176.120703708062337, -5.681383829808335 ], [ 176.120870480719105, -5.681581148848736 ], [ 176.120974091383601, -5.681719915812416 ], [ 176.121069953470084, -5.681852813547174 ], [ 176.121235389648632, -5.682124426424592 ], [ 176.12124435212769, -5.682137056275875 ], [ 176.121440221927827, -5.682396099198701 ], [ 176.121514689153287, -5.682504107058708 ], [ 176.121638122904159, -5.682667761386454 ], [ 176.121785037004571, -5.68286422871617 ], [ 176.121844591126262, -5.682939436558365 ], [ 176.12205306244482, -5.68321111472859 ], [ 176.122055400798331, -5.683214038578804 ], [ 176.122265488425228, -5.683482798861484 ], [ 176.12232574349855, -5.683577982589167 ], [ 176.122443281857869, -5.683754430316847 ], [ 176.122595992135899, -5.684004261338148 ], [ 176.122613989460575, -5.684026050974292 ], [ 176.122866467249253, -5.684281178673846 ], [ 176.122882714423241, -5.684297820500323 ], [ 176.1231369922738, -5.684525286866189 ], [ 176.123178955892143, -5.684569631723467 ], [ 176.1234046114661, -5.684841335672273 ], [ 176.123407403915138, -5.684844486783094 ], [ 176.123652805779415, -5.68511307377434 ], [ 176.123677854454911, -5.685138162988165 ], [ 176.123915783391112, -5.685384834236577 ], [ 176.123948327034327, -5.685417444094468 ], [ 176.124164662769175, -5.685656573225294 ], [ 176.124218770086458, -5.68571642733776 ], [ 176.124402435657117, -5.685928295293572 ], [ 176.124489189663308, -5.686031123833593 ], [ 176.124636305802625, -5.686200011377033 ], [ 176.124759634239979, -5.686329465982348 ], [ 176.124879329059524, -5.686471741273929 ], [ 176.125030018270877, -5.686668067610691 ], [ 176.125094098064352, -5.686743428273143 ], [ 176.125300465645864, -5.68696493064807 ], [ 176.125348276353179, -5.687015174944683 ], [ 176.125570926871404, -5.687252801685215 ], [ 176.125602561591677, -5.687286921700113 ], [ 176.125838005975453, -5.687558639838572 ], [ 176.125841355170678, -5.687562661165377 ], [ 176.126069405085133, -5.687830351785877 ], [ 176.12611177472354, -5.687878503952419 ], [ 176.126321002777985, -5.688102094252881 ], [ 176.126382226086861, -5.688173454007519 ], [ 176.126556598968023, -5.688373812422145 ], [ 176.126652651968243, -5.688485477740325 ], [ 176.126800106143406, -5.68864554249853 ], [ 176.12692312202546, -5.688768396272988 ], [ 176.127053501126994, -5.688917287464622 ], [ 176.127193511289704, -5.689105078785903 ], [ 176.127262939211676, -5.689188965861089 ], [ 176.127463890616241, -5.689448556165821 ], [ 176.127474452829944, -5.689460647347919 ], [ 176.127697568733737, -5.689732346328637 ], [ 176.127734288909693, -5.689779651681388 ], [ 176.127912502217356, -5.69000403288231 ], [ 176.128004694662962, -5.690105994309743 ], [ 176.128146468016581, -5.690275748150772 ], [ 176.128275045980615, -5.690468676646119 ], [ 176.128332001842551, -5.690547390166619 ], [ 176.128505634728072, -5.690819014164812 ], [ 176.12854532885649, -5.690877027242594 ], [ 176.128702585784282, -5.691090673360235 ], [ 176.128815681864751, -5.691239027440128 ], [ 176.128907879927482, -5.691362345115522 ], [ 176.129085996242452, -5.691626909999193 ], [ 176.129091473356056, -5.69163398405305 ], [ 176.129287310171406, -5.691905641442177 ], [ 176.129356332046058, -5.692000780144439 ], [ 176.129480286221195, -5.692177294471418 ], [ 176.129626589086712, -5.692427229462686 ], [ 176.129641593524894, -5.692448899660122 ], [ 176.12980911397861, -5.6927205142011 ], [ 176.129896852066736, -5.692849975474076 ], [ 176.129998487297456, -5.692992161690063 ], [ 176.13016713095891, -5.693262382919205 ], [ 176.130168158478796, -5.693263779416359 ], [ 176.130343844036759, -5.693535406187004 ], [ 176.130437405431223, -5.693677969970256 ], [ 176.13052458774672, -5.693807040555549 ], [ 176.130672283529691, -5.694078625053006 ], [ 176.13070761378367, -5.694137793282031 ], [ 176.130840915917872, -5.694350241100643 ], [ 176.130977847915318, -5.694580721272307 ], [ 176.131007374470471, -5.694621853843041 ], [ 176.131191882755758, -5.694893493766553 ], [ 176.131248170085144, -5.694965296429263 ], [ 176.131401378018182, -5.695165171312746 ], [ 176.131518556545615, -5.695307288913724 ], [ 176.13161719646439, -5.695436858337687 ], [ 176.131788892862716, -5.695682883884842 ], [ 176.131808569486395, -5.695708508482857 ], [ 176.132003198887247, -5.695980163494041 ], [ 176.132059228721687, -5.696059006126379 ], [ 176.132207423225395, -5.696251832914342 ], [ 176.132329607727115, -5.696406599703732 ], [ 176.132418531877903, -5.696523512654276 ], [ 176.132573464820808, -5.696795107775727 ], [ 176.132599862417862, -5.696837260229499 ], [ 176.132747977675024, -5.697066732347857 ], [ 176.13287012027476, -5.697266058731946 ], [ 176.132924837189478, -5.697338360421082 ], [ 176.13312908064384, -5.697610029668507 ], [ 176.133140483111504, -5.697625100718686 ], [ 176.133332184041905, -5.697881697154769 ], [ 176.13341084559309, -5.697984593874813 ], [ 176.133534588857174, -5.698153363544874 ], [ 176.133681194595823, -5.698353294295881 ], [ 176.133737859721094, -5.698425031192416 ], [ 176.133941832232836, -5.69869669984946 ], [ 176.133951562660485, -5.698709493134431 ], [ 176.134157219642816, -5.698968385620669 ], [ 176.134221953716548, -5.699050558141492 ], [ 176.134379446079947, -5.699240081618219 ], [ 176.134492397257361, -5.699356785849714 ], [ 176.134627156303225, -5.699511815851915 ], [ 176.134762837019338, -5.699665725050285 ], [ 176.134874820884875, -5.699783549942985 ], [ 176.135033309908351, -5.699952723823865 ], [ 176.135132068431801, -5.70005529835259 ], [ 176.135303760538136, -5.700254774125279 ], [ 176.135370827674336, -5.70032701892046 ], [ 176.135574205820546, -5.700560584270084 ], [ 176.135608045555188, -5.700598737106636 ], [ 176.135844674073553, -5.700851225353206 ], [ 176.135863545261088, -5.700870482664161 ], [ 176.136115189411044, -5.701110559860465 ], [ 176.136147466655757, -5.701142270786511 ], [ 176.136385761250892, -5.701332263036448 ], [ 176.136541406286568, -5.701414223821007 ], [ 176.136656479002909, -5.701456479725588 ], [ 176.136828955591341, -5.70141465501242 ] ], [ [ 176.101128554787522, -5.664455100557451 ], [ 176.101225952150088, -5.66427538465136 ], [ 176.101255131652863, -5.664183937002479 ], [ 176.101284996637986, -5.663912623415891 ], [ 176.101291615479397, -5.663641273770774 ], [ 176.101227245876089, -5.663438318678512 ], [ 176.100956362049743, -5.663438765352964 ], [ 176.100752337515587, -5.663640437196325 ], [ 176.100685044246035, -5.663719861176618 ], [ 176.100564932984526, -5.663911506217752 ], [ 176.100509554456494, -5.664182780109861 ], [ 176.100611421020886, -5.66445429808556 ], [ 176.100683790458874, -5.66453055811765 ], [ 176.100954576819504, -5.664593463049949 ], [ 176.101128554787522, -5.664455100557451 ] ], [ [ 176.108036489147707, -5.670978424624959 ], [ 176.108258932850418, -5.670791031993545 ], [ 176.108318270308871, -5.670707498463588 ], [ 176.108509703575294, -5.670436432976191 ], [ 176.108530476543962, -5.670363230982586 ], [ 176.108569136029246, -5.670165164127757 ], [ 176.108530868714297, -5.670107699502257 ], [ 176.108260066198085, -5.670052811074923 ], [ 176.108119349824278, -5.670164471278142 ], [ 176.107988794122122, -5.670303744133188 ], [ 176.107891093598909, -5.670435479872116 ], [ 176.107726069492173, -5.670706585823172 ], [ 176.107717179541993, -5.67077747570967 ], [ 176.107672931865096, -5.67097786421535 ], [ 176.107716821326562, -5.671010642634969 ], [ 176.107987701555771, -5.671015155163038 ], [ 176.108036489147707, -5.670978424624959 ] ] ] } },
{ "type": "Feature", "properties": { "year": 2020, "certainty": "good", "eez_territory": "TUV" }, "geometry": { "type": "MultiLineString", "coordinates": [ [ [ 176.078244467543584, -5.652886422687049 ], [ 176.078345594323594, -5.652750904076088 ], [ 176.078373779724529, -5.652479590507497 ], [ 176.078337888014346, -5.652208175226781 ], [ 176.078333117833779, -5.651936809343757 ], [ 176.078369824397498, -5.651665509286646 ], [ 176.078387611209138, -5.651394179194694 ], [ 176.078355434569147, -5.65112276981033 ], [ 176.078322863677585, -5.650851359800916 ], [ 176.078308793365721, -5.650579979150369 ], [ 176.078257282534764, -5.650308539086695 ], [ 176.078223157905882, -5.650232284731 ], [ 176.078107884305894, -5.650036943678523 ], [ 176.077952867192835, -5.649862697979146 ], [ 176.077861700576989, -5.649765194621596 ], [ 176.07768243654786, -5.6495817688918 ], [ 176.07758997986349, -5.64949340494776 ], [ 176.077411940859918, -5.649342107218964 ], [ 176.077274544240169, -5.649221545755782 ], [ 176.077141465837059, -5.649089532859602 ], [ 176.077006213421356, -5.648972716982589 ] ], [ [ 176.075923754971967, -5.648316563258417 ], [ 176.075840823518064, -5.648269513310175 ] ], [ [ 176.075653144492918, -5.64815017770028 ], [ 176.075627959361839, -5.648133495644605 ], [ 176.075517844075534, -5.648063982667218 ], [ 176.075247229535137, -5.647900317164042 ], [ 176.075193760394683, -5.64786144664509 ], [ 176.074976658074831, -5.647709595150052 ], [ 176.07481302030385, -5.647589482496183 ], [ 176.074706106578191, -5.647506407988814 ], [ 176.074435498942904, -5.647338720455344 ], [ 176.074404917669284, -5.647317474573679 ], [ 176.074164890528067, -5.647171629928086 ], [ 176.07397376175507, -5.647045429692358 ], [ 176.073894306352543, -5.646989378911432 ], [ 176.073623710519854, -5.646814581270645 ], [ 176.073563696736272, -5.646773418172712 ], [ 176.073353114355172, -5.646640102190489 ], [ 176.07314543601143, -5.64650139335431 ], [ 176.073082531670281, -5.646457249446719 ], [ 176.072811903881217, -5.646302887811105 ], [ 176.072690604987628, -5.646229309955253 ], [ 176.072541289808441, -5.646139997591772 ], [ 176.072270648086601, -5.645994596850557 ], [ 176.072201944274752, -5.645957172272322 ], [ 176.072000027620589, -5.645835927578118 ], [ 176.071729340425208, -5.645719297621967 ], [ 176.071675562569396, -5.645684974013851 ], [ 176.07145877377468, -5.645527005897678 ], [ 176.071298904214842, -5.645413014557739 ], [ 176.071188233411277, -5.64531832005845 ], [ 176.070917589295959, -5.645174916865598 ], [ 176.070852875727212, -5.645140944049934 ], [ 176.070646998996523, -5.644997819326095 ], [ 176.070391345389737, -5.644868848479359 ], [ 176.070376348334406, -5.644858719796077 ], [ 176.070105705130999, -5.644715030401918 ], [ 176.069834990819714, -5.644616041801431 ], [ 176.069788862055077, -5.644596527121295 ], [ 176.069564315690087, -5.644492548995236 ], [ 176.069293572511839, -5.644411803704624 ], [ 176.069022817686403, -5.644338417678642 ], [ 176.068980953840651, -5.644323876342346 ], [ 176.068752106498181, -5.64423774160214 ], [ 176.06848137768236, -5.644148178199252 ], [ 176.068210644184632, -5.644061610585499 ], [ 176.068176898094265, -5.644051230734771 ], [ 176.067939898814444, -5.643982538414057 ], [ 176.067669151333206, -5.643904845342911 ], [ 176.067398430762864, -5.643810369040894 ], [ 176.067314779322487, -5.643778491011384 ], [ 176.067127740504162, -5.643696995739446 ], [ 176.066857014281595, -5.643606191955937 ], [ 176.066586285729699, -5.643516908739835 ], [ 176.066551853033246, -5.643505909363761 ], [ 176.066315548086806, -5.643433371466514 ], [ 176.066044801009497, -5.643355790035965 ], [ 176.065774069457632, -5.643268565904215 ], [ 176.065673914676154, -5.643233142066605 ], [ 176.065503350663704, -5.643173435563857 ], [ 176.065232599328112, -5.643098690809247 ], [ 176.064961836053982, -5.643031453655317 ], [ 176.064691074368284, -5.642963276245699 ], [ 176.064679814336671, -5.642960186776283 ], [ 176.06442030911748, -5.642897374571576 ], [ 176.064149519665762, -5.642846617537708 ], [ 176.063878693166174, -5.642819002908238 ], [ 176.063607847634785, -5.642803280561389 ], [ 176.063337002809959, -5.642787139808251 ], [ 176.063066169661283, -5.64276374702212 ], [ 176.062795350120808, -5.642731905067163 ], [ 176.06253528764438, -5.642685376811994 ], [ 176.062524556622208, -5.642683879328314 ], [ 176.062253764514793, -5.642635027825974 ], [ 176.061982983286782, -5.642579446770662 ], [ 176.061712204244742, -5.642522550170047 ], [ 176.061441415788693, -5.642471553800728 ], [ 176.061170619682315, -5.642425356053435 ], [ 176.060920045150738, -5.642411414039267 ], [ 176.060899773001637, -5.642410634512418 ], [ 176.060887366386055, -5.642411361278342 ], [ 176.060628866943432, -5.642432832711022 ], [ 176.060357901361527, -5.642492009044195 ], [ 176.060086909846092, -5.642567269422555 ], [ 176.059815884454338, -5.64266353060487 ], [ 176.059782691154254, -5.64268093365288 ], [ 176.059544712597557, -5.6428506525921 ], [ 176.059448986018964, -5.642951751071084 ], [ 176.059306339827202, -5.64322287731504 ], [ 176.059273097024089, -5.643312973026961 ], [ 176.059228139390001, -5.643494107758411 ], [ 176.059200663054582, -5.643765420242687 ], [ 176.059216325086993, -5.644036802513892 ], [ 176.059262798324255, -5.644308234634598 ], [ 176.059271436771752, -5.644342939285665 ], [ 176.059342162094367, -5.644579719968514 ], [ 176.05941124518759, -5.644851188669451 ], [ 176.059502132092348, -5.645122692642964 ], [ 176.059540952568909, -5.645183843864027 ], [ 176.059677947646236, -5.645394333990665 ], [ 176.059811105138181, -5.645630000539247 ], [ 176.059834184396351, -5.645665943645414 ], [ 176.059989855266394, -5.645937552364604 ], [ 176.060081258186301, -5.646076094237144 ], [ 176.060171913092944, -5.646209203728249 ], [ 176.060351504062311, -5.646464796046491 ], [ 176.06036528509614, -5.646480873351045 ], [ 176.060621931965727, -5.646740681467876 ], [ 176.060635002381019, -5.646752666332546 ], [ 176.060892438875356, -5.646967655501481 ], [ 176.060964741076532, -5.64702455620928 ], [ 176.061162947757708, -5.647193538564078 ], [ 176.06129682163143, -5.647296449729679 ], [ 176.061433514765071, -5.64738343683993 ], [ 176.061704117182217, -5.647551441795547 ], [ 176.06173011017907, -5.647568506524588 ], [ 176.061974757469869, -5.647696006562378 ], [ 176.062228918839025, -5.647840668799391 ], [ 176.06224538309317, -5.647849783575325 ], [ 176.062516037644855, -5.647985663117338 ], [ 176.062721047233651, -5.648112819944615 ], [ 176.062786638914275, -5.648154783824067 ], [ 176.06305728602257, -5.648295481025955 ], [ 176.063237853114231, -5.648385010531487 ], [ 176.063327949379925, -5.648426153182446 ], [ 176.063598679995096, -5.648515028558307 ], [ 176.063869409305624, -5.648604779470683 ], [ 176.064014071569687, -5.648657618691792 ], [ 176.064140134268882, -5.6486973023305 ], [ 176.064410899592957, -5.648764736259994 ], [ 176.064681640766224, -5.648847276884072 ], [ 176.06487169799351, -5.64893035696656 ], [ 176.064952327414687, -5.648963876859071 ], [ 176.065223040097322, -5.649064316436131 ], [ 176.065493715927914, -5.649187817390656 ], [ 176.065522907772532, -5.649202762119812 ], [ 176.065764338811533, -5.649344442573574 ], [ 176.065997276247714, -5.649474882348988 ], [ 176.066034943565427, -5.649512484170113 ], [ 176.066305555862897, -5.649675920894047 ], [ 176.066431331920654, -5.649746937475921 ], [ 176.066576141783258, -5.649855934456892 ], [ 176.066846812494418, -5.649983089497729 ], [ 176.066959909161028, -5.650019144175453 ], [ 176.067117521390799, -5.650086466893529 ], [ 176.067388236587078, -5.650185977517713 ], [ 176.067653100738312, -5.650291614723745 ], [ 176.067658937938887, -5.650294212992248 ], [ 176.067929661424984, -5.650388679427985 ], [ 176.06820039611091, -5.650476205766016 ], [ 176.068428814763223, -5.650564216909524 ], [ 176.068471098515801, -5.650583994104704 ], [ 176.06874181533874, -5.650682831515169 ], [ 176.069012554252907, -5.650767906588972 ], [ 176.069179352511526, -5.650836777826385 ], [ 176.069283236402072, -5.650888592121708 ], [ 176.069553913316525, -5.651012637297915 ], [ 176.069790353068669, -5.651109114407219 ], [ 176.069824606101605, -5.651126820481349 ], [ 176.070095313042287, -5.651232208514724 ], [ 176.070366042135447, -5.651323780727532 ], [ 176.070521921478445, -5.651381643417015 ], [ 176.070636747252138, -5.651430453445773 ], [ 176.07090748443872, -5.651517082522259 ], [ 176.071178234121959, -5.651595932606974 ], [ 176.071361430756326, -5.651654344235427 ], [ 176.071448967921214, -5.651684809631482 ], [ 176.071719703902374, -5.651772380193328 ], [ 176.071990422360699, -5.651871017179558 ], [ 176.072152293187969, -5.65192696623699 ], [ 176.072261147382335, -5.651965600217312 ], [ 176.072531941081166, -5.652017098625368 ], [ 176.07280277254165, -5.652044906354081 ], [ 176.073073625100676, -5.652059478773877 ], [ 176.073344465673927, -5.652081609976362 ], [ 176.073615270859648, -5.652126027213655 ], [ 176.073886057923545, -5.652181885598407 ], [ 176.073980609276788, -5.652201242707643 ], [ 176.074156859134035, -5.652228885120676 ], [ 176.074427644103594, -5.652286149539818 ], [ 176.074585833515272, -5.65233788660057 ] ], [ [ 176.120102385421774, -5.661499250339349 ], [ 176.119920912199689, -5.661665484574757 ], [ 176.119811182098886, -5.661770169555052 ], [ 176.119705857365602, -5.662041370888274 ], [ 176.11964920481708, -5.662209787022734 ], [ 176.119612761251886, -5.662312590758313 ], [ 176.119487333128717, -5.662583761481695 ], [ 176.119377406536188, -5.662813751081043 ], [ 176.119106605558756, -5.662758826976202 ], [ 176.119088105780747, -5.662583154863125 ], [ 176.119107214242717, -5.662356908502963 ], [ 176.119113169790609, -5.662311831739077 ], [ 176.119254467221111, -5.662040685224015 ], [ 176.119378938908909, -5.661801557444257 ], [ 176.119433977064574, -5.661769596698171 ], [ 176.119477591468637, -5.661498301697359 ], [ 176.119379610840213, -5.661357661851135 ], [ 176.119259338723282, -5.661226608922642 ], [ 176.11910906535968, -5.661134424245888 ], [ 176.118838449797522, -5.660957602485152 ], [ 176.118835291225622, -5.66095460335801 ], [ 176.118567927811114, -5.660719125847312 ], [ 176.11851875874035, -5.660682761007292 ], [ 176.118297369254549, -5.660504932607472 ], [ 176.118173462020422, -5.660410874782092 ], [ 176.118026816302859, -5.660287177669355 ], [ 176.117756092035506, -5.66018255742807 ], [ 176.117595774961046, -5.660138634804497 ], [ 176.117485340626104, -5.660095909315143 ], [ 176.11721462109432, -5.659988312407292 ], [ 176.116943866495149, -5.659903901783669 ], [ 176.116734382701566, -5.659865962271477 ], [ 176.11667305860243, -5.659854664583791 ], [ 176.116402245806341, -5.659808699399198 ], [ 176.116131519915228, -5.65970555535219 ], [ 176.115953659773993, -5.659593411561838 ], [ 176.115860965746123, -5.659489451987811 ], [ 176.115708251367749, -5.659321676401097 ], [ 176.115590574224029, -5.659166452040023 ], [ 176.115426359690986, -5.65904988552615 ], [ 176.115319964031329, -5.658987508843615 ], [ 176.115049122805942, -5.658960634509861 ], [ 176.114778233726867, -5.658965253113089 ], [ 176.114507471822321, -5.658886289777646 ], [ 176.11423673724849, -5.658789427030666 ], [ 176.114208755929894, -5.658776666257974 ], [ 176.113966079846222, -5.658641938383793 ], [ 176.11369539103012, -5.658515179797726 ], [ 176.11367223405253, -5.6585044857578 ], [ 176.11342477819889, -5.658338619725947 ], [ 176.113188110191288, -5.658232384947404 ], [ 176.113154083619463, -5.658215832981694 ], [ 176.112953604344966, -5.658096345970963 ] ], [ [ 176.109915067329382, -5.658905773201076 ], [ 176.109902423290521, -5.658923901728465 ], [ 176.109841034947891, -5.659041339870074 ], [ 176.109777759808082, -5.659312603321372 ], [ 176.109901456029064, -5.659556358473811 ], [ 176.109929826231422, -5.659584197306033 ], [ 176.110172142335045, -5.65968433230173 ], [ 176.110442928548423, -5.659747034766717 ], [ 176.110713684566178, -5.659829547369923 ], [ 176.110774426077086, -5.659856853644304 ], [ 176.110984396761353, -5.659940807259713 ], [ 176.111255082525219, -5.660069451843474 ], [ 176.111347881854329, -5.660129093400535 ], [ 176.111525687476899, -5.660251112193416 ], [ 176.111725125741117, -5.660401032117081 ], [ 176.111796256165434, -5.660456646921764 ], [ 176.112046860312205, -5.660672885632438 ], [ 176.112066782957555, -5.660689766640728 ], [ 176.112337304283017, -5.660926614908011 ], [ 176.112355439128777, -5.660944718872029 ], [ 176.112607786371711, -5.661189335426983 ], [ 176.112642387499022, -5.661216518882814 ], [ 176.112878431029372, -5.661345603207458 ], [ 176.113149193935271, -5.661424404267872 ], [ 176.113419093714953, -5.661489067992267 ], [ 176.113419978167769, -5.661489270835717 ], [ 176.113690772943499, -5.661547268653086 ], [ 176.113961574267961, -5.661601014418782 ], [ 176.114232411339316, -5.661631327536084 ], [ 176.114503258475622, -5.661655059406073 ], [ 176.114774063380565, -5.661706571970985 ], [ 176.114952381789493, -5.661762771771582 ], [ 176.115044821816895, -5.661788675414508 ], [ 176.115315585038786, -5.661867693993157 ], [ 176.115586287128309, -5.661986982369996 ], [ 176.115660222164507, -5.662035213003252 ], [ 176.11585692305917, -5.662149881884591 ], [ 176.116054901401128, -5.662307175988382 ], [ 176.116127480750805, -5.662364379116932 ], [ 176.116398157185216, -5.662500845890553 ], [ 176.116600942503453, -5.662579369472144 ], [ 176.116668883143888, -5.662604795274911 ], [ 176.116939608625643, -5.662709133488883 ], [ 176.117204942719525, -5.662851650800897 ], [ 176.117210272243312, -5.662854306138152 ], [ 176.117480981370704, -5.662969584232013 ], [ 176.117751672607568, -5.663096737553718 ], [ 176.117811252827607, -5.663123935100846 ], [ 176.118022401942, -5.663198856702742 ], [ 176.11829317187113, -5.663274272791698 ], [ 176.118563978691611, -5.663325405801067 ], [ 176.118834926007565, -5.66328385383189 ], [ 176.119105910966425, -5.663217435943197 ], [ 176.119126136041302, -5.66339729629851 ], [ 176.119155225814183, -5.663668701723097 ], [ 176.119255241701524, -5.663940214952639 ], [ 176.119375290692943, -5.664211048243546 ], [ 176.119375591153613, -5.664211759079341 ], [ 176.119483834511328, -5.664483284799009 ], [ 176.119546774781043, -5.664754741670317 ], [ 176.119582599620145, -5.665026157336856 ], [ 176.119626761153739, -5.665297585672479 ], [ 176.119644451792084, -5.665349487281411 ], [ 176.119728470924258, -5.665569101456648 ], [ 176.11982135244665, -5.665840603821322 ], [ 176.11988662522819, -5.66611206423441 ], [ 176.119914021339753, -5.666218640561937 ], [ 176.11996715433034, -5.66638354782639 ], [ 176.120069319032041, -5.666655064285687 ], [ 176.12018398325668, -5.666829007675386 ], [ 176.120248992529184, -5.666926698478002 ], [ 176.120381449369404, -5.667198260926469 ], [ 176.120454092485431, -5.667342360309667 ], [ 176.120520816331378, -5.667469833855248 ], [ 176.120666589593213, -5.667741416495796 ], [ 176.120724231326335, -5.667836424180814 ], [ 176.120841765784292, -5.668013043759393 ], [ 176.120994450876481, -5.66827740873992 ], [ 176.120998719239793, -5.668284643330178 ], [ 176.121076205476669, -5.668556122254769 ], [ 176.121084611852524, -5.668827496316381 ], [ 176.121054994699449, -5.669098812652289 ], [ 176.121018848575915, -5.669370119067139 ], [ 176.120999714543842, -5.669505770659912 ] ], [ [ 176.121124456789744, -5.671871285602333 ], [ 176.121217388233447, -5.6719483527529 ] ], [ [ 176.121395048170683, -5.672067676835904 ], [ 176.121421830538395, -5.672084343835613 ], [ 176.12153036029278, -5.672155058747276 ], [ 176.121800954810794, -5.672349563457066 ], [ 176.121808955073988, -5.672356292801355 ], [ 176.122071523704449, -5.67256114122801 ], [ 176.12216016614488, -5.67262818707518 ], [ 176.122342123102186, -5.672752674688157 ], [ 176.122519407536231, -5.672900093362712 ], [ 176.122612649115837, -5.67299289249724 ], [ 176.12278037265844, -5.673171850473381 ], [ 176.122883080903989, -5.673295628149953 ], [ 176.122982330264279, -5.673443518050619 ], [ 176.123153376336603, -5.673688821481725 ], [ 176.123173046473653, -5.673715168545169 ], [ 176.123366689820017, -5.673986823437589 ], [ 176.123423679473802, -5.674077140965586 ], [ 176.123538506464797, -5.6742584452185 ], [ 176.123693955640533, -5.674483550506269 ], [ 176.123738202224132, -5.674530109206586 ], [ 176.123964499014079, -5.674713162909299 ], [ 176.124066244443725, -5.674801967540802 ], [ 176.124235006800717, -5.67496650466926 ], [ 176.124328257685733, -5.675073725764515 ], [ 176.124486451197555, -5.675345326744235 ], [ 176.12450527111227, -5.675381398772349 ], [ 176.124635778648468, -5.67561691428047 ], [ 176.12473244913167, -5.675888422098463 ], [ 176.124775153659442, -5.676049644962824 ], [ 176.12480881053412, -5.676159899173638 ], [ 176.124825568984676, -5.676431286037031 ], [ 176.124792887616678, -5.676702598065051 ], [ 176.124773826024381, -5.676929789816786 ], [ 176.12477108283818, -5.67697392654923 ], [ 176.124773726956789, -5.676995460303182 ], [ 176.124813634793981, -5.677245352454055 ], [ 176.124911606607128, -5.677516862251375 ], [ 176.125043455016709, -5.677766658044879 ], [ 176.125059992083777, -5.677788448347921 ], [ 176.125313914661433, -5.67805309799128 ], [ 176.125320641256479, -5.678060204306812 ], [ 176.125528188162122, -5.678331879849381 ], [ 176.125584246500608, -5.678424491235789 ], [ 176.12569945493442, -5.678603500467337 ], [ 176.125854516728623, -5.678836981009031 ], [ 176.125879422452954, -5.678875134215471 ], [ 176.125970559999189, -5.67914663359982 ], [ 176.125972451167883, -5.679417998013638 ], [ 176.125946338691506, -5.679689320070771 ], [ 176.125920678765056, -5.679960642805047 ], [ 176.125861264515976, -5.680231914470283 ], [ 176.125852387351358, -5.680249612017875 ], [ 176.12574619822368, -5.680503101916972 ], [ 176.125580814867561, -5.680700326855195 ], [ 176.125501166194141, -5.680774092627819 ], [ 176.125309557636967, -5.680941785427907 ], [ 176.12518963731074, -5.68104498251474 ], [ 176.125038318198818, -5.681171307742003 ], [ 176.124839219609441, -5.681315813278077 ], [ 176.124767120376021, -5.681373126910652 ], [ 176.124495972108235, -5.681542014527745 ], [ 176.124427311252617, -5.681586550583471 ], [ 176.124224825229248, -5.681709886086343 ], [ 176.123953762386776, -5.681822055295227 ], [ 176.123801031396567, -5.681856962421257 ], [ 176.123682765032015, -5.681890846913202 ], [ 176.123411903108945, -5.681870050348713 ], [ 176.123382646502222, -5.681856327675855 ], [ 176.123141203902634, -5.681741709798264 ], [ 176.122939165033557, -5.681584293210017 ], [ 176.122870642523765, -5.681522367180939 ], [ 176.122652171977563, -5.681312496131744 ], [ 176.122600157123117, -5.68125296254484 ], [ 176.122423045742636, -5.681040786848702 ], [ 176.122329785797064, -5.680908369480571 ], [ 176.122220089828545, -5.680769117264207 ], [ 176.122059403209704, -5.680571417778872 ], [ 176.122001429422681, -5.680497423771816 ], [ 176.121835846997357, -5.68022581089282 ], [ 176.12178913686202, -5.680157918779654 ], [ 176.121645914113657, -5.679954160975449 ], [ 176.121518831679538, -5.679770292 ], [ 176.121454060194793, -5.679682508099926 ], [ 176.121248421707321, -5.679452044965878 ], [ 176.121212916549553, -5.679410780237613 ], [ 176.121027143828258, -5.679139136520583 ], [ 176.120978138214724, -5.679050540858954 ], [ 176.120866275779889, -5.678867530650081 ], [ 176.12070779419048, -5.678689196070994 ], [ 176.120614182213188, -5.67859578596972 ], [ 176.120437270872458, -5.678446298676603 ], [ 176.120299823734513, -5.678323946455612 ], [ 176.120166752629444, -5.678200207328187 ], [ 176.120025962832045, -5.678052168464072 ], [ 176.119896301716693, -5.677909892216263 ], [ 176.119793337001454, -5.67778045316689 ], [ 176.119625942860637, -5.677559094066841 ], [ 176.119582987761987, -5.677508771732983 ], [ 176.119422032533379, -5.677237165485854 ], [ 176.11935571331216, -5.677123316919269 ], [ 176.119165233945466, -5.676965413205002 ], [ 176.119085120924581, -5.676926760703523 ], [ 176.118814426283535, -5.676797657482747 ], [ 176.118702184983704, -5.676693346508209 ], [ 176.118543943963886, -5.67652888455198 ], [ 176.118445509813341, -5.676421594179517 ], [ 176.118273540170293, -5.676208599965812 ], [ 176.11822681875617, -5.676149899694886 ], [ 176.118104450008701, -5.675878352060733 ], [ 176.118060505924262, -5.675606924022853 ], [ 176.118003960591551, -5.675346211544129 ], [ 176.118000868892352, -5.675335472052632 ], [ 176.117928787814719, -5.675199681611367 ] ], [ [ 176.116787420516914, -5.673726704784882 ], [ 176.116724648531232, -5.673705358695956 ], [ 176.116652040733271, -5.67368415258275 ], [ 176.116418631947852, -5.673569210911062 ] ], [ [ 176.116246154752758, -5.673390153825031 ], [ 176.116203531270315, -5.673297521430227 ] ], [ [ 176.115705196470998, -5.672852167694979 ], [ 176.115569795842617, -5.672823504474501 ], [ 176.115448905450734, -5.672753646421763 ] ], [ [ 176.115434470701672, -5.672745305115525 ], [ 176.115299145600432, -5.672667105730368 ], [ 176.115247357582405, -5.672617657835944 ], [ 176.115041242202238, -5.672345981792059 ], [ 176.11502878473334, -5.672320948131269 ], [ 176.114924392327737, -5.672074442243757 ], [ 176.114906244387555, -5.671938734072498 ] ], [ [ 176.114894062045096, -5.671847635927247 ], [ 176.114888096450983, -5.671803025901365 ], [ 176.114869328962214, -5.671531636369163 ], [ 176.114848573451923, -5.671260243796011 ], [ 176.114775464768286, -5.670988771150573 ], [ 176.114759964644833, -5.670964205388024 ], [ 176.114595329252211, -5.670717134790253 ], [ 176.114489609640032, -5.670614855556096 ], [ 176.11421897096028, -5.670451731266271 ], [ 176.114193105770823, -5.670445158564076 ], [ 176.113948175055867, -5.670391784257629 ], [ 176.113677288544693, -5.670391265418237 ], [ 176.113406358841644, -5.67041905676474 ], [ 176.113135456751735, -5.670428758747303 ], [ 176.112864644594225, -5.670379584698068 ], [ 176.112593956190182, -5.67024944890834 ], [ 176.112503064691737, -5.670171209047172 ], [ 176.112323512466901, -5.669959285684398 ], [ 176.112276506705342, -5.669899500987193 ], [ 176.112151182650848, -5.669627948137846 ], [ 176.112053485953084, -5.669396338021155 ], [ 176.112034126213928, -5.669356407958036 ], [ 176.111799340419083, -5.669084687167771 ], [ 176.111783091452708, -5.669074396520352 ], [ 176.111512327691827, -5.668994115472721 ], [ 176.111241493105808, -5.668960194911972 ], [ 176.110970675887728, -5.668914957295883 ], [ 176.110699881752794, -5.668854678724782 ], [ 176.110523005825883, -5.668811367149268 ], [ 176.110429097073023, -5.66878827347177 ], [ 176.110276687021639, -5.668810988684406 ], [ 176.110158122034164, -5.668846214358902 ], [ 176.110049832787496, -5.669082000536165 ], [ 176.110099381592164, -5.669353437201967 ], [ 176.110157186475192, -5.669457040895048 ], [ 176.110257260326705, -5.669625040375831 ], [ 176.110328699768388, -5.669760830427995 ] ], [ [ 176.112553690656171, -5.672749212944316 ], [ 176.112590089564151, -5.672779834087915 ], [ 176.112704843459369, -5.672885125094591 ], [ 176.112860560039138, -5.673053305937984 ], [ 176.1129696188884, -5.673156891767459 ], [ 176.113131039643775, -5.673320967975066 ], [ 176.113246590169751, -5.673428677048897 ], [ 176.113401538389752, -5.673576260322205 ], [ 176.113517914170643, -5.673700453581473 ], [ 176.113671967316407, -5.673877437478575 ], [ 176.113754821228895, -5.673972177295653 ], [ 176.113942350788449, -5.674208572836253 ], [ 176.113974783016602, -5.674243874988831 ], [ 176.114212873079879, -5.674448940020405 ], [ 176.114290335456474, -5.674515719011859 ], [ 176.114483423195196, -5.674671219667428 ], [ 176.114589559376753, -5.6747875379098 ], [ 176.114753809180201, -5.675001245726045 ], [ 176.114797928337055, -5.675059217642847 ], [ 176.114933553687422, -5.675330786007153 ], [ 176.115023986042786, -5.675468601994432 ], [ 176.115121254576508, -5.675602434041687 ], [ 176.115294391330764, -5.67578639165247 ], [ 176.115373487204693, -5.675874180762282 ], [ 176.115564869358337, -5.67605664736106 ], [ 176.115671880939885, -5.676145998004051 ], [ 176.115835417919754, -5.676280779875676 ], [ 176.116012476150786, -5.676417879652 ], [ 176.116105979471001, -5.676496526578637 ], [ 176.116344023718284, -5.676689747318463 ], [ 176.11637653392205, -5.6767170721441 ], [ 176.116647125792781, -5.676913180176579 ], [ 176.116707018943742, -5.676961662885253 ], [ 176.116917687356249, -5.677129325405343 ], [ 176.11703544968708, -5.677233525486177 ], [ 176.117188185804565, -5.677387083341547 ], [ 176.117318909376536, -5.677505319283579 ], [ 176.117458694390848, -5.677638336639807 ], [ 176.117592886472295, -5.67777709850584 ], [ 176.117729163871473, -5.67791545702271 ], [ 176.1178433471201, -5.678048841747831 ], [ 176.117999589292793, -5.678221722244154 ], [ 176.118092489485093, -5.678320582903552 ], [ 176.118270046161911, -5.678507484890251 ], [ 176.118352221062821, -5.678592340137502 ], [ 176.118540474910503, -5.678811924159831 ], [ 176.118583935778702, -5.678864054564309 ], [ 176.118789241821673, -5.679135728663656 ], [ 176.118810833624451, -5.679162639825311 ], [ 176.119021819087635, -5.679407444289907 ], [ 176.119081254915926, -5.679472366835371 ], [ 176.119273078831441, -5.679679188326542 ], [ 176.119351694829305, -5.679770017944359 ], [ 176.119499932947093, -5.679950895100912 ], [ 176.119622052483322, -5.680122028539701 ], [ 176.119702809717779, -5.680222565288947 ], [ 176.119892475690477, -5.680431059999941 ], [ 176.11994570480482, -5.680494296385092 ], [ 176.120140281547492, -5.680765953833413 ], [ 176.120162813319695, -5.680796670452324 ], [ 176.120352294554891, -5.681037637789072 ], [ 176.120433167797017, -5.681151390035534 ], [ 176.120563900868319, -5.681309321075799 ], [ 176.120703541627165, -5.681493559432973 ], [ 176.120777865154082, -5.681581007901584 ], [ 176.120973965181975, -5.681803140551343 ], [ 176.121014542155024, -5.681852729236314 ], [ 176.121202602411955, -5.682124376544986 ], [ 176.121244276978729, -5.682186625645444 ], [ 176.121391263668471, -5.682396024731092 ], [ 176.1215145597819, -5.68258946279142 ], [ 176.121574455784412, -5.682667664562482 ], [ 176.121784949302423, -5.682922106478811 ], [ 176.121800561313819, -5.682939369611839 ], [ 176.12205540673196, -5.683210121781474 ], [ 176.122056231189958, -5.683211119545563 ], [ 176.122254158344674, -5.683482781641257 ], [ 176.122325729320892, -5.683587343533554 ], [ 176.122447633760117, -5.683754436930079 ], [ 176.122596060235963, -5.683959286827307 ], [ 176.122653030522628, -5.684026110291877 ], [ 176.122866506344906, -5.684255352532003 ], [ 176.122907158344105, -5.684297857630221 ], [ 176.123137033800901, -5.684497847278664 ], [ 176.123198665889873, -5.684569661653996 ], [ 176.123389074665369, -5.684841312083421 ], [ 176.12340737144541, -5.68486594691429 ], [ 176.12360656065826, -5.685113003577712 ], [ 176.123677768664322, -5.685194878720502 ], [ 176.123845121652892, -5.68538472700299 ], [ 176.123948198834256, -5.685502218254282 ], [ 176.124088068973435, -5.68565645701659 ], [ 176.124218639314222, -5.685802924508711 ], [ 176.124335101501742, -5.685928193157132 ], [ 176.124489083663974, -5.686101253211051 ], [ 176.124579083190923, -5.686199924597979 ], [ 176.124759568317842, -5.686373091482722 ], [ 176.124840970430512, -5.686471683116459 ], [ 176.125021735237851, -5.686743318579802 ], [ 176.125029888396227, -5.686754036249124 ], [ 176.12526196536669, -5.687015044138414 ], [ 176.125300330854827, -5.687054176482003 ], [ 176.125534054209112, -5.687286817901965 ], [ 176.125570827565753, -5.687318569605056 ], [ 176.125813903500074, -5.687558603329032 ], [ 176.125841321091514, -5.687585236893564 ], [ 176.126074564751065, -5.687830359599719 ], [ 176.126111782590812, -5.687873290969253 ], [ 176.126302074462302, -5.688102065594193 ], [ 176.126382170906822, -5.688210026588096 ], [ 176.126527259916287, -5.688373768010556 ], [ 176.126652604564271, -5.688516904461335 ], [ 176.126767987563539, -5.688645493890657 ], [ 176.126923022031406, -5.688834704887936 ], [ 176.126991375159065, -5.68891719346517 ], [ 176.127193482988787, -5.689123850622375 ], [ 176.127249083445804, -5.689188944901302 ], [ 176.12746389653654, -5.689444628295512 ], [ 176.127477703526097, -5.689460652264279 ], [ 176.127695479416531, -5.689732343169398 ], [ 176.127734284445779, -5.689782614045979 ], [ 176.127917546798727, -5.690004040508624 ], [ 176.128004714975674, -5.690092510824947 ], [ 176.128158242162328, -5.690275765946726 ], [ 176.128275080640719, -5.690445663730785 ], [ 176.128349918627094, -5.690547417242239 ], [ 176.128527874625746, -5.690819047768273 ], [ 176.128545378692735, -5.690843930081192 ], [ 176.128731012268361, -5.691090716303504 ], [ 176.128815738695948, -5.691201275486725 ], [ 176.128935058955932, -5.691362386166575 ], [ 176.129086052304558, -5.691589659924272 ], [ 176.129119813875064, -5.691634026851374 ], [ 176.129306953646449, -5.691905671101568 ], [ 176.129356363280237, -5.691980021766295 ], [ 176.129490345887859, -5.692177309657788 ], [ 176.129626596686393, -5.692422177510179 ], [ 176.129645055170386, -5.692448904885222 ], [ 176.129798805282746, -5.69272049864302 ], [ 176.129896827446288, -5.692866345975407 ], [ 176.129987974478922, -5.692992145826619 ], [ 176.130166707037631, -5.693263777226525 ], [ 176.13016712784983, -5.693264450681105 ], [ 176.130348710127237, -5.693535413527462 ], [ 176.130437425514003, -5.693664610243544 ], [ 176.13053653126093, -5.693807058569266 ], [ 176.130675720460999, -5.694078630236121 ], [ 176.130707619222022, -5.694134174696089 ], [ 176.130842562856714, -5.694350243583973 ], [ 176.1309778582484, -5.694573844192376 ], [ 176.131012890247717, -5.694621862158757 ], [ 176.13119663464451, -5.69489350092943 ], [ 176.131248171033349, -5.694964665197753 ], [ 176.131396623532822, -5.695165164147306 ], [ 176.131518543107433, -5.695316236965851 ], [ 176.131610120538625, -5.69543684767576 ], [ 176.131788901405884, -5.695677193877263 ], [ 176.131812420979941, -5.695708514285204 ], [ 176.131997988895364, -5.69598015564644 ], [ 176.132059218527559, -5.696065797407803 ], [ 176.132193392350842, -5.696251811784078 ], [ 176.132329518884035, -5.696465800982703 ], [ 176.132373333413369, -5.696523444598276 ], [ 176.132548198057975, -5.696795069736627 ], [ 176.13259981860395, -5.696866462934701 ], [ 176.132744478352862, -5.697066727080507 ], [ 176.132870138363131, -5.697253999646457 ], [ 176.132935416296903, -5.697338376342639 ], [ 176.13312691132856, -5.697610026404279 ], [ 176.133140475804737, -5.697629973188879 ], [ 176.133319290880451, -5.69788167775759 ], [ 176.133410813127199, -5.698006248805052 ], [ 176.133519368104317, -5.698153340650177 ], [ 176.13368115566908, -5.698379265037773 ], [ 176.133718347260526, -5.698425001847672 ], [ 176.133926149665911, -5.69869667626898 ], [ 176.133951533695267, -5.698728822702245 ], [ 176.134143146147068, -5.698968364463893 ], [ 176.134221925756236, -5.699069221786849 ], [ 176.134360753083172, -5.699240053522737 ], [ 176.134492333865637, -5.699399110999758 ], [ 176.134592924177923, -5.699511764413039 ], [ 176.134762832249464, -5.699668910595011 ], [ 176.13487506355753, -5.699783550307541 ], [ 176.135033313528055, -5.699950305768384 ], [ 176.135138576549309, -5.700055308126989 ], [ 176.135303814431381, -5.700218762585973 ], [ 176.13541618707535, -5.700327087027617 ], [ 176.135574335556925, -5.700473871392441 ], [ 176.135700996115247, -5.700598876636363 ], [ 176.135844817559899, -5.700755297139247 ], [ 176.135971879833249, -5.700870645245216 ], [ 176.136115367335492, -5.70099157591158 ], [ 176.136282475705798, -5.701142473338601 ], [ 176.136385928569609, -5.701220340871402 ], [ 176.136656582440622, -5.701387268648634 ], [ 176.136927610805117, -5.701303653873934 ], [ 176.136984658481055, -5.701143526302595 ], [ 176.137026064407223, -5.700872226228593 ], [ 176.136995013143519, -5.700600817549759 ], [ 176.136928835813535, -5.700483655699363 ], [ 176.136846140605314, -5.700329232271698 ], [ 176.136778753665084, -5.700057769128294 ], [ 176.136703999534234, -5.699786294940007 ], [ 176.136659091577684, -5.699708121813659 ], [ 176.13654100464484, -5.699514688457755 ], [ 176.136411991541223, -5.699243132904836 ], [ 176.136388950971678, -5.699198223005252 ], [ 176.136258045741044, -5.698971539949003 ], [ 176.136135015163518, -5.698699993338392 ], [ 176.136118847008078, -5.698664096093012 ], [ 176.135992546573448, -5.698428417560308 ], [ 176.135848592408706, -5.698231021118877 ], [ 176.135793485469037, -5.698156756864893 ], [ 176.135628706329726, -5.697885147565919 ], [ 176.135578311280682, -5.697815936654171 ], [ 176.135435919108744, -5.697613496208909 ], [ 176.135307998615389, -5.697422178252211 ], [ 176.135252855845579, -5.697341859407522 ], [ 176.135097778241146, -5.697070264583141 ], [ 176.135037766718511, -5.696974667828176 ], [ 176.134921795497007, -5.696798638349772 ], [ 176.134769655119669, -5.696527047887086 ], [ 176.134767540353181, -5.696523718376096 ], [ 176.134602409212278, -5.696255434717698 ], [ 176.134497338248423, -5.696056820011052 ], [ 176.134451028939935, -5.695983845351416 ], [ 176.134306444146034, -5.695712266172373 ], [ 176.134227202699378, -5.69554573375158 ], [ 176.134166894753548, -5.69544069453999 ], [ 176.134039113003041, -5.695169140572166 ], [ 176.13395715349867, -5.694977271853679 ], [ 176.133915308099034, -5.694897592567412 ], [ 176.133795378558602, -5.694626050374946 ], [ 176.133691614727269, -5.694354532467679 ], [ 176.133687203600516, -5.69434282174168 ], [ 176.133583559953053, -5.694083008104557 ], [ 176.133489685460518, -5.693811505048663 ], [ 176.133417343456983, -5.693648796327636 ], [ 176.133365538075594, -5.693539956481192 ], [ 176.133260731712966, -5.693268436979008 ], [ 176.133156751125426, -5.692996918711634 ], [ 176.133147453068545, -5.692975316935053 ], [ 176.133052105862134, -5.69272539943833 ], [ 176.132962043738132, -5.692453902086783 ], [ 176.132877605394555, -5.692273688253703 ], [ 176.132835736242214, -5.692182350226044 ], [ 176.132728155049136, -5.691910826516481 ], [ 176.132643118944912, -5.691639336708119 ], [ 176.132607823948035, -5.691528239280323 ], [ 176.132554417022646, -5.691367841383031 ], [ 176.132497458046004, -5.691096393800555 ], [ 176.132467339358101, -5.690824986589258 ], [ 176.132430755218337, -5.690553569653532 ], [ 176.132375972470157, -5.690282125345537 ], [ 176.132339014322952, -5.690134897061879 ], [ 176.132314977560128, -5.690010671693571 ], [ 176.132251564535267, -5.689739214403994 ], [ 176.132185247005623, -5.689467752744867 ], [ 176.132111539181352, -5.689196279967872 ], [ 176.132069689156651, -5.689085980287652 ], [ 176.132023553267231, -5.68892478570993 ], [ 176.131970137000792, -5.688653343456171 ], [ 176.131925111957571, -5.688381913826429 ], [ 176.13186870497421, -5.688110467073789 ], [ 176.13180284418479, -5.687839006098176 ], [ 176.131800675017331, -5.687830093809193 ], [ 176.131757216133423, -5.687567575562114 ], [ 176.131715351923305, -5.687296150689086 ], [ 176.131670749651363, -5.687024721697076 ], [ 176.131623566124318, -5.686753288821944 ], [ 176.131560510992529, -5.68648183206785 ], [ 176.131531939265017, -5.686389060465884 ], [ 176.131491898361588, -5.686210366951577 ], [ 176.131446078560231, -5.685938936128925 ], [ 176.131417018789762, -5.685667530523694 ], [ 176.131396135115864, -5.68539613721999 ], [ 176.131352438705306, -5.68512470959356 ], [ 176.131263306637265, -5.684879794186293 ], [ 176.131255569021732, -5.684853201962988 ], [ 176.131186458662313, -5.684581736097407 ], [ 176.131130649329464, -5.684310290245359 ], [ 176.13105413241999, -5.684038813233303 ], [ 176.130993892700189, -5.683892085347197 ], [ 176.130954778203062, -5.683767301852427 ], [ 176.130888807012923, -5.683495840706053 ], [ 176.130810857960313, -5.683224361532557 ], [ 176.130724303476313, -5.683021696941286 ], [ 176.130699297459813, -5.682952831769041 ], [ 176.130621379735771, -5.682681352636651 ], [ 176.130549402050519, -5.682409882443478 ], [ 176.130454710046877, -5.682154531781647 ], [ 176.130449565563282, -5.682138370312955 ], [ 176.130362218373364, -5.68186687697855 ], [ 176.13028512688777, -5.681595399080654 ], [ 176.130210043891879, -5.681323924204781 ], [ 176.130185162540585, -5.681257177368184 ], [ 176.130126052373527, -5.681052435914636 ], [ 176.130038714154523, -5.680780942582636 ], [ 176.129931928920342, -5.680509419964296 ], [ 176.129915454904904, -5.680466960193522 ], [ 176.129854300045366, -5.68023794124522 ], [ 176.129777925879097, -5.679966464413756 ], [ 176.129650726896443, -5.67969491103671 ], [ 176.129645731823615, -5.679687427157512 ], [ 176.129542216105392, -5.679423385795586 ], [ 176.129448707445022, -5.679151883144687 ], [ 176.129375982222797, -5.678925949666678 ], [ 176.129363453712955, -5.67888039292442 ], [ 176.129285284669294, -5.678608913373803 ], [ 176.129186865023144, -5.678337403313568 ], [ 176.129106260536503, -5.678146262770292 ], [ 176.129079185352367, -5.678065879296629 ], [ 176.129004099015276, -5.677794404381696 ], [ 176.128863412875972, -5.677522830618499 ], [ 176.128836355094734, -5.677489331826568 ], [ 176.128745713542742, -5.677251291480228 ], [ 176.128670651287734, -5.676979816590541 ], [ 176.128575435891094, -5.676708311325729 ], [ 176.128566652667502, -5.676697579004842 ], [ 176.128442951014591, -5.676436749880703 ], [ 176.128296497992551, -5.676207267656946 ], [ 176.128278804583516, -5.676165140691916 ], [ 176.128203284477109, -5.675893665095987 ], [ 176.12813705052713, -5.67562220349861 ], [ 176.128026865620598, -5.675369624324091 ], [ 176.12801988617889, -5.675350665111981 ], [ 176.127908321492072, -5.675079135159462 ], [ 176.127778221330203, -5.67480757724695 ], [ 176.127756880900733, -5.674766850146128 ], [ 176.127658946897157, -5.674536035648361 ], [ 176.127580468467642, -5.674264555571106 ], [ 176.127504729088969, -5.673993079623196 ], [ 176.127487227999609, -5.673943642213367 ], [ 176.127428316029949, -5.673721602657525 ], [ 176.127322954319396, -5.673450082022786 ], [ 176.127217326545548, -5.673286170673974 ], [ 176.127165489363023, -5.673178482777216 ], [ 176.127066178238664, -5.672906971252345 ], [ 176.126978229967477, -5.672635476867036 ], [ 176.126947511871691, -5.672571329336121 ], [ 176.126861331096677, -5.672363938793249 ], [ 176.126724261702009, -5.672092370270108 ], [ 176.126677449619734, -5.672021473323162 ], [ 176.126571742326831, -5.671820778412515 ], [ 176.126438167745647, -5.671549215131418 ], [ 176.126407354723767, -5.671493617821823 ], [ 176.126300355446631, -5.671277645438531 ], [ 176.126172629915203, -5.671006090959233 ], [ 176.126137278542359, -5.67095361436962 ], [ 176.126015604694544, -5.670734492225279 ], [ 176.125876650292241, -5.670462920759161 ], [ 176.12586715670102, -5.670444246549423 ], [ 176.125751904091629, -5.670191370736233 ], [ 176.125632466786641, -5.669919828720647 ], [ 176.125597145739363, -5.669861498699708 ], [ 176.125480676011676, -5.669648237821029 ], [ 176.125342842595956, -5.669376667988013 ], [ 176.125327028659854, -5.669349547947076 ], [ 176.125188430944263, -5.669105073089653 ], [ 176.125056802626489, -5.668910231210964 ], [ 176.125008582021621, -5.668833439728056 ], [ 176.12485951082661, -5.668561852853307 ], [ 176.124786629407311, -5.668436101512935 ], [ 176.124702306415145, -5.668290253664551 ], [ 176.124582977573823, -5.66801871171366 ], [ 176.124516593939319, -5.667870804709349 ], [ 176.124457206073885, -5.667747160012 ], [ 176.12433500295802, -5.66747561369414 ], [ 176.124246530172798, -5.667324592727708 ], [ 176.124177756419755, -5.667204014371763 ], [ 176.124029540918116, -5.666932428685705 ], [ 176.123976356325272, -5.666851714101737 ], [ 176.123862256638603, -5.666660814136128 ], [ 176.123706045890486, -5.666469701334545 ], [ 176.123649253423935, -5.666389130390647 ], [ 176.123485333018493, -5.66611752086752 ], [ 176.123435812767923, -5.666036641336368 ], [ 176.123330341939351, -5.66584592483238 ], [ 176.123165555792866, -5.665619642492306 ], [ 176.123135059946577, -5.66557426779129 ], [ 176.122983719185299, -5.66530267723066 ], [ 176.122895356718601, -5.665164503363815 ], [ 176.122816206731756, -5.665031062165339 ], [ 176.122625051502013, -5.664779961291081 ], [ 176.122610874779554, -5.664759389803458 ], [ 176.122436873470377, -5.664487764848403 ], [ 176.122354791806202, -5.664365483785857 ], [ 176.122268504499715, -5.664216148395258 ], [ 176.122145126707295, -5.663944600074169 ], [ 176.122084779588562, -5.663787316316562 ], [ 176.122038141356768, -5.663673076577175 ], [ 176.12192405015341, -5.6634015423069 ], [ 176.121814633020705, -5.66329843350892 ], [ 176.121631959947848, -5.663129738283534 ], [ 176.121544122822172, -5.663050580581426 ], [ 176.121402964966649, -5.6628580298021 ], [ 176.121273892783279, -5.662617439632358 ], [ 176.121260772976001, -5.662586452867123 ], [ 176.121274075814796, -5.662496284464066 ], [ 176.121313247100431, -5.662315171045234 ], [ 176.121449395975276, -5.662044016032834 ], [ 176.121469542340378, -5.661772685175981 ], [ 176.121379837597118, -5.661501187834725 ], [ 176.121277614695941, -5.661229671516463 ], [ 176.121275994735299, -5.661225923048595 ], [ 176.121026892577561, -5.660957930079009 ], [ 176.121005535062466, -5.660945351313911 ], [ 176.12095543338296, -5.660957821738837 ], [ 176.120734538157592, -5.661020454708077 ], [ 176.120484288769518, -5.661228468537431 ], [ 176.120463308428413, -5.661249534303749 ], [ 176.120192137886761, -5.661439338448246 ] ], [ [ 176.103950007385833, -5.659846348635141 ], [ 176.104077190777275, -5.659756070988642 ] ], [ [ 176.103657943583727, -5.659438857079691 ], [ 176.103557988716545, -5.65957438263799 ], [ 176.103633866250703, -5.6598458600444 ], [ 176.103670687013278, -5.659873798287284 ], [ 176.103941603841463, -5.659850967628825 ], [ 176.103950007385833, -5.659846348635141 ] ] ] } },
{ "type": "Feature", "properties": { "year": 2019, "certainty": "good", "eez_territory": "TUV" }, "geometry": { "type": "MultiLineString", "coordinates": [ [ [ 176.07802343293659, -5.653021750866632 ], [ 176.078218910516171, -5.652917691450559 ], [ 176.078341371028785, -5.652750897371991 ], [ 176.078351555896802, -5.65247955523159 ], [ 176.078311565145754, -5.65220813344472 ], [ 176.078305385735206, -5.651936765326663 ], [ 176.078331099443915, -5.651665447826405 ], [ 176.078345343806888, -5.65139411211659 ], [ 176.078327951849587, -5.651122726196319 ], [ 176.078307625953045, -5.650851335619689 ], [ 176.078294691623512, -5.650579956772601 ], [ 176.078241382081956, -5.65030851385435 ], [ 176.078223099609914, -5.650269151055741 ], [ 176.078082863751206, -5.65003690396879 ], [ 176.077952836521661, -5.649882090017538 ], [ 176.077839893807379, -5.649765160004869 ], [ 176.077682400192714, -5.649604749068629 ], [ 176.077570669967571, -5.649493374287111 ], [ 176.077411935669318, -5.649345387393948 ], [ 176.077273062426343, -5.649221543402258 ], [ 176.077141434116982, -5.649109573195125 ], [ 176.07694723675877, -5.648949667576177 ], [ 176.076870902029185, -5.6488931873184 ], [ 176.076600304949267, -5.648717972921521 ], [ 176.076535714533833, -5.648677655414857 ], [ 176.076329662353686, -5.648571602395848 ], [ 176.076059008908516, -5.648432174147677 ], [ 176.076019214562251, -5.648405476094885 ], [ 176.075788393545082, -5.648268809156843 ], [ 176.075599972384083, -5.648133451122137 ], [ 176.075517825037451, -5.648075991756321 ], [ 176.075247221924855, -5.647905116412974 ], [ 176.075187432962451, -5.647861436575101 ], [ 176.074976647576364, -5.647716214058929 ], [ 176.074807302406668, -5.647589473392947 ], [ 176.074706100149456, -5.647510460047917 ], [ 176.07443549187505, -5.64734317416917 ], [ 176.074396131336698, -5.647317460579781 ], [ 176.074164877658689, -5.647179737273569 ], [ 176.07396066245019, -5.647045408820457 ], [ 176.073894286064615, -5.647002156403458 ], [ 176.073623678038899, -5.646835032687923 ], [ 176.07353562736796, -5.646773373430072 ], [ 176.073353108171432, -5.646643994719495 ], [ 176.073131310654304, -5.64650137082953 ], [ 176.073082510999768, -5.646470257741889 ], [ 176.072811882546688, -5.646316310410763 ], [ 176.072661855966004, -5.646229264090397 ], [ 176.072541255007195, -5.646161887004054 ], [ 176.072270594236755, -5.646028458488476 ], [ 176.072138091545838, -5.64595707035387 ], [ 176.071999949838158, -5.645884825457348 ], [ 176.071729310492117, -5.645738110007026 ], [ 176.071655869414002, -5.645684942565054 ], [ 176.071458777042551, -5.645524952634564 ], [ 176.071284795496524, -5.645412992018953 ], [ 176.071188180227125, -5.645351728140695 ], [ 176.07091752728229, -5.6452138609405 ], [ 176.070767870645909, -5.645140808189709 ], [ 176.070646873671564, -5.645076501622372 ], [ 176.070376184860521, -5.644961325416442 ], [ 176.07018196265048, -5.644868513658571 ], [ 176.07010552572325, -5.644827607047591 ], [ 176.069834878158673, -5.644686716467599 ], [ 176.069663947547923, -5.644596327261506 ], [ 176.069564238715486, -5.644540823915639 ], [ 176.069293525586318, -5.644441225128119 ], [ 176.069022793117028, -5.644353817953493 ], [ 176.06893794541179, -5.64432380747658 ], [ 176.068752078215169, -5.64425546475633 ], [ 176.068481342323736, -5.644170329134711 ], [ 176.068210596862457, -5.644091248079871 ], [ 176.068092694046328, -5.644051095792929 ], [ 176.067939871451358, -5.643999670961346 ], [ 176.067669133118414, -5.643916246822986 ], [ 176.067398382852559, -5.643840350061856 ], [ 176.067211629404682, -5.643778325560941 ], [ 176.067127654182684, -5.643750998785031 ], [ 176.066856920849773, -5.643664627230259 ], [ 176.066586194332388, -5.643574055887083 ], [ 176.066386981167341, -5.643505644700049 ], [ 176.066315475416729, -5.643478796736108 ], [ 176.066044726403533, -5.643402412534609 ], [ 176.06577397807925, -5.64332565406716 ], [ 176.065503254356543, -5.643233586523487 ], [ 176.065501437482908, -5.643232864945956 ], [ 176.06523253372211, -5.643139655364162 ], [ 176.064961775311986, -5.643069370586521 ], [ 176.064691003681787, -5.643007388565016 ], [ 176.064516413682099, -5.642959923973453 ], [ 176.064420249050556, -5.642934849323712 ], [ 176.064149471175853, -5.642876861112779 ], [ 176.063878668641962, -5.642834294528453 ], [ 176.06360783774295, -5.64280944666266 ], [ 176.063337000115922, -5.642788818670167 ], [ 176.063066182686953, -5.642755632039575 ], [ 176.062795373124771, -5.642717577685542 ], [ 176.062573013477561, -5.642685437617422 ], [ 176.062524562774371, -5.642680048706369 ], [ 176.062253750579202, -5.642643702363402 ], [ 176.061982953641632, -5.642597894890741 ], [ 176.061712167949906, -5.642545130085732 ], [ 176.061441360782226, -5.642505765063174 ], [ 176.06117052604435, -5.642483577729097 ], [ 176.060899664052101, -5.642478357126827 ], [ 176.060628736002172, -5.642514201379722 ], [ 176.060357794799359, -5.642558208494721 ], [ 176.060086849206158, -5.642604929412605 ], [ 176.059857408448693, -5.642681054431297 ], [ 176.059815823055061, -5.642701650527398 ], [ 176.059544692142651, -5.642863348007962 ], [ 176.059444437517385, -5.642951743715291 ], [ 176.059273243212886, -5.643222273115216 ], [ 176.059273005558651, -5.643222823395615 ], [ 176.059214376667938, -5.643494085494014 ], [ 176.059197492330242, -5.643765415112943 ], [ 176.059207611610077, -5.644036788416347 ], [ 176.059247598134505, -5.644308210042152 ], [ 176.059271359181537, -5.644391069054474 ], [ 176.059335371245709, -5.644579708982028 ], [ 176.059416509579904, -5.644851197186102 ], [ 176.059513297946467, -5.645122710705963 ], [ 176.059540976873507, -5.645168765403157 ], [ 176.059683723626193, -5.645394343333189 ], [ 176.059811087518653, -5.645640933871187 ], [ 176.05982684747687, -5.64566593177943 ], [ 176.05998437967537, -5.645937543509996 ], [ 176.060081260251962, -5.646074812167555 ], [ 176.060180067068217, -5.646209216912065 ], [ 176.060351553154902, -5.646434319880473 ], [ 176.060394317164565, -5.646480920283797 ], [ 176.060622016336509, -5.64668829235535 ], [ 176.060696996970393, -5.646752766526181 ], [ 176.060892543385251, -5.646902745064092 ], [ 176.061032885154589, -5.647024666307722 ], [ 176.06116302978316, -5.647142580516045 ], [ 176.061359416437767, -5.647296550831651 ], [ 176.061433575094355, -5.647345947988843 ], [ 176.061704181515466, -5.647511454511369 ], [ 176.061793659564728, -5.647568609125816 ], [ 176.061974810980075, -5.647662737786474 ], [ 176.0622454431346, -5.647812444372941 ], [ 176.062291457096677, -5.647840769719308 ], [ 176.062516078730908, -5.647960105355807 ], [ 176.062759681848888, -5.648112882261516 ], [ 176.062786679529466, -5.648129512425813 ], [ 176.063057346373711, -5.648257919669537 ], [ 176.063310078520203, -5.648385126968901 ], [ 176.063328002068602, -5.648393352107352 ], [ 176.063598712399141, -5.648494850089229 ], [ 176.063869435425232, -5.648588509965925 ], [ 176.064076256696183, -5.648657718865096 ], [ 176.064140167406237, -5.648676655958448 ], [ 176.064410934567292, -5.648742939285152 ], [ 176.064681672923172, -5.648827230262484 ], [ 176.06491140086888, -5.648930420868661 ], [ 176.064952352156212, -5.648948448876096 ], [ 176.065223062716058, -5.649050208313981 ], [ 176.065493740512721, -5.649172478878714 ], [ 176.065549219818877, -5.649202804442088 ], [ 176.065764378744177, -5.649319521957094 ], [ 176.06603501240437, -5.649469512852998 ], [ 176.066045861274802, -5.649474960459901 ], [ 176.066305641136353, -5.649622676767512 ], [ 176.066576334567458, -5.649735529605432 ], [ 176.066601251301904, -5.649747210526241 ], [ 176.066847006043986, -5.649862174270959 ], [ 176.067117729864918, -5.64995619243117 ], [ 176.067316324655195, -5.650019716559552 ], [ 176.067388451647702, -5.650051550492124 ], [ 176.06765915145391, -5.650160715914801 ], [ 176.067929884569111, -5.650249123618537 ], [ 176.068033901928629, -5.650292225836539 ], [ 176.068200585959602, -5.650357440729635 ], [ 176.068471296349486, -5.650460200163138 ], [ 176.068725622518087, -5.650564692876651 ], [ 176.068741993084899, -5.65057157703795 ], [ 176.069012706971392, -5.65067229117881 ], [ 176.069283406558043, -5.650782030470233 ], [ 176.069396367448633, -5.650837125587058 ], [ 176.069554063256277, -5.650918711102932 ], [ 176.06982476682478, -5.651026111935868 ], [ 176.070009832123162, -5.651109465901896 ], [ 176.070095442236834, -5.651151233783104 ], [ 176.070366169514443, -5.651243921983889 ], [ 176.070636909537711, -5.651328682535732 ], [ 176.070787954485127, -5.651382069142059 ], [ 176.070907637506082, -5.651421065992357 ], [ 176.071178385352766, -5.651501041802015 ], [ 176.071449105891588, -5.651598215373319 ], [ 176.071585137634287, -5.651654701928912 ], [ 176.071719806246733, -5.651708128245157 ], [ 176.071990548469074, -5.651791824345142 ], [ 176.07226129129711, -5.651875200468399 ], [ 176.072423908255217, -5.651927400172189 ], [ 176.072532032735097, -5.651959510292013 ], [ 176.07280282454758, -5.652012220485683 ], [ 176.073073661063916, -5.652036869252659 ], [ 176.073344504298177, -5.652057320517358 ], [ 176.073615313470953, -5.652099222803406 ], [ 176.073886094713998, -5.652158736232234 ], [ 176.074055284356064, -5.652201361792572 ], [ 176.074156870758969, -5.652221568381052 ], [ 176.074427660987368, -5.652275519900882 ], [ 176.074698413229441, -5.652353437433241 ], [ 176.074930688831103, -5.652474115143407 ], [ 176.074969063201138, -5.652495835138563 ], [ 176.07523971999592, -5.652634026344463 ], [ 176.075500953266925, -5.652746381508426 ], [ 176.075510411945345, -5.652750151343957 ], [ 176.075781174440067, -5.652821880513504 ], [ 176.076051966878197, -5.652874780851683 ], [ 176.076322770221111, -5.652920845868461 ], [ 176.076593574560576, -5.652966321594673 ], [ 176.076864383005898, -5.65300924506572 ], [ 176.076942649908091, -5.653020033538566 ], [ 176.077135208492706, -5.653041447293792 ], [ 176.077406042157008, -5.653068516847379 ], [ 176.077676903578038, -5.653078080953483 ], [ 176.077947833507409, -5.653044373549466 ], [ 176.07802343293659, -5.653021750866632 ] ], [ [ 176.115590440170621, -5.659254668979569 ], [ 176.115319849734476, -5.659062704016685 ], [ 176.115249034625691, -5.659049615042015 ], [ 176.115049054041435, -5.659005860719684 ], [ 176.114778214922126, -5.658977617183195 ], [ 176.114544690653929, -5.658912859670871 ] ], [ [ 176.109791081724069, -5.659176943484596 ], [ 176.10977662608849, -5.659312601581094 ], [ 176.10990153654032, -5.65950371785955 ], [ 176.10999173920456, -5.6595842923284 ], [ 176.110172174639246, -5.659663204988133 ], [ 176.11044294567256, -5.659735832122951 ], [ 176.110713695796449, -5.659822198370322 ], [ 176.110784478538022, -5.659856869059092 ], [ 176.110984390486237, -5.659944914792911 ], [ 176.111255073719178, -5.660075217699966 ], [ 176.111341535508984, -5.660129083674558 ], [ 176.111525686558764, -5.660251713515361 ], [ 176.111719724364946, -5.660401023842425 ], [ 176.111796247444033, -5.660462360442073 ], [ 176.112034767428355, -5.660672867112472 ], [ 176.112066767287644, -5.660700034941254 ], [ 176.112337312276537, -5.66092137546112 ], [ 176.112361984722327, -5.660944728893337 ], [ 176.112607794388396, -5.661184079440272 ], [ 176.112645455148538, -5.6612165235781 ], [ 176.112878404679918, -5.66136288345723 ], [ 176.11314917286677, -5.661438225278433 ], [ 176.113388416779202, -5.661489021076711 ], [ 176.113419969805875, -5.661494757865888 ], [ 176.113690783127709, -5.661540583868191 ], [ 176.113961601947494, -5.661582840444087 ], [ 176.114232439682752, -5.66161271205603 ], [ 176.114503286568549, -5.661636602900156 ], [ 176.114774090360754, -5.66168884126057 ], [ 176.114997986657869, -5.661762841396748 ], [ 176.11504483997777, -5.661776737066021 ], [ 176.115315600882525, -5.661857275802323 ], [ 176.115586311282073, -5.661971095320116 ], [ 176.115687984607717, -5.662035255356838 ], [ 176.115856952421609, -5.662130563504411 ], [ 176.116087306360441, -5.662307225404602 ], [ 176.116127517831472, -5.66233997614032 ], [ 176.116398194501244, -5.662476281105679 ], [ 176.116668939670319, -5.662567573687455 ], [ 176.116694706735842, -5.662579512372186 ], [ 176.116939668133995, -5.662669937062856 ], [ 176.117210315059395, -5.66282609653129 ], [ 176.117251776286281, -5.662851722133398 ], [ 176.117480986174314, -5.662966418454197 ], [ 176.117751682629716, -5.663090130667801 ], [ 176.117835412521316, -5.663123971875568 ], [ 176.118022428692882, -5.663181216593939 ], [ 176.118293209873286, -5.663249205975261 ], [ 176.118564004449411, -5.663308410512964 ], [ 176.118834893644959, -5.66330521370022 ], [ 176.119083617310253, -5.663397231669507 ], [ 176.119105605658405, -5.663419005544566 ], [ 176.119175001818377, -5.663668731782234 ], [ 176.119300043142886, -5.663940283044475 ], [ 176.119375444131464, -5.664109729631172 ], [ 176.11941865722207, -5.66421182452787 ], [ 176.119507475477917, -5.664483320724429 ], [ 176.119568714395342, -5.664754775009544 ], [ 176.119607770330248, -5.665026195586206 ], [ 176.119644615824683, -5.66524116192676 ], [ 176.11965793198857, -5.665297633039306 ], [ 176.119748329272426, -5.66556913163129 ], [ 176.11983408768964, -5.665840623171399 ], [ 176.119905933154456, -5.666112093570201 ], [ 176.119914145004486, -5.666136961475761 ], [ 176.120008975037024, -5.666383611363689 ], [ 176.120118468992388, -5.666655138952713 ], [ 176.120184078187947, -5.666766294371521 ], [ 176.120282132202846, -5.666926748815274 ], [ 176.120407839123914, -5.667198301007012 ], [ 176.120454174850295, -5.667287936910575 ], [ 176.120554264555949, -5.667469884650287 ], [ 176.120699747418456, -5.667741466843871 ], [ 176.12072431295897, -5.667782472746441 ], [ 176.120875830520305, -5.668013095476669 ], [ 176.120994527396874, -5.668226824440681 ], [ 176.121028451264237, -5.668284688463694 ], [ 176.121093400556532, -5.66855614835619 ], [ 176.121096200376314, -5.668827513908 ], [ 176.121064721306936, -5.669098827418693 ], [ 176.121017512161274, -5.669370117038076 ], [ 176.120992563745347, -5.669524763453446 ], [ 176.120977801913313, -5.66964141803096 ], [ 176.12093024923044, -5.669912707103602 ], [ 176.120849284384661, -5.670183945417753 ], [ 176.120760893767624, -5.670455172426633 ], [ 176.120719865488951, -5.670721068022377 ], [ 176.120719300855683, -5.670726470502136 ], [ 176.120719826582075, -5.670746768295839 ], [ 176.120729467843972, -5.670997847203093 ], [ 176.12078826495042, -5.671269297783197 ], [ 176.120886855680737, -5.671540808814732 ], [ 176.120989225559327, -5.671730552609081 ], [ 176.121053981007094, -5.67181242394051 ], [ 176.121259735973268, -5.671980373436281 ], [ 176.121435907564631, -5.67208436520871 ], [ 176.121530384601158, -5.672138990860859 ], [ 176.121800995979953, -5.672322343077881 ], [ 176.121840345352922, -5.672356340441888 ], [ 176.122071543145296, -5.672548283781651 ], [ 176.122166548675807, -5.672628196758566 ], [ 176.122342106305382, -5.67276378646842 ], [ 176.122509464286878, -5.672900078282428 ], [ 176.122612644040885, -5.672996250684281 ], [ 176.122784684830918, -5.673171857011684 ], [ 176.12288309077843, -5.673289092374423 ], [ 176.122986236134778, -5.673443523971786 ], [ 176.123153386967175, -5.673681783545133 ], [ 176.123178260869309, -5.673715176448666 ], [ 176.123367980541843, -5.673986825393608 ], [ 176.123423686493851, -5.674072492243586 ], [ 176.12354268098855, -5.674258451543821 ], [ 176.123693961909112, -5.674479398465166 ], [ 176.123740621817575, -5.674530112872141 ], [ 176.123964493308165, -5.674716943284757 ], [ 176.124063074930262, -5.674801962740711 ], [ 176.12423500514268, -5.674967603489387 ], [ 176.124329757718755, -5.675073728035669 ], [ 176.12450343119869, -5.675345352449502 ], [ 176.124505320927284, -5.675348377878336 ], [ 176.124661292291222, -5.675616952899476 ], [ 176.124756191432368, -5.675888458034022 ], [ 176.124775275152928, -5.675969094928915 ], [ 176.124827773098247, -5.676159927873674 ], [ 176.124857236743196, -5.676431333967511 ], [ 176.124853238196806, -5.676702689414403 ], [ 176.124852587132978, -5.676974049925198 ], [ 176.124880447325324, -5.677245453591278 ], [ 176.124939666819103, -5.677516904725606 ], [ 176.125043474228363, -5.677753920771845 ], [ 176.125067288253291, -5.677788459390777 ], [ 176.125313907377432, -5.678057928481367 ], [ 176.125316166361529, -5.678060197535643 ], [ 176.125529128058957, -5.678331881271307 ], [ 176.125584246730739, -5.678424338573707 ], [ 176.125699434100937, -5.678603500435822 ], [ 176.125854500572473, -5.678847700360821 ], [ 176.125871844994236, -5.678875122755358 ], [ 176.125969501576435, -5.679146631999163 ], [ 176.125980125899019, -5.679418009620619 ], [ 176.125938542951872, -5.679689308279766 ], [ 176.12590186865404, -5.679960614352519 ], [ 176.125864178205148, -5.680231918878035 ], [ 176.125852375931913, -5.680257186727382 ], [ 176.125742219073061, -5.680503095896315 ], [ 176.125580821758547, -5.680695757731947 ], [ 176.125500602327463, -5.680774091774384 ], [ 176.125309565504637, -5.680936570543688 ], [ 176.12517033287034, -5.681044953284544 ], [ 176.125038353015071, -5.681148238719206 ], [ 176.124800017528742, -5.681315753892228 ], [ 176.124767168780664, -5.681341065381837 ], [ 176.12449604055675, -5.681496692017069 ], [ 176.124360924189858, -5.681586449962423 ], [ 176.12422488714796, -5.681668901143363 ], [ 176.123953788000392, -5.681805106877094 ], [ 176.123682819557786, -5.681854778968731 ], [ 176.123411988818475, -5.681813372037407 ], [ 176.123141286108563, -5.681687363911787 ], [ 176.12300274643755, -5.681584389735225 ], [ 176.122870768866335, -5.681438865126669 ], [ 176.122741416763802, -5.681312631653419 ], [ 176.122600263087662, -5.681182947045189 ], [ 176.122458375215018, -5.681040840511007 ], [ 176.122329792928213, -5.680903658798448 ], [ 176.122226198472418, -5.680769126544551 ], [ 176.122059453308111, -5.680538332032991 ], [ 176.122030689334935, -5.680497468232319 ], [ 176.121840935716136, -5.680225818626339 ], [ 176.121789126778083, -5.68016457677779 ], [ 176.121627787439849, -5.679954133422631 ], [ 176.121518807569942, -5.679786206740491 ], [ 176.121447160228144, -5.679682497610147 ], [ 176.121248417255885, -5.67945498262386 ], [ 176.12120914000127, -5.679410774494963 ], [ 176.121030476156022, -5.679139141588561 ], [ 176.120978190822854, -5.679015831032676 ], [ 176.120901563187573, -5.678867584323323 ], [ 176.120707892037359, -5.678624654123928 ], [ 176.120677632801886, -5.678595882501616 ], [ 176.120437317994117, -5.678415224518262 ], [ 176.120331096556214, -5.678323994048814 ], [ 176.120166769178581, -5.678189296982231 ], [ 176.120034043589101, -5.678052180765352 ], [ 176.119896312817332, -5.677902575773366 ], [ 176.11979742747593, -5.677780459395156 ], [ 176.119625957051824, -5.677549742920036 ], [ 176.11959099684006, -5.677508783930138 ], [ 176.11942029348026, -5.677237162837049 ], [ 176.119355685713799, -5.677141498362237 ], [ 176.119111115714475, -5.676965330753263 ], [ 176.119085080456529, -5.676953413223531 ], [ 176.118814402674474, -5.676813202182055 ], [ 176.118689718443989, -5.676693327506195 ], [ 176.118543938147127, -5.676532713423422 ], [ 176.118445370347587, -5.676421593966888 ], [ 176.118273572045979, -5.676187622988155 ], [ 176.118243296735329, -5.676149924822063 ], [ 176.118112032526284, -5.675878363624392 ], [ 176.118052002892938, -5.675606911055221 ], [ 176.118003835851738, -5.675428287932469 ], [ 176.117972819402752, -5.675335429274139 ], [ 176.117837616288853, -5.675063862047457 ], [ 176.11773375294581, -5.674897413046812 ], [ 176.117658466148811, -5.674792227765242 ], [ 176.117514731799758, -5.6745206474861 ], [ 176.117463642672448, -5.674384825921111 ], [ 176.117396719131449, -5.674249106437202 ], [ 176.117210897506283, -5.673977461900192 ], [ 176.11719339681548, -5.673961671940799 ], [ 176.116922739942311, -5.67380895010159 ], [ 176.11669223296974, -5.673705309201097 ], [ 176.116652033863772, -5.673688667016014 ], [ 176.116381337053667, -5.673562378723097 ], [ 176.116255733127957, -5.673433281629594 ], [ 176.116138720355309, -5.673161741966245 ], [ 176.116111147889427, -5.673102746838024 ], [ 176.115840562201811, -5.672903758652206 ], [ 176.115744129959609, -5.672889778128289 ], [ 176.115569721565805, -5.672872264620904 ], [ 176.115299030755438, -5.672742476319264 ], [ 176.115175548477595, -5.672617548026565 ], [ 176.115028686564216, -5.672385358993814 ], [ 176.115001983188222, -5.672345921747736 ], [ 176.114904170970306, -5.672074411314106 ], [ 176.114862405198522, -5.671802986605333 ], [ 176.114845725685825, -5.671531600267779 ], [ 176.114843586361019, -5.67126023616848 ], [ 176.114769835853963, -5.670988762541096 ], [ 176.114759952803723, -5.670971974134807 ], [ 176.114594539683054, -5.670717133582415 ], [ 176.114489631054369, -5.670600809353334 ], [ 176.114218969472461, -5.670452706902513 ], [ 176.114162487120012, -5.670445111705512 ], [ 176.113948126168282, -5.67042383238582 ], [ 176.113677220751271, -5.670435693594523 ], [ 176.113499535607133, -5.670444096732137 ], [ 176.113406311787287, -5.67044988413254 ], [ 176.113135426197402, -5.670448770107217 ], [ 176.113110867870319, -5.670443501331944 ], [ 176.112864614147099, -5.670399519905925 ], [ 176.112593918141499, -5.670274354217215 ], [ 176.112474888118442, -5.670171165845781 ], [ 176.112323453398233, -5.669997940048837 ], [ 176.112245435841174, -5.669899453338181 ], [ 176.112127179621211, -5.669627911324468 ], [ 176.112053426015819, -5.66943555277913 ], [ 176.112015481541533, -5.669356379360419 ], [ 176.111787248643992, -5.669084668617176 ], [ 176.111783080131914, -5.669081801480643 ], [ 176.11151232580616, -5.668995348519775 ], [ 176.11124148249192, -5.668967133408564 ], [ 176.11097065904039, -5.668925967427298 ], [ 176.110699853780403, -5.668872953957639 ], [ 176.110429033888892, -5.668829541507981 ], [ 176.110157991738731, -5.668931288261117 ], [ 176.110076945762131, -5.669082042212535 ], [ 176.110126293539935, -5.669353478568987 ], [ 176.110157259349307, -5.669409463757479 ], [ 176.110284315487831, -5.669625081957572 ], [ 176.110417006973307, -5.669896646397595 ], [ 176.110427367662794, -5.66991770866369 ], [ 176.110560680544751, -5.670168227698825 ], [ 176.110682213976702, -5.670439774966386 ], [ 176.110697411634391, -5.670468254375786 ], [ 176.11085788643922, -5.670711405394533 ], [ 176.110967693263319, -5.670863835578002 ], [ 176.111048810080945, -5.670983059217519 ], [ 176.111221014577012, -5.671254684255712 ], [ 176.111237949355342, -5.671276329743186 ], [ 176.11142523846982, -5.671526358429849 ], [ 176.11150829476145, -5.671630681913594 ], [ 176.111646233639561, -5.67179805830536 ], [ 176.111778681138446, -5.671958455285911 ], [ 176.111886794889102, -5.672069788156096 ], [ 176.112049156932216, -5.672227949846935 ], [ 176.112168020046141, -5.672341580334198 ], [ 176.112319647282391, -5.672488087338868 ], [ 176.11244784924898, -5.672613370272551 ], [ 176.112590115464599, -5.672762888212491 ], [ 176.112717014626526, -5.672885143760028 ], [ 176.11286059652528, -5.673029428048586 ], [ 176.112998353237828, -5.673156935822351 ], [ 176.113131103019981, -5.673279481469462 ], [ 176.113287519697082, -5.673428739784119 ], [ 176.113401590419642, -5.673542192349507 ], [ 176.113554963990197, -5.673700510355455 ], [ 176.113672052969036, -5.673821339894745 ], [ 176.113809760306793, -5.673972261463198 ], [ 176.11394248891159, -5.674118087482142 ], [ 176.114066819681881, -5.674244015959178 ], [ 176.11421295841069, -5.674393024731429 ], [ 176.114337431035722, -5.674515791126566 ], [ 176.114483450929043, -5.674653041552169 ], [ 176.11460319169862, -5.674787558778505 ], [ 176.114753812965546, -5.674998764022711 ], [ 176.114800535627211, -5.675059221633428 ], [ 176.114960041920767, -5.675330826543791 ], [ 176.115024044201391, -5.675430464039875 ], [ 176.115147854499924, -5.675602474742537 ], [ 176.115294395989366, -5.675783335985066 ], [ 176.115380566971453, -5.675874191592656 ], [ 176.115564910824162, -5.676029442061823 ], [ 176.115706555759317, -5.676146051032138 ], [ 176.115835462606299, -5.676251453696961 ], [ 176.116050456812843, -5.676417937715966 ], [ 176.116106034769331, -5.676460226513021 ], [ 176.116376582092443, -5.6766854427025 ], [ 176.116381771610264, -5.67668980500766 ], [ 176.116647152352641, -5.676895735839129 ], [ 176.116724695208006, -5.676961689889947 ], [ 176.116917680852936, -5.677133597879136 ], [ 176.117032685957298, -5.677233521265244 ], [ 176.117188165036879, -5.677400730583671 ], [ 176.117299943857404, -5.677505290325977 ], [ 176.11745868602992, -5.67764383236232 ], [ 176.117595002910804, -5.677777101736447 ], [ 176.117729173974084, -5.677908814753176 ], [ 176.117852820683993, -5.678048856205126 ], [ 176.11799959869947, -5.678215535982635 ], [ 176.118099089124854, -5.678320592972693 ], [ 176.118270113289896, -5.678463326888642 ], [ 176.118398065185005, -5.67859241006352 ], [ 176.11854055662468, -5.678758157481527 ], [ 176.118631156598809, -5.67886412657461 ], [ 176.118810913987062, -5.679109749529045 ], [ 176.118832158326654, -5.679135794098011 ], [ 176.119045667080428, -5.679407480643208 ], [ 176.119081285846391, -5.679452004998661 ], [ 176.119264712493106, -5.679679175575902 ], [ 176.119351668496478, -5.679787357456208 ], [ 176.119492776968229, -5.679950884197212 ], [ 176.119622115058945, -5.680080813755738 ], [ 176.119751856622116, -5.680222640006563 ], [ 176.119892532803618, -5.680393433540187 ], [ 176.119978444583296, -5.680494346249633 ], [ 176.120162900841933, -5.680738996233897 ], [ 176.120185581626572, -5.680766022815508 ], [ 176.12038405258923, -5.681037686140598 ], [ 176.120433234926367, -5.681107143277735 ], [ 176.120608112602156, -5.681309388374553 ], [ 176.120703658653071, -5.68141640523416 ], [ 176.120845712209928, -5.681581111156193 ], [ 176.120974071059919, -5.681733318512622 ], [ 176.121071251701608, -5.681852815522428 ], [ 176.121244440454632, -5.682078793967747 ], [ 176.121282589118096, -5.682124498226427 ], [ 176.121488463724035, -5.682396172572474 ], [ 176.12151479401399, -5.682434921884461 ], [ 176.121681204690304, -5.682667826900588 ], [ 176.121785102871257, -5.682820760576243 ], [ 176.121886379979713, -5.68293950009445 ], [ 176.122055538216017, -5.683123328268884 ], [ 176.122135523060564, -5.683211240075566 ], [ 176.122325943064794, -5.68344621504933 ], [ 176.122358784763037, -5.68348294065115 ], [ 176.122575907945418, -5.683754631843128 ], [ 176.12259633396431, -5.683778508017853 ], [ 176.12282207011458, -5.684026367094112 ], [ 176.122866784069885, -5.684071887246832 ], [ 176.123079672986222, -5.684298119647604 ], [ 176.123137240860899, -5.684361027551125 ], [ 176.123316349997168, -5.684569840348678 ], [ 176.123407648592433, -5.684682770251943 ], [ 176.123526239674675, -5.684841520320687 ], [ 176.123677966013901, -5.685064411076098 ], [ 176.123717942833309, -5.685113172641224 ], [ 176.123945010052893, -5.685384878587326 ], [ 176.123948370353332, -5.685388798488932 ], [ 176.12417113703728, -5.685656583047637 ], [ 176.124218768506182, -5.685717472602827 ], [ 176.124280867736871, -5.68579243020001 ] ], [ [ 176.124353969419388, -5.685880668404526 ], [ 176.124393414991715, -5.685928281610945 ], [ 176.124489175978908, -5.686040177523743 ], [ 176.124626661874061, -5.686199996752253 ], [ 176.124759604884304, -5.686348892829189 ], [ 176.124869365673646, -5.686471726168178 ], [ 176.125030070571967, -5.686633447301114 ], [ 176.125126884332047, -5.686743477970195 ], [ 176.125300483359666, -5.686953202139132 ], [ 176.125354048307429, -5.687015183691753 ], [ 176.125570884012916, -5.687281186004404 ], [ 176.125575856215818, -5.687286881238746 ], [ 176.125807781804497, -5.687558594055956 ], [ 176.125841306320865, -5.687595021635666 ], [ 176.126070408102493, -5.687830353304858 ], [ 176.126111782068705, -5.687873636921493 ], [ 176.126317921020245, -5.68810208958694 ], [ 176.126382220232159, -5.688177334427333 ], [ 176.126559846256299, -5.688373817337592 ], [ 176.126652674652831, -5.688470438800626 ], [ 176.126814010853167, -5.688645563541195 ], [ 176.126923112368758, -5.688774799915294 ], [ 176.127044138813289, -5.688917273299436 ], [ 176.127193531930345, -5.689091387921446 ], [ 176.127274013178067, -5.689188982612576 ], [ 176.127463931751862, -5.689421264240981 ], [ 176.127499513748432, -5.689460685249633 ], [ 176.127725313014253, -5.689732388279801 ], [ 176.127734343408378, -5.689743484746156 ], [ 176.127946375633854, -5.690004084090739 ], [ 176.128004741536699, -5.690074879665726 ], [ 176.128166854183604, -5.690275778963156 ], [ 176.128275134538995, -5.690409877254633 ], [ 176.128378566444894, -5.690547460533311 ], [ 176.128545421154229, -5.690815730461382 ], [ 176.128547914985603, -5.690819078047596 ], [ 176.128743033008988, -5.691090734462553 ], [ 176.128815760661581, -5.691186684028127 ], [ 176.128947326120908, -5.69136240469441 ], [ 176.129086082635638, -5.691569506566472 ], [ 176.129134142014749, -5.691634048488425 ], [ 176.129311560694134, -5.691905678057582 ], [ 176.129356375603834, -5.691971831448169 ], [ 176.129501199206885, -5.692177326042086 ], [ 176.129626632382895, -5.692398447856951 ], [ 176.129662092477503, -5.692448930601487 ], [ 176.129822625501617, -5.692720534592671 ], [ 176.1298968819263, -5.692830121338849 ], [ 176.13001527219572, -5.692992187017436 ], [ 176.130167176932616, -5.693231806912926 ], [ 176.130190743092726, -5.69326381348999 ], [ 176.130371685899689, -5.693535448185665 ], [ 176.130437476592249, -5.693630631173629 ], [ 176.130557812261628, -5.69380709066557 ], [ 176.130707706637054, -5.694076009733434 ], [ 176.130709509726415, -5.694078681191435 ], [ 176.130893157257077, -5.694350319870185 ], [ 176.130978018607408, -5.694467117799914 ], [ 176.131091199970058, -5.694621980214648 ], [ 176.131248298374942, -5.694879893079311 ], [ 176.131258085994432, -5.694893593556134 ], [ 176.131443938213465, -5.695165235453072 ], [ 176.131518609511005, -5.695272020824269 ], [ 176.131636834304942, -5.695436887927317 ], [ 176.131788874300355, -5.69569524700191 ], [ 176.1317988455788, -5.695708493833497 ], [ 176.131983052315547, -5.695980133147818 ], [ 176.132059191237175, -5.696083978063532 ], [ 176.132184476734579, -5.696251798357131 ], [ 176.132329513395945, -5.696469458015631 ], [ 176.132372164383241, -5.696523442838001 ], [ 176.132546636102859, -5.696795067385066 ], [ 176.132599821572285, -5.696864484486509 ], [ 176.132757283443027, -5.697066746355246 ], [ 176.132870166950653, -5.697234940953073 ], [ 176.132950656390506, -5.697338399278642 ], [ 176.133133912704722, -5.697610036939412 ], [ 176.133140491531492, -5.697619485916305 ], [ 176.133324686731243, -5.697881685875441 ], [ 176.133410821940799, -5.698000370098815 ], [ 176.133517633085489, -5.698153338040379 ], [ 176.133681117967882, -5.698404418040074 ], [ 176.13369677298229, -5.698424969401392 ], [ 176.133899237259072, -5.698696635802195 ], [ 176.133951477942134, -5.698766028622593 ], [ 176.134115984774411, -5.698968323631057 ], [ 176.134221879129768, -5.699100345059525 ], [ 176.134344537932947, -5.699240029150954 ], [ 176.134492298163991, -5.699422947987184 ], [ 176.134569327026895, -5.699511728953617 ], [ 176.134762792612804, -5.69969538190001 ], [ 176.134848415965649, -5.699783510275325 ], [ 176.135033269613444, -5.69997964179886 ], [ 176.135105615815917, -5.700055258623223 ], [ 176.135303759860278, -5.700255227072804 ], [ 176.13538032702408, -5.700327033184033 ], [ 176.135574318458396, -5.700485299758263 ], [ 176.135705678826014, -5.700598883665261 ], [ 176.135844867202707, -5.700722107901179 ], [ 176.136022467631165, -5.700870721156915 ], [ 176.136115429161862, -5.700950229982339 ], [ 176.136327325232941, -5.701142540618683 ], [ 176.136385978263462, -5.70118709944717 ], [ 176.136656723700696, -5.701292748955171 ], [ 176.136927678958045, -5.701258036709655 ], [ 176.137069560901125, -5.701143653560694 ], [ 176.137132498672173, -5.700872385743095 ], [ 176.137045767019089, -5.700600893616913 ], [ 176.136978897828243, -5.700329431256536 ], [ 176.136929283090865, -5.700184226565494 ], [ 176.136866593635375, -5.700057900795858 ], [ 176.136720191919181, -5.699786319213523 ], [ 176.136659153973909, -5.699666359046735 ], [ 176.136562940131682, -5.699514721345135 ], [ 176.136402025179507, -5.699243117960687 ], [ 176.136388910052261, -5.699225604743011 ], [ 176.136205824873997, -5.698971461633778 ], [ 176.136118637542182, -5.698804230758051 ], [ 176.136050824539723, -5.698699867063987 ], [ 176.13590570751856, -5.69842828729806 ], [ 176.135848436894605, -5.698335037268641 ], [ 176.135728641618584, -5.698156659579782 ], [ 176.135581327509385, -5.697885076474069 ], [ 176.135578215243044, -5.697880156630556 ], [ 176.135412130294753, -5.697613460508031 ], [ 176.135307980503399, -5.697434286765799 ], [ 176.135242119975487, -5.697341843293216 ], [ 176.135084466150516, -5.697070244599312 ], [ 176.135037750277121, -5.696985656928759 ], [ 176.134929639293659, -5.696798650126412 ], [ 176.134791263406328, -5.696527080333591 ], [ 176.134767591114382, -5.696489798355266 ], [ 176.134617830358565, -5.696255457877204 ], [ 176.134497368379215, -5.696036690430984 ], [ 176.13446277241971, -5.695983862990087 ], [ 176.134316517535694, -5.695712281304407 ], [ 176.134227235153332, -5.695524056952942 ], [ 176.134178492323457, -5.695440711963592 ], [ 176.134040281415793, -5.695169142327716 ], [ 176.133957133885929, -5.694990368879499 ], [ 176.133906637218871, -5.694897579538011 ], [ 176.13378276844756, -5.694626031424438 ], [ 176.133687161360882, -5.694371022933323 ], [ 176.133679102367466, -5.694354513662701 ], [ 176.133577695671022, -5.694082999290405 ], [ 176.133483032856674, -5.693811495049029 ], [ 176.133417314820434, -5.693667911874045 ], [ 176.133356142014719, -5.693539942356442 ], [ 176.133256595743575, -5.693268430761118 ], [ 176.133147417319293, -5.692999175756135 ], [ 176.133146423149356, -5.692996903183683 ], [ 176.133043145939467, -5.692725385966242 ], [ 176.132952800188036, -5.692453888187442 ], [ 176.132877602249778, -5.692275786668554 ], [ 176.132840098926039, -5.692182356786716 ], [ 176.132738861600615, -5.691910842618348 ], [ 176.13265252585694, -5.691639350856158 ], [ 176.132607870798921, -5.691496982615217 ], [ 176.132568439969361, -5.691367862474713 ], [ 176.132507718986318, -5.691096409234186 ], [ 176.132468988345522, -5.690824989069506 ], [ 176.132439245030184, -5.690553582422974 ], [ 176.132369257176322, -5.690282115244878 ], [ 176.132338900005436, -5.690211158678205 ], [ 176.132286904065325, -5.690010629465951 ], [ 176.132236024874629, -5.689739191029087 ], [ 176.132207769448399, -5.689467786623587 ], [ 176.132175147211996, -5.689196375649733 ], [ 176.132069843448789, -5.688983062651042 ], [ 176.132050071633813, -5.688924825602987 ], [ 176.131933289336047, -5.688653288021352 ], [ 176.131855524148506, -5.688381809133801 ], [ 176.131811605311839, -5.688110381168257 ], [ 176.131800596079245, -5.68788274263438 ], [ 176.131798531927046, -5.687838999610459 ], [ 176.13176923301549, -5.687567593641221 ], [ 176.13171331469735, -5.687296147624101 ], [ 176.131664864864319, -5.687024712843417 ], [ 176.131621162876883, -5.686753285206239 ], [ 176.131560524598626, -5.68648183208832 ], [ 176.131531924307041, -5.686399036369174 ], [ 176.13148332071421, -5.686210354045655 ], [ 176.131431056342365, -5.6859389135263 ], [ 176.131398705122564, -5.685667502969033 ], [ 176.131362941295379, -5.685396087277441 ], [ 176.131298619182417, -5.685124628616901 ], [ 176.131263073508876, -5.685035265817714 ], [ 176.131202748906333, -5.684853122484965 ], [ 176.131127190848275, -5.684581646914354 ], [ 176.131065351370239, -5.68431019198644 ], [ 176.130994014973709, -5.684038722766471 ], [ 176.130993674231661, -5.684037760848487 ], [ 176.130905624637165, -5.683767227879918 ], [ 176.130827433881052, -5.683495748340688 ], [ 176.130754262522544, -5.683224276354141 ], [ 176.130724131081962, -5.683136632425331 ], [ 176.130663200632057, -5.682952777438087 ], [ 176.130576970554387, -5.682681285791236 ], [ 176.130493488784623, -5.682409798278375 ], [ 176.130454469942919, -5.682314583619743 ], [ 176.13038390878063, -5.68213827147389 ], [ 176.130290709239205, -5.681866769323312 ], [ 176.130220072239723, -5.681595301138783 ], [ 176.13018481440227, -5.68148920769761 ], [ 176.130127851084694, -5.681323800454792 ], [ 176.130033687346156, -5.681052296841603 ], [ 176.129951298416671, -5.680780810955063 ], [ 176.129915158355175, -5.680664574315837 ], [ 176.129865461276125, -5.68050931987327 ], [ 176.129784852540553, -5.680237836662359 ], [ 176.129690762396763, -5.679966333145264 ], [ 176.129645471391655, -5.679860943769405 ], [ 176.129579988265533, -5.679694804494553 ], [ 176.129496906889642, -5.679423317549351 ], [ 176.129408215298639, -5.679151822150575 ], [ 176.129375755855932, -5.679076743829908 ], [ 176.129306815541781, -5.678880307604115 ], [ 176.129210541394428, -5.678608800773819 ], [ 176.129105954302901, -5.678350224148298 ], [ 176.129101447547839, -5.678337274623746 ], [ 176.129045498594081, -5.678065828541841 ], [ 176.128981640135663, -5.6777943705425 ], [ 176.128849641384136, -5.677522809866476 ], [ 176.128836335583969, -5.677502324331828 ], [ 176.128730886739618, -5.677251269135995 ], [ 176.128622427663657, -5.676979743912536 ], [ 176.128566402673016, -5.676864023504371 ], [ 176.128508517728022, -5.676708210465772 ], [ 176.128403369440832, -5.676436690217502 ], [ 176.128296499711041, -5.676206123733357 ], [ 176.128281753484799, -5.676165145137457 ], [ 176.128189151209597, -5.6758936437887 ], [ 176.128093628444958, -5.675622138032582 ], [ 176.128026708580933, -5.675474140657231 ], [ 176.127979716997146, -5.675350604545073 ], [ 176.127879309721209, -5.675079091412396 ], [ 176.127761591632634, -5.674807552168525 ], [ 176.1277568329389, -5.674798764459688 ], [ 176.127637796299666, -5.674536003749255 ], [ 176.127538340368091, -5.674264492030464 ], [ 176.127486948259332, -5.674129751373472 ], [ 176.12743698693825, -5.673992977444049 ], [ 176.127345532231459, -5.673721477784132 ], [ 176.127247892245805, -5.673449968789234 ], [ 176.127217182335897, -5.67338209457628 ], [ 176.127130038199141, -5.673178429292085 ], [ 176.127034570001598, -5.67290692356196 ], [ 176.126947394330358, -5.672649500154383 ], [ 176.126942262228056, -5.672635422596011 ], [ 176.126832307059033, -5.67236389499582 ], [ 176.126684623255755, -5.672092310448553 ], [ 176.126677359422899, -5.672081446082053 ], [ 176.12654019515989, -5.671820730796312 ], [ 176.126408374234728, -5.671549170157413 ], [ 176.126407273924059, -5.671547330820683 ], [ 176.126271846387709, -5.671277602398714 ], [ 176.126141149015751, -5.671006043428075 ], [ 176.126137211466215, -5.670998194903507 ], [ 176.126013354120545, -5.670734488826878 ], [ 176.125890720560449, -5.670462942007667 ], [ 176.125867192625805, -5.670420375098588 ], [ 176.125751897741821, -5.670191370726643 ], [ 176.125629535735868, -5.6699198242934 ], [ 176.125597150251991, -5.669858500733737 ], [ 176.125490674312942, -5.669648252924905 ], [ 176.125355513240805, -5.66937668713093 ], [ 176.125327063615259, -5.669326330460145 ], [ 176.125202449589665, -5.669105094271861 ], [ 176.125056826005761, -5.668894706228149 ], [ 176.125018078046367, -5.668833454078883 ], [ 176.124865757666697, -5.668561862294998 ], [ 176.124786635505984, -5.668432052621361 ], [ 176.124700337054918, -5.668290250687584 ], [ 176.12455610848636, -5.668018671093032 ], [ 176.124516484704031, -5.667943310378247 ], [ 176.124414696058579, -5.667747095738677 ], [ 176.124282413372271, -5.667475534173137 ], [ 176.124246394271097, -5.667414779194634 ], [ 176.124118811686486, -5.667203925228994 ], [ 176.12397614366327, -5.666992807548354 ], [ 176.123937424807167, -5.666932289357869 ], [ 176.123783444952039, -5.666660694915331 ], [ 176.123705929628557, -5.666546818742949 ], [ 176.123603266635854, -5.666389060812737 ], [ 176.123435670852245, -5.666130753152783 ], [ 176.123426494315083, -5.666117431831598 ], [ 176.123257199513716, -5.66584581413653 ], [ 176.123165432756792, -5.665701215231661 ], [ 176.123081952615905, -5.665574187403947 ], [ 176.122895119573343, -5.665321693499643 ], [ 176.12288118609618, -5.665302522004859 ], [ 176.122707867311476, -5.665030898125168 ], [ 176.12262486261028, -5.664905137246081 ], [ 176.122525722949007, -5.664759260849978 ], [ 176.122354560078833, -5.664519009927856 ], [ 176.122332976133094, -5.66448760748139 ], [ 176.122195017579259, -5.664216037074901 ], [ 176.122084447671369, -5.664007174805626 ], [ 176.122046651919305, -5.663944450885349 ], [ 176.121897438300749, -5.663672863391715 ], [ 176.12181426377424, -5.663542963954365 ], [ 176.121710907928815, -5.663401219325626 ], [ 176.121543895831735, -5.663200864737615 ], [ 176.121486052704881, -5.663129517130979 ], [ 176.121274882129939, -5.662857835626657 ], [ 176.121273533141277, -5.662855491986484 ], [ 176.121164539620878, -5.662586306961892 ], [ 176.121199762693578, -5.662314999001363 ], [ 176.121274586345322, -5.662158331954621 ], [ 176.121321900093534, -5.66204382278492 ], [ 176.121321554727757, -5.6617724608815 ], [ 176.121275337660819, -5.661660951311339 ], [ 176.121213755366767, -5.661500936099114 ], [ 176.121093432942672, -5.661229392324743 ], [ 176.121005256818307, -5.661129524640168 ], [ 176.120734255814085, -5.661207281273307 ], [ 176.120707814472752, -5.661228807595895 ], [ 176.120462981532768, -5.661465764923233 ], [ 176.120412200071371, -5.661499720489811 ], [ 176.120191753712419, -5.661693369218445 ], [ 176.120106809497685, -5.66177061834938 ], [ 176.119920424631772, -5.66198776886217 ], [ 176.119885611966907, -5.66204164383871 ], [ 176.119718458864895, -5.662312751287379 ], [ 176.119648881480174, -5.662423429404552 ], [ 176.119536900584023, -5.662583836779336 ], [ 176.1193773712846, -5.662837034007263 ], [ 176.119106540693025, -5.662801656560574 ], [ 176.11904991105601, -5.662583096812539 ], [ 176.11905920021826, -5.662311749718427 ], [ 176.119107446307908, -5.662203666533951 ], [ 176.119189353644856, -5.662040586287108 ], [ 176.119307256356223, -5.661769404193836 ], [ 176.119296437409929, -5.661498026520214 ], [ 176.119108869441476, -5.66126382201642 ], [ 176.119075931553454, -5.66122633026675 ], [ 176.118838399891672, -5.660990554912651 ], [ 176.118803496820135, -5.660954555035025 ], [ 176.118567895824071, -5.660740241065258 ], [ 176.118494578520767, -5.660682724245486 ], [ 176.118297357949643, -5.660512393185426 ], [ 176.118169991036325, -5.660410869503311 ], [ 176.118026797103482, -5.660299844739781 ], [ 176.117756036114088, -5.6602194416539 ], [ 176.117485258380384, -5.660150140420554 ], [ 176.117458315672565, -5.660138425609201 ], [ 176.117214567508455, -5.660023635723339 ], [ 176.116943797045195, -5.659949669143499 ], [ 176.116672991526826, -5.659898854106522 ], [ 176.116517293518058, -5.659865631568031 ], [ 176.116402199524259, -5.659839181044561 ], [ 176.116131446163735, -5.65975411445212 ], [ 176.115864716367923, -5.659593275966142 ], [ 176.115860814516282, -5.659588996901222 ], [ 176.115633597616721, -5.659321562564935 ] ], [ [ 176.104078414514873, -5.658961133127756 ], [ 176.104007881456596, -5.659032357613784 ], [ 176.103942791560286, -5.65907955890559 ], [ 176.103880944761102, -5.659167841567748 ] ], [ [ 176.103807052549598, -5.659273318296322 ], [ 176.103785996237065, -5.659303374917743 ], [ 176.103671203694688, -5.659538336044901 ], [ 176.10365435361399, -5.659574531592119 ], [ 176.103671076514331, -5.65962091144003 ], [ 176.103941662635009, -5.659812784462741 ], [ 176.10407719847052, -5.65975107383518 ] ], [ [ 176.101227548155777, -5.663242719701162 ], [ 176.10098390014852, -5.663369436587526 ], [ 176.100956449884222, -5.663381947308408 ], [ 176.100729148566472, -5.663640401212378 ], [ 176.100685097721737, -5.663685281258347 ], [ 176.100530582985783, -5.663911452900446 ], [ 176.100458676622566, -5.664182701129095 ], [ 176.100567959910109, -5.664454230622955 ], [ 176.10068373679286, -5.664565255844699 ], [ 176.1009544656022, -5.664665391168863 ], [ 176.101201985026165, -5.664455214466762 ], [ 176.10122574754223, -5.664407758418291 ], [ 176.101292319784847, -5.664183994681215 ], [ 176.101339318864348, -5.663912707661993 ], [ 176.101363009158348, -5.663641384485186 ], [ 176.101326363665123, -5.663369967742647 ] ], [ [ 176.108312269208881, -5.670843169397993 ], [ 176.108382618599506, -5.670707597594216 ], [ 176.108504465979394, -5.670436424909303 ], [ 176.108515018613502, -5.670165080783912 ], [ 176.108260077007117, -5.670045769995821 ], [ 176.108124653029762, -5.67016447944922 ], [ 176.107988776229945, -5.670315395140003 ], [ 176.107889743752537, -5.670435477791656 ], [ 176.107853090011616, -5.67047347358525 ] ] ] } },
{ "type": "Feature", "properties": { "year": 2013, "certainty": "good", "eez_territory": "TUV" }, "geometry": { "type": "MultiLineString", "coordinates": [ [ [ 176.078145009516277, -5.653021943921869 ], [ 176.078218860188173, -5.652949503493464 ], [ 176.078324089602233, -5.652750869938972 ], [ 176.078319605730002, -5.652479504515563 ], [ 176.078290888988477, -5.652208100624798 ], [ 176.078295572002133, -5.651936749749739 ], [ 176.078324861713782, -5.651665437926281 ], [ 176.078335332088557, -5.651394096227605 ], [ 176.078311006030702, -5.651122699303313 ], [ 176.078288585107401, -5.650851305402604 ], [ 176.078265412053725, -5.650579910308354 ], [ 176.07822281359708, -5.650450021823228 ], [ 176.078160712908698, -5.650308385834165 ], [ 176.077981411069004, -5.650036742943769 ], [ 176.077952655130275, -5.649996774527488 ], [ 176.077770247414662, -5.649765049440596 ], [ 176.077682320568982, -5.649655079104847 ], [ 176.077528807329912, -5.64949330781455 ], [ 176.077411876986332, -5.649382471694145 ], [ 176.077223595936829, -5.649221464833808 ], [ 176.077141359366152, -5.64915679956038 ], [ 176.076878077713076, -5.648949557694965 ], [ 176.076870820934118, -5.64894440879874 ], [ 176.076600227325343, -5.648766989123674 ], [ 176.076458128750318, -5.648677532095414 ], [ 176.076329615553334, -5.648601146987602 ], [ 176.076058971198165, -5.648455973921608 ], [ 176.07598424538466, -5.648405420485634 ], [ 176.075788388986325, -5.64827168553255 ], [ 176.075569256677142, -5.64813340225718 ], [ 176.075517779119309, -5.648104956517995 ], [ 176.075247190991064, -5.647924624080529 ], [ 176.075166095037645, -5.647861402615693 ], [ 176.074976622061087, -5.647732300514845 ], [ 176.074785380143595, -5.64758943849086 ], [ 176.074706072004005, -5.647528200175356 ], [ 176.074435465797649, -5.647359606485519 ], [ 176.074371457662835, -5.647317421281567 ], [ 176.074164860522814, -5.647190532389615 ], [ 176.073961819338308, -5.64704541066381 ], [ 176.073894293237885, -5.64699763864945 ], [ 176.073623686649825, -5.646829610896663 ], [ 176.073546663037661, -5.646773391021118 ], [ 176.073353096604052, -5.646651276154854 ], [ 176.073121725821437, -5.646501355545035 ], [ 176.073082502794847, -5.64647542121266 ], [ 176.072811857813321, -5.646331871364031 ], [ 176.072654505211574, -5.646229252363115 ], [ 176.072541260569125, -5.646158388651892 ], [ 176.072270605773213, -5.646021204203956 ], [ 176.072161913020011, -5.645957108377306 ], [ 176.071999964232987, -5.645875776182681 ], [ 176.07172934355421, -5.645717331101879 ], [ 176.071680775132961, -5.64568498233789 ], [ 176.071458775181128, -5.645526122200458 ], [ 176.07127272264799, -5.645412972732212 ], [ 176.071188166186658, -5.645360547750201 ], [ 176.070917533824456, -5.645209752518592 ], [ 176.070789860349208, -5.645140843336161 ], [ 176.070646904211145, -5.645057328164885 ], [ 176.070376211869615, -5.644944373078968 ], [ 176.070204208721179, -5.644868549235506 ], [ 176.070105536696502, -5.644820721506666 ], [ 176.069834853223256, -5.644702358861429 ], [ 176.069599910545804, -5.644596224793657 ], [ 176.069564177159634, -5.644579428589608 ], [ 176.069293471936675, -5.644474862275803 ], [ 176.069022761106993, -5.644373882035173 ], [ 176.068895447140648, -5.644323739424563 ], [ 176.068752062059275, -5.644265588617407 ], [ 176.068481335923764, -5.644174338472924 ], [ 176.06821062789902, -5.644071810137078 ], [ 176.068160934326272, -5.64405120515285 ], [ 176.067939909320529, -5.643975960319165 ], [ 176.067669145330854, -5.643908602487666 ], [ 176.067398395876921, -5.643832199756153 ], [ 176.067246944884687, -5.643778382208335 ], [ 176.067127675915515, -5.643737402702469 ], [ 176.066856922124316, -5.643663830080979 ], [ 176.066586168861676, -5.643589981600909 ], [ 176.066343132345565, -5.64350557430302 ], [ 176.066315447051949, -5.643496527170405 ], [ 176.066044700768487, -5.643418432221195 ], [ 176.065773942140936, -5.643348106192218 ], [ 176.065503209580953, -5.643261551983035 ], [ 176.065425040525241, -5.643232742181937 ], [ 176.065232479013503, -5.643173815321269 ], [ 176.064961704171736, -5.643113778097837 ], [ 176.064690921211849, -5.643058853974081 ], [ 176.064420147673928, -5.642998095883287 ], [ 176.064237680128883, -5.642959475570859 ], [ 176.064149363735993, -5.642943871660322 ], [ 176.063878541762108, -5.642913407503552 ], [ 176.063607709608306, -5.642889319253732 ], [ 176.063336881746153, -5.64286258331222 ], [ 176.063066052975984, -5.642836441268303 ], [ 176.062795224833309, -5.642809936271636 ], [ 176.0625243967188, -5.642783441802293 ], [ 176.062253592145737, -5.642742321798667 ], [ 176.062023479081404, -5.642684551651712 ], [ 176.061982827087064, -5.642676648832863 ], [ 176.061712015432221, -5.64264001405598 ], [ 176.061441181849915, -5.642617050530458 ], [ 176.061170340089319, -5.642599197953428 ], [ 176.060899475598717, -5.642595497031566 ], [ 176.060628599483323, -5.642599034745499 ], [ 176.060357710565711, -5.642610536283081 ], [ 176.060086792402444, -5.642640206706085 ], [ 176.059883337163228, -5.642681096342098 ], [ 176.059815825086503, -5.642700389293383 ], [ 176.059544771073291, -5.642814359186122 ], [ 176.059348786376205, -5.642951589020925 ], [ 176.059273544523052, -5.643035326617575 ], [ 176.059164357458883, -5.643222647639992 ], [ 176.059097607861446, -5.643493896580302 ], [ 176.059091730174259, -5.643765243996084 ], [ 176.059118583571149, -5.644036644370286 ], [ 176.059166977387292, -5.644308079598905 ], [ 176.059238349152849, -5.644579552007463 ], [ 176.059270918673832, -5.644664311204538 ], [ 176.059349386051565, -5.64485108859114 ], [ 176.059453353179833, -5.64512261373082 ], [ 176.059540798576563, -5.645279379044852 ], [ 176.059612640882108, -5.645394228354375 ], [ 176.059753168553328, -5.645665812613523 ], [ 176.059810862554656, -5.645780527270729 ], [ 176.059911937235086, -5.645937426358092 ], [ 176.060081105787305, -5.646170680241271 ], [ 176.060112687119641, -5.646209107964886 ], [ 176.060351529660011, -5.646448905287174 ], [ 176.060379469173938, -5.646480896280969 ], [ 176.060621915075188, -5.646751169397055 ], [ 176.060623377781326, -5.646752647544512 ], [ 176.060892407883841, -5.646986903974843 ], [ 176.060939909072601, -5.647024516086933 ], [ 176.061162953133874, -5.647190198646024 ], [ 176.061308754948783, -5.647296469004672 ], [ 176.061433515124094, -5.647383213740409 ], [ 176.061704143264535, -5.647535229984535 ], [ 176.061752869214615, -5.647568543270118 ], [ 176.061974741666745, -5.647705831771628 ], [ 176.062211441438819, -5.64784064059437 ], [ 176.06224537151391, -5.647856984575133 ], [ 176.062516055980382, -5.647974257443347 ], [ 176.062786709546288, -5.64811083542403 ], [ 176.062790218615987, -5.648112931514926 ], [ 176.063057324166834, -5.648271740827035 ], [ 176.063308183479677, -5.648385123913945 ], [ 176.063328002435867, -5.648393123468242 ], [ 176.0635987089899, -5.648496973073953 ], [ 176.063869461762806, -5.648572104662252 ], [ 176.064140214660256, -5.648647213984558 ], [ 176.064168328126698, -5.648657867169681 ], [ 176.064410943931364, -5.648737103324915 ], [ 176.064681694596601, -5.648813719035824 ], [ 176.064952398607034, -5.648919483595634 ], [ 176.064975834939787, -5.648930524570052 ], [ 176.065223108076282, -5.649021915441539 ], [ 176.065493828519635, -5.64911757078645 ], [ 176.065685535518014, -5.649203023683428 ], [ 176.065764508302152, -5.649238668401633 ], [ 176.066035213666879, -5.649343876926212 ], [ 176.066305898897724, -5.649461729268908 ], [ 176.066332760652045, -5.649475421629721 ], [ 176.066576591823519, -5.649574854272746 ], [ 176.066847290401768, -5.649684524159162 ], [ 176.066982945183014, -5.649747823704354 ], [ 176.067117967238005, -5.649807855435522 ], [ 176.067388670968739, -5.649914457096361 ], [ 176.067624486521794, -5.650020211274652 ], [ 176.067659349390937, -5.650036955883278 ], [ 176.067930046253053, -5.650148003235831 ], [ 176.068200728566694, -5.650268227289625 ], [ 176.068247426489734, -5.650292568393231 ], [ 176.068471397608278, -5.65039683667484 ], [ 176.06874210683381, -5.650500378408079 ], [ 176.068887663669102, -5.650564952665227 ], [ 176.069012792366095, -5.65061882573195 ], [ 176.069283494105548, -5.650727202294598 ], [ 176.069521363509295, -5.65083732585313 ], [ 176.069554168936122, -5.650852509504538 ], [ 176.069824876670253, -5.650957282104367 ], [ 176.070095575593825, -5.651067648944976 ], [ 176.070190971043701, -5.651109755932557 ], [ 176.070366272794786, -5.65117917074233 ], [ 176.07063700380607, -5.651269565045152 ], [ 176.070907703184332, -5.651379866664081 ], [ 176.07091354042231, -5.651382270071315 ], [ 176.071178435662574, -5.651469474213738 ], [ 176.071449178078041, -5.651552908480229 ], [ 176.071719893255022, -5.651653503755202 ], [ 176.071723229022666, -5.651654922685502 ], [ 176.071990618219587, -5.651748022336538 ], [ 176.072261344650713, -5.651841686137231 ], [ 176.07250048045691, -5.651927522481824 ], [ 176.072532067356121, -5.651937756930651 ], [ 176.072802846654724, -5.651998326024557 ], [ 176.073073661649801, -5.652036500919442 ], [ 176.073344492148095, -5.652064961287526 ], [ 176.073615339171909, -5.652083055697828 ], [ 176.073886182180644, -5.652103699907276 ], [ 176.074156949580782, -5.652171957672313 ], [ 176.07423269959736, -5.652201644679524 ], [ 176.074427668777702, -5.652270615258082 ], [ 176.074698445116326, -5.652333356502631 ], [ 176.074969184834544, -5.652419215018058 ], [ 176.07507005190547, -5.65247433716153 ], [ 176.075239822487248, -5.65256944709322 ], [ 176.075510519699776, -5.652682237320728 ], [ 176.07568678738653, -5.652746677383256 ], [ 176.075781242363263, -5.652779058894714 ], [ 176.07605201102939, -5.652846938240502 ], [ 176.076322804948859, -5.652898939630164 ], [ 176.076593595730486, -5.652952963822219 ], [ 176.076810786812899, -5.65301982387482 ], [ 176.076864343230483, -5.653034349582367 ], [ 176.077135122159348, -5.653095952713251 ], [ 176.077405930888148, -5.653138785153993 ], [ 176.077676779404896, -5.653156521380243 ], [ 176.077947720408133, -5.653115840062504 ], [ 176.078145009516277, -5.653021943921869 ] ], [ [ 176.136264148356702, -5.700464040629011 ], [ 176.136227665571596, -5.700328304859188 ], [ 176.136192229487136, -5.700192570659137 ] ], [ [ 176.134902183431251, -5.697063324364795 ], [ 176.134767096878221, -5.696820051824091 ], [ 176.134753887109554, -5.696798386227284 ], [ 176.134606194106425, -5.696526802411555 ], [ 176.134496958920778, -5.69631023244281 ], [ 176.13446603540757, -5.696255229893294 ], [ 176.134393906189587, -5.696119440548681 ] ], [ [ 176.134361884362562, -5.696059156735054 ], [ 176.134321777002015, -5.695983651199554 ], [ 176.134244298948659, -5.695847853810127 ] ], [ [ 176.134091753613518, -5.695544950780145 ], [ 176.134043948032001, -5.695440509816745 ], [ 176.133989013485916, -5.695304746283282 ] ], [ [ 176.133229956402374, -5.693404071681862 ], [ 176.133185899461466, -5.693268324473904 ], [ 176.133147160900165, -5.693170305231321 ], [ 176.133073967089018, -5.692996794241926 ], [ 176.133029498101621, -5.692861046410795 ] ], [ [ 176.133012253580461, -5.692808405073641 ], [ 176.132985029130765, -5.692725298578781 ], [ 176.132901366972192, -5.692453810845657 ], [ 176.132877420546095, -5.692397030739405 ], [ 176.132842698617821, -5.692318041657671 ] ], [ [ 176.132742458926344, -5.692071549392333 ], [ 176.13273328879464, -5.692046515196163 ] ], [ [ 176.131753518653596, -5.687974612829761 ], [ 176.13171844480388, -5.687838879115001 ], [ 176.131654366739099, -5.687567420817461 ], [ 176.131603621914252, -5.68729598258183 ], [ 176.131560158741252, -5.687024555303088 ], [ 176.131531243233326, -5.686853245644831 ], [ 176.131512644926914, -5.686753121929766 ], [ 176.131462229798132, -5.686481684191139 ], [ 176.131411130327336, -5.686210245423017 ], [ 176.131366429316188, -5.685938816283168 ], [ 176.131327218959768, -5.685667395405713 ], [ 176.131290217907519, -5.685395977853076 ], [ 176.131262758745976, -5.685245172062637 ], [ 176.131237709908731, -5.685124536966979 ], [ 176.131163581367531, -5.684853063546746 ], [ 176.131091825568689, -5.684581593695665 ], [ 176.131026410875819, -5.684310133386133 ], [ 176.130993440260596, -5.684193769295841 ], [ 176.130945985630348, -5.684038650485741 ], [ 176.130860916081673, -5.683767160593193 ], [ 176.130785371606351, -5.683495685034019 ], [ 176.130723916192238, -5.683279896302539 ], [ 176.130705740554305, -5.683224203322202 ], [ 176.130606179430657, -5.68295269160832 ], [ 176.130521058465888, -5.682681201626608 ], [ 176.130454248576797, -5.682462140867758 ], [ 176.130435334345691, -5.682409710733936 ], [ 176.130337074175173, -5.682138200964984 ], [ 176.130249515825, -5.681866707303624 ], [ 176.130184557456715, -5.681660452911159 ], [ 176.130160807950148, -5.681595211908109 ], [ 176.130069034781002, -5.68132371189343 ], [ 176.129990454393663, -5.68105223174114 ], [ 176.12991494467164, -5.68080696392614 ], [ 176.12990520465425, -5.680780741543352 ], [ 176.129803035498782, -5.680509225861768 ], [ 176.129708433743275, -5.680237721571599 ], [ 176.129645141400715, -5.68008079731515 ], [ 176.129598207689611, -5.679966193743176 ], [ 176.129508250335334, -5.679694696438474 ], [ 176.129431809911978, -5.679423219491919 ], [ 176.129375441451828, -5.679286177177631 ], [ 176.129321673800575, -5.679151691781914 ], [ 176.129213995483894, -5.67888016776705 ], [ 176.129105562502843, -5.678611164652898 ], [ 176.129104482973929, -5.678608640981301 ], [ 176.1289913775108, -5.678337108773802 ], [ 176.128891101509112, -5.678065595891455 ], [ 176.12883568071743, -5.677938391941814 ], [ 176.128772651747937, -5.677794055614123 ], [ 176.128668493762149, -5.677522536867728 ], [ 176.128567912044673, -5.677251023505451 ], [ 176.128565828583078, -5.6772462296431 ], [ 176.128462378338554, -5.676979502672782 ], [ 176.12837655135317, -5.676708011541582 ], [ 176.128296041373858, -5.676511209504515 ], [ 176.128263184593351, -5.676436478888387 ], [ 176.128163528006951, -5.676164966897948 ], [ 176.128089563378012, -5.675893493640488 ], [ 176.128026366206456, -5.675701998090772 ], [ 176.127997793213524, -5.675621993533448 ], [ 176.127897211930559, -5.675350480135563 ], [ 176.127800913579478, -5.675078973190987 ], [ 176.127756561434722, -5.674979422715004 ], [ 176.127678806735474, -5.674807427317599 ], [ 176.12757363669914, -5.674535906979683 ], [ 176.127486686682118, -5.674303771146639 ], [ 176.127469772883785, -5.674264388605478 ], [ 176.12736064024071, -5.673992862276691 ], [ 176.127268173462824, -5.673721361083297 ], [ 176.127216863712562, -5.673594027354734 ], [ 176.127156511220335, -5.673449830924871 ], [ 176.127053349892805, -5.673178313585091 ], [ 176.126953868769505, -5.672906801792429 ], [ 176.12694703241246, -5.672890186669219 ], [ 176.12684474731202, -5.672635275446404 ], [ 176.126740464565103, -5.672363756395415 ], [ 176.126677114517889, -5.672244282615522 ], [ 176.126598212957447, -5.672092180030435 ], [ 176.12646810657543, -5.671820621981837 ], [ 176.126407024256736, -5.671713298124169 ], [ 176.126317889925332, -5.671549033559822 ], [ 176.126194946263695, -5.671277486296423 ], [ 176.126136977427507, -5.671153740250412 ], [ 176.126063392993586, -5.671005926021494 ], [ 176.125947088684541, -5.670734388761093 ], [ 176.125866960869615, -5.670574371694945 ], [ 176.125808675549195, -5.670462818100888 ], [ 176.125682676489419, -5.670191266175787 ], [ 176.125596929598657, -5.67000508919457 ], [ 176.125552336022338, -5.669919707680638 ], [ 176.125422266793009, -5.669648149582036 ], [ 176.125326857278338, -5.669463378693452 ], [ 176.125277041761393, -5.669376568571091 ], [ 176.125129020935617, -5.669104983317205 ], [ 176.125056683008609, -5.668989662724051 ], [ 176.124960148972008, -5.668833366531391 ], [ 176.124817058832122, -5.668561788688105 ], [ 176.124786514918469, -5.66851211005876 ], [ 176.12465322722278, -5.668290179472394 ], [ 176.124516336059855, -5.66804197244266 ], [ 176.124501851487423, -5.66801858906361 ], [ 176.124355109337699, -5.667747005640851 ], [ 176.124246212070602, -5.667535687973359 ], [ 176.124209301847515, -5.667475423612863 ], [ 176.124056166579294, -5.667203830483531 ], [ 176.123976002438894, -5.667086502795193 ], [ 176.123870872070853, -5.666932188686137 ], [ 176.123705749928007, -5.666666013370911 ], [ 176.123701890909047, -5.666660571534798 ], [ 176.123542893779842, -5.666388969463194 ], [ 176.123435563319845, -5.666202062538323 ], [ 176.123383925863379, -5.666117367412419 ], [ 176.123226440704315, -5.665845767582508 ], [ 176.123165344308603, -5.665759855499302 ], [ 176.123033036561679, -5.665574113356531 ], [ 176.122895052690978, -5.665366025226693 ], [ 176.122850355681038, -5.665302475326858 ], [ 176.12267692431837, -5.665030851269679 ], [ 176.122624794108191, -5.664950531934474 ], [ 176.122495235744964, -5.664759214677278 ], [ 176.122354474407928, -5.664575768330943 ], [ 176.122289869083403, -5.664487542184277 ], [ 176.122114249021394, -5.664215914713337 ], [ 176.122084209586887, -5.664164874143836 ], [ 176.121943945481291, -5.663944295267775 ], [ 176.121813952169617, -5.663749313239664 ], [ 176.121759082136407, -5.663672653728823 ], [ 176.121569995306317, -5.66340100575315 ], [ 176.121543645845691, -5.663366368964171 ], [ 176.121359015036973, -5.663129324549247 ], [ 176.121273280254087, -5.663022875644486 ], [ 176.121154244693486, -5.662857652712669 ], [ 176.1210651540745, -5.662586156260667 ], [ 176.121136964220909, -5.662314903788491 ], [ 176.121274733224254, -5.66206109968153 ], [ 176.121285511498854, -5.662043767624899 ], [ 176.121290730137332, -5.661772414158071 ], [ 176.121275209247784, -5.661745965556955 ], [ 176.121146264817014, -5.661500833788152 ], [ 176.121005027871206, -5.661281063027369 ], [ 176.12073408439926, -5.661320703329118 ], [ 176.120549036373063, -5.66149992808916 ], [ 176.120462797679039, -5.661587374353806 ], [ 176.12027875555134, -5.661770879312725 ], [ 176.120191500444861, -5.661860833100757 ], [ 176.120030707702711, -5.662041864120336 ], [ 176.119920147848319, -5.662170715497555 ], [ 176.119827086880804, -5.66231291624694 ], [ 176.11964867901392, -5.662557203260998 ], [ 176.119628376203195, -5.662583975728306 ], [ 176.119439645091006, -5.662855050272487 ], [ 176.119377178146436, -5.662964595924644 ], [ 176.11918213421427, -5.663126020197708 ], [ 176.119105644748288, -5.663393198140033 ], [ 176.119041951471047, -5.663125807129988 ], [ 176.118923158387901, -5.662854265348648 ], [ 176.118836425023062, -5.662582772297563 ], [ 176.118862384817959, -5.662311450564211 ], [ 176.118981674751637, -5.662040270680284 ], [ 176.1191080611313, -5.661797653554107 ], [ 176.119123308463287, -5.661769124705087 ], [ 176.119108234494917, -5.661683163493334 ], [ 176.119069679334245, -5.661497681989757 ], [ 176.1188380317233, -5.661233647519758 ], [ 176.11882964412419, -5.661225955983769 ], [ 176.118567513784114, -5.660992426308465 ], [ 176.118518741678514, -5.660954122169896 ], [ 176.118296946563049, -5.660783877416867 ], [ 176.118168660402119, -5.660682228645471 ], [ 176.118026402148558, -5.660560415422459 ], [ 176.117771549371867, -5.660410263402724 ], [ 176.117755758296312, -5.660402678986636 ], [ 176.11748500071738, -5.660320034642355 ], [ 176.117214240589078, -5.660239133070593 ], [ 176.117014721140549, -5.660137750293335 ], [ 176.116943569324121, -5.660099734187665 ], [ 176.11667283032358, -5.660005053635434 ], [ 176.116402042033229, -5.659942904325376 ], [ 176.11613554313675, -5.659865049830373 ], [ 176.116131280100092, -5.659863451724308 ], [ 176.115860633336894, -5.659708253336158 ], [ 176.11571579888161, -5.659593048908429 ], [ 176.115590106479942, -5.659474255783095 ], [ 176.115426610356593, -5.659321246889072 ], [ 176.115319577381058, -5.659241879453799 ], [ 176.115048795107839, -5.659176157281165 ], [ 176.114777948875201, -5.659152539325234 ], [ 176.114507192039355, -5.659070189767086 ], [ 176.114464304045697, -5.659048417396457 ], [ 176.114236494553211, -5.658948903788217 ], [ 176.113965799648724, -5.658826006274077 ], [ 176.113873871418292, -5.658776154715054 ], [ 176.113695159642106, -5.658667141123404 ], [ 176.113424480938448, -5.658533787730645 ], [ 176.113368658820832, -5.658504021789794 ], [ 176.113153803517378, -5.658399683645864 ], [ 176.112892074506675, -5.658231932278712 ], [ 176.112883186888041, -5.658225780947316 ], [ 176.11261260463931, -5.658029438116253 ], [ 176.112524457679825, -5.657960009164186 ], [ 176.11234207306461, -5.657799987684025 ], [ 176.112161368636066, -5.657688092797137 ], [ 176.11207143655713, -5.657639480014468 ], [ 176.111800697683606, -5.657546175635582 ], [ 176.111529823241511, -5.657541772721833 ], [ 176.111258832882129, -5.657613317621751 ], [ 176.11110595371315, -5.657686476554456 ], [ 176.110987726004794, -5.657761131326575 ], [ 176.110756647653858, -5.65795730186583 ], [ 176.110716477256659, -5.658001734196485 ], [ 176.110563888678769, -5.658228366979508 ], [ 176.110444918725051, -5.658444905008988 ], [ 176.110421831081368, -5.658499509760989 ], [ 176.110309719873413, -5.658770698421738 ], [ 176.110173257539685, -5.658954929361115 ], [ 176.110107750240303, -5.659041749172549 ], [ 176.109945795093751, -5.659312861233901 ], [ 176.109905236183351, -5.659584159564051 ], [ 176.1101720527532, -5.659742919443001 ], [ 176.11044289303527, -5.659770267490482 ], [ 176.110713698233496, -5.659820603586383 ], [ 176.110794043570479, -5.659856883726277 ], [ 176.110984402852665, -5.659936820019889 ], [ 176.111255077790531, -5.660072551939568 ], [ 176.111343739176363, -5.660129087051759 ], [ 176.111525693478967, -5.660247181198945 ], [ 176.111739916574408, -5.660401054775685 ], [ 176.111796274468105, -5.660444656519792 ], [ 176.112066816745795, -5.66066762552895 ], [ 176.112072911082066, -5.660672925527721 ], [ 176.112337357202478, -5.660891928175587 ], [ 176.112393859779218, -5.660944777693013 ], [ 176.112607824235283, -5.661164510866403 ], [ 176.112673713054875, -5.661216566828355 ], [ 176.112878450716693, -5.661332692008219 ], [ 176.113149212280973, -5.661412369438116 ], [ 176.113419991113801, -5.661480775697634 ], [ 176.113454295835652, -5.661489121826381 ], [ 176.113690792784638, -5.661534245131279 ], [ 176.113961610514849, -5.661577215239101 ], [ 176.114232438772376, -5.661613309979389 ], [ 176.114503275083905, -5.661644148079453 ], [ 176.114774089962282, -5.661689103125886 ], [ 176.115022117703347, -5.661762878236274 ], [ 176.11504485108631, -5.66176943467263 ], [ 176.115315601255446, -5.661857030581598 ], [ 176.115586300121294, -5.661978436281988 ], [ 176.115668423915764, -5.662035225515747 ], [ 176.115856904856315, -5.662161858030733 ], [ 176.116057174314079, -5.662307179454539 ], [ 176.116127497097409, -5.662353621345121 ], [ 176.116398197071248, -5.662474589272554 ], [ 176.11666894400679, -5.662564718190758 ], [ 176.116701585107677, -5.662579522854474 ], [ 176.116939675117976, -5.662665336896574 ], [ 176.117210340069931, -5.662809618133896 ], [ 176.117277575963925, -5.662851761427429 ], [ 176.117480987347193, -5.662965645470372 ], [ 176.117751700985167, -5.66307803017331 ], [ 176.117855797914729, -5.663124002904446 ], [ 176.118022407515667, -5.663195181296844 ], [ 176.118293132855712, -5.663300007823266 ], [ 176.118481460235671, -5.663396316048305 ], [ 176.118563772487164, -5.663461459994634 ], [ 176.118834634191501, -5.663476454444322 ], [ 176.119105634575334, -5.663399914407965 ], [ 176.119171271400091, -5.663668726112125 ], [ 176.119303051447645, -5.663940287616549 ], [ 176.119375493211095, -5.664077320964266 ], [ 176.119431745305036, -5.664211844417506 ], [ 176.119517667384031, -5.664483336212014 ], [ 176.11957019214131, -5.66475477725508 ], [ 176.119601710730223, -5.665026186378152 ], [ 176.119644557653174, -5.665279578005066 ], [ 176.119648760759304, -5.66529761910299 ], [ 176.119749732615986, -5.665569133763636 ], [ 176.119841844355648, -5.66584063495683 ], [ 176.119910040697448, -5.666112099810973 ], [ 176.119914161119482, -5.666126317645438 ], [ 176.120002079511778, -5.666383600887673 ], [ 176.120102661004353, -5.666655114938185 ], [ 176.120184037409302, -5.666793233567108 ], [ 176.120265080417596, -5.666926722914822 ], [ 176.120399865107231, -5.667198288896268 ], [ 176.120454152955034, -5.667302404470866 ], [ 176.120546949268515, -5.667469873541335 ], [ 176.120699593350082, -5.667741466609931 ], [ 176.12072431742348, -5.667779522109523 ], [ 176.120886966732257, -5.668013112383297 ], [ 176.120994586424587, -5.668187803496542 ], [ 176.12105293210152, -5.668284725624706 ], [ 176.121102183904753, -5.668556161688754 ], [ 176.1210901486034, -5.668827504721315 ], [ 176.121070826853327, -5.669098836687716 ], [ 176.121044173266, -5.669370157516753 ], [ 176.120992387867517, -5.669641000847935 ], [ 176.120992310190246, -5.669641440060588 ], [ 176.120923015689442, -5.669912696118817 ], [ 176.12083886413518, -5.670183929591426 ], [ 176.12076409687478, -5.67045517729221 ], [ 176.12072936814269, -5.670726485795905 ], [ 176.120744732876318, -5.670997870393804 ], [ 176.12080124172374, -5.671269317497211 ], [ 176.120891935378097, -5.671540816531227 ], [ 176.120989237323897, -5.671722780404447 ], [ 176.1210607427561, -5.671812434210706 ], [ 176.121259751430955, -5.671970158704482 ], [ 176.121455513241699, -5.672084394975371 ], [ 176.121530398052187, -5.672130099688571 ], [ 176.121800975660761, -5.672335777802273 ], [ 176.121824251548162, -5.672356316016785 ], [ 176.122071543925045, -5.672547768080221 ], [ 176.122191274207665, -5.672628234270748 ], [ 176.122342184659146, -5.672711951974681 ], [ 176.122612859169863, -5.672853894120342 ], [ 176.122671215622489, -5.672900323578998 ], [ 176.122883304267958, -5.673147784479804 ], [ 176.122898068383051, -5.673172028917231 ], [ 176.123021605656703, -5.673443577589592 ], [ 176.123153401520341, -5.67367214868885 ], [ 176.123183245741302, -5.673715184004228 ], [ 176.123368582072317, -5.673986826305196 ], [ 176.12342368310965, -5.674074733291284 ], [ 176.123532653703734, -5.674258436350232 ], [ 176.123693922341175, -5.674505606626574 ], [ 176.123715916568869, -5.674530075444519 ], [ 176.12396447786125, -5.674727177428939 ], [ 176.124056070535545, -5.674801952132797 ], [ 176.124235010824634, -5.674963837971085 ], [ 176.124337395101577, -5.675073739599148 ], [ 176.124505354359769, -5.675326216372338 ], [ 176.124519348637278, -5.675345376545745 ], [ 176.124668973575041, -5.675616964526117 ], [ 176.124766484968234, -5.675888473613676 ], [ 176.124775339991203, -5.675926106741444 ], [ 176.124835992707574, -5.676159940313948 ], [ 176.124863461704024, -5.676431343389045 ], [ 176.124870353530554, -5.676702715319798 ], [ 176.124869466170708, -5.676974075474164 ], [ 176.124876087345513, -5.67724544699161 ], [ 176.124929226247446, -5.677516888922061 ], [ 176.125043503480015, -5.677734526966113 ], [ 176.125084468332773, -5.677788485392711 ], [ 176.125313982974149, -5.678007795079239 ], [ 176.125370108510793, -5.678060279155637 ], [ 176.125584426340509, -5.678305197065446 ], [ 176.125604560024271, -5.678331995383782 ], [ 176.125764629918621, -5.678603599049208 ], [ 176.125854632149014, -5.678760400803826 ], [ 176.12592233107668, -5.678875199108393 ], [ 176.126013396152985, -5.679146698379443 ], [ 176.126025376494709, -5.679418078053901 ], [ 176.125986095126706, -5.679689380200484 ], [ 176.125943401272252, -5.67996067717472 ], [ 176.125899684906813, -5.68023197259047 ], [ 176.125852242869712, -5.680345448346186 ], [ 176.125782288242249, -5.680503156521739 ], [ 176.125580724307298, -5.680760373252776 ], [ 176.12556687286633, -5.680774192073919 ], [ 176.125309464805468, -5.681003316056369 ], [ 176.125259851961005, -5.681045088826187 ], [ 176.125038244738533, -5.681219981698926 ], [ 176.124929016040539, -5.681315949297492 ], [ 176.124767017001034, -5.681441598220097 ], [ 176.12451803535194, -5.681586688079168 ], [ 176.124495882601337, -5.681601280121049 ], [ 176.12422477635414, -5.681742237077179 ], [ 176.123953732947371, -5.681841535181842 ], [ 176.123863621368059, -5.681857057352493 ], [ 176.123682756271307, -5.681896641964402 ], [ 176.123411915188001, -5.681862062705056 ], [ 176.123399081196084, -5.681856352615185 ], [ 176.123141183842478, -5.68175497135994 ], [ 176.122912028152427, -5.681584252010416 ], [ 176.122870604691684, -5.681547370835063 ], [ 176.122616201588102, -5.681312441505414 ], [ 176.122600090876972, -5.681296733906929 ], [ 176.122362848571072, -5.681040695409611 ], [ 176.122329648355986, -5.680999159204099 ], [ 176.122146403325246, -5.68076900531345 ], [ 176.12205927916753, -5.680653336286237 ], [ 176.121942606164993, -5.680497334385265 ], [ 176.121788969431179, -5.680268465298814 ], [ 176.121756974214748, -5.680225691021125 ], [ 176.121576015298473, -5.679954054725065 ], [ 176.12151869962139, -5.679857462975424 ], [ 176.121399906542678, -5.679682425769773 ], [ 176.121248331950682, -5.679511278156957 ], [ 176.121159003786261, -5.679410698255066 ], [ 176.120991409515369, -5.679139082172771 ], [ 176.120978043642452, -5.679112937266123 ], [ 176.120829735976201, -5.678867475069633 ], [ 176.120707727325112, -5.678733301484309 ], [ 176.120571199204136, -5.678595720572653 ], [ 176.12043722242521, -5.678478246809571 ], [ 176.120259581060395, -5.678323885208964 ], [ 176.120166688104064, -5.678242746785134 ], [ 176.119980917117289, -5.678052099889224 ], [ 176.119896256911829, -5.677939423059609 ], [ 176.119778295851205, -5.677780430264577 ], [ 176.11962589687036, -5.67758939877129 ], [ 176.119561735048904, -5.677508739366356 ], [ 176.11939212591426, -5.677237119933435 ], [ 176.119355615564729, -5.677187711374746 ], [ 176.119084985576762, -5.677015901195335 ], [ 176.118998505789222, -5.676965159170367 ], [ 176.118814342472319, -5.676852840304827 ], [ 176.11865364461508, -5.676693272519463 ], [ 176.118543886305474, -5.676566838095093 ], [ 176.118414724564303, -5.676421547243432 ], [ 176.118273475435075, -5.676251201160111 ], [ 176.118195926064601, -5.676149852585525 ], [ 176.118067823504504, -5.675878296202385 ], [ 176.118003480240134, -5.675662266873665 ], [ 176.117982322668325, -5.675606804784008 ], [ 176.117895828569914, -5.675335311847827 ], [ 176.1177996254915, -5.675063804099081 ], [ 176.117733669005673, -5.674952631661823 ], [ 176.11762895032922, -5.674792182737177 ], [ 176.117488168736713, -5.674520606958007 ], [ 176.117463531794925, -5.674457749016899 ], [ 176.117366371240763, -5.674249060130377 ], [ 176.117204539188862, -5.673977452196797 ], [ 176.117193388498805, -5.673967140502422 ], [ 176.116922700719698, -5.673834733366353 ], [ 176.116651924466254, -5.673760559491743 ], [ 176.116547640719801, -5.673705088403127 ], [ 176.116381255398124, -5.673616024906702 ], [ 176.11621379776426, -5.673433217567773 ], [ 176.116111036299827, -5.673176042601965 ], [ 176.116102158174556, -5.673161686108084 ], [ 176.115840462553393, -5.672969193372777 ], [ 176.115569686700837, -5.67289515211236 ], [ 176.115560451095746, -5.672889497376085 ], [ 176.115299058286325, -5.672724408404599 ], [ 176.115188002820787, -5.672617567072194 ], [ 176.115028718893086, -5.672364147408625 ], [ 176.115016887945785, -5.672345944543988 ], [ 176.114918603942613, -5.672074433390186 ], [ 176.114876363416386, -5.671803007955255 ], [ 176.114848178635043, -5.671531604019627 ], [ 176.114819819074512, -5.671260199816895 ], [ 176.114759840554996, -5.671045618129642 ], [ 176.114740288665843, -5.670988717347488 ], [ 176.114589737517605, -5.670717126236306 ], [ 176.114489616253451, -5.670610517652268 ], [ 176.114218903747457, -5.670495805417076 ], [ 176.113948039944859, -5.670480355473359 ], [ 176.113677157296252, -5.670477278286402 ], [ 176.11340628861862, -5.670465062869473 ], [ 176.113135433679702, -5.670443869621914 ], [ 176.113134147509527, -5.670443537001374 ], [ 176.112864628737981, -5.670389966560731 ], [ 176.11259394127066, -5.670259214702096 ], [ 176.112487161927021, -5.67017118466462 ], [ 176.112323442852528, -5.670004841102617 ], [ 176.112231947387784, -5.669899432652319 ], [ 176.112102432819057, -5.669627873369323 ], [ 176.112053333171133, -5.669496297131596 ], [ 176.111987289031674, -5.669356336116975 ], [ 176.111783025714516, -5.669117395967602 ], [ 176.111711349001695, -5.66908455216999 ], [ 176.111512275951242, -5.669027949249171 ], [ 176.111241422830005, -5.669006135336572 ], [ 176.110970584314174, -5.668974802544999 ], [ 176.110699775672231, -5.668923984187642 ], [ 176.110428967717581, -5.668872760249887 ], [ 176.11015801686429, -5.668914883114676 ], [ 176.110043769741452, -5.669081991216257 ], [ 176.110067096605491, -5.669353387574264 ], [ 176.110156997080793, -5.669580688373215 ], [ 176.110178869426733, -5.669624919887799 ], [ 176.110319612449103, -5.669896496718902 ], [ 176.110427048487622, -5.670126129115796 ], [ 176.110450404785183, -5.67016805824202 ], [ 176.110592780666821, -5.670439637551325 ], [ 176.110697232946222, -5.670584962224336 ], [ 176.110790567157807, -5.6707113019747 ], [ 176.110953981563256, -5.670982913558531 ], [ 176.110967472539897, -5.671008031551308 ], [ 176.111123904692334, -5.671254535114143 ], [ 176.111237735192645, -5.671416272014843 ], [ 176.111332079819078, -5.671526215383029 ], [ 176.111508147708179, -5.671726795845151 ], [ 176.111572861431227, -5.671797945664937 ], [ 176.111778567170603, -5.67203296308025 ], [ 176.11181539399206, -5.672069678566646 ], [ 176.112049085034613, -5.672274965934838 ], [ 176.112121647303951, -5.672341509179314 ], [ 176.112319629636289, -5.672499629700102 ], [ 176.112440491503975, -5.672613358986013 ], [ 176.112590139348015, -5.67274726197239 ], [ 176.112744214434912, -5.67288518547214 ], [ 176.112860654442954, -5.672991524314734 ], [ 176.113043105996582, -5.673157004433491 ], [ 176.113131160541315, -5.673241827303769 ], [ 176.11331981004065, -5.673428789275484 ], [ 176.113401634558699, -5.673513290962632 ], [ 176.113568541291016, -5.673700531160289 ], [ 176.113672074452438, -5.673807269416691 ], [ 176.113825222692668, -5.673972285150875 ], [ 176.113942521168809, -5.67409695536963 ], [ 176.11408770367504, -5.674244047944648 ], [ 176.114212978604854, -5.674379791902223 ], [ 176.114346154950823, -5.674515804484566 ], [ 176.114483437064564, -5.67466212899676 ], [ 176.114600493108213, -5.674787554647458 ], [ 176.114753880721764, -5.674954342203712 ], [ 176.114848127517149, -5.675059294472985 ], [ 176.115012469220062, -5.675330906773064 ], [ 176.115024165395909, -5.675350988994579 ], [ 176.115193698870002, -5.675602544886667 ], [ 176.115294468293172, -5.675735910346178 ], [ 176.115409814238888, -5.675874236333168 ], [ 176.115564935966205, -5.676012946565198 ], [ 176.115740304948758, -5.676146102642671 ], [ 176.11583552525687, -5.676210338078621 ], [ 176.116106115877159, -5.676406983619199 ], [ 176.116119555308273, -5.676418043345766 ], [ 176.116376709292354, -5.676601920387014 ], [ 176.116484177673641, -5.67668996149998 ], [ 176.116647253724437, -5.676829155034239 ], [ 176.11680885700747, -5.676961818459686 ], [ 176.116917815213981, -5.677045326300491 ], [ 176.117135734773626, -5.677233678638577 ], [ 176.11718835423676, -5.677276398805096 ], [ 176.117454689499397, -5.67750552658198 ], [ 176.117458890780171, -5.677509246165616 ], [ 176.117729409155146, -5.677754185374997 ], [ 176.11775365102568, -5.67777734388042 ], [ 176.117999860398413, -5.678043427651698 ], [ 176.11800517157161, -5.67804908868152 ], [ 176.118253692959939, -5.678320828831882 ], [ 176.118270302154627, -5.678339086437666 ], [ 176.11849639464242, -5.678592560033129 ], [ 176.118540723503799, -5.678648351970508 ], [ 176.118717824334482, -5.678864258730213 ], [ 176.118811114868549, -5.678977538066836 ], [ 176.118934575529977, -5.679135950239599 ], [ 176.119081451747718, -5.679342789298329 ], [ 176.119130016928096, -5.679407609216175 ], [ 176.119327659232283, -5.679679271506323 ], [ 176.119351782850714, -5.679712057688322 ], [ 176.119547085348188, -5.679950966945706 ], [ 176.119622169562575, -5.680044915276185 ], [ 176.119773026888282, -5.680222672255874 ], [ 176.119892598201176, -5.680350348941699 ], [ 176.120017827583666, -5.680494406229718 ], [ 176.120162993351613, -5.680678034805054 ], [ 176.120238995119962, -5.680766104147993 ], [ 176.120433382961465, -5.681009568131534 ], [ 176.120457170399874, -5.68103779745564 ], [ 176.120685920779749, -5.681309506805335 ], [ 176.120703788413493, -5.681330854044352 ], [ 176.120904657458425, -5.681581200856916 ], [ 176.120974153715963, -5.681678809736478 ], [ 176.121108135964761, -5.681852871640499 ], [ 176.121244530553895, -5.682019361962762 ], [ 176.121330401809132, -5.682124570957192 ], [ 176.121514893534595, -5.682369259210686 ], [ 176.12153695003974, -5.682396246314095 ], [ 176.121743059962711, -5.682667920957797 ], [ 176.121785256261774, -5.682719530526731 ], [ 176.121971319063903, -5.682939629227151 ], [ 176.122055661974514, -5.68304163322678 ], [ 176.122197727778911, -5.683211334624109 ], [ 176.122326082698663, -5.683354017170709 ], [ 176.122435588322219, -5.683483057364152 ], [ 176.122596457250609, -5.683697083966793 ], [ 176.122645490427743, -5.68375473756202 ], [ 176.122862409311978, -5.684026428369461 ], [ 176.122866845300052, -5.684031437748651 ], [ 176.123107464688616, -5.684298161853169 ], [ 176.123137287138746, -5.684330447927408 ], [ 176.123340282856532, -5.684569876686033 ], [ 176.12340769241618, -5.684653804963876 ], [ 176.12356174411758, -5.684841574216501 ], [ 176.123678084715181, -5.684985936289643 ], [ 176.123790104809899, -5.685113282162158 ], [ 176.123948533112298, -5.685281169354594 ], [ 176.124039876986103, -5.685385022535399 ], [ 176.12421891095218, -5.685623252519826 ], [ 176.124245962837222, -5.685656696563269 ], [ 176.124452755842469, -5.685928371617085 ], [ 176.12448927732882, -5.685973123487963 ], [ 176.124680877909213, -5.686200078967457 ], [ 176.124759690834281, -5.68629201312863 ], [ 176.124912842203798, -5.68647179208283 ], [ 176.125030099798266, -5.686614101051033 ], [ 176.125140329057672, -5.68674349834902 ], [ 176.125300548181627, -5.686910282570805 ], [ 176.125395341031492, -5.687015246266839 ], [ 176.125570980579795, -5.687217231482576 ], [ 176.125634187805844, -5.687286969615452 ], [ 176.125841402909003, -5.687531036823835 ], [ 176.125866696359878, -5.687558683296396 ], [ 176.126111848268067, -5.687829771808884 ], [ 176.126112454384781, -5.68783041697867 ], [ 176.126340625349883, -5.688102123962059 ], [ 176.126382254297056, -5.688154756569043 ], [ 176.126565691486917, -5.688373826185518 ], [ 176.126652668412248, -5.68847457604797 ], [ 176.126806282462212, -5.688645551845491 ], [ 176.126923107604171, -5.688777959433089 ], [ 176.127046398719813, -5.688917276718688 ], [ 176.127193548288233, -5.689080537758625 ], [ 176.127287646167417, -5.689189003234781 ], [ 176.12746395715422, -5.689404410675524 ], [ 176.127515428427984, -5.689460709318163 ], [ 176.127734386858037, -5.689714650085845 ], [ 176.127749049577631, -5.689732424169979 ], [ 176.127950566387796, -5.690004090426009 ], [ 176.128004727732957, -5.690084042569771 ], [ 176.128143558003615, -5.690275743752413 ], [ 176.128275056889322, -5.690461433713281 ], [ 176.128337509884062, -5.690547398490363 ], [ 176.128526501476273, -5.690819045693533 ], [ 176.128545376499318, -5.690845386761359 ], [ 176.12862363599794, -5.690954873267642 ] ], [ [ 176.13138327244215, -5.695196768714243 ], [ 176.13151841997967, -5.695398223128151 ], [ 176.13154612284481, -5.695436751240785 ], [ 176.131630473161067, -5.695572559246305 ] ], [ [ 176.131653552528121, -5.695609718109253 ], [ 176.13171482351396, -5.695708367244886 ], [ 176.131788691950817, -5.695816695964647 ], [ 176.131807265934555, -5.69584418742771 ] ], [ [ 176.131923842309561, -5.696016449497543 ], [ 176.132058994642534, -5.696214946263845 ], [ 176.13208680504269, -5.6962516512542 ], [ 176.132178318847195, -5.696387470002578 ] ], [ [ 176.132194150779554, -5.696410966704651 ], [ 176.132269832692032, -5.696523288742339 ], [ 176.132329280751179, -5.696624479622437 ], [ 176.132433250274261, -5.696794896668806 ], [ 176.132556528725786, -5.697066444138384 ], [ 176.132599377232197, -5.697160636053179 ], [ 176.132703837234118, -5.697338027771718 ], [ 176.132800440875201, -5.697473854126403 ] ], [ [ 176.133004797048471, -5.697782018925496 ], [ 176.133067325171254, -5.697881298628641 ], [ 176.13313995493948, -5.697977296549601 ], [ 176.13316824557927, -5.698017131442136 ] ], [ [ 176.133275110110105, -5.698174445797503 ], [ 176.133396154403016, -5.698424517206997 ], [ 176.133410145583355, -5.698451485794138 ], [ 176.133482975561407, -5.698560328776133 ] ], [ [ 176.133545293705595, -5.698653461992632 ], [ 176.133573855119806, -5.698696146442505 ], [ 176.133680466216646, -5.698839227182806 ], [ 176.133776612865034, -5.698967813331003 ], [ 176.133950865191082, -5.699174921666423 ], [ 176.133998759145413, -5.699239509327992 ], [ 176.134162385118998, -5.699511117290188 ], [ 176.134221128465185, -5.699601391522985 ], [ 176.134358327867318, -5.699782773804607 ], [ 176.134491543509569, -5.699926786104727 ], [ 176.134601772177604, -5.700054501665068 ], [ 176.134761915652319, -5.700281027175921 ], [ 176.134796622555655, -5.70032615644237 ], [ 176.134982856836274, -5.700597798234986 ], [ 176.135032248171456, -5.700661946813194 ], [ 176.135094155462241, -5.700733646428797 ] ], [ [ 176.104031380364745, -5.659846474367805 ], [ 176.104212742974966, -5.659683715217386 ], [ 176.10431039431603, -5.659575545228461 ], [ 176.104450816953658, -5.659304401915389 ], [ 176.104484407822554, -5.659174710654129 ], [ 176.104511219230716, -5.65903313499753 ], [ 176.104528594519451, -5.658761801633433 ], [ 176.104582017457915, -5.658490523913676 ], [ 176.10475667015757, -5.658276881917204 ], [ 176.104768856780339, -5.658219452103596 ], [ 176.104756873014907, -5.65814497925005 ], [ 176.104486029391154, -5.658120729863384 ], [ 176.104462880224077, -5.658218979790872 ], [ 176.104454542187597, -5.658490327109042 ], [ 176.104404770244372, -5.658761610445382 ], [ 176.104213998054973, -5.658868281987802 ], [ 176.10407946301811, -5.659032468195099 ], [ 176.103942641218993, -5.659177209639513 ], [ 176.103866818813685, -5.659303499811035 ], [ 176.103714723790233, -5.659574624899964 ], [ 176.103670965839541, -5.659692769154987 ], [ 176.10363329865001, -5.659845859167029 ], [ 176.103670619467891, -5.659917651534104 ], [ 176.103941503853406, -5.659915903764609 ], [ 176.104031380364745, -5.659846474367805 ] ], [ [ 176.101109134910047, -5.664455070430636 ], [ 176.101225968859211, -5.664264574320204 ], [ 176.101252752152163, -5.664183933311794 ], [ 176.101279276524593, -5.663912614544505 ], [ 176.101278862642516, -5.663641253993267 ], [ 176.1012272469641, -5.663437614670872 ], [ 176.100956289526493, -5.663485678503022 ], [ 176.10081201961799, -5.66364052980504 ], [ 176.10068497500589, -5.663764634821284 ], [ 176.100581990175925, -5.663911532692788 ], [ 176.100522228587351, -5.66418279978399 ], [ 176.100637708261388, -5.664454338888405 ], [ 176.100683833914132, -5.664502461991095 ], [ 176.100954603462299, -5.664576232087319 ], [ 176.101109134910047, -5.664455070430636 ] ], [ [ 176.10780586703396, -5.671520789792567 ], [ 176.107987257740632, -5.671304113986538 ], [ 176.108012926807589, -5.671249748645874 ], [ 176.108110451750804, -5.670978538607518 ], [ 176.108229739455822, -5.670707362067246 ], [ 176.108259167366668, -5.67063828475365 ], [ 176.108311590643069, -5.670436127811811 ], [ 176.108287187644152, -5.670164729855997 ], [ 176.108259937109437, -5.670136899573698 ], [ 176.10823355925595, -5.670164647239185 ], [ 176.107988711966897, -5.670357241645868 ], [ 176.107900279710464, -5.670435494030166 ], [ 176.107717437246492, -5.670609726613774 ], [ 176.107583374712846, -5.670706365825728 ], [ 176.107446183390721, -5.670848482668886 ], [ 176.107227169386363, -5.670977176777942 ], [ 176.107226586981653, -5.671248536156749 ], [ 176.107445182017869, -5.67150005821655 ], [ 176.107477358150419, -5.671520283239941 ], [ 176.107715925374151, -5.671593786612354 ], [ 176.10780586703396, -5.671520789792567 ] ] ] } },
{ "type": "Feature", "properties": { "year": 2015, "certainty": "good", "eez_territory": "TUV" }, "geometry": { "type": "MultiLineString", "coordinates": [ [ [ 176.062118364038099, -5.64261337015396 ], [ 176.061982975495454, -5.642584295305929 ], [ 176.061856160684357, -5.642548603222587 ] ], [ [ 176.061847601477922, -5.642546194229141 ], [ 176.061712227482872, -5.642508093123725 ], [ 176.061441419770347, -5.642469077385853 ], [ 176.061170505858371, -5.642496128767427 ], [ 176.060899621681727, -5.642504694145496 ], [ 176.060628749110236, -5.642506055888363 ], [ 176.060357850919303, -5.642523345307109 ], [ 176.06008699274085, -5.642515787831468 ], [ 176.059816071517361, -5.642547390372867 ], [ 176.05959915227163, -5.642680636926663 ], [ 176.059544904515917, -5.642731536165686 ], [ 176.059387994227905, -5.642951652432775 ], [ 176.059273312515103, -5.643179275437436 ], [ 176.059255797273408, -5.643222795559822 ], [ 176.059197656122365, -5.64349405844422 ], [ 176.059166515542444, -5.64376536499634 ], [ 176.059161281346405, -5.643901034992435 ] ], [ [ 176.06001756971574, -5.646073275668557 ], [ 176.060081111118137, -5.646167371718982 ], [ 176.060114907761943, -5.646209111555585 ], [ 176.060319544692703, -5.646480799404939 ], [ 176.060351409234698, -5.646523663586787 ], [ 176.060436837039589, -5.646616667519268 ] ], [ [ 176.064816849630915, -5.648989399528351 ], [ 176.064952215511539, -5.649033655330639 ], [ 176.065040815240451, -5.649066307809475 ] ], [ [ 176.073750604531199, -5.65219161075162 ], [ 176.073795641944116, -5.652200947697451 ], [ 176.073886000089573, -5.65221827581823 ], [ 176.074156779851961, -5.652278784993888 ], [ 176.074427569117233, -5.652333359045977 ], [ 176.074446578127009, -5.652337664643146 ] ], [ [ 176.07828453336441, -5.652886486294866 ], [ 176.078390245209732, -5.652750974953447 ], [ 176.078394290203875, -5.652479623063052 ], [ 176.078346390721322, -5.652208188722798 ], [ 176.078361104238496, -5.651936853763149 ], [ 176.078424308049136, -5.651665595753091 ], [ 176.078443549030283, -5.651394267962942 ], [ 176.078394688884543, -5.651122832103153 ], [ 176.078344251625566, -5.650851393741451 ], [ 176.078314239711887, -5.650579987792975 ], [ 176.07824692443927, -5.650308522649538 ], [ 176.078223102081381, -5.650267588094802 ], [ 176.078069179914934, -5.65003688225093 ], [ 176.077952807492125, -5.649900444072061 ], [ 176.077832800066886, -5.649765148743874 ], [ 176.077682426298594, -5.649588247481521 ], [ 176.077592664948497, -5.649493409211144 ], [ 176.07741199875889, -5.64930551811124 ], [ 176.077319815132597, -5.649221617656488 ], [ 176.077171367098885, -5.649085702748046 ] ], [ [ 176.075653231906472, -5.648095030222632 ], [ 176.075517927155147, -5.64801157627636 ], [ 176.075284125586762, -5.647861590452062 ], [ 176.075247330242121, -5.647836808139052 ], [ 176.074976752773154, -5.647649890858243 ], [ 176.074894234780203, -5.647589611788442 ], [ 176.074706196223389, -5.647449904048232 ], [ 176.074496406529306, -5.647317620279133 ], [ 176.074435600535452, -5.647274702763227 ], [ 176.07416498249404, -5.647113693598911 ], [ 176.074054915737946, -5.647045558993248 ], [ 176.073894373942551, -5.646946809981176 ], [ 176.073623770688414, -5.646776696342581 ], [ 176.073619278805495, -5.646773506766656 ], [ 176.073353186031227, -5.646594983371902 ], [ 176.073210562491965, -5.646501497202784 ], [ 176.073082595491343, -5.646417085629205 ], [ 176.072811949323864, -5.646274297477637 ], [ 176.072736512318812, -5.646229383190731 ], [ 176.072541363572071, -5.646093601169964 ], [ 176.072313222895417, -5.645957349872788 ], [ 176.072270758244514, -5.645925327162788 ], [ 176.072000108803337, -5.645784891622266 ], [ 176.071838854047229, -5.645685234754916 ], [ 176.071729551545502, -5.645586610767425 ], [ 176.071534613275816, -5.645413391054146 ], [ 176.071459126098006, -5.645305629576314 ], [ 176.071218116401525, -5.645141527658095 ], [ 176.071188555606653, -5.645115925905958 ], [ 176.070917869295698, -5.644999076020728 ], [ 176.070647141982022, -5.644908047913868 ], [ 176.070558944875756, -5.644869116430844 ], [ 176.07037649718103, -5.644765293438782 ], [ 176.070105798694499, -5.6446563193061 ], [ 176.069944274355294, -5.644596775739252 ], [ 176.069835103008813, -5.644545662336583 ], [ 176.069564423989704, -5.644424627788032 ], [ 176.069305936539365, -5.644324396606877 ], [ 176.069293724111645, -5.644316752410029 ], [ 176.069023086850933, -5.644169700414018 ], [ 176.068752336783433, -5.644093434261229 ], [ 176.06855770692809, -5.644051840850638 ], [ 176.068481571062904, -5.644027030610905 ], [ 176.068210852766896, -5.643930975374623 ], [ 176.067940124003172, -5.64384154141353 ], [ 176.067735753223076, -5.643779166055547 ], [ 176.067669407587033, -5.643744441713653 ], [ 176.067398684295284, -5.643651712316267 ], [ 176.067368222385369, -5.643642897946998 ] ], [ [ 176.064826859556405, -5.642744982732404 ], [ 176.064691469901703, -5.642716434824037 ], [ 176.064513917368828, -5.64268856261013 ] ], [ [ 176.110307465565057, -5.659761383817932 ], [ 176.110442860577507, -5.659791501313027 ], [ 176.110687038217748, -5.65985671963344 ], [ 176.11071363214819, -5.659863849145928 ], [ 176.110984374321305, -5.659955496008077 ], [ 176.111255048573582, -5.660091682040625 ], [ 176.111313680398695, -5.660129040984892 ], [ 176.111525657089089, -5.660271014366892 ], [ 176.111715449965516, -5.660401017294211 ], [ 176.111796265550225, -5.660450498789026 ], [ 176.112066838724616, -5.66065322297796 ], [ 176.112089830735556, -5.66067295143859 ], [ 176.112337314189972, -5.66092012128848 ], [ 176.112359518653363, -5.660944725117791 ], [ 176.112588632578451, -5.661216436603913 ], [ 176.112607719248302, -5.66123334336565 ], [ 176.112878362281606, -5.661390688629369 ], [ 176.113128404406325, -5.661488623363442 ], [ 176.113149085151093, -5.661495766555198 ], [ 176.113419881121359, -5.66155295190088 ], [ 176.113690693634425, -5.661599326071229 ], [ 176.113961529509737, -5.661630401872222 ], [ 176.114232397891072, -5.661640160060882 ], [ 176.114503247087072, -5.661662541440151 ], [ 176.114774032825864, -5.661726651690008 ], [ 176.114873531565479, -5.66176265138211 ], [ 176.11504477783717, -5.661817586104894 ], [ 176.11531552418262, -5.66190771029988 ], [ 176.115450855898644, -5.661980061230438 ] ], [ [ 176.117074867124273, -5.66283000125947 ], [ 176.117114190820189, -5.662851512565344 ], [ 176.117210201405186, -5.662900977906968 ], [ 176.117480910419403, -5.663016343956166 ], [ 176.117695476291601, -5.663123758857414 ], [ 176.11775158661905, -5.663153423465887 ], [ 176.118022304145882, -5.663263345037206 ], [ 176.11829304324678, -5.663359114544294 ], [ 176.118389737455004, -5.663396176522607 ], [ 176.1185637083627, -5.663503768790596 ], [ 176.118834540015939, -5.663538609533061 ], [ 176.119031234677635, -5.663668513243609 ], [ 176.119105165268962, -5.663709745379697 ], [ 176.119210881004278, -5.663940147527259 ], [ 176.119330246123212, -5.664211690163957 ], [ 176.119375113595765, -5.664327986842578 ], [ 176.119429510904382, -5.664483202243809 ], [ 176.119504965282346, -5.664754678134706 ], [ 176.119551056849303, -5.665026109402996 ], [ 176.119587819774239, -5.66529752649527 ], [ 176.119644276931609, -5.665464960932659 ], [ 176.11968645914547, -5.66556903761776 ], [ 176.119789854092232, -5.665840555961153 ], [ 176.119843443371082, -5.666111998623077 ], [ 176.119892208599452, -5.666383433955402 ], [ 176.119913681925595, -5.666442813346886 ], [ 176.120007473624582, -5.666654970326227 ], [ 176.120127549595537, -5.666926513996906 ], [ 176.120183696830907, -5.667018221383489 ], [ 176.120292318658358, -5.667198125546578 ], [ 176.120437558279832, -5.667469707409774 ], [ 176.120453859528254, -5.66749628623051 ], [ 176.120602608507625, -5.667741319339171 ], [ 176.120724061047156, -5.66794896085219 ], [ 176.120766301532029, -5.668012929182003 ], [ 176.120906799540791, -5.668284503785494 ], [ 176.12097271938751, -5.668555965156363 ], [ 176.120988940871342, -5.668827351076978 ], [ 176.12099113319664, -5.669098715697189 ], [ 176.120974345591605, -5.669370051497089 ], [ 176.120929097530507, -5.669641344074693 ], [ 176.120863594375777, -5.669912605878751 ], [ 176.120779020162189, -5.670183838696476 ], [ 176.12072039881042, -5.670368765993147 ], [ 176.120700478428489, -5.670455080651351 ], [ 176.120676089085322, -5.670726404854761 ], [ 176.12068939167446, -5.670997786317264 ], [ 176.120719136063144, -5.671202876823522 ], [ 176.120732680155356, -5.671269213336762 ], [ 176.120821556940399, -5.671540709616414 ], [ 176.12094899491953, -5.671812264470504 ], [ 176.120989022199041, -5.671864899787762 ], [ 176.121259605206035, -5.672066786142985 ], [ 176.121294955240899, -5.67208415118585 ], [ 176.121530315718587, -5.672184522279698 ], [ 176.121766072283606, -5.672356227716073 ], [ 176.121800898449152, -5.672386828647513 ], [ 176.122071437192119, -5.672618356844653 ], [ 176.122082755968904, -5.672628069625143 ], [ 176.12234201406477, -5.672824807111314 ], [ 176.122440080429158, -5.672899973047664 ], [ 176.122612606952117, -5.673020792932308 ], [ 176.122766950009378, -5.673171830121171 ], [ 176.122883004319931, -5.673346317909022 ], [ 176.12294062871112, -5.673443454830821 ], [ 176.123100123216915, -5.673715058009945 ], [ 176.123153225141323, -5.673788918640051 ], [ 176.123299597268215, -5.673986721758395 ], [ 176.123423537834526, -5.67417093418363 ], [ 176.123477833752418, -5.674258353282632 ], [ 176.123660971058257, -5.674529992200134 ], [ 176.123693836345211, -5.674562566387343 ], [ 176.123964399216106, -5.67477928242281 ], [ 176.123990940909579, -5.67480185349219 ], [ 176.124234853516299, -5.675068087228665 ], [ 176.124239519272692, -5.675073591401356 ], [ 176.124420201216964, -5.675345226446584 ], [ 176.124505128052135, -5.675476227975635 ], [ 176.124597198674422, -5.675616855881324 ], [ 176.124712363913915, -5.675888391697379 ], [ 176.124769464597108, -5.676159839621168 ], [ 176.124774683825166, -5.676361133639222 ], [ 176.12477700627403, -5.676431212531967 ], [ 176.124774523055748, -5.676467715846558 ], [ 176.124762697122975, -5.676702552364998 ], [ 176.12476317662194, -5.676973914580697 ], [ 176.124773601591556, -5.677078562027392 ], [ 176.124795036492202, -5.67724532429957 ], [ 176.124868888569779, -5.677516797587248 ], [ 176.125009984150608, -5.677788372657714 ], [ 176.125043362131009, -5.677828240486767 ], [ 176.125296781407229, -5.678060168202997 ], [ 176.125313879492211, -5.678076420990076 ], [ 176.125526905853974, -5.678331877909436 ], [ 176.125584263671811, -5.678413101082606 ], [ 176.125702864012993, -5.678603505623995 ], [ 176.125841734250656, -5.678875077215035 ], [ 176.125854415355548, -5.678904240102867 ], [ 176.125956436155889, -5.679146612240128 ], [ 176.125983126208467, -5.67941801415815 ], [ 176.125937682047038, -5.679689306977646 ], [ 176.125874168123573, -5.679960572451066 ], [ 176.125852667862489, -5.680063541078127 ], [ 176.125823954464494, -5.680231858027305 ], [ 176.125719000387704, -5.680503060764727 ], [ 176.125580857724941, -5.680671909836383 ], [ 176.125472502920928, -5.68077404924403 ], [ 176.1253095867024, -5.680922520130775 ], [ 176.125155830985022, -5.681044931325804 ], [ 176.125038361959582, -5.681142312143359 ], [ 176.124840333797096, -5.681315814965881 ], [ 176.124767117939399, -5.681374740824791 ], [ 176.124495972645491, -5.681541658792849 ], [ 176.124420861795301, -5.681586540808541 ], [ 176.124224835801698, -5.681702888048227 ], [ 176.123953775845024, -5.68181315006243 ], [ 176.123720413993311, -5.681856840137526 ], [ 176.123682801899207, -5.681866459876346 ], [ 176.123607231097026, -5.681856668438156 ], [ 176.123411952242719, -5.681837559064828 ], [ 176.12314124680114, -5.681713349907351 ], [ 176.122983062087968, -5.681584359852457 ], [ 176.122870742638156, -5.68145619989835 ], [ 176.122720959555579, -5.68131260058957 ], [ 176.122600238707406, -5.681199056240414 ], [ 176.122446274480296, -5.681040822131319 ], [ 176.122329838880034, -5.680873303963651 ], [ 176.122262025677657, -5.680769180972497 ], [ 176.122170946312224, -5.680497681332525 ], [ 176.122059850310762, -5.680276138505877 ], [ 176.122023596593692, -5.680226096193343 ], [ 176.12178933560449, -5.680026695863064 ], [ 176.121725322660126, -5.67995428167094 ], [ 176.121518894615093, -5.679728748057729 ], [ 176.121484393644522, -5.679682554213853 ], [ 176.121290587729163, -5.679410898339601 ], [ 176.121248558471763, -5.679361788644383 ], [ 176.121090226035562, -5.679139232456033 ], [ 176.120978295928069, -5.678946484006331 ], [ 176.120927233798909, -5.67886762336777 ], [ 176.120707886652866, -5.67862820588484 ], [ 176.120672921510902, -5.678595875334233 ], [ 176.120437383151767, -5.678372256319406 ], [ 176.120386102449004, -5.678324077756584 ], [ 176.120166901960715, -5.678101756914726 ], [ 176.120119015488342, -5.678052310110644 ], [ 176.119896442558684, -5.677817062387945 ], [ 176.119866476144381, -5.677780564526162 ], [ 176.11963586959854, -5.677508852265515 ], [ 176.119626036822012, -5.677497178881088 ], [ 176.119443366980562, -5.67723719798058 ], [ 176.119355757633571, -5.677094118426189 ], [ 176.119208913457356, -5.676965479749154 ], [ 176.119085170860899, -5.676893872116918 ], [ 176.118814485705457, -5.676758532697798 ], [ 176.118739906390061, -5.676693404003094 ], [ 176.118543966139526, -5.676514287382001 ], [ 176.118458469698169, -5.676421613938044 ], [ 176.118273584487127, -5.676179435610885 ], [ 176.11825134525057, -5.676149937095028 ], [ 176.118127476319614, -5.675878387176512 ], [ 176.118064780666003, -5.67560693054204 ], [ 176.118003893274675, -5.675390504899053 ], [ 176.117986205554075, -5.675335449689632 ], [ 176.117890283809515, -5.675063942378503 ], [ 176.117761180453726, -5.67479238445004 ], [ 176.117733967505274, -5.674756266260785 ], [ 176.117585923568271, -5.674520756099574 ], [ 176.117463741471141, -5.674319846178221 ], [ 176.11741392427092, -5.674249132689234 ], [ 176.117193356850748, -5.673987950407083 ], [ 176.117181143481957, -5.673977416492129 ], [ 176.116922746037858, -5.673804943132268 ], [ 176.116715747045816, -5.673705345104588 ], [ 176.11665204944714, -5.673678426057573 ], [ 176.11638140207404, -5.673519661134855 ], [ 176.11630271386025, -5.673433353395273 ], [ 176.116166547153966, -5.673161784477308 ], [ 176.116111184500937, -5.673078698977672 ], [ 176.115840513756012, -5.672935570960441 ], [ 176.115658678670229, -5.672889647523682 ], [ 176.115569727305683, -5.672868496596974 ], [ 176.115299085277229, -5.672706694825029 ], [ 176.115202574160463, -5.67261758935487 ], [ 176.115028742326217, -5.672348772449469 ], [ 176.11502689456762, -5.672345959848516 ], [ 176.114916860920033, -5.672074430724148 ], [ 176.114859375144505, -5.671802981970644 ], [ 176.114840259606495, -5.671531591907232 ], [ 176.114826738891395, -5.671260210400716 ], [ 176.114759893155338, -5.671011108297873 ], [ 176.114752857099973, -5.670988736571597 ], [ 176.114596081454124, -5.670717135940929 ], [ 176.114489625908988, -5.670604184326256 ], [ 176.114218978972957, -5.670446477016086 ], [ 176.114213925927828, -5.67044519042617 ], [ 176.113948168430511, -5.670396127492641 ], [ 176.113677292891452, -5.670388416792139 ], [ 176.11340637150289, -5.670410761795615 ], [ 176.113135458557082, -5.670427576357403 ], [ 176.112864627572293, -5.670390729801664 ], [ 176.112729282827388, -5.670326004580773 ] ], [ [ 176.110159918464007, -5.669217849999325 ], [ 176.110157512023619, -5.669244497874718 ], [ 176.110152600663696, -5.669353519005108 ], [ 176.110157324867174, -5.669366688967783 ], [ 176.110258371818844, -5.669625042084137 ], [ 176.110371947884317, -5.669896577151534 ], [ 176.110427213694862, -5.670018250242911 ], [ 176.11050790284304, -5.670168146599844 ], [ 176.110641256738575, -5.670439712036947 ], [ 176.110697326669055, -5.670523748704191 ], [ 176.110812417150612, -5.670711335542798 ], [ 176.110961527642729, -5.670982925150066 ], [ 176.110967496314771, -5.670992499888166 ], [ 176.11113876969074, -5.671254557944896 ], [ 176.111237784981881, -5.671383738090575 ], [ 176.111350190223021, -5.67152624319306 ], [ 176.111508155945018, -5.671721412308473 ], [ 176.111581429111652, -5.671797958818449 ], [ 176.11177857464736, -5.672028075085247 ], [ 176.111819364346729, -5.672069684660764 ], [ 176.112049039622292, -5.672304662269787 ], [ 176.112085521153233, -5.672341453744346 ], [ 176.112319526302514, -5.672567220084075 ], [ 176.11236971253058, -5.672613250408631 ], [ 176.112590027462062, -5.672820465378487 ], [ 176.112660935271009, -5.672885057755816 ], [ 176.112860459159691, -5.673119324716419 ], [ 176.112899768254067, -5.673156784667994 ], [ 176.113130997459876, -5.673348581693221 ], [ 176.113218040800774, -5.673428633287799 ], [ 176.113401498445228, -5.673602414926195 ], [ 176.113490469862569, -5.673700411525148 ], [ 176.11367198328395, -5.673866979697023 ], [ 176.113768033739802, -5.673972197537907 ], [ 176.113942388930042, -5.674183586185022 ], [ 176.114001954310311, -5.674243916607971 ], [ 176.114212806980873, -5.674492252755549 ], [ 176.114236614497344, -5.674515636747413 ], [ 176.114483277002506, -5.674767040483548 ], [ 176.114504137740596, -5.674787407136875 ], [ 176.114753782169458, -5.675018954211457 ], [ 176.114789689399942, -5.67505920503269 ], [ 176.114977109999927, -5.675330852663522 ], [ 176.115024066580276, -5.675415788843498 ], [ 176.115148977757741, -5.675602476461219 ], [ 176.115294411732265, -5.675773009904551 ], [ 176.115386065925264, -5.6758742000047 ], [ 176.11556486510662, -5.676059436859519 ], [ 176.115659935857963, -5.676145979735994 ], [ 176.115835403834751, -5.676290023321914 ], [ 176.115997237049612, -5.676417856354111 ], [ 176.11610597913986, -5.676496743945881 ], [ 176.116372683356587, -5.676689791118522 ], [ 176.116376571244814, -5.676692565446681 ], [ 176.116647144947592, -5.676900599431145 ], [ 176.116717161346884, -5.67696167838025 ], [ 176.116917694135935, -5.677124871349663 ], [ 176.117034263430128, -5.677233523674456 ], [ 176.117188169903983, -5.677397532236756 ], [ 176.117301460704454, -5.677505292642004 ], [ 176.117458668651921, -5.677655255120207 ], [ 176.117578675214304, -5.677777076813077 ], [ 176.11772912040081, -5.677944038095935 ], [ 176.117825831532571, -5.678048815017455 ], [ 176.117999602737967, -5.678212880060965 ], [ 176.118101763382242, -5.678320597052816 ], [ 176.118270049239214, -5.67850546058186 ], [ 176.118353299558407, -5.678592341782573 ], [ 176.118540454099076, -5.678825617691094 ], [ 176.118573359686224, -5.678864038435562 ], [ 176.118776729000103, -5.679135709584883 ], [ 176.118810803401658, -5.679182530704607 ], [ 176.118982456343758, -5.679407384284143 ], [ 176.119081167419097, -5.679529966427653 ], [ 176.119212801335749, -5.679679096458479 ], [ 176.119351628751645, -5.679813528319066 ], [ 176.11947520800291, -5.67995085742667 ], [ 176.119622050522594, -5.680123319944665 ], [ 176.119709223271087, -5.680222575059532 ], [ 176.11989246776136, -5.68043628371411 ], [ 176.119946580133899, -5.680494297718294 ], [ 176.120162892465999, -5.680744515725998 ], [ 176.120182114339514, -5.680766017535715 ], [ 176.120394015206614, -5.681037701308298 ], [ 176.120433258792616, -5.681091412306782 ], [ 176.12060459457291, -5.681309383019562 ], [ 176.120703637553106, -5.681430316340533 ], [ 176.120816920340673, -5.681581067339595 ], [ 176.120974022247964, -5.681765508040902 ], [ 176.121050561460919, -5.681852784041946 ], [ 176.12124440142756, -5.682104537115666 ], [ 176.121262516194378, -5.682124467691116 ], [ 176.121469430267609, -5.682396143623854 ], [ 176.121514750734548, -5.68246347697241 ], [ 176.121661627025901, -5.682667797129385 ], [ 176.121785084611105, -5.682832811244457 ], [ 176.121868897305291, -5.682939473514028 ], [ 176.122052236235419, -5.683211113472623 ], [ 176.12205539785765, -5.683215979739034 ], [ 176.122247962561062, -5.68348277222439 ], [ 176.122325713311341, -5.683597914009447 ], [ 176.122461959313569, -5.683754458699216 ], [ 176.122596188038955, -5.683874882444726 ], [ 176.122769397303188, -5.684026287079729 ], [ 176.122866749572779, -5.684094676396418 ], [ 176.12307997816319, -5.684298120111066 ], [ 176.123137244465113, -5.684358645946229 ], [ 176.123313970937573, -5.684569836736487 ], [ 176.123407611641909, -5.68470719255395 ], [ 176.123511387348543, -5.684841497774177 ], [ 176.123678039902586, -5.685015562551423 ], [ 176.123765542254262, -5.685113244884341 ], [ 176.123948463666125, -5.685327092916499 ], [ 176.123997771966259, -5.685384958648502 ], [ 176.124200912754475, -5.685656628220509 ], [ 176.12421882583908, -5.685679550270026 ], [ 176.12442120584393, -5.685928323763904 ], [ 176.12448921807956, -5.686012323440133 ], [ 176.124647800700473, -5.686200028808558 ], [ 176.124759636685496, -5.686327847604409 ], [ 176.124882703632068, -5.686471746390172 ], [ 176.125030036565079, -5.686655957909512 ], [ 176.12511056726521, -5.686743453237201 ], [ 176.125300485080601, -5.68695206267757 ], [ 176.125359559083705, -5.687015192042965 ], [ 176.125570914619715, -5.687260915738905 ], [ 176.125592483104327, -5.687286906430322 ], [ 176.125800471447491, -5.68755858298222 ], [ 176.125841287233698, -5.687607665859838 ], [ 176.126037972662374, -5.687830304183368 ], [ 176.126111722985058, -5.687912786693331 ], [ 176.126280669405048, -5.688102033184814 ], [ 176.126382173415863, -5.688208363639248 ], [ 176.126529926547022, -5.688373772047193 ], [ 176.126652593827004, -5.688524022767719 ], [ 176.126753634322455, -5.688645472168056 ], [ 176.12692299545165, -5.688852330472304 ], [ 176.126978912671916, -5.688917174608048 ], [ 176.12719341309068, -5.689170213376419 ], [ 176.127211143063221, -5.689188887506709 ], [ 176.12746227527515, -5.689460628930395 ], [ 176.127463869586364, -5.689462508645563 ], [ 176.127676473335299, -5.689732314430121 ], [ 176.127734246022499, -5.689808112726049 ], [ 176.127888663481627, -5.690003996842701 ], [ 176.128004651871152, -5.69013439924089 ], [ 176.1281259032028, -5.690275717067644 ], [ 176.128275038177549, -5.690473857543989 ], [ 176.128334301650625, -5.690547393642091 ], [ 176.128518954401756, -5.690819034290328 ], [ 176.128545356401759, -5.690858733936662 ], [ 176.128716959883974, -5.691090695075046 ], [ 176.128815718231522, -5.69121486966646 ], [ 176.128927327103838, -5.691362374488556 ], [ 176.129086070415838, -5.691577625971021 ], [ 176.129129180118639, -5.691634040995464 ], [ 176.129319415446929, -5.691905689917107 ], [ 176.129356397633558, -5.691957190320467 ], [ 176.129511216603532, -5.692177341164284 ], [ 176.129626663278543, -5.692377909568765 ], [ 176.129676346014463, -5.692448952115516 ], [ 176.129835084463963, -5.692720553395438 ], [ 176.129896904237825, -5.692815285966486 ], [ 176.130021456957166, -5.692992196349736 ], [ 176.130167186778635, -5.693225258533401 ], [ 176.130194967977019, -5.693263819864017 ], [ 176.130365129609146, -5.693535438295807 ], [ 176.130437459083765, -5.69364227845974 ], [ 176.130548566783489, -5.69380707672151 ], [ 176.13069123056988, -5.694078653626118 ], [ 176.130707655909845, -5.694109763106185 ], [ 176.13085456082996, -5.694350261674913 ], [ 176.130977908419879, -5.694540452952761 ], [ 176.131031471171354, -5.694621890171409 ], [ 176.131196267387907, -5.69489350037584 ], [ 176.131248161687665, -5.694970886634228 ], [ 176.131388521255673, -5.695165151936348 ], [ 176.131518507789991, -5.695339753655015 ], [ 176.131589111410989, -5.695436816018923 ], [ 176.131753877043508, -5.695708426084907 ], [ 176.131788774380652, -5.695761796136973 ], [ 176.131929299903135, -5.695980052178598 ], [ 176.132059013486128, -5.696202393095067 ], [ 176.132093736115365, -5.696251661693606 ], [ 176.132282982201502, -5.696523308544477 ], [ 176.132329346415617, -5.696580724898603 ], [ 176.132487308482411, -5.696794978062848 ], [ 176.132599656020261, -5.696974826328201 ], [ 176.132665736207912, -5.69706660854839 ], [ 176.132822977955215, -5.697338207112987 ], [ 176.1328699057091, -5.697409102587303 ], [ 176.133012933840746, -5.697609854887745 ], [ 176.133140181602755, -5.697826155590599 ], [ 176.133179220076869, -5.697881467008798 ], [ 176.133347314094379, -5.698153081822664 ], [ 176.133410465247579, -5.698238281242943 ], [ 176.13355449462523, -5.698424755403983 ], [ 176.133680794337522, -5.698620328929857 ], [ 176.133739595541783, -5.6986963957314 ], [ 176.133923599415738, -5.698968034373386 ], [ 176.133951117757618, -5.699006385851682 ], [ 176.134132586963801, -5.69923971054128 ], [ 176.134221518790724, -5.699340866341784 ], [ 176.134360970183423, -5.699511415813975 ], [ 176.134491928843772, -5.699669526912347 ], [ 176.134594254452139, -5.699783128390927 ], [ 176.134762434791924, -5.699934346585032 ], [ 176.134917178645395, -5.700054975573003 ], [ 176.13503303633459, -5.70013547521934 ], [ 176.135303722283965, -5.700280335479865 ], [ 176.135399911600331, -5.700327062590396 ], [ 176.135574453231698, -5.700395219065108 ], [ 176.135845252866147, -5.700464261821623 ], [ 176.136116087863229, -5.700509709376565 ], [ 176.136387111175537, -5.700429213160009 ], [ 176.136471432790444, -5.700328670471067 ], [ 176.136658425576911, -5.700153867120579 ], [ 176.136929397388229, -5.700107707796889 ], [ 176.137064835510671, -5.700116616651283 ] ], [ [ 176.136794916283549, -5.699458167893227 ], [ 176.136659390573811, -5.699507996201081 ], [ 176.136623065962482, -5.699514811486152 ], [ 176.136388392325614, -5.699572036353354 ], [ 176.13618105729384, -5.69951414867749 ], [ 176.136117603675444, -5.699495846096325 ], [ 176.135888350676311, -5.699242347493502 ], [ 176.135847192298542, -5.699167420230175 ], [ 176.13581622541102, -5.69910655824045 ] ], [ [ 176.135712196714678, -5.698862791200071 ], [ 176.135703212683779, -5.698835026596142 ] ], [ [ 176.134898603865452, -5.69720564656637 ], [ 176.134824808057317, -5.697069854744556 ], [ 176.134766881541253, -5.696963936020558 ], [ 176.134679995003182, -5.696798275259243 ], [ 176.134557248003006, -5.696526728898336 ], [ 176.134496809294518, -5.696410188137246 ], [ 176.134415862823801, -5.696255154529285 ], [ 176.134301244599868, -5.695983620354764 ], [ 176.134235743192562, -5.695847840956489 ] ], [ [ 176.134091762672881, -5.695538900764069 ], [ 176.134049077229378, -5.69544051752371 ], [ 176.133999132131748, -5.695304761487797 ] ], [ [ 176.133822028602651, -5.694760125629704 ], [ 176.133787694267198, -5.694626038827006 ], [ 176.133698595647701, -5.694354542959268 ], [ 176.133687232458954, -5.694323554387485 ], [ 176.133651005766694, -5.694218790454246 ] ], [ [ 176.133282753443865, -5.693074938631558 ], [ 176.133259185969877, -5.692997072710806 ], [ 176.133198550209272, -5.692861300583033 ] ], [ [ 176.133012902420916, -5.692375410251972 ], [ 176.132935943144503, -5.692182500910476 ], [ 176.132877888179792, -5.692084990967146 ], [ 176.132798817052588, -5.691910932783268 ], [ 176.132699802996626, -5.691639421958853 ], [ 176.132608021924824, -5.691396157440913 ], [ 176.132597929601246, -5.691367906828465 ], [ 176.132523605054388, -5.691096433128293 ], [ 176.13249154236513, -5.690825022992613 ], [ 176.132472247027266, -5.690553632059768 ], [ 176.132409957968861, -5.690282176462863 ], [ 176.132339033180727, -5.690122316876382 ], [ 176.132305810522098, -5.690010657904836 ], [ 176.132244598505736, -5.68973920392568 ], [ 176.132198543103499, -5.689467772745238 ], [ 176.132143105068508, -5.689196327451478 ], [ 176.132076509593333, -5.688924865373866 ], [ 176.132069969901437, -5.688898713392674 ], [ 176.132025632130478, -5.688653426940403 ], [ 176.131976693210049, -5.688381991423356 ], [ 176.131921478000606, -5.688110546464943 ], [ 176.131866532681443, -5.687839101912597 ], [ 176.131806233374732, -5.687567649305791 ], [ 176.131801092945381, -5.687551342922167 ], [ 176.131753467032354, -5.687296208031547 ], [ 176.131707864534349, -5.687024777535013 ], [ 176.131661575870538, -5.686753346006553 ], [ 176.131601102289807, -5.6864818931378 ], [ 176.131535883170102, -5.686210433129074 ], [ 176.131532230697445, -5.686194692029187 ], [ 176.131497080236443, -5.685939012863804 ], [ 176.13146738767793, -5.685667606305498 ], [ 176.131450956216838, -5.685396219698197 ], [ 176.13142757452917, -5.685124822634255 ], [ 176.131361362658595, -5.684853361135339 ], [ 176.131263656162901, -5.68464668998493 ], [ 176.131243797032425, -5.684581822371345 ], [ 176.131172821172555, -5.684310353700686 ], [ 176.131112252476072, -5.684038900688442 ], [ 176.13102139906502, -5.683767402105254 ], [ 176.130994174734923, -5.683704018095776 ], [ 176.130934423782406, -5.683495909354174 ], [ 176.130862195696579, -5.683224438793127 ], [ 176.130763814131825, -5.68295292887036 ], [ 176.130724541263504, -5.682863160117349 ], [ 176.130673315006305, -5.682681430806121 ], [ 176.130592511979387, -5.682409947332284 ], [ 176.130486873164728, -5.682138426472122 ], [ 176.130454828061147, -5.682075862501123 ], [ 176.130379535869309, -5.681866903048283 ], [ 176.130297509034705, -5.681595417721544 ], [ 176.130234493704393, -5.681323961014311 ], [ 176.13018533766035, -5.681140458310644 ], [ 176.130163402090886, -5.681052492147513 ], [ 176.130098937086217, -5.680781033256537 ], [ 176.130034943569143, -5.680509575074918 ], [ 176.129937641234278, -5.680238066739935 ], [ 176.129915863739768, -5.680194510292775 ], [ 176.129846422139053, -5.679966567560126 ], [ 176.129748326748313, -5.679695058021361 ], [ 176.129645998099335, -5.679510011484346 ], [ 176.129611835966671, -5.67942349065239 ], [ 176.129510724164078, -5.679151976556185 ], [ 176.129396664965412, -5.678880442951602 ], [ 176.129376121075779, -5.678833450809043 ], [ 176.12931395506692, -5.678608956562902 ], [ 176.129238749963179, -5.678337481477169 ], [ 176.129160126681455, -5.678066001240379 ], [ 176.129106618722005, -5.677907690318794 ], [ 176.129078732298581, -5.677794516826732 ], [ 176.128971749417701, -5.677522993857517 ], [ 176.128897515691762, -5.677251520226635 ], [ 176.128836953767717, -5.677090652112219 ], [ 176.128813663569815, -5.676980032101229 ], [ 176.128689832257834, -5.676708483727537 ], [ 176.128566898222488, -5.676534085432928 ], [ 176.128516848805816, -5.676436861263126 ], [ 176.128376838251171, -5.676165288471946 ], [ 176.128296968644008, -5.675893967769441 ], [ 176.128296941562212, -5.675893806284497 ], [ 176.128264736588562, -5.675622395987753 ], [ 176.128169273755077, -5.675350890333402 ], [ 176.128027222407866, -5.675132160526636 ], [ 176.128007518041358, -5.675079284727691 ], [ 176.127899163799952, -5.674807759619928 ], [ 176.127757156358115, -5.674583554417175 ], [ 176.127736395358994, -5.674536152448721 ], [ 176.127639189601183, -5.674264644133436 ], [ 176.127539036284418, -5.673993131367568 ], [ 176.127487318804413, -5.673883229104823 ], [ 176.127431597586337, -5.673721607607273 ], [ 176.127347709837267, -5.673450119365148 ], [ 176.127226287266893, -5.673178574497892 ], [ 176.127217514408784, -5.673161207215446 ], [ 176.127140177903783, -5.672907082895989 ], [ 176.127061039701573, -5.672635601808532 ], [ 176.126947770423129, -5.672399375933193 ], [ 176.126934278058201, -5.672364048864177 ], [ 176.126826142981258, -5.672092524014855 ], [ 176.126677714142772, -5.671845585591331 ], [ 176.12666624504601, -5.671820921041361 ], [ 176.126544338106044, -5.671549375385599 ], [ 176.126407579122315, -5.671344442360676 ], [ 176.12637613287103, -5.671277759832063 ], [ 176.126257787086786, -5.671006219524452 ], [ 176.126137519660347, -5.670793358187327 ], [ 176.126109330482279, -5.670734633744939 ], [ 176.125987580746397, -5.670463088273783 ], [ 176.125867457419446, -5.670244420681893 ], [ 176.125843931989806, -5.670191509721128 ], [ 176.12573649046206, -5.669919985835094 ], [ 176.125597422933566, -5.669677342631013 ], [ 176.125582692882375, -5.669648391924102 ], [ 176.125451849272764, -5.669376832667155 ], [ 176.125327267674948, -5.669190791433535 ], [ 176.125277374539735, -5.669105207477906 ], [ 176.125118066010941, -5.668833605175823 ], [ 176.12505705668417, -5.668741522066487 ], [ 176.124957429950484, -5.668562000843912 ], [ 176.124786847372548, -5.668291392687697 ], [ 176.12478626919102, -5.668290380579963 ], [ 176.12465649884652, -5.668018822856598 ], [ 176.124516742400715, -5.667772260936663 ], [ 176.124503210276771, -5.66774722956487 ], [ 176.124375539832499, -5.667475674986908 ], [ 176.124246569944404, -5.667298199405721 ], [ 176.124184084380914, -5.667204023941252 ], [ 176.124009393580565, -5.666932398213623 ], [ 176.123976312811521, -5.666880584168196 ], [ 176.123842100101342, -5.666660783645751 ], [ 176.12370603275636, -5.666478413338686 ], [ 176.123644538161557, -5.666389123256633 ], [ 176.12343568903313, -5.6661186965429 ], [ 176.123434837871997, -5.666117444457599 ], [ 176.12335215838425, -5.665981638592624 ] ], [ [ 176.123300580511284, -5.665896918905071 ], [ 176.123269478932059, -5.6658458327212 ], [ 176.123180894604474, -5.665710017905753 ] ], [ [ 176.103807158749817, -5.659204350200373 ], [ 176.103735528655903, -5.659303296925623 ], [ 176.103671378829489, -5.659424622866831 ], [ 176.103592718412301, -5.659574436322575 ], [ 176.103565874141452, -5.659845754941236 ], [ 176.103670572906026, -5.659947881212767 ], [ 176.103941474213627, -5.659935152830107 ], [ 176.104077027782665, -5.659861943441607 ] ], [ [ 176.12156352653804, -5.662993953869779 ], [ 176.121544260523564, -5.662959410268291 ], [ 176.12149509969521, -5.662858169462182 ], [ 176.121480582322022, -5.662722466765734 ] ], [ [ 176.101233407894256, -5.664726623107518 ], [ 176.101350425620865, -5.664455444708143 ], [ 176.101394057312831, -5.664184152463767 ], [ 176.101407195477691, -5.663912812921882 ], [ 176.101433056063627, -5.66364149310253 ], [ 176.101408514111029, -5.663370095126504 ], [ 176.101227702628762, -5.663142760758666 ], [ 176.100956787592025, -5.663163486707511 ], [ 176.100776199146026, -5.663369114348204 ], [ 176.100685434181429, -5.663467705486472 ], [ 176.100563073764533, -5.663640143475126 ], [ 176.100414025883993, -5.663807218454348 ], [ 176.100324337685691, -5.663911132728253 ], [ 176.100255803911494, -5.664182386152989 ], [ 176.100353403785135, -5.664453897529968 ], [ 176.100412909661173, -5.664528743581374 ], [ 176.100611287383913, -5.664725657731086 ], [ 176.10068339435216, -5.66478665562059 ], [ 176.100954093361452, -5.664906125480584 ], [ 176.101225230220479, -5.664742432537944 ], [ 176.101233407894256, -5.664726623107518 ] ], [ [ 176.10798470678705, -5.671521065480678 ], [ 176.10798692876034, -5.671518296558004 ], [ 176.108148536635071, -5.671249957640134 ], [ 176.108251331376692, -5.670978755688666 ], [ 176.108258662556153, -5.670967077296746 ], [ 176.108422853683095, -5.670707659574032 ], [ 176.108530350679928, -5.670445239358224 ], [ 176.10853278041364, -5.670436468518321 ], [ 176.10855258498151, -5.670165138638754 ], [ 176.108530858915401, -5.670114084430211 ], [ 176.108260148304851, -5.669999325957376 ], [ 176.108029155897668, -5.670164332301562 ], [ 176.107988946789078, -5.670204329708322 ], [ 176.10775539957109, -5.670435270717351 ], [ 176.107717648466888, -5.670472231900225 ], [ 176.107446575442424, -5.670593360838498 ], [ 176.107175708391509, -5.670580431131381 ], [ 176.106904719399154, -5.670646827107884 ], [ 176.106841798600414, -5.670705221945912 ], [ 176.106723292533673, -5.670976399305475 ], [ 176.106803809616338, -5.671247883817652 ], [ 176.106903687742431, -5.671317723625467 ], [ 176.107174381729521, -5.671443429707704 ], [ 176.107239397359962, -5.671519916193799 ], [ 176.107444813390089, -5.671739898598182 ], [ 176.107715672162982, -5.671758581810735 ], [ 176.10798470678705, -5.671521065480678 ] ] ] } },
{ "type": "Feature", "properties": { "year": 2014, "certainty": "good", "eez_territory": "TUV" }, "geometry": { "type": "MultiLineString", "coordinates": [ [ [ 176.078145009516277, -5.653021943921869 ], [ 176.078218862971482, -5.652947744191654 ], [ 176.078321338789323, -5.652750865572205 ], [ 176.078313412008072, -5.652479494683769 ], [ 176.078286369400615, -5.652208093450616 ], [ 176.078295552984088, -5.651936749719551 ], [ 176.078328545997579, -5.65166544377375 ], [ 176.078342135983831, -5.65139410702567 ], [ 176.07832186820923, -5.651122716541643 ], [ 176.078302256928055, -5.650851327099316 ], [ 176.078279070739484, -5.650579931983738 ], [ 176.078222873621627, -5.650412063573572 ], [ 176.078175667422101, -5.650308409567491 ], [ 176.077988476764631, -5.650036754158968 ], [ 176.077952670987372, -5.649986748983195 ], [ 176.077784170251476, -5.649765071543891 ], [ 176.077682352721297, -5.649634755714576 ], [ 176.077550753484616, -5.649493342662638 ], [ 176.077411917328675, -5.649356977660084 ], [ 176.077261111449928, -5.649221524420709 ], [ 176.077141410421376, -5.649124543739685 ], [ 176.076921701669193, -5.648949627006497 ], [ 176.07687086853818, -5.648914341062836 ], [ 176.076600257193547, -5.64874812867825 ], [ 176.076488371177334, -5.648677580165754 ], [ 176.076329641030355, -5.648585063611396 ], [ 176.076059042139377, -5.64841120136861 ], [ 176.076050724702924, -5.648405526201644 ], [ 176.075788402035784, -5.648263451908315 ], [ 176.075600937833229, -5.648133452658024 ], [ 176.075517819552175, -5.648079451842685 ], [ 176.075247222436815, -5.647904793551939 ], [ 176.075185389236481, -5.647861433322538 ], [ 176.074976621560154, -5.647732616318745 ], [ 176.074779997424514, -5.647589429920997 ], [ 176.074706068148174, -5.647530630518339 ], [ 176.074435481259627, -5.647349863335813 ], [ 176.074387932676927, -5.647317447521739 ], [ 176.074164871871261, -5.64718338319495 ], [ 176.073970825049003, -5.647045425013157 ], [ 176.073894303533592, -5.646991154330049 ], [ 176.073623704016995, -5.646818675766466 ], [ 176.073560224409903, -5.646773412637886 ], [ 176.073353101698416, -5.646648069363921 ], [ 176.073122262393014, -5.646501356400684 ], [ 176.073082503859638, -5.646474751123626 ], [ 176.072811859239437, -5.646330974126598 ], [ 176.072648864257303, -5.646229243363559 ], [ 176.07254125460085, -5.646162142596319 ], [ 176.072270603802622, -5.646022443336412 ], [ 176.072161013074236, -5.645957106940846 ], [ 176.071999964232987, -5.645875776182681 ], [ 176.071729343560406, -5.645717327210943 ], [ 176.071680775132961, -5.64568498233789 ], [ 176.071458775181128, -5.645526122200458 ], [ 176.07127272264799, -5.645412972732212 ], [ 176.071188166186658, -5.645360547750201 ], [ 176.070917533824456, -5.645209752518592 ], [ 176.070789860349208, -5.645140843336161 ], [ 176.070646904211145, -5.645057328164885 ], [ 176.070376211869615, -5.644944373078968 ], [ 176.070204208721179, -5.644868549235506 ], [ 176.070105536696502, -5.644820721506666 ], [ 176.069834853223256, -5.644702358861429 ], [ 176.069599910545804, -5.644596224793657 ], [ 176.069564177159634, -5.644579428589608 ], [ 176.069293471936675, -5.644474862275803 ], [ 176.069022761106993, -5.644373882035173 ], [ 176.068895447140648, -5.644323739424563 ], [ 176.068752062059275, -5.644265588617407 ], [ 176.068481335923764, -5.644174338472924 ], [ 176.06821062789902, -5.644071810137078 ], [ 176.068160934326272, -5.64405120515285 ], [ 176.067939909320529, -5.643975960319165 ], [ 176.067669145330854, -5.643908602487666 ], [ 176.067398395876921, -5.643832199756153 ], [ 176.067246944884687, -5.643778382208335 ], [ 176.067127675915515, -5.643737402702469 ], [ 176.066856922124316, -5.643663830080979 ], [ 176.066586168861676, -5.643589981600909 ], [ 176.066343132345565, -5.64350557430302 ], [ 176.066315447051949, -5.643496527170405 ], [ 176.066044700768487, -5.643418432221195 ], [ 176.065773942140936, -5.643348106192218 ], [ 176.065503214281193, -5.643258616349724 ], [ 176.065435544679474, -5.643232759061898 ], [ 176.065232486250579, -5.643169296532521 ], [ 176.06496170730324, -5.643111823342124 ], [ 176.064690921211849, -5.643058853974081 ], [ 176.064420147673928, -5.642998095883287 ], [ 176.064237680128883, -5.642959475570859 ], [ 176.064149363735993, -5.642943871660322 ], [ 176.063878541762108, -5.642913407503552 ], [ 176.063607709608306, -5.642889319253732 ], [ 176.063336881746153, -5.64286258331222 ], [ 176.063066052975984, -5.642836441268303 ], [ 176.062795224833309, -5.642809936271636 ], [ 176.0625243967188, -5.642783441802293 ], [ 176.062253592145737, -5.642742321798667 ], [ 176.062023479081404, -5.642684551651712 ], [ 176.061982827087064, -5.642676648832863 ], [ 176.061712015432221, -5.64264001405598 ], [ 176.061441181849915, -5.642617050530458 ], [ 176.061170340089319, -5.642599197953428 ], [ 176.060899475598717, -5.642595497031566 ], [ 176.060628599483323, -5.642599034745499 ], [ 176.060357710565711, -5.642610536283081 ], [ 176.060086792402444, -5.642640206706085 ], [ 176.059883337163228, -5.642681096342098 ], [ 176.059815825086503, -5.642700389293383 ], [ 176.059544766555149, -5.642817163424756 ], [ 176.059357756991574, -5.642951603529559 ], [ 176.059273521676687, -5.64304950175295 ], [ 176.05917690837677, -5.643222667944138 ], [ 176.05912063095704, -5.643493933829935 ], [ 176.059103544561395, -5.643765263112012 ], [ 176.059118583571149, -5.644036644370286 ], [ 176.05916883101554, -5.644308082598175 ], [ 176.059242949524901, -5.644579559450887 ], [ 176.059270939933754, -5.644651124216813 ], [ 176.059355764269185, -5.644851098910393 ], [ 176.059459326868222, -5.645122623394982 ], [ 176.059540810854571, -5.645271761965979 ], [ 176.059616203234754, -5.645394234116811 ], [ 176.059755886099936, -5.645665817008963 ], [ 176.059810872433417, -5.645774397436504 ], [ 176.059917231718998, -5.645937434920489 ], [ 176.06008111310615, -5.646166137856778 ], [ 176.06011613162633, -5.646209113534525 ], [ 176.060351541652494, -5.646441460466309 ], [ 176.06038719756782, -5.646480908774511 ], [ 176.060621945426306, -5.646732323319736 ], [ 176.060641966261187, -5.646752677587673 ], [ 176.060892424064463, -5.646976854385215 ], [ 176.060952109704346, -5.647024535800255 ], [ 176.061162972016035, -5.647178468209421 ], [ 176.061325641455312, -5.647296496279762 ], [ 176.061433533424406, -5.647371841873686 ], [ 176.06170416360618, -5.64752258632304 ], [ 176.061772438971985, -5.647568574865694 ], [ 176.061974765014128, -5.647691316112821 ], [ 176.06223129542434, -5.647840672634683 ], [ 176.06224538632793, -5.647847771921259 ], [ 176.062516067573114, -5.647967046125095 ], [ 176.062786720960958, -5.648103733012841 ], [ 176.062801965311422, -5.648112950460995 ], [ 176.063057326174203, -5.648270491479121 ], [ 176.063292003380724, -5.648385097830101 ], [ 176.063327990092972, -5.648400807486233 ], [ 176.063598693320699, -5.648506730508426 ], [ 176.063869460768871, -5.648572723773461 ], [ 176.064140221653616, -5.648642856699309 ], [ 176.064178498556288, -5.648657883550865 ], [ 176.064410941528564, -5.648738600828639 ], [ 176.064681691453103, -5.648815678704032 ], [ 176.064952391364216, -5.648924000001351 ], [ 176.064966408720807, -5.648930509399769 ], [ 176.065223107757049, -5.649022114543461 ], [ 176.065493838365171, -5.649111428076256 ], [ 176.065699674087369, -5.649203046421157 ], [ 176.065764518097808, -5.649232555158926 ], [ 176.066035222439837, -5.649338400439241 ], [ 176.066305909504649, -5.6494551061474 ], [ 176.066346423916059, -5.649475443588884 ], [ 176.066576602273159, -5.649568327615034 ], [ 176.06684730240346, -5.649677026065851 ], [ 176.066997004563973, -5.649747846285474 ], [ 176.067117974824981, -5.649803114184947 ], [ 176.067388675182741, -5.649911822962633 ], [ 176.067631126775666, -5.650020221932948 ], [ 176.067659354858961, -5.650033536951723 ], [ 176.067930055584156, -5.650142167315535 ], [ 176.068200739311038, -5.65026150568195 ], [ 176.068260472470456, -5.650292589320308 ], [ 176.068471406107761, -5.650391518010133 ], [ 176.068742113426737, -5.650496251689958 ], [ 176.068895126910974, -5.650564964629403 ], [ 176.06901279667602, -5.65061612728348 ], [ 176.069283499660798, -5.650723723195732 ], [ 176.06952648449851, -5.650837334057296 ], [ 176.069554172229829, -5.650850446210584 ], [ 176.069824876632453, -5.650957305804415 ], [ 176.070095579969518, -5.651064906332151 ], [ 176.07020001912494, -5.651109770418415 ], [ 176.070366277635088, -5.651176136121611 ], [ 176.070637008400496, -5.651266683771092 ], [ 176.070907708352763, -5.651376624522902 ], [ 176.070921186556433, -5.651382282303752 ], [ 176.071178438069751, -5.651467963799067 ], [ 176.07144917458146, -5.65155510308603 ], [ 176.07171453840084, -5.651654908793408 ], [ 176.071719887722935, -5.651656976846809 ], [ 176.071990615123354, -5.651749966719768 ], [ 176.072261344369821, -5.651841862575472 ], [ 176.072503100432613, -5.651927526666561 ], [ 176.072532068640584, -5.651936949868761 ], [ 176.072802837702483, -5.652003952556003 ], [ 176.073073646716836, -5.652045889048344 ], [ 176.073344478119452, -5.652073783416278 ], [ 176.073615322726482, -5.652093400639872 ], [ 176.073886137004024, -5.652132126289731 ], [ 176.074099752026285, -5.652201432700949 ], [ 176.074156875646679, -5.652218492050044 ], [ 176.074427650783349, -5.652281944116203 ], [ 176.074698429674811, -5.6523430808743 ], [ 176.074969129984339, -5.652453766750296 ], [ 176.075006837165347, -5.652474236458811 ], [ 176.07523980101081, -5.652582979339225 ], [ 176.075510465395041, -5.652716463882355 ], [ 176.075585049961603, -5.652746515409909 ], [ 176.075781196183272, -5.652808172717847 ], [ 176.076051983455812, -5.65286432669226 ], [ 176.076322764777217, -5.652924279847436 ], [ 176.076593541477791, -5.652987196058133 ], [ 176.076728314834753, -5.653019692728263 ], [ 176.076864326419383, -5.653044959964523 ], [ 176.077135122159348, -5.653095952713251 ], [ 176.077405930888148, -5.653138785153993 ], [ 176.077676779404896, -5.653156521380243 ], [ 176.077947720408133, -5.653115840062504 ], [ 176.078145009516277, -5.653021943921869 ] ], [ [ 176.11898049613049, -5.663397074911064 ], [ 176.119021044331703, -5.663125775349731 ], [ 176.118922829709618, -5.662854264849 ], [ 176.118845360717074, -5.662582785882073 ], [ 176.118889219403229, -5.662311491356009 ], [ 176.119025334183874, -5.662040337035113 ], [ 176.119107981601502, -5.661850174585481 ], [ 176.119141918774858, -5.661769152984075 ], [ 176.119108317293978, -5.661628481813391 ], [ 176.119069679334245, -5.661497681989757 ], [ 176.1188380317233, -5.661233647519758 ], [ 176.11882964412419, -5.661225955983769 ], [ 176.118567513784114, -5.660992426308465 ], [ 176.118518741678514, -5.660954122169896 ], [ 176.118296946563049, -5.660783877416867 ], [ 176.118168660402119, -5.660682228645471 ], [ 176.118026402148558, -5.660560415422459 ], [ 176.117771549371867, -5.660410263402724 ], [ 176.117755758296312, -5.660402678986636 ], [ 176.11748500071738, -5.660320034642355 ], [ 176.117214240589078, -5.660239133070593 ], [ 176.117014721140549, -5.660137750293335 ], [ 176.116943569324121, -5.660099734187665 ], [ 176.11667283032358, -5.660005053635434 ], [ 176.116402042033229, -5.659942904325376 ], [ 176.11613554313675, -5.659865049830373 ], [ 176.116131280100092, -5.659863451724308 ], [ 176.115860633336894, -5.659708253336158 ], [ 176.11571579888161, -5.659593048908429 ], [ 176.115590106479942, -5.659474255783095 ], [ 176.115426610356593, -5.659321246889072 ], [ 176.115319577381058, -5.659241879453799 ], [ 176.115048795107839, -5.659176157281165 ], [ 176.114777948875201, -5.659152539325234 ], [ 176.114507192039355, -5.659070189767086 ], [ 176.114464304045697, -5.659048417396457 ], [ 176.114236494553211, -5.658948903788217 ], [ 176.113965799648724, -5.658826006274077 ], [ 176.113873871418292, -5.658776154715054 ], [ 176.113695159642106, -5.658667141123404 ], [ 176.113424485130594, -5.658531035403454 ], [ 176.113375104510681, -5.658504031642687 ], [ 176.113153809949921, -5.658395461582486 ], [ 176.112893686904869, -5.658231934744642 ], [ 176.112883188400446, -5.658224788525975 ], [ 176.11261260211711, -5.658031092701783 ], [ 176.112521929006505, -5.657960005295519 ], [ 176.112342066550184, -5.657804260019746 ], [ 176.112157637066474, -5.657688087086063 ], [ 176.112071433880146, -5.657641235183846 ], [ 176.111800704452548, -5.65754173887662 ], [ 176.111529841957037, -5.657529509189819 ], [ 176.111258845834186, -5.657604833357246 ], [ 176.111095489860872, -5.657686460520697 ], [ 176.110987716600931, -5.657767289298542 ], [ 176.110772481180135, -5.657957326137866 ], [ 176.110716453158943, -5.658017508686255 ], [ 176.110569144467235, -5.658228375038553 ], [ 176.110444927107892, -5.658439419651477 ], [ 176.110420113100275, -5.658499507126141 ], [ 176.110309719873413, -5.658770698421738 ], [ 176.110173264733533, -5.658950223885156 ], [ 176.110100789907648, -5.659041738492751 ], [ 176.109924286519828, -5.659312828223728 ], [ 176.109906706186081, -5.659584161820311 ], [ 176.110172062120228, -5.659736793362007 ], [ 176.110442885444115, -5.659775233614002 ], [ 176.110713679287471, -5.659833001703289 ], [ 176.110768110853428, -5.659856843960239 ], [ 176.110984403979728, -5.659936082269556 ], [ 176.111255077790531, -5.660072551939568 ], [ 176.111343739176363, -5.660129087051759 ], [ 176.111525693478967, -5.660247181198945 ], [ 176.111739916574408, -5.660401054775685 ], [ 176.111796274680813, -5.660444517181038 ], [ 176.112066817482514, -5.660667142769943 ], [ 176.112073466033934, -5.660672926377585 ], [ 176.112337349631588, -5.660896890605674 ], [ 176.112385220990831, -5.660944764467481 ], [ 176.11260782659204, -5.661162965715071 ], [ 176.112669211745583, -5.661216559938951 ], [ 176.112878428333062, -5.661347371493973 ], [ 176.113149175130303, -5.661436740383637 ], [ 176.113395987438054, -5.661489032654996 ], [ 176.113419971794912, -5.661493452671292 ], [ 176.113690788166963, -5.661537276138796 ], [ 176.11396160538402, -5.661580584069613 ], [ 176.114232433216131, -5.661616959226041 ], [ 176.114503275823608, -5.661643662118728 ], [ 176.114774100188583, -5.661682382642538 ], [ 176.115029375993771, -5.66176288931691 ], [ 176.115044853861292, -5.661767610494811 ], [ 176.115315594212632, -5.661861661650398 ], [ 176.115586287051229, -5.661987033060601 ], [ 176.115656143692433, -5.66203520678114 ], [ 176.115856894048335, -5.66216896888916 ], [ 176.116050358913157, -5.662307169061132 ], [ 176.11612749135233, -5.662357402211629 ], [ 176.116398189906164, -5.662479306006361 ], [ 176.116668929164604, -5.662574491536469 ], [ 176.116679677909275, -5.66257948946874 ], [ 176.116939662460879, -5.662673673785215 ], [ 176.117210335106932, -5.662812888067833 ], [ 176.117273381383171, -5.662851755038981 ], [ 176.117480984502407, -5.662967520315497 ], [ 176.117751697547959, -5.663080296093236 ], [ 176.117848081301446, -5.663123991158971 ], [ 176.118022399494748, -5.66320047046515 ], [ 176.118293115902702, -5.663311190212892 ], [ 176.118463410365365, -5.663396288592577 ], [ 176.118563752432266, -5.663474692088802 ], [ 176.118834663070544, -5.663457394361638 ], [ 176.11898049613049, -5.663397074911064 ] ], [ [ 176.104040018406891, -5.659846487714122 ], [ 176.104212738132276, -5.659686861297724 ], [ 176.104311433724945, -5.659575546833844 ], [ 176.104450816953658, -5.659304401915389 ], [ 176.104484371718371, -5.659198175239318 ], [ 176.104520960694799, -5.6590331500385 ], [ 176.104562905254568, -5.658761854605465 ], [ 176.104633278366435, -5.658490603045712 ], [ 176.10475664148376, -5.658295526047269 ], [ 176.104771753489388, -5.658219456574256 ], [ 176.104756892705012, -5.658132176104984 ], [ 176.104486051215957, -5.658106542910688 ], [ 176.104457507609425, -5.658218971496132 ], [ 176.104426626753906, -5.658490284007637 ], [ 176.104279412806505, -5.65876141686316 ], [ 176.104214109291974, -5.658796004842577 ], [ 176.10405853232831, -5.659032435861664 ], [ 176.103942658748537, -5.659165823807022 ], [ 176.103861318270219, -5.659303491311527 ], [ 176.10368620929313, -5.659574580828883 ], [ 176.103671073245152, -5.659623034038278 ], [ 176.103627905375191, -5.659845850830313 ], [ 176.10367060997001, -5.659923817930554 ], [ 176.103941495438988, -5.659921368366614 ], [ 176.104040018406891, -5.659846487714122 ] ], [ [ 176.136255201935057, -5.700464027209098 ], [ 176.136251674240668, -5.700328340872936 ], [ 176.136224498545062, -5.700192619064343 ] ], [ [ 176.131752788685048, -5.68797461173145 ], [ 176.131717297514882, -5.687838877388761 ], [ 176.131651397126006, -5.687567416349181 ], [ 176.131603718151212, -5.687295982726636 ], [ 176.131569552740956, -5.687024569438031 ], [ 176.131534100736388, -5.686753154213869 ], [ 176.131531412704931, -5.686740228197795 ], [ 176.13147574620865, -5.686481704529311 ], [ 176.131415714788744, -5.686210252321384 ], [ 176.131370371090156, -5.685938822214494 ], [ 176.131330978972557, -5.685667401063526 ], [ 176.131290647713769, -5.685395978499817 ], [ 176.131262752963693, -5.685249028009704 ], [ 176.131235383080792, -5.685124533465683 ], [ 176.131163044071684, -5.684853062738219 ], [ 176.131090500117324, -5.684581591701047 ], [ 176.131026780878443, -5.684310133942951 ], [ 176.130993436426337, -5.68419632587426 ], [ 176.130941829771047, -5.684038644231281 ], [ 176.130851583041789, -5.683767146546458 ], [ 176.130782390948838, -5.683495680547804 ], [ 176.130723940127496, -5.683263939171256 ], [ 176.130712252970312, -5.683224213124477 ], [ 176.130610391031638, -5.682952697947922 ], [ 176.130517418366452, -5.682681196146969 ], [ 176.130454214106607, -5.682485117483743 ], [ 176.13042566984339, -5.682409696184637 ], [ 176.130327392697723, -5.682138186389166 ], [ 176.130239237263424, -5.681866691828043 ], [ 176.130184508963566, -5.681692771312324 ], [ 176.130148644316563, -5.681595193593306 ], [ 176.130058081187201, -5.681323695399633 ], [ 176.129976285607285, -5.681052210404983 ], [ 176.129914862990631, -5.680861391696511 ], [ 176.129884485904483, -5.680780710342191 ], [ 176.129788936384529, -5.680509204627959 ], [ 176.129699240232355, -5.680237707725003 ], [ 176.129645102501399, -5.68010671307148 ], [ 176.129585326195894, -5.679966174340427 ], [ 176.129493951116359, -5.679694674899047 ], [ 176.129417918096209, -5.679423198565335 ], [ 176.129375394362313, -5.679317544166666 ], [ 176.129310005807753, -5.679151674203914 ], [ 176.12920909052454, -5.678880160377123 ], [ 176.129105553857215, -5.678616922545952 ], [ 176.129101965797673, -5.678608637188567 ], [ 176.128991212930714, -5.678337108525802 ], [ 176.128899233036293, -5.678065608145326 ], [ 176.128835717265332, -5.677914056037054 ], [ 176.128784274748881, -5.677794073131014 ], [ 176.128678632103259, -5.677522552148225 ], [ 176.128584198509827, -5.677251048053988 ], [ 176.128565888208271, -5.677206534790017 ], [ 176.128481358541478, -5.676979531283648 ], [ 176.128389237215373, -5.676708030665376 ], [ 176.128296076570791, -5.676487781743413 ], [ 176.128272897504758, -5.676436493531726 ], [ 176.12817505956545, -5.676164984284262 ], [ 176.128099467097314, -5.675893508573058 ], [ 176.128026400575294, -5.675679125340134 ], [ 176.128005132522986, -5.675622004600127 ], [ 176.12790006673103, -5.675350484440518 ], [ 176.127801947608134, -5.675078974750374 ], [ 176.127756570785237, -5.674973200997871 ], [ 176.127684422626317, -5.674807435787503 ], [ 176.12758086518329, -5.674535917882497 ], [ 176.127486711636209, -5.674287170153613 ], [ 176.127476701881534, -5.674264399057325 ], [ 176.127363233317539, -5.673992866188459 ], [ 176.127271212395186, -5.673721365667923 ], [ 176.127216879411264, -5.673583585526803 ], [ 176.127161165101626, -5.67344983794642 ], [ 176.127054921942545, -5.673178315957094 ], [ 176.126954024299891, -5.672906802027121 ], [ 176.126947033358476, -5.6728895575532 ], [ 176.126845871092343, -5.672635277142278 ], [ 176.1267423014028, -5.672363759167546 ], [ 176.12667711419661, -5.672244496220733 ], [ 176.12659618826558, -5.672092176974436 ], [ 176.126466716704783, -5.671820619883801 ], [ 176.12640702457233, -5.6717130883415 ], [ 176.126317889925332, -5.671549033559822 ], [ 176.126194946263695, -5.671277486296423 ], [ 176.126136977427507, -5.671153740250412 ], [ 176.126063392993586, -5.671005926021494 ], [ 176.125947088684541, -5.670734388761093 ], [ 176.125866960869615, -5.670574371694945 ], [ 176.125808675549195, -5.670462818100888 ], [ 176.125682676489419, -5.670191266175787 ], [ 176.125596929598657, -5.67000508919457 ], [ 176.125552336022338, -5.669919707680638 ], [ 176.125422266793009, -5.669648149582036 ], [ 176.125326857278338, -5.669463378693452 ], [ 176.125277041761393, -5.669376568571091 ], [ 176.125129020935617, -5.669104983317205 ], [ 176.125056683436895, -5.668989378315608 ], [ 176.124961509852454, -5.668833368588139 ], [ 176.124826135977003, -5.668561802408261 ], [ 176.1247865443504, -5.668492570462734 ], [ 176.12467060507015, -5.668290205742657 ], [ 176.124526818518035, -5.668018626811095 ], [ 176.124516397159994, -5.668001417643044 ], [ 176.124366869547686, -5.667747023423307 ], [ 176.124246234954569, -5.667520502226451 ], [ 176.124218075135047, -5.667475436880442 ], [ 176.124062157084353, -5.66720383954396 ], [ 176.12397601409802, -5.667078767585741 ], [ 176.123877564697267, -5.66693219881016 ], [ 176.123713284626461, -5.666660588772684 ], [ 176.123705777764002, -5.66664755004959 ], [ 176.123551334331154, -5.666388982234881 ], [ 176.123435572481725, -5.666195986927374 ], [ 176.123384732603938, -5.666117368633295 ], [ 176.123218867280769, -5.665845756119739 ], [ 176.123165347043141, -5.665758042542386 ], [ 176.123049914571965, -5.665574138906339 ], [ 176.122900668500023, -5.665302551500847 ], [ 176.1228951618628, -5.665293662548955 ], [ 176.122725692094832, -5.665030925115633 ], [ 176.12262486696693, -5.66490225018975 ], [ 176.12252506776602, -5.664759259857724 ], [ 176.122354556019815, -5.664521699112796 ], [ 176.122330771424487, -5.664487604141848 ], [ 176.122171315262847, -5.66421600116788 ], [ 176.122084352316364, -5.664070335364171 ], [ 176.122001654105759, -5.663944382708315 ], [ 176.121842709248313, -5.663672780460063 ], [ 176.121814140409526, -5.66362465884629 ], [ 176.121661025058245, -5.663401143725189 ], [ 176.121543796370446, -5.663266714067187 ], [ 176.121423675476962, -5.6631294225742 ], [ 176.121273375750889, -5.662959667803715 ], [ 176.121198583495016, -5.662857719943367 ], [ 176.121097283673549, -5.662586204981586 ], [ 176.121159924468827, -5.662314938600812 ], [ 176.121274705830501, -5.662079234173524 ], [ 176.121292896400519, -5.662043778819561 ], [ 176.121290730137332, -5.661772414158071 ], [ 176.121275209247784, -5.661745965556955 ], [ 176.121146264817014, -5.661500833788152 ], [ 176.121005027871206, -5.661281063027369 ], [ 176.12073408439926, -5.661320703329118 ], [ 176.120549036373063, -5.66149992808916 ], [ 176.120462797679039, -5.661587374353806 ], [ 176.12027875555134, -5.661770879312725 ], [ 176.120191502117535, -5.661859727127175 ], [ 176.120028850649589, -5.662041861301223 ], [ 176.119920149482795, -5.662169635178165 ], [ 176.119829645215248, -5.662312920131714 ], [ 176.119648658757455, -5.662570586971504 ], [ 176.11963862213733, -5.662583991290703 ], [ 176.119445141451479, -5.662855058623035 ], [ 176.119377167158092, -5.662971853311262 ], [ 176.119201435954039, -5.663126049532312 ], [ 176.119142458330344, -5.663397321107768 ], [ 176.119187482383722, -5.663668750752104 ], [ 176.11930799615115, -5.663940295131558 ], [ 176.1193755069323, -5.66406826042661 ], [ 176.1194343409081, -5.664211848361946 ], [ 176.119518487388319, -5.66448333745808 ], [ 176.119568055405409, -5.664754774008159 ], [ 176.119597159800435, -5.665026179462602 ], [ 176.119640894618499, -5.66529760714973 ], [ 176.119644513682545, -5.665308615744377 ], [ 176.119740732178684, -5.665569120087631 ], [ 176.119836614391232, -5.665840627010468 ], [ 176.119907628117431, -5.666112096145437 ], [ 176.119914144431192, -5.666137340138065 ], [ 176.11999234314294, -5.666383586095572 ], [ 176.120090576047119, -5.666655096579169 ], [ 176.120184011638116, -5.666810258466593 ], [ 176.120259443683523, -5.666926714352912 ], [ 176.120394972363329, -5.667198281465231 ], [ 176.120454132183312, -5.667316129618658 ], [ 176.120537786220979, -5.66746985962625 ], [ 176.120692115963834, -5.667741455256154 ], [ 176.120724301586733, -5.667789988739682 ], [ 176.120884650076505, -5.668013108866243 ], [ 176.120994584947795, -5.66818877975151 ], [ 176.121053068446315, -5.668284725831668 ], [ 176.121102183904753, -5.668556161688754 ], [ 176.1210901486034, -5.668827504721315 ], [ 176.121070826853327, -5.669098836687716 ], [ 176.121044173266, -5.669370157516753 ], [ 176.120992387867517, -5.669641000847935 ], [ 176.120992310190246, -5.669641440060588 ], [ 176.120923015689442, -5.669912696118817 ], [ 176.12083886413518, -5.670183929591426 ], [ 176.12076409687478, -5.67045517729221 ], [ 176.12072936814269, -5.670726485795905 ], [ 176.12074022851931, -5.670997863550806 ], [ 176.120793553634655, -5.67126930581768 ], [ 176.120885597765067, -5.671540806903845 ], [ 176.120989218211434, -5.671735406933672 ], [ 176.121050744795554, -5.671812419025109 ], [ 176.121259739668574, -5.671977931511411 ], [ 176.121447771217476, -5.672084383220986 ], [ 176.1215303935397, -5.672133082442862 ], [ 176.121800968299283, -5.672340645090626 ], [ 176.121817671272538, -5.672356306029964 ], [ 176.122071515476193, -5.672566583072587 ], [ 176.122158562789991, -5.672628184642606 ], [ 176.122342155028207, -5.672731554211675 ], [ 176.122612812895653, -5.672884515289436 ], [ 176.122631590970599, -5.672900263492228 ], [ 176.122850606064873, -5.67317195696033 ], [ 176.122883182079676, -5.673228660869656 ], [ 176.123000862921657, -5.673443546145267 ], [ 176.123153391923609, -5.673678502166612 ], [ 176.123181416136021, -5.673715181231104 ], [ 176.123370931262144, -5.673986829865259 ], [ 176.123423689163985, -5.674070724081799 ], [ 176.123534204220874, -5.674258438699625 ], [ 176.123693919082655, -5.674507764935178 ], [ 176.123713516683068, -5.674530071808714 ], [ 176.123964469206499, -5.674732911506598 ], [ 176.124046062285345, -5.674801936975507 ], [ 176.124234989698465, -5.674977838547594 ], [ 176.12432406883093, -5.675073719422271 ], [ 176.124505340579191, -5.675335351179593 ], [ 176.1245127868998, -5.675345366612468 ], [ 176.124665835175847, -5.675616959775748 ], [ 176.12476443842786, -5.675888470516176 ], [ 176.124775329458316, -5.675933090129286 ], [ 176.124835483277479, -5.676159939542934 ], [ 176.124862955144323, -5.676431342622366 ], [ 176.124867452541025, -5.676702710928958 ], [ 176.124866802993296, -5.676974071443076 ], [ 176.124874725760833, -5.677245444930583 ], [ 176.124927759682635, -5.677516886702157 ], [ 176.125043501579967, -5.677735786711887 ], [ 176.125084427725227, -5.677788485331255 ], [ 176.125313993004937, -5.678001142915782 ], [ 176.125378158933245, -5.678060291336319 ], [ 176.125584443229826, -5.678293993660145 ], [ 176.125612459984154, -5.678332007334165 ], [ 176.125769319980606, -5.678603606142982 ], [ 176.125854638617682, -5.678756108875778 ], [ 176.125923869077212, -5.678875201434331 ], [ 176.126012335532067, -5.679146696775541 ], [ 176.126023768585583, -5.679418075622293 ], [ 176.125986016245577, -5.679689380081183 ], [ 176.125942484341778, -5.679960675787804 ], [ 176.125896497530562, -5.680231967768884 ], [ 176.125852252094091, -5.680339329764672 ], [ 176.125780503765299, -5.68050315382185 ], [ 176.125580721208593, -5.680762427851835 ], [ 176.125569189526914, -5.680774195580012 ], [ 176.125309458324637, -5.681007611656786 ], [ 176.125266033792116, -5.68104509818564 ], [ 176.125038234846926, -5.681226535733892 ], [ 176.124934980843193, -5.6813159583322 ], [ 176.124767014150308, -5.681443486393754 ], [ 176.124521078612247, -5.68158669269109 ], [ 176.124495879368823, -5.68160342046866 ], [ 176.124224764872451, -5.681749836892111 ], [ 176.123953722785132, -5.681848259448147 ], [ 176.123894998914039, -5.681857104940781 ], [ 176.123682753179963, -5.681898686826225 ], [ 176.123411916204418, -5.6818613905633 ], [ 176.123400099770549, -5.681856354160837 ], [ 176.123141175672316, -5.681760372564556 ], [ 176.122904636970532, -5.681584240788794 ], [ 176.122870595554815, -5.681553409483621 ], [ 176.12261218819927, -5.681312435410352 ], [ 176.122600085127885, -5.681300532511125 ], [ 176.122360345018819, -5.681040691606597 ], [ 176.122329644969369, -5.681001396282253 ], [ 176.122147974060169, -5.680769007699939 ], [ 176.122059283227998, -5.680650654729297 ], [ 176.121943791176989, -5.680497336186043 ], [ 176.121788966349186, -5.680270500194053 ], [ 176.121754674221506, -5.680225687525409 ], [ 176.121575526948959, -5.679954053982714 ], [ 176.121518699689432, -5.67985741806544 ], [ 176.121399906542678, -5.679682425769773 ], [ 176.121248331950682, -5.679511278156957 ], [ 176.121159003786261, -5.679410698255066 ], [ 176.120991409515369, -5.679139082172771 ], [ 176.120978043642452, -5.679112937266123 ], [ 176.120829735976201, -5.678867475069633 ], [ 176.120707727325112, -5.678733301484309 ], [ 176.120571199204136, -5.678595720572653 ], [ 176.12043722242521, -5.678478246809571 ], [ 176.120259581060395, -5.678323885208964 ], [ 176.120166688104064, -5.678242746785134 ], [ 176.119980917117289, -5.678052099889224 ], [ 176.119896256911829, -5.677939423059609 ], [ 176.119778295851205, -5.677780430264577 ], [ 176.11962589687036, -5.67758939877129 ], [ 176.119561735048904, -5.677508739366356 ], [ 176.11939212591426, -5.677237119933435 ], [ 176.119355615853266, -5.677187521285159 ], [ 176.119084986061637, -5.677015581867352 ], [ 176.118998963092594, -5.6769651598672 ], [ 176.11881434141381, -5.676853537237145 ], [ 176.118652065753366, -5.676693270112779 ], [ 176.118543881768403, -5.676569824596878 ], [ 176.118411706358984, -5.676421542641703 ], [ 176.118273468720929, -5.676255619605944 ], [ 176.118192755173709, -5.676149847750028 ], [ 176.118066594157341, -5.675878294327491 ], [ 176.118003487207062, -5.675657682978093 ], [ 176.117984831417857, -5.675606808610316 ], [ 176.11789931914501, -5.675335317171871 ], [ 176.117803721586483, -5.675063810347081 ], [ 176.117733677084487, -5.674947317172886 ], [ 176.117631299833761, -5.674792186321532 ], [ 176.117493005086914, -5.674520614337069 ], [ 176.117463550041577, -5.674445748433098 ], [ 176.117369851739255, -5.674249065441233 ], [ 176.117196006548738, -5.673977439175068 ], [ 176.117193376520646, -5.673975016644079 ], [ 176.116922697464389, -5.673836873265315 ], [ 176.116651929916259, -5.673756977956386 ], [ 176.116553120498878, -5.673705096771622 ], [ 176.116381255836046, -5.673615737206384 ], [ 176.116211356461662, -5.673433213838264 ], [ 176.116111085651653, -5.673161699747321 ], [ 176.116111058230899, -5.673161637627075 ], [ 176.115840513505759, -5.672935735282702 ], [ 176.115620106004741, -5.6728895885647 ], [ 176.115569707510872, -5.672881491138882 ], [ 176.115299053069748, -5.67272783193571 ], [ 176.115183161171473, -5.672617559668203 ], [ 176.11502870623903, -5.672372449979775 ], [ 176.115011216902275, -5.67234593587039 ], [ 176.114915322510427, -5.672074428371073 ], [ 176.11487374548426, -5.671803003950997 ], [ 176.114847294969252, -5.671531602668039 ], [ 176.11481666172682, -5.671260194987719 ], [ 176.114759818651947, -5.671059988127657 ], [ 176.114734597239504, -5.670988708642051 ], [ 176.114579047113693, -5.670717109882523 ], [ 176.11448959131215, -5.670626877239106 ], [ 176.114218875651574, -5.670514228902367 ], [ 176.113948026486781, -5.670489177761565 ], [ 176.113677151435127, -5.670481119318245 ], [ 176.113406275155313, -5.670473883197363 ], [ 176.113135416086436, -5.670455392187386 ], [ 176.113093013920718, -5.670443473975205 ], [ 176.112864624234419, -5.670392915252315 ], [ 176.112593938761904, -5.670260856864854 ], [ 176.112481850035437, -5.670171176520185 ], [ 176.112323431084178, -5.670012542250463 ], [ 176.112226472959776, -5.669899424256657 ], [ 176.112103736083441, -5.669627875368216 ], [ 176.112053347150265, -5.669487151232454 ], [ 176.111992700437042, -5.669356344417436 ], [ 176.111783028739524, -5.669115417320922 ], [ 176.111714253891449, -5.669084556626931 ], [ 176.111512275951242, -5.669027949249171 ], [ 176.111241422830005, -5.669006135336572 ], [ 176.110970584314174, -5.668974802544999 ], [ 176.110699775672231, -5.668923984187642 ], [ 176.110428940368053, -5.668890623046453 ], [ 176.110157939850126, -5.668965167567658 ], [ 176.110082468375481, -5.669082050701395 ], [ 176.110088982524104, -5.669353421216968 ], [ 176.110157021689844, -5.669564622314755 ], [ 176.110181969481232, -5.669624924652832 ], [ 176.110312694466842, -5.669896486086526 ], [ 176.110427024520249, -5.670141779427277 ], [ 176.110441740057865, -5.670168044926355 ], [ 176.110588684408725, -5.670439631257054 ], [ 176.110697228941177, -5.670587578043153 ], [ 176.110790138024186, -5.670711301315413 ], [ 176.110954386198244, -5.67098291418009 ], [ 176.110967474512591, -5.671006742814797 ], [ 176.111126927633336, -5.671254539757029 ], [ 176.111237742855877, -5.67141126460813 ], [ 176.111335111583031, -5.671526220038591 ], [ 176.11150814781368, -5.671726726897184 ], [ 176.111572641976721, -5.67179794532802 ], [ 176.111778565949976, -5.672033761081549 ], [ 176.111813903725619, -5.67206967627922 ], [ 176.112049079452845, -5.67227861601256 ], [ 176.112118320767934, -5.672341504074894 ], [ 176.112319620169558, -5.672505821901096 ], [ 176.112432070360228, -5.672613346068143 ], [ 176.112590123447887, -5.672757664977621 ], [ 176.112730998282785, -5.672885165204744 ], [ 176.112860638236526, -5.673002130493206 ], [ 176.113036118958348, -5.673156993721782 ], [ 176.113131150831578, -5.67324818343678 ], [ 176.113313276636063, -5.673428779261888 ], [ 176.113401625191841, -5.673519424206449 ], [ 176.113564122291024, -5.67370052438898 ], [ 176.113672071769855, -5.673809026369565 ], [ 176.113822996721296, -5.673972281740814 ], [ 176.113942518100487, -5.674098965475168 ], [ 176.114087650642716, -5.674244047863424 ], [ 176.114212984657598, -5.674375825641492 ], [ 176.114350380780536, -5.674515810955083 ], [ 176.1144834342129, -5.674663998140455 ], [ 176.114597190816028, -5.674787549592241 ], [ 176.114753876817161, -5.674956902128289 ], [ 176.114846611177171, -5.675059292152281 ], [ 176.11501039132682, -5.675330903593367 ], [ 176.115024159805159, -5.675354655236281 ], [ 176.115189078767713, -5.675602537817849 ], [ 176.115294456500379, -5.675743645515877 ], [ 176.115405512820757, -5.675874229753238 ], [ 176.115564936915007, -5.676012324065558 ], [ 176.115742819487934, -5.67614610648792 ], [ 176.115835526454987, -5.676209551798001 ], [ 176.116106115193134, -5.676407432632641 ], [ 176.116119080282601, -5.67641804261963 ], [ 176.116376708827858, -5.676602225390051 ], [ 176.116484177673641, -5.67668996149998 ], [ 176.116647253724437, -5.676829155034239 ], [ 176.11680885700747, -5.676961818459686 ], [ 176.116917815213981, -5.677045326300491 ], [ 176.117135734773626, -5.677233678638577 ], [ 176.11718835423676, -5.677276398805096 ], [ 176.117454689499397, -5.67750552658198 ], [ 176.117458890780171, -5.677509246165616 ], [ 176.117729409155146, -5.677754185374997 ], [ 176.11775365102568, -5.67777734388042 ], [ 176.117999860398413, -5.678043427651698 ], [ 176.11800517157161, -5.67804908868152 ], [ 176.118253692959939, -5.678320828831882 ], [ 176.118270302154627, -5.678339086437666 ], [ 176.11849639464242, -5.678592560033129 ], [ 176.118540723503799, -5.678648351970508 ], [ 176.118717824334482, -5.678864258730213 ], [ 176.11881111095451, -5.678980114138311 ], [ 176.118927813583298, -5.679135939931135 ], [ 176.119081414447152, -5.679367345082662 ], [ 176.119111181915969, -5.679407580507371 ], [ 176.119323897302621, -5.67967926577336 ], [ 176.119351778301308, -5.679715053372133 ], [ 176.119547693734489, -5.679950967872661 ], [ 176.119622174428883, -5.680041710091621 ], [ 176.119779492838745, -5.680222682105498 ], [ 176.119892610912245, -5.680341974741779 ], [ 176.120023986935365, -5.680494415610132 ], [ 176.120162993797607, -5.6806777408987 ], [ 176.120237766802461, -5.680766102277694 ], [ 176.120433380573729, -5.681011141998108 ], [ 176.120455827514661, -5.681037795411307 ], [ 176.120690328842869, -5.681309513514476 ], [ 176.120703796597979, -5.681325457957819 ], [ 176.120907171207136, -5.681581204682113 ], [ 176.120974155315196, -5.681677755112746 ], [ 176.121105536079853, -5.681852867684946 ], [ 176.12124452626648, -5.682022190089201 ], [ 176.121329985960188, -5.682124570324634 ], [ 176.121514897060649, -5.682366932736651 ], [ 176.121538749036631, -5.682396249050067 ], [ 176.121740000707661, -5.682667916306045 ], [ 176.121785251219478, -5.68272285822166 ], [ 176.121970650988459, -5.682939628211527 ], [ 176.122055665471237, -5.683039324963977 ], [ 176.122203686850128, -5.683211343681293 ], [ 176.122326094504103, -5.683346222180405 ], [ 176.12244382702562, -5.683483069883329 ], [ 176.122596475466651, -5.683685053132081 ], [ 176.122655865734089, -5.683754753324837 ], [ 176.122866864926038, -5.684018472493568 ], [ 176.122873948012113, -5.684026445896258 ], [ 176.123116759481377, -5.684298175968302 ], [ 176.123137302428262, -5.68432034483202 ], [ 176.123352739344426, -5.684569895598377 ], [ 176.123407719554052, -5.684635868126719 ], [ 176.123580125798583, -5.684841602119072 ], [ 176.123678114629399, -5.684966159489688 ], [ 176.123804554654328, -5.685113304091743 ], [ 176.123948558884877, -5.685264126283404 ], [ 176.124057238806614, -5.685385048877985 ], [ 176.124218948964142, -5.685598109449943 ], [ 176.124265588252513, -5.685656726334705 ], [ 176.124464301414605, -5.6859283891283 ], [ 176.124489298540226, -5.685959089731183 ], [ 176.124688667666447, -5.686200090779712 ], [ 176.124759698465624, -5.686286962840916 ], [ 176.124914082807976, -5.686471793963658 ], [ 176.125030100933174, -5.686613349817147 ], [ 176.125142515522839, -5.68674350166312 ], [ 176.125300553443424, -5.686906798660314 ], [ 176.12539786740416, -5.687015250095214 ], [ 176.125570983066723, -5.687215584417778 ], [ 176.125636248516628, -5.687286972737476 ], [ 176.1258414209112, -5.687519111193891 ], [ 176.125878234653243, -5.687558700773247 ], [ 176.126111856875809, -5.687824068099067 ], [ 176.126117588819653, -5.687830424753918 ], [ 176.126340973724268, -5.688102124489504 ], [ 176.126382254169584, -5.688154841065899 ], [ 176.126565424412405, -5.688373825781247 ], [ 176.126652666326493, -5.688475958829295 ], [ 176.126805576244209, -5.688645550776736 ], [ 176.126923105517562, -5.688779343130566 ], [ 176.127044060685904, -5.68891727318123 ], [ 176.127193561680201, -5.689071654885766 ], [ 176.127297543620671, -5.689189018206155 ], [ 176.127463982507692, -5.689387589472997 ], [ 176.127530626031131, -5.689460732301814 ], [ 176.127637941162618, -5.689596575374643 ] ], [ [ 176.129736851374247, -5.692584724287509 ], [ 176.129819350608074, -5.692720529650237 ], [ 176.12989679259627, -5.692889518204312 ], [ 176.129956557512429, -5.692992098418469 ], [ 176.130107206162506, -5.69326368745258 ], [ 176.130167003590998, -5.693347091379535 ], [ 176.130205086136186, -5.693399515992126 ] ], [ [ 176.131383305163382, -5.69517498359066 ], [ 176.131467003725646, -5.695300951111753 ] ], [ [ 176.131653586216601, -5.695587283695217 ], [ 176.131728862195587, -5.695708388396577 ], [ 176.131788719438504, -5.69579838871162 ], [ 176.13181960172534, -5.69584420601218 ] ], [ [ 176.13192386659486, -5.69600027314371 ], [ 176.132058993966126, -5.696215396888184 ], [ 176.132085402420984, -5.696251649141596 ], [ 176.132175608358153, -5.696387465920421 ] ], [ [ 176.132194144164544, -5.696415373980964 ], [ 176.132265814335028, -5.696523282690945 ], [ 176.13232927578801, -5.696627786752216 ], [ 176.132437673788729, -5.696794903329369 ], [ 176.132569113195359, -5.697066463085144 ], [ 176.13259941572241, -5.697134983046193 ], [ 176.132710990167482, -5.697338038539647 ], [ 176.132803775151586, -5.697473859145351 ] ], [ [ 176.133004797048471, -5.697782018925496 ], [ 176.133067325171254, -5.697881298628641 ], [ 176.13313995493948, -5.697977296549601 ], [ 176.133169138551409, -5.69801713278585 ] ], [ [ 176.133275123026522, -5.698165832074313 ], [ 176.1334053167881, -5.698424530991494 ], [ 176.133410172823801, -5.698433317733868 ], [ 176.133505934708666, -5.698560363314467 ] ], [ [ 176.133545354872922, -5.698612661323158 ], [ 176.133608321739416, -5.69869619828741 ], [ 176.133680534240511, -5.698793847351121 ], [ 176.133804424345414, -5.698967855157544 ], [ 176.133950844426295, -5.699188777621207 ], [ 176.133987891335238, -5.699239492986615 ], [ 176.134103731549402, -5.699375348132808 ] ], [ [ 176.101145063163784, -5.664455126167027 ], [ 176.101225896159519, -5.664311608795469 ], [ 176.101262694170714, -5.664183948732125 ], [ 176.101282089472676, -5.663912618907145 ], [ 176.101283552005981, -5.663641261265714 ], [ 176.101227286358636, -5.663412123644572 ], [ 176.100956289825575, -5.663485485024111 ], [ 176.100815902511272, -5.663640535829913 ], [ 176.100684963345486, -5.663772174926573 ], [ 176.100589187623655, -5.663911543864036 ], [ 176.100526378962883, -5.664182806226588 ], [ 176.100637062230078, -5.664454337885655 ], [ 176.100683830847743, -5.664504444578272 ], [ 176.100954571251265, -5.66459706424617 ], [ 176.101145063163784, -5.664455126167027 ] ], [ [ 176.10717489438963, -5.671109958207634 ], [ 176.10719541053254, -5.671248488062504 ], [ 176.107445185356511, -5.671497885941037 ], [ 176.107483144607528, -5.67152029216413 ], [ 176.107715924480715, -5.671594368080123 ], [ 176.107806908840899, -5.671520791398708 ], [ 176.107987253997891, -5.671306550746026 ], [ 176.108014690540898, -5.671249751364246 ], [ 176.108123755678491, -5.670978559108982 ], [ 176.108259037833676, -5.670722653855909 ], [ 176.108266076353743, -5.670707418051852 ], [ 176.108338935632929, -5.670436169936856 ], [ 176.108352708135101, -5.670164830786359 ], [ 176.108259999838083, -5.670096038221932 ], [ 176.108197281975805, -5.670164591349676 ], [ 176.107988718332678, -5.670353096426442 ], [ 176.107895950406402, -5.670435487357665 ], [ 176.107717441380146, -5.670607035816537 ], [ 176.107574912198544, -5.670706352777674 ], [ 176.107446216978985, -5.670826626058106 ], [ 176.107175129407239, -5.670957078986769 ], [ 176.10714787610209, -5.670977054458985 ] ] ] } },
{ "type": "Feature", "properties": { "year": 2017, "certainty": "good", "eez_territory": "TUV" }, "geometry": { "type": "MultiLineString", "coordinates": [ [ [ 176.078046683419899, -5.653021787788768 ], [ 176.078218994550667, -5.652864573337074 ], [ 176.078287510998194, -5.652750811871377 ], [ 176.078327594231155, -5.652479517196258 ], [ 176.07831397619421, -5.65220813727181 ], [ 176.078322607763823, -5.651936792662062 ], [ 176.078360185901687, -5.651665493989664 ], [ 176.078371997587283, -5.651394154416334 ], [ 176.078340274804617, -5.651122745752533 ], [ 176.078308024935041, -5.650851336252849 ], [ 176.078285335966513, -5.650579941926113 ], [ 176.07823743827791, -5.650308507595883 ], [ 176.07822309582923, -5.65027154194857 ], [ 176.078102483655186, -5.650036935107327 ], [ 176.077952891401679, -5.649847391734706 ], [ 176.077874183804653, -5.649765214437478 ], [ 176.077682441897252, -5.649578387514678 ], [ 176.077594079435954, -5.649493411457065 ], [ 176.077443671683966, -5.649357493486364 ] ], [ [ 176.074570802593257, -5.647422656414657 ], [ 176.074435527664804, -5.647320621662283 ], [ 176.074431124786372, -5.647317516312691 ], [ 176.074164926968677, -5.647148673298987 ], [ 176.074005565791481, -5.647045480366393 ], [ 176.073894340133364, -5.646968103421359 ], [ 176.073623744811329, -5.646792989799523 ], [ 176.07359690442533, -5.646773471104092 ], [ 176.073353145596172, -5.646620436569915 ], [ 176.073164746223682, -5.646501424146479 ], [ 176.0730825449684, -5.646448880707079 ], [ 176.072811885503597, -5.646314450067017 ], [ 176.072658402927658, -5.646229258581482 ], [ 176.072541256964314, -5.646160656007425 ], [ 176.072270604203396, -5.646022191323629 ], [ 176.072152241697268, -5.645957092940225 ], [ 176.071999970642736, -5.645871746728496 ], [ 176.071729337732648, -5.645720989845581 ], [ 176.071677178924944, -5.645684976595044 ], [ 176.071458768190695, -5.64553051442144 ], [ 176.071274224505402, -5.645412975131487 ], [ 176.071188177775525, -5.645353268124835 ], [ 176.070917567061002, -5.645188880276026 ], [ 176.070825324036946, -5.645140900016528 ], [ 176.070646934566668, -5.645038270221324 ], [ 176.070376241570557, -5.644925731158762 ], [ 176.07025242210878, -5.644868626337648 ], [ 176.070105581598511, -5.644792546090221 ], [ 176.069834879934916, -5.644685602199631 ], [ 176.069612725263511, -5.644596245299498 ], [ 176.069564187180504, -5.644573144040206 ], [ 176.069293519846269, -5.644444824037302 ], [ 176.069022829604165, -5.644330947509099 ], [ 176.069005869146991, -5.644323916235668 ], [ 176.068752135718427, -5.644219431049657 ], [ 176.068481381025236, -5.644146084008074 ], [ 176.068210632494072, -5.644068932306503 ], [ 176.068160104066408, -5.644051203822346 ], [ 176.067939915095252, -5.643972344643054 ], [ 176.06766917594453, -5.643889439923962 ], [ 176.067398448705177, -5.643799141149796 ], [ 176.067341966594626, -5.643778534616185 ], [ 176.067127751316008, -5.643690231775141 ], [ 176.066857009263657, -5.643609330350004 ], [ 176.066586259344149, -5.64353340663286 ], [ 176.066503729200548, -5.643505832116889 ], [ 176.066315539128198, -5.643438971409144 ], [ 176.066044796490701, -5.64335861390355 ], [ 176.065774054231042, -5.643278078683759 ], [ 176.065645970527612, -5.643233097171965 ], [ 176.065503342672969, -5.64317842639204 ], [ 176.065232597406379, -5.643099890751053 ], [ 176.064961825409881, -5.643038098036013 ], [ 176.064691059939292, -5.642972280772668 ], [ 176.064650480485113, -5.64296013960103 ], [ 176.064420319014118, -5.642891200203801 ], [ 176.064149535562422, -5.642836702629418 ], [ 176.063878727200546, -5.642797781311522 ], [ 176.063607902634459, -5.642768996183413 ], [ 176.063337057253676, -5.642753211700506 ], [ 176.063066218938133, -5.642733047552733 ], [ 176.062795414451926, -5.642691838114041 ], [ 176.062762277778802, -5.642685742631325 ], [ 176.06252460880944, -5.642651385028032 ], [ 176.062253801060933, -5.642612278826072 ], [ 176.061983005287658, -5.642565755635972 ], [ 176.061712221311694, -5.642511932382205 ], [ 176.061441463547311, -5.642441850153822 ], [ 176.061330988695033, -5.642412077364238 ], [ 176.061170695279486, -5.642378351233077 ], [ 176.060899836054745, -5.642371440592473 ], [ 176.060628910239018, -5.642405927975384 ], [ 176.060604878202952, -5.64241090511549 ], [ 176.060357935511689, -5.642470793826342 ], [ 176.060086936812866, -5.642550521834453 ], [ 176.059815922669372, -5.642639804573033 ], [ 176.059715614086855, -5.642680825216502 ], [ 176.059544835653043, -5.64277427701979 ], [ 176.059361858894988, -5.642951610163731 ], [ 176.059273408402305, -5.6431197828861 ], [ 176.059238716959072, -5.643222767930531 ], [ 176.059191634824941, -5.6434940487031 ], [ 176.059173477744537, -5.643765376260464 ], [ 176.059181874402981, -5.644036746775324 ], [ 176.059223517144716, -5.644308171080618 ], [ 176.059271188201535, -5.644497127694911 ], [ 176.059299039181553, -5.644579650201334 ], [ 176.059400626964901, -5.644851171491313 ], [ 176.059507295909469, -5.645122700996496 ], [ 176.05954095282604, -5.645183684342592 ], [ 176.059665455414375, -5.64539431378455 ], [ 176.059811060567512, -5.64565765761758 ], [ 176.059816411175888, -5.645665914900663 ], [ 176.059975458719492, -5.645937529083761 ], [ 176.060081211313843, -5.646105185657269 ], [ 176.06015245880252, -5.646209172272981 ], [ 176.060341110616548, -5.646480834269883 ], [ 176.060351459595722, -5.646492400307817 ], [ 176.060621935494595, -5.646738490269821 ], [ 176.060637509668965, -5.646752670384873 ], [ 176.060892443312326, -5.646964899734431 ], [ 176.060961761401188, -5.647024551394923 ], [ 176.061162974336355, -5.647177026727185 ], [ 176.061306421917067, -5.64729646523632 ], [ 176.06143348498145, -5.647401944417931 ], [ 176.061690803136514, -5.647568443059429 ], [ 176.061704078677081, -5.647575375094357 ], [ 176.061974735023995, -5.647709961732881 ], [ 176.062199717822182, -5.647840621674507 ], [ 176.062245355709507, -5.647866813124595 ], [ 176.062516016928981, -5.647998549461739 ], [ 176.062703401211735, -5.64811279148106 ], [ 176.062786626435638, -5.648162548194667 ], [ 176.063057293378762, -5.648290902695632 ], [ 176.06323773376468, -5.648385010339071 ], [ 176.063327942672856, -5.648430328624134 ], [ 176.063598674949588, -5.648518170462199 ], [ 176.063869423153733, -5.648596153695665 ], [ 176.064047567332182, -5.648657672650558 ], [ 176.064140150525844, -5.648687173382038 ], [ 176.064410905781074, -5.648760879663742 ], [ 176.064681656939371, -5.648837194567271 ], [ 176.064909431660055, -5.64893041769927 ], [ 176.064952351471732, -5.64894887568575 ], [ 176.065223050178616, -5.649058028360806 ], [ 176.065493726475552, -5.649181236699523 ], [ 176.065539197441183, -5.649202788321481 ], [ 176.065764401540036, -5.649305295791881 ], [ 176.066035088798429, -5.649421825036798 ], [ 176.066148230190862, -5.649475125026722 ], [ 176.066305757663059, -5.649549917476846 ], [ 176.066576475910409, -5.649647251107961 ], [ 176.066792849479896, -5.64974751835348 ], [ 176.066847142073016, -5.649777191983901 ], [ 176.067117801034584, -5.649911718155194 ], [ 176.067372198126407, -5.650019806269513 ], [ 176.067388487921306, -5.650028876787765 ], [ 176.067659155301101, -5.650158310480243 ], [ 176.067929871335394, -5.650257400177482 ], [ 176.068017503773973, -5.650292199525794 ], [ 176.068200556028501, -5.650376165100634 ], [ 176.068471240880257, -5.650494910177112 ], [ 176.068626115298969, -5.65056453332169 ], [ 176.068741910707274, -5.650623138924125 ], [ 176.069012611370738, -5.650732145898425 ], [ 176.069272483005733, -5.650836927075458 ], [ 176.069283310171102, -5.650842393866899 ], [ 176.069553980692035, -5.650970431708764 ], [ 176.069824684449685, -5.651077728088345 ], [ 176.069897486931524, -5.651109285991956 ], [ 176.070095369247611, -5.65119698108087 ], [ 176.070366114662818, -5.651278310686913 ], [ 176.070636860796753, -5.651359248680577 ], [ 176.070699518407793, -5.651381927633844 ], [ 176.070907574724799, -5.651460447828985 ], [ 176.071178300001719, -5.651554596113281 ], [ 176.071449024309317, -5.651649418978447 ], [ 176.07146436540998, -5.651654508832287 ], [ 176.071719769046524, -5.651731482681174 ], [ 176.071990508526369, -5.651816907469259 ], [ 176.072261257252478, -5.651896585654629 ], [ 176.072374657744433, -5.651927321498465 ], [ 176.072532015806246, -5.651970147138242 ], [ 176.072802809159469, -5.652021891963653 ], [ 176.073073645402616, -5.652046715284151 ], [ 176.073344498016866, -5.652061270634854 ], [ 176.073615326630772, -5.652090944670547 ], [ 176.073886123417793, -5.652140675099188 ], [ 176.074142099259262, -5.6522015002249 ], [ 176.074156897257296, -5.652204890291311 ], [ 176.074427665475952, -5.652272693985525 ], [ 176.074698407424279, -5.652357093252262 ], [ 176.074969024775385, -5.652474176219406 ], [ 176.074969097517396, -5.652474218519629 ], [ 176.075239735673847, -5.652624147805886 ], [ 176.075510437402016, -5.652734106936137 ], [ 176.075543890226527, -5.652746449875568 ], [ 176.075781179210793, -5.652818872851688 ], [ 176.076051961532812, -5.652878151731656 ], [ 176.076322759233193, -5.652927777020143 ], [ 176.07659356817075, -5.652970353415481 ], [ 176.076864367823561, -5.653018827514106 ], [ 176.076869401370288, -5.653019917076296 ], [ 176.077135162055782, -5.653070764692707 ], [ 176.077405970051529, -5.65311405286309 ], [ 176.077676828415747, -5.653125561254448 ], [ 176.077947785346993, -5.653074805837705 ], [ 176.078046683419899, -5.653021787788768 ] ], [ [ 176.112206931442671, -5.657603895118443 ], [ 176.11211835832637, -5.657552346591677 ] ], [ [ 176.111665463283515, -5.65741105008942 ], [ 176.111530034425499, -5.657403390711552 ], [ 176.111498804846491, -5.657415717672342 ], [ 176.111258969045366, -5.657524123011074 ], [ 176.111051449181929, -5.657686393035099 ], [ 176.110987748049666, -5.6577466955657 ], [ 176.110716569130147, -5.657941592868701 ], [ 176.110703531746594, -5.657957220438543 ], [ 176.110498336332142, -5.658228266459776 ], [ 176.11044516319501, -5.658284932557187 ], [ 176.110229067121452, -5.658499214089215 ], [ 176.110173882129743, -5.658546372590505 ], [ 176.109967843954934, -5.658770173899146 ], [ 176.109902515662441, -5.658863499350032 ], [ 176.109832291460577, -5.659041326450204 ], [ 176.109817149777371, -5.659312663784273 ], [ 176.109901620991678, -5.65944850054622 ], [ 176.110022826234143, -5.659584340037448 ], [ 176.110172168419865, -5.659667272544526 ], [ 176.110442941668992, -5.659738451252526 ], [ 176.11071373179945, -5.65979863822974 ], [ 176.11084499510352, -5.659856961853575 ], [ 176.110984432345703, -5.659917514477422 ], [ 176.111255101047419, -5.660057324183499 ], [ 176.111360752436099, -5.6601291131249 ], [ 176.111525692770954, -5.660247644913681 ], [ 176.111717464715952, -5.660401020380736 ], [ 176.111796237442604, -5.660468912551135 ], [ 176.11202998641852, -5.660672859790398 ], [ 176.112066759666732, -5.660705028838104 ], [ 176.112337291646952, -5.660934897340887 ], [ 176.112347554895194, -5.660944706801165 ], [ 176.112607808881137, -5.661174577532238 ], [ 176.112662329765612, -5.661216549405782 ], [ 176.112878444306062, -5.661336896208755 ], [ 176.113149171204583, -5.661439315665284 ], [ 176.113297965647746, -5.661488882736465 ], [ 176.113419921954772, -5.661526157452537 ], [ 176.113690733702356, -5.661573026072584 ], [ 176.113961576922748, -5.661599271315615 ], [ 176.114232417194728, -5.661627481791297 ], [ 176.114503241689391, -5.661666087600976 ], [ 176.114774033424112, -5.661726258559837 ], [ 176.114893180260196, -5.661762681382975 ], [ 176.115044798806167, -5.661803801869053 ], [ 176.115315572613468, -5.661875864350281 ], [ 176.115586284476365, -5.661988726671852 ], [ 176.115654889330955, -5.662035204867483 ], [ 176.115856887060801, -5.662173566154446 ], [ 176.116032563795528, -5.662307141923403 ], [ 176.116127466812628, -5.662373551884673 ], [ 176.116398159490785, -5.66249932816441 ], [ 176.116619338609667, -5.662579397509663 ], [ 176.116668895311733, -5.662596783004603 ], [ 176.116939626094961, -5.662697626992747 ], [ 176.117210292170199, -5.662841177233275 ], [ 176.117226849138689, -5.662851684167174 ], [ 176.117480955012326, -5.662986955504674 ], [ 176.117731883700458, -5.663123814281904 ], [ 176.117751613914919, -5.663135429362558 ], [ 176.118022359434434, -5.663226886958823 ], [ 176.118293136674026, -5.663297489221729 ], [ 176.118563902562443, -5.66337563640736 ], [ 176.118834802377137, -5.66336545157125 ], [ 176.119057299135619, -5.663125830458992 ], [ 176.119047731299929, -5.662854454708799 ], [ 176.119021938488942, -5.662583054296588 ], [ 176.119057109978598, -5.662311746541669 ], [ 176.119107454980877, -5.662197939331668 ], [ 176.119188923386929, -5.662040585633329 ], [ 176.119324741882508, -5.661769430758147 ], [ 176.119330130829582, -5.661498077705573 ], [ 176.119171416214954, -5.661226475346634 ], [ 176.119109013073825, -5.661168957686786 ], [ 176.118838420494058, -5.660976951354815 ], [ 176.118804483033443, -5.660954556533957 ], [ 176.118567808178966, -5.660798096769903 ], [ 176.118379536861625, -5.660682549330909 ], [ 176.118297211773069, -5.660608860260386 ], [ 176.118085962983116, -5.660410741704489 ], [ 176.118026746571076, -5.660333184057725 ], [ 176.117756052467655, -5.660208655327633 ], [ 176.117485253303812, -5.660153487801952 ], [ 176.117441798647661, -5.660138400470228 ], [ 176.117214531796179, -5.660047176787999 ], [ 176.116943787826557, -5.659955744170768 ], [ 176.116673017156273, -5.659881969420336 ], [ 176.116606552272287, -5.659865767550454 ], [ 176.116402247869587, -5.659807340537996 ], [ 176.116131501760407, -5.659717508808826 ], [ 176.115898174549528, -5.659593326975291 ], [ 176.115860867676133, -5.65955400538834 ], [ 176.115663071422659, -5.659321607509368 ] ], [ [ 176.11559047062542, -5.65923462761227 ], [ 176.115319842822544, -5.65906725129747 ], [ 176.115205309200263, -5.659049548336772 ], [ 176.115049033593721, -5.659019309046333 ], [ 176.11477819096919, -5.658993366141263 ], [ 176.114507424595672, -5.658917332056549 ], [ 176.114236683620277, -5.658824666913789 ], [ 176.114127185023904, -5.658776541674564 ], [ 176.113965996861594, -5.658696453433835 ], [ 176.113695309774556, -5.658568543908658 ], [ 176.113538020466393, -5.65850428065259 ], [ 176.113424622981285, -5.658440529563071 ], [ 176.1132707243531, -5.65836819166233 ] ], [ [ 176.11301862041114, -5.658230547024809 ], [ 176.112883308385193, -5.658146056438631 ], [ 176.112815756272539, -5.658096135155288 ] ], [ [ 176.103944968230223, -5.659846340848563 ], [ 176.104212731139171, -5.659691404433964 ], [ 176.104334694529086, -5.659575582760015 ], [ 176.104482326294288, -5.65930445057128 ], [ 176.104484217605176, -5.659298334321825 ], [ 176.104574338912727, -5.659033232452369 ], [ 176.104732544619196, -5.658762116480313 ], [ 176.104755418898577, -5.658490791577153 ], [ 176.104621004771786, -5.658423083929607 ] ], [ [ 176.104347954018436, -5.658625842620562 ], [ 176.104252955392099, -5.658761376003047 ], [ 176.104214127033487, -5.658784477088511 ], [ 176.103990524892282, -5.659032330799518 ], [ 176.103942797024246, -5.659076009901876 ], [ 176.103791856990597, -5.659303383974609 ], [ 176.103671288787922, -5.659483086175181 ], [ 176.103600863119595, -5.659574448912227 ], [ 176.103670832598169, -5.659779277417055 ], [ 176.10391790101292, -5.659846299023151 ], [ 176.103941608597353, -5.659847878934304 ], [ 176.103944968230223, -5.659846340848563 ] ], [ [ 176.134858501614474, -5.696662862304545 ], [ 176.134806012171339, -5.69652710247953 ], [ 176.134767622845089, -5.696468594938466 ], [ 176.134623450253173, -5.696255466317071 ], [ 176.134497299104083, -5.696082971180485 ], [ 176.134423625721865, -5.695983804190925 ], [ 176.134262742917429, -5.695712200523269 ], [ 176.134227047791597, -5.695649199392619 ], [ 176.134111789992829, -5.695440611750215 ], [ 176.133983689916505, -5.695169057295746 ], [ 176.133956945729494, -5.69511601477828 ], [ 176.133845728628842, -5.694897488009316 ], [ 176.133744745262703, -5.694625974281422 ], [ 176.133686991475059, -5.694484445376713 ], [ 176.133630356664781, -5.694354440399612 ], [ 176.133519848633227, -5.694082912341782 ], [ 176.133417097886479, -5.693812717979316 ], [ 176.133416523049419, -5.693811395072866 ], [ 176.133304342512332, -5.693539864485427 ], [ 176.133205900862208, -5.693268354545576 ], [ 176.133147238646302, -5.693118419440953 ], [ 176.133100290609036, -5.692996833821872 ], [ 176.13300489762932, -5.692725328454749 ], [ 176.132914169647904, -5.692453830097882 ], [ 176.132877472712153, -5.692362222544496 ], [ 176.132805519767203, -5.692182304785113 ], [ 176.132710127170867, -5.691910799403429 ], [ 176.132618983731845, -5.691639300407951 ], [ 176.13260770123884, -5.691610104175699 ], [ 176.132519066858919, -5.691367788211926 ], [ 176.132452884773215, -5.691096326755127 ], [ 176.132411901660959, -5.690824903202483 ], [ 176.132372894360714, -5.690553482622252 ], [ 176.132338546766476, -5.690446799080244 ], [ 176.132290279895102, -5.690281996447101 ], [ 176.132203615249068, -5.69001050417645 ], [ 176.132143462225258, -5.689739051786815 ], [ 176.132097629178134, -5.68946762093997 ], [ 176.132069335328538, -5.689321987455816 ], [ 176.132045417388042, -5.689196180497267 ], [ 176.131990596496308, -5.688924736129524 ], [ 176.131940889021877, -5.688653299454757 ], [ 176.131901592855201, -5.688381878443634 ], [ 176.131858647890851, -5.688110451943478 ], [ 176.131800604129353, -5.68787737352721 ], [ 176.131792456389775, -5.68783899046987 ], [ 176.131723740230967, -5.687567525197109 ], [ 176.131662322140073, -5.687296070903985 ], [ 176.131622360567661, -5.687024648893948 ], [ 176.131588635242764, -5.686753236267192 ], [ 176.131531770749831, -5.68650144716923 ], [ 176.131527319166963, -5.686481782128346 ], [ 176.131457570324756, -5.686210315300881 ], [ 176.131411622742974, -5.685938884285669 ], [ 176.131385766062067, -5.685667483500628 ], [ 176.131368781755612, -5.685396096064981 ], [ 176.131332546147803, -5.685124679663875 ], [ 176.131263203067306, -5.684948864773911 ], [ 176.131234490381757, -5.684853170246701 ], [ 176.131157126804681, -5.684581691961152 ], [ 176.131092477239008, -5.684310232805741 ], [ 176.130997473983939, -5.684038727971881 ], [ 176.130993684143959, -5.684031151371146 ], [ 176.130887324730566, -5.683767200338837 ], [ 176.130805447869932, -5.683495715250584 ], [ 176.130739596663147, -5.683224254280521 ], [ 176.130724060114773, -5.683183945632745 ], [ 176.130644195238261, -5.682952748831306 ], [ 176.130547338421763, -5.682681241186577 ], [ 176.130464593721541, -5.682409754781101 ], [ 176.130454375499397, -5.682377537838637 ], [ 176.130378560280491, -5.682138263421982 ], [ 176.130303831649684, -5.681866789079439 ], [ 176.130233642769355, -5.681595321570257 ], [ 176.1301848907801, -5.681438303565394 ], [ 176.130150065978228, -5.681323833902824 ], [ 176.130066382302005, -5.681052346071738 ], [ 176.129983089910695, -5.680780858827116 ], [ 176.129915287525563, -5.680578498903404 ], [ 176.129894376623298, -5.680509363416697 ], [ 176.129809603947507, -5.680237873937124 ], [ 176.129708789325406, -5.679966360294955 ], [ 176.129645542223727, -5.679813751400896 ], [ 176.129600070386942, -5.679694834741882 ], [ 176.129511835044838, -5.679423340035023 ], [ 176.129405628042605, -5.679151818253244 ], [ 176.129375747553439, -5.679082274443512 ], [ 176.129314677108312, -5.678880319447188 ], [ 176.129228831109032, -5.678608828327983 ], [ 176.129126048867505, -5.678337311689346 ], [ 176.129106060042716, -5.678279798902516 ], [ 176.129055922900079, -5.678065844248027 ], [ 176.128975262182848, -5.677794360932567 ], [ 176.128836303239325, -5.677523863037623 ], [ 176.128835894786477, -5.677522789151638 ], [ 176.128754556515986, -5.67725130480655 ], [ 176.128641095822275, -5.676979772047864 ], [ 176.128566473645748, -5.67681677087625 ], [ 176.128535579250382, -5.676708251254196 ], [ 176.128438837368833, -5.676436743680132 ], [ 176.128296506728645, -5.676201452441458 ], [ 176.128280886631615, -5.676165143830657 ], [ 176.128192822357022, -5.675893649323348 ], [ 176.128096094447784, -5.67562214175058 ], [ 176.128026691874396, -5.675485259413346 ], [ 176.127976957873074, -5.675350600384776 ], [ 176.127889322080506, -5.675079106510275 ], [ 176.127758688160895, -5.674807547789896 ], [ 176.12775682477519, -5.674804196655248 ], [ 176.127655815088787, -5.674536030925049 ], [ 176.12756268563794, -5.674264528750133 ], [ 176.127486987085319, -5.674103921094034 ], [ 176.127441273518542, -5.673992983909966 ], [ 176.127341547741366, -5.673721471773514 ], [ 176.127240089010627, -5.673449957017244 ], [ 176.127217161922346, -5.673395672926569 ], [ 176.127142017426792, -5.673178447365376 ], [ 176.127056416051602, -5.672906956523378 ], [ 176.126947379174425, -5.672659579531229 ], [ 176.126937298135317, -5.672635415105614 ], [ 176.12683558649789, -5.672363899944585 ], [ 176.126706859322951, -5.672092344007119 ], [ 176.126677417568715, -5.672042784420428 ], [ 176.12656971191393, -5.671820775347932 ], [ 176.126410815393172, -5.671549173842456 ], [ 176.126407279076432, -5.671543905700777 ], [ 176.126274544599937, -5.671277606472236 ], [ 176.126147172279474, -5.671006052522378 ], [ 176.126137229752203, -5.670986041597108 ], [ 176.126033605432241, -5.670734519406363 ], [ 176.125920111713242, -5.670462986392216 ], [ 176.12586726556404, -5.670371908455344 ], [ 176.125773260456356, -5.670191402990932 ], [ 176.125635185867139, -5.669919832827707 ], [ 176.125597160337406, -5.669851800519172 ], [ 176.125492969931059, -5.66964825639274 ], [ 176.125353902299878, -5.669376684697122 ], [ 176.125327056419451, -5.669331109932965 ], [ 176.125203375876055, -5.669105095671471 ], [ 176.125056833171897, -5.668889947554301 ], [ 176.125022028339032, -5.6688334600487 ], [ 176.124877310236798, -5.668561879755775 ], [ 176.124786671776661, -5.66840797246723 ], [ 176.124718578824911, -5.668290278262349 ], [ 176.124576063560596, -5.668018701261189 ], [ 176.124516525778631, -5.667916046938769 ], [ 176.124429559676116, -5.667747118212184 ], [ 176.124312521073534, -5.667475579699742 ], [ 176.124246478132704, -5.667359127521442 ], [ 176.12415200572471, -5.667203975429441 ], [ 176.12397617476654, -5.666972171903374 ], [ 176.123948995439093, -5.666932306859533 ], [ 176.123795765970982, -5.666660713554414 ], [ 176.1237059686853, -5.666520912230538 ], [ 176.12362063470627, -5.666389087091018 ], [ 176.12343569061261, -5.666117649093314 ], [ 176.123435561637308, -5.666117445552841 ], [ 176.123293038770981, -5.665845868377848 ], [ 176.123165482821605, -5.665668022495422 ], [ 176.123100178169636, -5.665574214992096 ], [ 176.122918295554797, -5.665302578187307 ], [ 176.122895199049793, -5.665269013548405 ], [ 176.122744157203527, -5.665030953075106 ], [ 176.12262491974775, -5.664867273323936 ], [ 176.122546695951371, -5.664759292612542 ], [ 176.122354554862568, -5.664522465810328 ], [ 176.122328606935781, -5.664487600863222 ], [ 176.122163584768174, -5.66421598945662 ], [ 176.122084338677638, -5.664079369221576 ], [ 176.122004504987672, -5.663944387027843 ], [ 176.121876165831964, -5.663672831157879 ], [ 176.121814241886796, -5.663557458405136 ], [ 176.121710596463885, -5.663401218853596 ], [ 176.121543885181353, -5.663207915957763 ], [ 176.121481488824799, -5.663129510212882 ], [ 176.121273529257138, -5.662858062890678 ], [ 176.12127337621979, -5.662857833343509 ], [ 176.121155569678848, -5.662586293361207 ], [ 176.121163375662462, -5.662314943833435 ], [ 176.121270323601095, -5.662043744601492 ], [ 176.121274798069123, -5.662018172537634 ], [ 176.12131444006809, -5.661772450097357 ], [ 176.12127531871684, -5.661673493039487 ], [ 176.121209809377035, -5.661500930117487 ], [ 176.121049174413145, -5.661229325226776 ], [ 176.121005165718231, -5.661189823588633 ], [ 176.120734229363819, -5.661224783073792 ], [ 176.120727387205079, -5.661228837280998 ], [ 176.120463062723275, -5.661412060879526 ], [ 176.120339877501777, -5.661499610753554 ], [ 176.120191833091667, -5.661640881582135 ], [ 176.120030063541691, -5.661770501855215 ], [ 176.119920588204138, -5.66187964898937 ], [ 176.119819589391483, -5.662041543592448 ], [ 176.119701367178294, -5.662312725330555 ], [ 176.119648923365531, -5.662395754438366 ], [ 176.119524412496872, -5.662583817809154 ], [ 176.119377371289858, -5.662837030539953 ], [ 176.119332463984421, -5.66285488742326 ], [ 176.119162688020992, -5.663125990642913 ], [ 176.119120630135086, -5.66339728792964 ], [ 176.119145357718907, -5.66366868672353 ], [ 176.119276803118083, -5.663940247723367 ], [ 176.119375397291208, -5.664140659416753 ], [ 176.119405735849597, -5.664211804891288 ], [ 176.119496677667399, -5.66448330431592 ], [ 176.119552691447183, -5.664754750661308 ], [ 176.119593857098522, -5.665026174443828 ], [ 176.119644562505641, -5.665276373478085 ], [ 176.119650103607313, -5.66529762114355 ], [ 176.119750332351089, -5.665569134674915 ], [ 176.119842583125717, -5.665840636079309 ], [ 176.119909285585209, -5.666112098663701 ], [ 176.11991415553095, -5.666130008825496 ], [ 176.120002767587465, -5.666383601933036 ], [ 176.120110298218663, -5.666655126540229 ], [ 176.120184049102335, -5.666785508912691 ], [ 176.120268288751362, -5.666926727788091 ], [ 176.120397510576538, -5.667198285320241 ], [ 176.120454140979575, -5.66731031740615 ], [ 176.120538321716282, -5.667469860439461 ], [ 176.120685607037785, -5.667741445372825 ], [ 176.120724286130894, -5.667800203608362 ], [ 176.120874723700581, -5.668013093796322 ], [ 176.120994531623808, -5.668224030182335 ], [ 176.121029540213982, -5.668284690116701 ], [ 176.121082686180671, -5.668556132092269 ], [ 176.12107767703057, -5.668827485789064 ], [ 176.121056764411406, -5.669098815338982 ], [ 176.121021900114414, -5.669370123700244 ], [ 176.12099257887678, -5.669514762995033 ], [ 176.120970242883658, -5.669641406553049 ], [ 176.12090301283078, -5.669912665742193 ], [ 176.120822448269791, -5.67018390465855 ], [ 176.120751670089703, -5.670455158415604 ], [ 176.120719922231871, -5.670683585767603 ], [ 176.120715695737772, -5.67072646502536 ], [ 176.120719727929583, -5.670811933508211 ], [ 176.12073243300577, -5.670997851707813 ], [ 176.120796525406689, -5.671269310332324 ], [ 176.120884629199367, -5.671540805432504 ], [ 176.120989185555658, -5.671756980745455 ], [ 176.121029868157109, -5.671812387315662 ], [ 176.121259703668272, -5.672001721132435 ], [ 176.121404550515166, -5.672084317598947 ], [ 176.121530359866853, -5.672155340297802 ], [ 176.121796930697315, -5.672356274551699 ], [ 176.12180093921225, -5.672359876932909 ], [ 176.122071473904299, -5.672594076999808 ], [ 176.122113690984861, -5.672628116562318 ], [ 176.122342083389213, -5.672778946448548 ], [ 176.122501741813608, -5.672900066570135 ], [ 176.122612651881582, -5.672991062338321 ], [ 176.122792680788393, -5.673171869135416 ], [ 176.122883101116059, -5.673282250021834 ], [ 176.122988455612443, -5.673443527336427 ], [ 176.123153347479359, -5.67370792623502 ], [ 176.123158461427806, -5.673715146438261 ], [ 176.123351045563084, -5.673986799729312 ], [ 176.123423643882518, -5.674100709575555 ], [ 176.12352235080445, -5.674258420738847 ], [ 176.123693893580395, -5.674524656505202 ], [ 176.123698918746953, -5.674530049692778 ], [ 176.123964467324726, -5.674734158246809 ], [ 176.12404358207317, -5.674801933219248 ], [ 176.124234979346141, -5.674984699117772 ], [ 176.12431320673781, -5.675073702976099 ], [ 176.12449085411717, -5.675345333409667 ], [ 176.124505288351116, -5.675369971689443 ], [ 176.124646006373695, -5.675616929761914 ], [ 176.124745975108254, -5.675888442571051 ], [ 176.124775194353873, -5.676022664744541 ], [ 176.124807704161583, -5.676159897499111 ], [ 176.124806265290005, -5.67643125681923 ], [ 176.124774186888828, -5.676690571384804 ], [ 176.124772830600421, -5.676702567704455 ], [ 176.124773943844218, -5.676851687725679 ], [ 176.124775146128314, -5.676973932700251 ], [ 176.124810456480759, -5.677245347642704 ], [ 176.124888420119959, -5.677516827153386 ], [ 176.12504345017706, -5.677769866691133 ], [ 176.125058111030341, -5.677788445500903 ], [ 176.125313937565437, -5.67803790878761 ], [ 176.125336643468444, -5.678060228520197 ], [ 176.125559588810603, -5.67833192735311 ], [ 176.125584322386544, -5.678374153715653 ], [ 176.125718968011711, -5.678603529983044 ], [ 176.125854538905514, -5.678822266966621 ], [ 176.125887798912942, -5.678875146883872 ], [ 176.125989738858237, -5.679146662603733 ], [ 176.125999471631872, -5.67941803887795 ], [ 176.125959255659495, -5.67968933960737 ], [ 176.125914143253027, -5.679960632919379 ], [ 176.125862399733762, -5.680231916187608 ], [ 176.125852379553407, -5.680254784534182 ], [ 176.125754252844729, -5.680503114103935 ], [ 176.125580768594062, -5.680731008793996 ], [ 176.125539803175627, -5.680774151105237 ], [ 176.125309504171554, -5.68097722349958 ], [ 176.125221499892234, -5.681045030758678 ], [ 176.125038300135316, -5.681183276438507 ], [ 176.124870247940152, -5.681315860279913 ], [ 176.124767094091169, -5.681390536977932 ], [ 176.12449596078946, -5.681549509113487 ], [ 176.124435367588632, -5.681586562793721 ], [ 176.124224821157668, -5.681712581128962 ], [ 176.123953771211887, -5.681816215775413 ], [ 176.123723716202761, -5.68185684514667 ], [ 176.12368280191464, -5.681866449654932 ], [ 176.123559957665464, -5.681856596717415 ], [ 176.123411938429683, -5.681846693397963 ], [ 176.123141198980449, -5.681744963793303 ], [ 176.122918523358805, -5.681584261871646 ], [ 176.12287061258894, -5.681542151449049 ], [ 176.122626924398077, -5.681312457789813 ], [ 176.12260011055011, -5.681283735137124 ], [ 176.122396867386357, -5.681040747084729 ], [ 176.122329714799235, -5.680955268842659 ], [ 176.12219054579225, -5.680769072379541 ], [ 176.122059422352066, -5.680558775888279 ], [ 176.122015526185322, -5.680497445192062 ], [ 176.121834599456491, -5.680225808996877 ], [ 176.121789128515758, -5.680163429470466 ], [ 176.121636686119075, -5.679954146948829 ], [ 176.121518827349888, -5.679773150004457 ], [ 176.12145312622755, -5.679682506680052 ], [ 176.121248403878525, -5.679463810793064 ], [ 176.121198974618693, -5.679410759037272 ], [ 176.121017254625372, -5.679139121480456 ], [ 176.120978114126046, -5.679066434023738 ], [ 176.120865530721318, -5.678867529516801 ], [ 176.12070779351501, -5.678689641607732 ], [ 176.120614189216724, -5.678595785980377 ], [ 176.120437272848676, -5.678444995463504 ], [ 176.120300429131561, -5.678323947376963 ], [ 176.120166743360244, -5.678206318228513 ], [ 176.120014093791667, -5.67805215039571 ], [ 176.119896303978834, -5.677908401247288 ], [ 176.119795162758123, -5.677780455946841 ], [ 176.119625934016369, -5.677564921898521 ], [ 176.119579936721209, -5.677508767086478 ], [ 176.119418981265824, -5.677237160838372 ], [ 176.119355687257922, -5.677140481109231 ], [ 176.119118119455266, -5.676965341424087 ], [ 176.119085085254738, -5.67695025309923 ], [ 176.118814379942449, -5.67682816935404 ], [ 176.118671716995124, -5.676693300067169 ], [ 176.11854393503009, -5.67653476521474 ], [ 176.118444060984899, -5.676421591970628 ], [ 176.118273551871994, -5.67620089924588 ], [ 176.118235420287647, -5.676149912811371 ], [ 176.118107647511607, -5.675878356937071 ], [ 176.118038619114003, -5.675606890643906 ], [ 176.118003780143965, -5.675464942188151 ], [ 176.117967092460276, -5.675335420539766 ], [ 176.117850635584261, -5.675063881905562 ], [ 176.11773379711272, -5.674868358369624 ], [ 176.117680717656043, -5.674792261710193 ], [ 176.11754107339712, -5.674520687675088 ], [ 176.117463720369443, -5.674333724789542 ], [ 176.117419074402704, -5.674249140547338 ], [ 176.117210938463074, -5.673977461962695 ], [ 176.117193396902024, -5.673961615040317 ], [ 176.116922754904124, -5.673799114811888 ], [ 176.116706233844496, -5.673705330579055 ], [ 176.116652049688071, -5.6736782677309 ], [ 176.116381388674967, -5.673528464187719 ], [ 176.116290137157279, -5.673433334184035 ], [ 176.116167251085415, -5.673161785552689 ], [ 176.116111247367485, -5.673037405517543 ], [ 176.115935360153827, -5.672890070360713 ], [ 176.115840640546111, -5.672852312867613 ], [ 176.115569826207775, -5.672803570683064 ], [ 176.115299151659599, -5.672663129175558 ], [ 176.115249368143566, -5.672617660910333 ], [ 176.115066676199632, -5.672346020690423 ], [ 176.115028869179099, -5.672265540871698 ], [ 176.114949686924206, -5.672074480932208 ], [ 176.114900429109156, -5.671803044764363 ], [ 176.114893400976371, -5.671531673186496 ], [ 176.114879552101883, -5.671260291175497 ], [ 176.114789508342255, -5.670988792630115 ], [ 176.114760001210442, -5.670940215229633 ], [ 176.114622064567669, -5.670717175687817 ], [ 176.114489676826224, -5.670570786313634 ], [ 176.114253685579513, -5.670445251270206 ], [ 176.114219003581923, -5.670430339829101 ], [ 176.113948178090368, -5.670389794985812 ], [ 176.113677285560044, -5.670393221414217 ], [ 176.113406368885023, -5.670412476880244 ], [ 176.113135470418541, -5.670419807757691 ], [ 176.112864644434353, -5.670379689375766 ], [ 176.112593951472178, -5.670252537151253 ], [ 176.11249869090085, -5.6701712023412 ], [ 176.11232348882092, -5.669974759586805 ], [ 176.112260938212529, -5.669899477112195 ], [ 176.112123548100982, -5.66962790575473 ], [ 176.112053337458377, -5.669493492201001 ], [ 176.111977066818241, -5.669356320437164 ], [ 176.111783074026732, -5.669085794903332 ], [ 176.111781417256537, -5.669084659670865 ], [ 176.111512367812395, -5.668967879988833 ], [ 176.111241512510389, -5.668947509768603 ], [ 176.110970671955556, -5.668917527046038 ], [ 176.110699887611588, -5.66885085096872 ], [ 176.11042904074796, -5.668825061601713 ], [ 176.110157880456455, -5.669003946872237 ], [ 176.110125939634145, -5.669082117519635 ], [ 176.110157566123121, -5.669209176771787 ], [ 176.110199070226543, -5.669353590429566 ], [ 176.110339225295235, -5.669625166345911 ], [ 176.110427499402164, -5.669831680981511 ], [ 176.110463193171341, -5.66989671737214 ], [ 176.110564510465537, -5.670168233583748 ], [ 176.110677554491787, -5.670439767807388 ], [ 176.110697403989747, -5.670473247428522 ], [ 176.110846320746845, -5.670711387627193 ], [ 176.110967647098505, -5.670893994809298 ], [ 176.111026527099654, -5.670983024991695 ], [ 176.11117390927987, -5.671254611913331 ], [ 176.111237836088179, -5.67135034335631 ], [ 176.111374759866749, -5.671526280920886 ], [ 176.111508213411213, -5.671683852589948 ], [ 176.111604004754156, -5.67179799347705 ], [ 176.111778603263559, -5.672009366995892 ], [ 176.111839596192254, -5.672069715714307 ], [ 176.112049095345895, -5.672268223079396 ], [ 176.112126817429981, -5.672341517112601 ], [ 176.112319618071012, -5.672507194552526 ], [ 176.112423882840602, -5.672613333508529 ], [ 176.112590075198227, -5.672789233241931 ], [ 176.112687882270421, -5.67288509908285 ], [ 176.112860557832107, -5.673054750303198 ], [ 176.112975819605651, -5.673156901274385 ], [ 176.113131066315759, -5.673303508344659 ], [ 176.113264509837649, -5.673428704515839 ], [ 176.113401537945748, -5.673576551055441 ], [ 176.113509332715239, -5.673700440431183 ], [ 176.113671964500298, -5.673879281862292 ], [ 176.113752634754519, -5.673972173945828 ], [ 176.11394240103445, -5.674175656528609 ], [ 176.114011983979822, -5.674243931970417 ], [ 176.114212883282505, -5.674442254495643 ], [ 176.114291179846418, -5.674515720304857 ], [ 176.114483367755867, -5.674707557121348 ], [ 176.114557702861191, -5.674787489141784 ], [ 176.114753744228409, -5.675043828593739 ], [ 176.114766101526669, -5.675059168929475 ], [ 176.114940308668139, -5.675330796344848 ], [ 176.115023994781438, -5.675462871573009 ], [ 176.115118648964085, -5.675602430054744 ], [ 176.11529429421492, -5.675850091386786 ], [ 176.11531484622239, -5.675874091052058 ], [ 176.115564765767488, -5.676124611649366 ], [ 176.115589843562191, -5.676145872536274 ], [ 176.115835366126049, -5.676314770047568 ], [ 176.115980953700728, -5.676417831459306 ], [ 176.116105966602419, -5.676504973989283 ], [ 176.116343759826577, -5.676689746915155 ], [ 176.11637653757839, -5.676714671328248 ], [ 176.116647141903883, -5.676902598512554 ], [ 176.116717855043959, -5.676961679440034 ], [ 176.116917690538912, -5.6771272344924 ], [ 176.117033372959071, -5.677233522314476 ], [ 176.117188184570779, -5.677387894112255 ], [ 176.117322640550327, -5.677505324980467 ], [ 176.117458714903563, -5.677624853383074 ], [ 176.117615642573753, -5.677777133241142 ], [ 176.117729188375392, -5.677899346158814 ], [ 176.117866287561839, -5.678048876756223 ], [ 176.117999635793694, -5.678191140991321 ], [ 176.118124637941122, -5.678320631952091 ], [ 176.118270121634794, -5.678457837453588 ], [ 176.118391793522136, -5.678592400497569 ], [ 176.118540527151026, -5.678777550765401 ], [ 176.118612547325625, -5.6788640981965 ], [ 176.118810878282687, -5.67913324827038 ], [ 176.118812948915632, -5.679135764810011 ], [ 176.119027146369035, -5.67940745241077 ], [ 176.119081251338656, -5.679474721772442 ], [ 176.119260551166747, -5.679679169233827 ], [ 176.119351663925016, -5.679790367659349 ], [ 176.119487140492168, -5.679950875608745 ], [ 176.11962208776734, -5.680098789122805 ], [ 176.119731456077886, -5.680222608929062 ], [ 176.119892507684341, -5.680409982278995 ], [ 176.119964283609846, -5.680494324681896 ], [ 176.12016288986851, -5.680746227399431 ], [ 176.120179265740148, -5.680766013198009 ], [ 176.12037722014918, -5.681037675738372 ], [ 176.120433209726855, -5.68112375298905 ], [ 176.1205826994983, -5.681309349691339 ], [ 176.120703609967137, -5.681448503589615 ], [ 176.120822134588906, -5.681581075274949 ], [ 176.120974049956715, -5.681747235267617 ], [ 176.121060077629323, -5.681852798521017 ], [ 176.121244372299884, -5.682123750330192 ], [ 176.121244882457063, -5.682124440865765 ], [ 176.121429030437156, -5.682396082176331 ], [ 176.121514637306888, -5.682538314058429 ], [ 176.121605541168265, -5.68266771183753 ], [ 176.121785015818375, -5.682878210297987 ], [ 176.121838415365488, -5.682939427168437 ], [ 176.122055415372103, -5.683204418413424 ], [ 176.122061306035363, -5.683211127260059 ], [ 176.122273701067883, -5.683482811343477 ], [ 176.122325784709687, -5.683550772379803 ], [ 176.122484881998503, -5.683754493531834 ], [ 176.122596148426055, -5.683901043968506 ], [ 176.122699189064122, -5.684026180420105 ], [ 176.122866578615572, -5.68420761107891 ], [ 176.122948261996868, -5.684297920063638 ], [ 176.123137069840652, -5.684474033411902 ], [ 176.123221697067578, -5.684569696627038 ], [ 176.123407483378315, -5.68479196706559 ], [ 176.123451186692847, -5.684841406382926 ], [ 176.1236779415961, -5.685080553822543 ], [ 176.123707327865418, -5.68511315653002 ], [ 176.12393599555142, -5.685384864908197 ], [ 176.123948354132466, -5.685399524879324 ], [ 176.124165168823055, -5.685656573993049 ], [ 176.12421876068845, -5.685722643535635 ], [ 176.1243951718711, -5.685928284275808 ], [ 176.124489179501268, -5.68603784710072 ], [ 176.124628877573883, -5.686200000112319 ], [ 176.124759628162593, -5.686333487847311 ], [ 176.124880265994705, -5.686471742694434 ], [ 176.125030066497061, -5.686636144651 ], [ 176.125124981919896, -5.68674347508659 ], [ 176.125300474169336, -5.68695928715974 ], [ 176.125348629602797, -5.687015175480013 ], [ 176.12556517454675, -5.687286865054582 ], [ 176.125570864875527, -5.6872938602515 ], [ 176.125801483995275, -5.687558584516035 ], [ 176.125841293586689, -5.687603457362175 ], [ 176.126049452189193, -5.687830321568618 ], [ 176.126111741730114, -5.687900365954683 ], [ 176.126289834999625, -5.688102047062531 ], [ 176.126382169101078, -5.688211223396991 ], [ 176.126524923217289, -5.688373764473346 ], [ 176.126652602549399, -5.688518240230665 ], [ 176.126769096623434, -5.688645495569126 ], [ 176.126923049882521, -5.688816236168631 ], [ 176.12701159353341, -5.688917224057236 ], [ 176.127193512889335, -5.689104017751514 ], [ 176.127268614339584, -5.689188974445828 ], [ 176.127463938546271, -5.689416756401424 ], [ 176.127504003286418, -5.68946069203942 ], [ 176.127731755574189, -5.689732398021186 ], [ 176.12773435514049, -5.689735698918666 ], [ 176.127944278372979, -5.690004080920246 ], [ 176.128004736692958, -5.690078094946678 ], [ 176.128152594308688, -5.690275757410345 ], [ 176.128275076320904, -5.690448531925333 ], [ 176.128350191742982, -5.690547417654967 ], [ 176.128544135440563, -5.690819072337071 ], [ 176.128545413409142, -5.690820874162649 ], [ 176.128740603580241, -5.69109073079257 ], [ 176.128815755343226, -5.691190216956866 ], [ 176.128943580539385, -5.691362399037261 ], [ 176.129086076918867, -5.691573305041802 ], [ 176.129130280112349, -5.691634042656566 ], [ 176.129314993750398, -5.691905683241005 ], [ 176.129356391311916, -5.691961391738909 ], [ 176.129510731021838, -5.692177340431257 ], [ 176.129626694038876, -5.69235746112802 ], [ 176.12969216977865, -5.692448975999206 ], [ 176.129851501595823, -5.69272057817137 ], [ 176.129896940919195, -5.692790895734575 ], [ 176.13003356739668, -5.692992214623207 ], [ 176.130167195811765, -5.693219250786873 ], [ 176.130198541064203, -5.693263825254662 ], [ 176.13036812815696, -5.693535442818985 ], [ 176.13043746238472, -5.693640082538023 ], [ 176.130548528054106, -5.693807076663095 ], [ 176.130698320968889, -5.694078664318645 ], [ 176.130707680098737, -5.694093668100092 ], [ 176.130869162584304, -5.694350283691581 ], [ 176.13097790814237, -5.694540637664005 ], [ 176.131032158595758, -5.694621891207761 ], [ 176.131191804372008, -5.694893493648397 ], [ 176.131248154459342, -5.694975698530638 ], [ 176.131381784609232, -5.695165141783449 ], [ 176.131518436813195, -5.695387014394244 ], [ 176.131553806809052, -5.69543676281975 ], [ 176.131716616817698, -5.695708369946825 ], [ 176.131788693367753, -5.695815752258652 ], [ 176.131901297021727, -5.695980009994853 ], [ 176.132058996917436, -5.69621343076984 ], [ 176.132088448420461, -5.696251653729421 ], [ 176.13228750732128, -5.696523315358889 ], [ 176.132329342824107, -5.696583118076975 ], [ 176.132478679888692, -5.696794965071338 ], [ 176.132599674788736, -5.696962317097558 ], [ 176.132680011603753, -5.697066630038228 ], [ 176.132870018228061, -5.697334090345 ], [ 176.132873426782936, -5.69733828304565 ], [ 176.133058261575655, -5.697609923100897 ], [ 176.133140334636295, -5.697724109241313 ], [ 176.133249667958552, -5.697881573008064 ], [ 176.133410631862574, -5.698127151811025 ], [ 176.133430092128918, -5.698153206355283 ], [ 176.133638242023579, -5.698424881370657 ], [ 176.133681005195029, -5.69847965570783 ], [ 176.133862209227942, -5.698696580123015 ], [ 176.133951398301065, -5.698819175335625 ], [ 176.134075508609925, -5.698968262779157 ], [ 176.134221801888572, -5.699151903353468 ], [ 176.134297939617994, -5.699239959109962 ], [ 176.134492210975935, -5.699481160621379 ], [ 176.134521379774895, -5.699511656900336 ], [ 176.134762726731225, -5.699739380573651 ], [ 176.134811246749877, -5.699783454434598 ], [ 176.13503320609567, -5.700022072954541 ], [ 176.135064214071292, -5.700055196439227 ], [ 176.135303782283671, -5.700240243758955 ], [ 176.13541657278671, -5.70032708760675 ], [ 176.135574406033697, -5.700426765756101 ], [ 176.135613085381323, -5.700463063651049 ] ], [ [ 176.101322730478074, -5.664048361891642 ], [ 176.101333482019214, -5.663912698610114 ], [ 176.101362245078803, -5.66364138330033 ], [ 176.101367178371021, -5.66337003103207 ], [ 176.101227664500385, -5.663167433658773 ], [ 176.100956519943082, -5.663336627461307 ], [ 176.100926689667375, -5.66336934783531 ], [ 176.100793486091078, -5.663504821109425 ] ], [ [ 176.108051958159251, -5.67124980880206 ], [ 176.108250708300915, -5.670978754728646 ], [ 176.108258660595709, -5.670968354133096 ], [ 176.108397392229477, -5.670707620352464 ], [ 176.108506796676551, -5.670436428499025 ], [ 176.108508258520175, -5.670165070372632 ], [ 176.108260054099134, -5.670060692399659 ], [ 176.108142155558824, -5.670164506416453 ], [ 176.107988762986224, -5.670324019144394 ], [ 176.107880021067956, -5.670435462806436 ], [ 176.107717430835976, -5.670613899511392 ], [ 176.107590810762588, -5.670706377291011 ], [ 176.107446119218281, -5.670890240810587 ], [ 176.107313439783638, -5.670977309847556 ], [ 176.107399056170976, -5.671248802185417 ], [ 176.10744548587553, -5.671302351449772 ], [ 176.1077161101299, -5.671473540562429 ], [ 176.107987201565976, -5.671340687087878 ], [ 176.108051958159251, -5.67124980880206 ] ] ] } },
{ "type": "Feature", "properties": { "year": 2016, "certainty": "good", "eez_territory": "TUV" }, "geometry": { "type": "MultiLineString", "coordinates": [ [ [ 176.077990122896637, -5.653021697968141 ], [ 176.078219042072931, -5.652834534330186 ], [ 176.07827488842409, -5.652750791832829 ], [ 176.078320770866014, -5.65247950636507 ], [ 176.078307890313056, -5.652208127611596 ], [ 176.078310517321768, -5.651936773471749 ], [ 176.078346607414232, -5.65166547243936 ], [ 176.078369495632671, -5.651394150445765 ], [ 176.078344646963643, -5.651122752690972 ], [ 176.078313089248468, -5.65085134428961 ], [ 176.078291236800396, -5.650579951290161 ], [ 176.078237208312856, -5.650308507230947 ], [ 176.078223086303012, -5.650277566296824 ], [ 176.078079521136488, -5.650036898663697 ], [ 176.077952818515683, -5.649893474389421 ], [ 176.077832660751653, -5.649765148522714 ], [ 176.077682397884047, -5.649606208379107 ], [ 176.077571709865623, -5.649493375938299 ], [ 176.077411953012415, -5.649334427483764 ], [ 176.077283914905195, -5.649221560638868 ], [ 176.077141443957117, -5.649103356335652 ], [ 176.076946526569941, -5.64894966644786 ], [ 176.076870906428184, -5.648890408792313 ], [ 176.076600337784555, -5.648697238706847 ], [ 176.076571422374002, -5.648677712167535 ], [ 176.076329717496805, -5.64853679089714 ], [ 176.076092818882785, -5.648405593136254 ], [ 176.076059079628664, -5.648387540911648 ], [ 176.075788443802224, -5.648237099022392 ], [ 176.075641475321049, -5.648133517145687 ], [ 176.075517879547704, -5.648041606977319 ], [ 176.075247285435296, -5.647865064837857 ], [ 176.075242296777901, -5.647861523887535 ], [ 176.074976682449744, -5.647694227591221 ], [ 176.074831538672214, -5.647589511978153 ], [ 176.074706116874381, -5.64749991826987 ], [ 176.074435516865947, -5.647327426437742 ], [ 176.074420933802514, -5.647317500082065 ], [ 176.074164908560761, -5.647160269819046 ], [ 176.07399394560295, -5.647045461851907 ], [ 176.073894329255381, -5.646974954487238 ], [ 176.073623729923412, -5.646802363911117 ], [ 176.073583824068578, -5.646773450254888 ], [ 176.073353134465549, -5.646627443101231 ], [ 176.073156727398896, -5.646501411359696 ], [ 176.073082537372017, -5.646453661250283 ], [ 176.072811884197364, -5.646315271892576 ], [ 176.072666067057611, -5.646229270808665 ], [ 176.072541274525747, -5.646149610163222 ], [ 176.072270619752715, -5.646012413676734 ], [ 176.072166912075119, -5.64595711635659 ], [ 176.071999971859469, -5.645870981816397 ], [ 176.071729347246645, -5.645715010464321 ], [ 176.071688008189909, -5.645684993888422 ], [ 176.071458843408209, -5.645483253555426 ], [ 176.071357371271091, -5.645413107955665 ], [ 176.071188288631589, -5.645283632707457 ], [ 176.07091762016023, -5.645155534267094 ], [ 176.070886298315855, -5.645140997464516 ], [ 176.070646964967352, -5.645019183830501 ], [ 176.070376296245428, -5.64489141404267 ], [ 176.070331743770083, -5.644868753178982 ], [ 176.070105689213023, -5.644725018872744 ], [ 176.069835008013229, -5.644605255891482 ], [ 176.06981405592353, -5.64459656742754 ], [ 176.06956433956347, -5.644477576646058 ], [ 176.069293574270347, -5.644410701153083 ], [ 176.069022831287612, -5.644329892312657 ], [ 176.069006504732869, -5.644323917253327 ], [ 176.06875211207273, -5.644234248350944 ], [ 176.06848135098906, -5.644164900623397 ], [ 176.068210608737928, -5.644083810571112 ], [ 176.068116110411808, -5.644051133320228 ], [ 176.067939894700373, -5.643985114304692 ], [ 176.067669156831244, -5.643901403856257 ], [ 176.067398431122228, -5.643810144143031 ], [ 176.067312058406799, -5.643778486647324 ], [ 176.06712773305469, -5.643701656168837 ], [ 176.066856984075969, -5.643625083591256 ], [ 176.066586233425539, -5.643549612535622 ], [ 176.066461827064444, -5.643505764853649 ], [ 176.066315524475158, -5.643448130877798 ], [ 176.066044773681369, -5.643372867883643 ], [ 176.065774015766124, -5.643302109457866 ], [ 176.065587377675712, -5.643233003033228 ], [ 176.065503324001583, -5.643190088102992 ], [ 176.065232617622257, -5.643087267844493 ], [ 176.064961852770352, -5.643021018763083 ], [ 176.064744359294167, -5.642960290573485 ], [ 176.064691107440098, -5.642942637465258 ], [ 176.064420337398019, -5.642879730752985 ], [ 176.064149491768148, -5.642864017543725 ], [ 176.06387864145097, -5.642851248934167 ], [ 176.063607813581172, -5.642824507984638 ], [ 176.063336988110109, -5.64279630039678 ], [ 176.063066173993008, -5.642761048367048 ], [ 176.062795391324869, -5.642706242227739 ], [ 176.062708473055068, -5.642685655927161 ], [ 176.062524608609976, -5.642651509217099 ], [ 176.062253814945677, -5.642603635908624 ], [ 176.061983032114824, -5.642549061052127 ], [ 176.061712268069925, -5.642482842766972 ], [ 176.061483726775606, -5.642412323832575 ], [ 176.061441532247073, -5.642399121831945 ], [ 176.061170758699689, -5.642338917487479 ], [ 176.060899832719173, -5.642373513996504 ], [ 176.060799680135062, -5.642411219696975 ], [ 176.060628806401382, -5.642470454509092 ], [ 176.060357918722161, -5.642481224052507 ], [ 176.060087022637731, -5.64249722032617 ], [ 176.059815997561742, -5.642593306871635 ], [ 176.059663765179067, -5.642680741392573 ], [ 176.059544841526161, -5.642770631788569 ], [ 176.059359957333953, -5.642951607088267 ], [ 176.059273440003381, -5.643100176087296 ], [ 176.05922259407788, -5.643222741849532 ], [ 176.05916930618011, -5.643494012579775 ], [ 176.059155639384755, -5.643765347399674 ], [ 176.059179406862597, -5.644036742782953 ], [ 176.059220096900646, -5.644308165546795 ], [ 176.059271074227382, -5.6445678245605 ], [ 176.059274037928191, -5.644579609751143 ], [ 176.059366769320945, -5.64485111671519 ], [ 176.059471666107953, -5.645122643357061 ], [ 176.059540826476308, -5.64526207047366 ], [ 176.059613222883883, -5.645394229295819 ], [ 176.05974527346109, -5.645665799843703 ], [ 176.059810860313291, -5.645781918053097 ], [ 176.059905922675995, -5.645937416631106 ], [ 176.060066057624994, -5.64620903256471 ], [ 176.060081005562239, -5.646232883777876 ], [ 176.060264179421722, -5.646480709894001 ], [ 176.060351333977678, -5.646570381547146 ], [ 176.06056198498149, -5.646752548315726 ], [ 176.060621832929485, -5.646802176320503 ], [ 176.060868156565562, -5.647024400146757 ], [ 176.060892314949172, -5.647044624280344 ], [ 176.061162825444626, -5.647269524305802 ], [ 176.06119397958139, -5.647296283606466 ], [ 176.061368649420217, -5.647432244277213 ] ], [ [ 176.071584322143508, -5.651737229586065 ], [ 176.071719677163202, -5.651789166974324 ], [ 176.071990405862977, -5.651881377250731 ], [ 176.072150975441218, -5.651926964131432 ], [ 176.072261151837552, -5.651962801702581 ], [ 176.07253193120593, -5.652023303436426 ], [ 176.072802740490374, -5.652065050553847 ], [ 176.073073591168281, -5.65208081145657 ], [ 176.073344457588718, -5.65208669446492 ], [ 176.073615288444927, -5.6521149653209 ], [ 176.073886069244566, -5.652174762179543 ], [ 176.073978441546899, -5.652201239250604 ], [ 176.074156836587065, -5.65224307615087 ], [ 176.074427609807003, -5.65230774185672 ], [ 176.074698362031711, -5.65238567931062 ], [ 176.074887506385494, -5.652474046343034 ], [ 176.074969032724368, -5.652515033108612 ], [ 176.075239701850052, -5.652645459890808 ], [ 176.075490037690571, -5.652746364127402 ], [ 176.075510405255841, -5.652754367478047 ], [ 176.07578115739841, -5.652832624239804 ], [ 176.076051934662701, -5.652895096478194 ], [ 176.076322725798605, -5.652948867419861 ], [ 176.076593534549971, -5.652991567335892 ], [ 176.076789011286508, -5.65301978924862 ], [ 176.076864351403231, -5.653029191295924 ], [ 176.077135151868276, -5.653077196418106 ], [ 176.077405972883724, -5.653112264290667 ], [ 176.077676866297054, -5.653101631541001 ], [ 176.077947837786866, -5.653041669379866 ], [ 176.077990122896637, -5.653021697968141 ] ], [ [ 176.103956831195774, -5.659846359179323 ], [ 176.104212753497279, -5.659676879291157 ], [ 176.104335815256945, -5.659575584490949 ], [ 176.104484105588767, -5.659371133316118 ], [ 176.104525761226938, -5.659304517639547 ], [ 176.104619931172778, -5.65912098759149 ] ], [ [ 176.104214650504645, -5.658625636758577 ], [ 176.104214370896074, -5.658626021811136 ], [ 176.104150816057569, -5.658761218250508 ], [ 176.103967357339343, -5.659032295007014 ], [ 176.10394282260674, -5.659059393193262 ], [ 176.103766082424215, -5.659303344143647 ], [ 176.103671377926446, -5.659425209182082 ], [ 176.103511870214334, -5.659574311345565 ], [ 176.103603041485485, -5.65984581239603 ], [ 176.103670675901611, -5.659881012469334 ], [ 176.103941596498004, -5.659855736762998 ], [ 176.103956831195774, -5.659846359179323 ] ], [ [ 176.115049094312013, -5.658979374913254 ], [ 176.114778154777952, -5.659017161623029 ], [ 176.114507418910648, -5.658921068834396 ], [ 176.114236707645006, -5.658808879928887 ], [ 176.114167231652942, -5.658776602839295 ], [ 176.113966040052702, -5.658668079998677 ], [ 176.113695357558896, -5.65853716190055 ], [ 176.113625074973783, -5.658504413692833 ], [ 176.113424744821515, -5.658360534164045 ], [ 176.113154058386783, -5.658232395220125 ], [ 176.113153960330493, -5.658232332736501 ], [ 176.112883440380756, -5.658059441759202 ], [ 176.112771824082984, -5.657960387561824 ], [ 176.112613120617425, -5.657690945044816 ], [ 176.112611653394538, -5.657688781770471 ], [ 176.112478002911558, -5.657479110871373 ] ], [ [ 176.110036777725242, -5.659634365392469 ], [ 176.11017206497047, -5.659734929300217 ], [ 176.110442802515138, -5.659829485383933 ], [ 176.110531569774736, -5.65985648118721 ], [ 176.110713571638541, -5.659903445765181 ], [ 176.110984309612775, -5.659997852495311 ], [ 176.111240461503826, -5.66012892876606 ], [ 176.111254980331296, -5.660136364181338 ], [ 176.111525620244436, -5.660295145301706 ], [ 176.111654867241015, -5.660400924480427 ], [ 176.111796129594836, -5.660539564749326 ], [ 176.111943925539038, -5.660672727982195 ], [ 176.112066643574963, -5.66078110171827 ], [ 176.112245970088452, -5.660944551263909 ], [ 176.112337151694533, -5.661026629775185 ], [ 176.112545788867209, -5.661216371022469 ], [ 176.112607670387575, -5.661265377580727 ], [ 176.112878347526134, -5.661400365357316 ], [ 176.113149109648617, -5.661479696292932 ], [ 176.113183678120208, -5.661488707919523 ], [ 176.1134199057974, -5.661536759774195 ], [ 176.11369071703254, -5.661583967914447 ], [ 176.11396154266302, -5.661621765660835 ], [ 176.114232383092229, -5.661649879652052 ], [ 176.11450321973399, -5.661680511790244 ], [ 176.11477400928942, -5.661742119166776 ], [ 176.114837379300525, -5.661762596180812 ], [ 176.115044783679423, -5.661813745631934 ], [ 176.115315540000552, -5.661897309164197 ], [ 176.115586216546404, -5.662033407080302 ], [ 176.115588787896115, -5.662035104019071 ], [ 176.11585685915955, -5.662191923031624 ], [ 176.116008391256344, -5.662307105059172 ], [ 176.116127433823124, -5.662395262317324 ], [ 176.116398133759532, -5.662516266742089 ], [ 176.116561564419669, -5.662579309454015 ], [ 176.116668864523035, -5.662617056728185 ], [ 176.116939597328241, -5.66271657472664 ], [ 176.117195841306597, -5.662851636938042 ], [ 176.117210265095224, -5.662859015694215 ], [ 176.117480947167735, -5.662992125400942 ], [ 176.117719888493383, -5.663123796021361 ], [ 176.117751604923484, -5.663141356743764 ], [ 176.118022359779559, -5.66322665937204 ], [ 176.118293121654432, -5.66330739631008 ], [ 176.118500974705597, -5.663396345731206 ], [ 176.118563806811835, -5.663438812718054 ], [ 176.118834607203183, -5.663494266566948 ], [ 176.119029705717537, -5.663668510919264 ], [ 176.119105146169744, -5.663722354095229 ], [ 176.119223489120685, -5.663940166691123 ], [ 176.119369256761587, -5.664211749452542 ], [ 176.119375269293641, -5.664225178496325 ], [ 176.119475938886978, -5.664483272800402 ], [ 176.119535596644681, -5.664754724683808 ], [ 176.119573319250577, -5.665026143234152 ], [ 176.119620373708841, -5.665297575965987 ], [ 176.119644416459721, -5.66537282011463 ], [ 176.11971688044207, -5.665569083844667 ], [ 176.11980865570186, -5.665840584529461 ], [ 176.119880246721777, -5.666112054542989 ], [ 176.119914006098838, -5.66622870691473 ], [ 176.119974894445789, -5.666383559586007 ], [ 176.120085903421625, -5.66665508948062 ], [ 176.120183947550117, -5.666852595877413 ], [ 176.120227044950269, -5.666926665139837 ], [ 176.120370207777597, -5.667198243852464 ], [ 176.120454068300774, -5.667358340462259 ], [ 176.120522056938825, -5.66746983573929 ], [ 176.120672419593745, -5.667741425348424 ], [ 176.120724257060658, -5.667819416277162 ], [ 176.120856502633188, -5.668013066133208 ], [ 176.120994447097701, -5.66827990671075 ], [ 176.120997444868379, -5.668284641395637 ], [ 176.121076279397528, -5.668556122366978 ], [ 176.121071550352156, -5.668827476488471 ], [ 176.121040530246063, -5.669098790692844 ], [ 176.121003689783521, -5.669370096051531 ], [ 176.120992711324305, -5.669427226852381 ], [ 176.120958774745759, -5.669641389139216 ], [ 176.120895233066364, -5.669912653927546 ], [ 176.120817543302707, -5.670183897208656 ], [ 176.120741926744159, -5.67045514361503 ], [ 176.120720036812799, -5.670607897180775 ], [ 176.120709196145413, -5.670726455151336 ], [ 176.120719525601714, -5.670945579463457 ], [ 176.120723283304329, -5.670997837807397 ], [ 176.120788240461309, -5.671269297745992 ], [ 176.120880054800494, -5.671540798483547 ], [ 176.120989160865577, -5.671773291984243 ], [ 176.121016297489518, -5.671812366702824 ], [ 176.121259667215355, -5.672025809727848 ], [ 176.121353423178277, -5.672084239968087 ], [ 176.121530322460359, -5.672180065982034 ], [ 176.121761000257948, -5.672356220017805 ], [ 176.121800890234368, -5.672392260095268 ], [ 176.122071424486393, -5.672626759809777 ], [ 176.122072933390569, -5.672628054721167 ], [ 176.122342018123646, -5.672822122042538 ], [ 176.122446068340338, -5.672899982129881 ], [ 176.122612604170854, -5.673022633345852 ], [ 176.122766154888467, -5.673171828915549 ], [ 176.122883000398076, -5.673348913701154 ], [ 176.122940982736708, -5.673443455367538 ], [ 176.123109849282827, -5.673715072753001 ], [ 176.123153244406467, -5.67377616445159 ], [ 176.12330288211237, -5.673986726736776 ], [ 176.123423518410533, -5.674183796584439 ], [ 176.123468585991844, -5.674258339269168 ], [ 176.12364976657355, -5.674529975224301 ], [ 176.123693820532253, -5.67457304009984 ], [ 176.123964384419622, -5.674789085508752 ], [ 176.12397920358822, -5.674801835714914 ], [ 176.12423488092395, -5.675049924148794 ], [ 176.124256136111143, -5.675073616562758 ], [ 176.124450791645614, -5.67534527275921 ], [ 176.12450519925676, -5.675429029317963 ], [ 176.124621296767572, -5.675616892359305 ], [ 176.124722117364144, -5.675888406460336 ], [ 176.124775024603593, -5.676135207587628 ], [ 176.124781846277642, -5.676159858361883 ], [ 176.1247989442966, -5.67643124573811 ], [ 176.124776830079185, -5.676702573758578 ], [ 176.124777242440388, -5.676973935873642 ], [ 176.124812961350159, -5.677245351434594 ], [ 176.124886776322654, -5.67751682466509 ], [ 176.125037365865239, -5.677788414102226 ], [ 176.125043412153389, -5.677795076147757 ], [ 176.125313929074423, -5.678043539768687 ], [ 176.125331612106095, -5.678060220907151 ], [ 176.125554242054818, -5.678331919264518 ], [ 176.125584313627058, -5.678379964195849 ], [ 176.125718790170851, -5.678603529714045 ], [ 176.125854472711609, -5.678866185546912 ], [ 176.125859846484332, -5.678875104608669 ], [ 176.125972541500346, -5.679146636596444 ], [ 176.12599660795297, -5.679418034547133 ], [ 176.125954677954866, -5.679689332683736 ], [ 176.12589760947003, -5.679960607909915 ], [ 176.125852506531629, -5.680170557140992 ], [ 176.125840874327395, -5.680231883624121 ], [ 176.125735443570761, -5.680503085644578 ], [ 176.125580827835506, -5.680691728348437 ], [ 176.125494588200894, -5.680774082671711 ], [ 176.125309558888858, -5.680940955643273 ], [ 176.125192260331289, -5.681044986486389 ], [ 176.125038323358467, -5.681167888986636 ], [ 176.124834982848, -5.681315806860083 ], [ 176.124767130037355, -5.68136672758937 ], [ 176.124495984645733, -5.681533712986566 ], [ 176.124406519057629, -5.681586519070134 ], [ 176.124224852570819, -5.68169178832443 ], [ 176.123953792457769, -5.681802157463126 ], [ 176.123700857306716, -5.68185681047146 ], [ 176.123682808810372, -5.681861888234021 ], [ 176.123613684749699, -5.681856678228996 ], [ 176.123411940097469, -5.681845590521309 ], [ 176.123141195549181, -5.681747232168575 ], [ 176.122925862395505, -5.681584273013919 ], [ 176.122870647681452, -5.681518958405238 ], [ 176.122682424651543, -5.681312542073149 ], [ 176.122600219770305, -5.681211568855331 ], [ 176.12245712582984, -5.681040838613339 ], [ 176.122329816291568, -5.68088822547562 ], [ 176.122241813721132, -5.680769150267186 ], [ 176.122069269685994, -5.680497526852979 ], [ 176.122059537167331, -5.680482949690344 ], [ 176.121891722117311, -5.680225895805906 ], [ 176.121789281443313, -5.680062456974043 ], [ 176.121716401519336, -5.679954268111968 ], [ 176.121518918868986, -5.67971273791335 ], [ 176.121493505227988, -5.679682568065275 ], [ 176.121248989352978, -5.679410835088984 ], [ 176.121248485170241, -5.679410163420275 ], [ 176.121082413890377, -5.679139220575693 ], [ 176.120978322599456, -5.678928886437981 ], [ 176.120941044383272, -5.678867644372898 ], [ 176.120707874462653, -5.678636246828404 ], [ 176.120666035045474, -5.678595864857643 ], [ 176.120437434408529, -5.678338454831473 ], [ 176.120422876076361, -5.67832413371564 ], [ 176.120166879908879, -5.67811629525789 ], [ 176.120095745382628, -5.678052274689839 ], [ 176.119896357114669, -5.677873379248884 ], [ 176.11982295456437, -5.677780498262741 ], [ 176.119627174926677, -5.677508839024931 ], [ 176.119626021463745, -5.677507299156152 ], [ 176.119448018192685, -5.677237205064788 ], [ 176.119355801820802, -5.677065008189128 ], [ 176.119259537931185, -5.676965556869577 ], [ 176.11908521588569, -5.67686421815436 ], [ 176.11881454336384, -5.676720568807493 ], [ 176.118782700091913, -5.676693469226182 ], [ 176.118543992482927, -5.676496946762351 ], [ 176.118470203778003, -5.676421631827469 ], [ 176.118273624075641, -5.676153382754638 ], [ 176.118271004775721, -5.676149967072841 ], [ 176.118148519355259, -5.675878419266938 ], [ 176.118102678541817, -5.675606988336764 ], [ 176.118058843842107, -5.675335560466369 ], [ 176.118004232256368, -5.675167457176513 ], [ 176.117959052321368, -5.67506404726034 ], [ 176.117811792666544, -5.674792461649367 ], [ 176.117734064120185, -5.67469270748275 ], [ 176.117615399039266, -5.674520801066161 ], [ 176.1174638196606, -5.674268420543057 ], [ 176.117450162339793, -5.674249187980521 ], [ 176.117217539717245, -5.673977472036761 ], [ 176.117193402008667, -5.673958257209481 ], [ 176.116922707581494, -5.673830222729408 ], [ 176.116652005838688, -5.673707084274533 ], [ 176.116649032198893, -5.673705243235631 ], [ 176.116381395366631, -5.67352406783457 ], [ 176.116302874279768, -5.673433353640317 ], [ 176.116176144233435, -5.673161799138478 ], [ 176.11611125423812, -5.673032892571527 ], [ 176.115887210505377, -5.672889996785774 ], [ 176.115840607937827, -5.672873725557271 ], [ 176.115569786143368, -5.672829871717121 ], [ 176.115299098791695, -5.672697825543294 ], [ 176.115209507403705, -5.672617599957142 ], [ 176.115034489125833, -5.672345971463822 ], [ 176.115028769825614, -5.672330729453634 ], [ 176.114935391691517, -5.672074459067579 ], [ 176.114883680670573, -5.671803019147292 ], [ 176.114850864555564, -5.6715316081278 ], [ 176.114827281540812, -5.671260211230691 ], [ 176.114762237248897, -5.670988750918871 ], [ 176.114759934186168, -5.670984188783835 ], [ 176.11461352335067, -5.670717162622276 ], [ 176.114489683841981, -5.670566184485655 ], [ 176.11431761677261, -5.670445349098133 ], [ 176.114219056805354, -5.670395438708433 ], [ 176.113948213659825, -5.670366477406002 ], [ 176.113677290601004, -5.670389917836059 ], [ 176.113406366787331, -5.670413851179713 ], [ 176.113135475747981, -5.670416317272455 ], [ 176.112864654256441, -5.670373258350996 ], [ 176.112593959883554, -5.67024703137 ], [ 176.112505748028042, -5.670171213161293 ], [ 176.112323464819809, -5.669990465832378 ], [ 176.112244580262228, -5.669899452026074 ], [ 176.112103560621534, -5.6696278750991 ], [ 176.11205332587457, -5.669501070951339 ], [ 176.111984173645254, -5.669356331338316 ], [ 176.111831504227638, -5.66908473651064 ], [ 176.111783160995088, -5.669028908378135 ], [ 176.111512484868285, -5.668891334616992 ], [ 176.11124159047921, -5.668896539737148 ], [ 176.1109706985998, -5.668900114367704 ], [ 176.110699838465905, -5.668882959374338 ], [ 176.11042893637142, -5.668893233367813 ], [ 176.110157828674744, -5.669037755953622 ], [ 176.110129109308417, -5.669082122391508 ], [ 176.110157589660986, -5.669193809038529 ], [ 176.110192806252201, -5.669353580801952 ], [ 176.110298120706886, -5.669625103174661 ], [ 176.110379327723052, -5.669896588492986 ], [ 176.110427227121562, -5.670009482628777 ], [ 176.11050729879895, -5.670168145671635 ], [ 176.110639232385779, -5.670439708926519 ], [ 176.11069730136208, -5.670540277590611 ], [ 176.110805720384121, -5.670711325254659 ], [ 176.110967517054206, -5.67097895118249 ], [ 176.110970081440115, -5.670982938289441 ], [ 176.111149472038335, -5.671254574382107 ], [ 176.111237799093686, -5.671374516932162 ], [ 176.111359708383361, -5.671526257808761 ], [ 176.11150818572122, -5.671701950717385 ], [ 176.11158784817377, -5.671797968673222 ], [ 176.111778555435166, -5.672040635201897 ], [ 176.111805249274653, -5.672069662995343 ], [ 176.112049021968573, -5.672316206455654 ], [ 176.112075077062229, -5.672341437717643 ], [ 176.112319515949849, -5.672573991682677 ], [ 176.112360538797532, -5.672613236335173 ], [ 176.112589981309469, -5.672850661264128 ], [ 176.112626715692585, -5.672885005273444 ], [ 176.112860451833427, -5.673124119216729 ], [ 176.11289380537491, -5.673156775524936 ], [ 176.113130951714794, -5.67337852640008 ], [ 176.113181744629486, -5.673428577650197 ], [ 176.11340143798023, -5.673642005553329 ], [ 176.113457164835353, -5.673700360485965 ], [ 176.113671913291455, -5.673912820450887 ], [ 176.113728021894417, -5.673972136236753 ], [ 176.113942355664108, -5.674205378788932 ], [ 176.113980967545245, -5.674243884461983 ], [ 176.114212830581408, -5.674476788066705 ], [ 176.114252937908674, -5.674515661744451 ], [ 176.114483317420195, -5.674740549195295 ], [ 176.11452841498641, -5.674787444304461 ], [ 176.11474413781022, -5.675059135311299 ], [ 176.114753696565117, -5.675075076762804 ], [ 176.114921166746541, -5.675330767050208 ], [ 176.115023950091484, -5.675492177200088 ], [ 176.115097999034475, -5.67560239845711 ], [ 176.115288096271541, -5.675874050127437 ], [ 176.115294245977481, -5.675881730779323 ], [ 176.115556562793785, -5.676145821633423 ], [ 176.115564720908253, -5.676154042827176 ], [ 176.115835269458444, -5.676378208642272 ], [ 176.115888114532339, -5.676417689513351 ], [ 176.116105868189976, -5.676569575231916 ], [ 176.116268387207782, -5.676689631717585 ], [ 176.116376450422507, -5.676771898821931 ], [ 176.116636048503182, -5.676961554455596 ], [ 176.116647040928626, -5.676968917987405 ], [ 176.116917618434002, -5.677174604932775 ], [ 176.116984542708195, -5.677233447735898 ], [ 176.117188132755103, -5.677421944140872 ], [ 176.117282376863528, -5.677505263503166 ], [ 176.117458688442923, -5.677642246283872 ], [ 176.117600186908959, -5.677777109649449 ], [ 176.117729169835144, -5.677911536022882 ], [ 176.117857058956247, -5.678048862672963 ], [ 176.117999603805799, -5.67821217781112 ], [ 176.118104659769187, -5.678320601471827 ], [ 176.118270094763659, -5.678475513823741 ], [ 176.118374974968816, -5.678592374844478 ], [ 176.11854048382105, -5.678806061191566 ], [ 176.118589128121556, -5.678864062482661 ], [ 176.118795158158235, -5.679135737684422 ], [ 176.118810844078581, -5.67915575950582 ], [ 176.11901612841956, -5.679407435615045 ], [ 176.11908123326009, -5.679486623029929 ], [ 176.119246715008416, -5.679679148146594 ], [ 176.119351666300844, -5.679788803228914 ], [ 176.119496771564798, -5.679950890283865 ], [ 176.119622076008341, -5.680106534059658 ], [ 176.119726618968201, -5.680222601560265 ], [ 176.119892494719153, -5.680418523826334 ], [ 176.11995815946787, -5.680494315354471 ], [ 176.120162900368683, -5.680739308087479 ], [ 176.120186348192306, -5.680766023982789 ], [ 176.120405266284706, -5.681037718437424 ], [ 176.120433281310426, -5.681076570085835 ], [ 176.120612928684835, -5.681309395705354 ], [ 176.120703666640765, -5.681411138976308 ], [ 176.12084409090167, -5.68158110868886 ], [ 176.120974021914492, -5.68176572796828 ], [ 176.121042680540711, -5.681852772050823 ], [ 176.12123826049401, -5.682124430791954 ], [ 176.121244358398059, -5.682132920230347 ], [ 176.121446329944376, -5.682396108488962 ], [ 176.121514701619759, -5.682495881981121 ], [ 176.121649015688831, -5.68266777795133 ], [ 176.121785097653458, -5.682824204029778 ], [ 176.121885369448393, -5.682939498558066 ], [ 176.122055500163015, -5.683148447465121 ], [ 176.12210860901925, -5.683211199165285 ], [ 176.122315783349109, -5.683482875300446 ], [ 176.12232586826201, -5.68349560541204 ], [ 176.122539258215738, -5.683754576156645 ], [ 176.122596258333999, -5.683828457234558 ], [ 176.122755092562443, -5.68402626534881 ], [ 176.12286665026113, -5.684160282160197 ], [ 176.122988284753234, -5.68429798085244 ], [ 176.123137085176751, -5.684463899792453 ], [ 176.123233920115752, -5.684569715187466 ], [ 176.123407553452921, -5.684745652115189 ], [ 176.123494156883027, -5.684841471617066 ], [ 176.123677971125488, -5.685061031770511 ], [ 176.123723593228675, -5.685113181217209 ], [ 176.123943374630556, -5.685384876105651 ], [ 176.123948366573927, -5.685391297684149 ], [ 176.124153136430863, -5.685656555738091 ], [ 176.124218730044788, -5.685742912392371 ], [ 176.124370816182648, -5.685928247332254 ], [ 176.124489124199499, -5.686074434942678 ], [ 176.124598950123954, -5.68619995472716 ], [ 176.124759572414916, -5.686370380172218 ], [ 176.124850074941378, -5.686471696920501 ], [ 176.125030008577085, -5.686674484311659 ], [ 176.125093414440528, -5.686743427236893 ], [ 176.125300454417328, -5.686972365158482 ], [ 176.125339033458459, -5.687015160937483 ], [ 176.125570885247896, -5.687280368091164 ], [ 176.125576483603737, -5.687286882189317 ], [ 176.125788024990442, -5.687558564128103 ], [ 176.125841258847856, -5.687626469896132 ], [ 176.126014272005278, -5.687830268289017 ], [ 176.126111673840825, -5.68794535028016 ], [ 176.126249056233803, -5.688101985317886 ], [ 176.126382105824092, -5.688253162245497 ], [ 176.126496534639614, -5.688373721498992 ], [ 176.126652580213062, -5.688533048153052 ], [ 176.126750964270826, -5.688645468127086 ], [ 176.126922997336521, -5.688851080579704 ], [ 176.12698000924857, -5.688917176267301 ], [ 176.127193419368808, -5.689166049173014 ], [ 176.127213836202316, -5.689188891580859 ], [ 176.127449545421996, -5.689460609677292 ], [ 176.127463846628501, -5.689477740245403 ], [ 176.127683511108927, -5.689732325072079 ], [ 176.127734271359088, -5.689791298737314 ], [ 176.127895927188661, -5.69000400782414 ], [ 176.128004616302519, -5.690158009348589 ], [ 176.128098871284664, -5.690275676208556 ], [ 176.128275012030372, -5.690491218151694 ], [ 176.12832272802811, -5.69054737615193 ], [ 176.12851908986778, -5.690819034495011 ], [ 176.12854536372032, -5.69085387354326 ], [ 176.128715221941803, -5.691090692449574 ], [ 176.12881567227663, -5.691245396634853 ], [ 176.12890104454101, -5.691362334791191 ], [ 176.129086014324457, -5.691614895565305 ], [ 176.129100429197564, -5.691633997577828 ], [ 176.12928579842702, -5.69190563915959 ], [ 176.129356328926747, -5.692002853237429 ], [ 176.12948385761203, -5.692177299862914 ], [ 176.129626626353087, -5.69240245625975 ], [ 176.12966115176323, -5.692448929181577 ], [ 176.129822685264287, -5.692720534682864 ], [ 176.129896886091416, -5.69282735187838 ], [ 176.130015275248041, -5.692992187022044 ], [ 176.130167184293782, -5.693226911153865 ], [ 176.130192826042531, -5.693263816632511 ], [ 176.13036060082203, -5.693535431464301 ], [ 176.130437446612888, -5.693650574532088 ], [ 176.130544778893949, -5.693807071008558 ], [ 176.130696437998466, -5.694078661479079 ], [ 176.130707674242586, -5.694097564711734 ], [ 176.130860047183944, -5.694350269947336 ], [ 176.130977886433357, -5.694555085940611 ], [ 176.131024930308229, -5.694621880310454 ], [ 176.131194603115517, -5.694893497867162 ], [ 176.131248157471447, -5.694973693377356 ], [ 176.131377619913877, -5.695165135506736 ], [ 176.131518407893907, -5.695406270523069 ], [ 176.131539486719817, -5.695436741240728 ], [ 176.131697850928816, -5.695708341672305 ], [ 176.131788660408517, -5.695837703582703 ], [ 176.131891568296595, -5.69597999533911 ], [ 176.132058964146665, -5.696235261851872 ], [ 176.132071445879347, -5.696251628120322 ], [ 176.132256692040244, -5.696523268953238 ], [ 176.132329294686514, -5.696615194008452 ], [ 176.13246094635457, -5.696794938370709 ], [ 176.132599599779326, -5.697012310903557 ], [ 176.13263789918895, -5.697066566642196 ], [ 176.132799521925847, -5.697338171806821 ], [ 176.132869875700976, -5.697429107714449 ], [ 176.133019733726712, -5.697609865121035 ], [ 176.133140268938234, -5.697767918481455 ], [ 176.133232837393535, -5.697881547684769 ], [ 176.133410613568202, -5.698139353972986 ], [ 176.133421315098076, -5.698153193151538 ], [ 176.133611937553923, -5.698424841806721 ], [ 176.133680939486709, -5.698523493292819 ], [ 176.133820629626541, -5.69869651759679 ], [ 176.133951380241882, -5.698831226677017 ], [ 176.134063499270582, -5.698968244723762 ], [ 176.13422178616446, -5.69916239911093 ], [ 176.134288291262862, -5.699239944607241 ], [ 176.134492250912075, -5.699454496637824 ], [ 176.13455160001152, -5.699511702314606 ], [ 176.134762770919224, -5.699709869901826 ], [ 176.134847105221496, -5.699783508306185 ], [ 176.135033280442315, -5.699972407856071 ], [ 176.135148672289802, -5.700055323289416 ], [ 176.135303937850438, -5.700136292923234 ], [ 176.135574731966841, -5.700208911634084 ], [ 176.135845532235066, -5.700277474499581 ], [ 176.135961700127666, -5.700327905835813 ], [ 176.136116283504748, -5.700378863266335 ], [ 176.136387099428475, -5.700437072135669 ], [ 176.136658003075638, -5.700436623152719 ], [ 176.136929043406809, -5.700344684672215 ], [ 176.136964520610803, -5.700329409708538 ], [ 176.137200226693523, -5.70015696607774 ], [ 176.137326902230569, -5.700058590555542 ], [ 176.137200735366292, -5.699816307837438 ], [ 176.137182102291462, -5.699787011457691 ] ], [ [ 176.118297565696054, -5.660375291136905 ], [ 176.118027013631263, -5.660156985796481 ], [ 176.117787718640557, -5.660138926863489 ], [ 176.117756162091979, -5.66013634976287 ], [ 176.117485372906373, -5.660074624239426 ], [ 176.117214648150252, -5.6599704772997 ], [ 176.116943883237383, -5.659892868616931 ], [ 176.116764095753609, -5.659866007528617 ], [ 176.116673066836654, -5.659849239849729 ], [ 176.116402261004424, -5.659798689825589 ], [ 176.11613148063995, -5.659731414838329 ], [ 176.115860802818077, -5.659596697000721 ], [ 176.115856768804377, -5.659593263849284 ], [ 176.115665216677144, -5.6593216107806 ] ], [ [ 176.135578277521063, -5.697838511663064 ], [ 176.135515803549282, -5.697613616087667 ], [ 176.135374422454504, -5.697342041862377 ], [ 176.135308222185131, -5.697272711593976 ], [ 176.135037570225592, -5.697105998423861 ], [ 176.135005427852803, -5.697070125942352 ], [ 176.134866636107432, -5.696798555530701 ], [ 176.134767347467545, -5.696652608003257 ], [ 176.134667046155698, -5.696526893800776 ], [ 176.134496927117027, -5.696331478626872 ], [ 176.134442298255749, -5.696255194238369 ], [ 176.134303473306943, -5.695983623702874 ], [ 176.134226765458493, -5.695837769746978 ], [ 176.134155099925948, -5.695712038805081 ], [ 176.134029729268264, -5.695440488451845 ], [ 176.133956703284611, -5.695277908894232 ], [ 176.133903922093708, -5.695168937430586 ], [ 176.133801772623116, -5.694897421951649 ], [ 176.133705695255259, -5.694625915592638 ], [ 176.133686841843456, -5.694584343402545 ], [ 176.133579420363304, -5.694354363839723 ], [ 176.133488868322615, -5.694082865773563 ], [ 176.133417081643159, -5.693823560440812 ], [ 176.133412473659888, -5.693811388985657 ], [ 176.133306517438854, -5.693539867755121 ], [ 176.133219014804808, -5.693268374261725 ], [ 176.133147327611255, -5.693059045868817 ], [ 176.133125348042853, -5.692996871497016 ], [ 176.133044920239058, -5.692725388634083 ], [ 176.132977818587449, -5.692453925806758 ], [ 176.132882844670206, -5.692182421066713 ], [ 176.132877756632894, -5.692172770516304 ], [ 176.132761110262038, -5.691910876078062 ], [ 176.132634292314634, -5.691639323432688 ], [ 176.132607729244086, -5.691591420721665 ], [ 176.132512531953893, -5.691367778382367 ], [ 176.132440597264775, -5.691096308272116 ], [ 176.132397836067781, -5.69082488204483 ], [ 176.132342363676486, -5.690553436697251 ], [ 176.13233840301163, -5.690542692946067 ], [ 176.132248569835156, -5.690281933702386 ], [ 176.132182081439055, -5.690010471781666 ], [ 176.132139324659335, -5.689739045562316 ], [ 176.132080225899614, -5.689467594758355 ], [ 176.132069178355692, -5.689426686854337 ], [ 176.132009987589015, -5.68919612719518 ], [ 176.131964231762083, -5.68892469646487 ], [ 176.131935762352384, -5.688653291741911 ], [ 176.1319005960884, -5.688381876944047 ], [ 176.131834456058044, -5.688110415547518 ], [ 176.131800414968609, -5.688003534882526 ], [ 176.131752841410645, -5.687838930867938 ], [ 176.131705253380943, -5.687567497382531 ], [ 176.131673488036967, -5.68729608770386 ], [ 176.131632587975844, -5.687024664281793 ], [ 176.131580490194921, -5.686753224012378 ], [ 176.131531692440944, -5.686553672436017 ], [ 176.13151393959626, -5.686481761997274 ], [ 176.131460820787822, -5.686210320191682 ], [ 176.131415447075028, -5.685938890039977 ], [ 176.131377786836936, -5.685667471494765 ], [ 176.13135444012886, -5.685396074486505 ], [ 176.131318242177912, -5.685124658142169 ], [ 176.1312631923673, -5.684956000547746 ], [ 176.131232600861949, -5.684853167403567 ], [ 176.131153872517444, -5.684581687064263 ], [ 176.131085104717272, -5.684310221711615 ], [ 176.130999229708834, -5.684038730614036 ], [ 176.13099369425035, -5.684024412481335 ], [ 176.130908787767424, -5.683767232640323 ], [ 176.130838492930593, -5.683495764984822 ], [ 176.130758119008618, -5.683224282158482 ], [ 176.13072411778677, -5.683145496240918 ], [ 176.130650264092395, -5.682952757966172 ], [ 176.130567927417644, -5.682681272178944 ], [ 176.130491740265057, -5.682409795646278 ], [ 176.130454464686352, -5.682318087565196 ], [ 176.130383982387912, -5.682138271584699 ], [ 176.13029376397796, -5.681866773922328 ], [ 176.13022537148143, -5.681595309117236 ], [ 176.130184859811038, -5.681458943813211 ], [ 176.130144114609863, -5.68132382494218 ], [ 176.1300603805972, -5.681052337034864 ], [ 176.129974443880087, -5.68078084580798 ], [ 176.129915199038294, -5.680637464401213 ], [ 176.129864673752991, -5.680509318687321 ], [ 176.129774629735579, -5.680237821266858 ], [ 176.129693683446078, -5.679966337544587 ], [ 176.12964548356743, -5.679852831602076 ], [ 176.129585449587012, -5.679694812720369 ], [ 176.129483879279974, -5.679423297926079 ], [ 176.129375577499644, -5.679195552883009 ], [ 176.129356479667251, -5.679151744216056 ], [ 176.129265755198503, -5.678880245746935 ], [ 176.129199050696855, -5.678608783462344 ], [ 176.1291059292478, -5.678366911315326 ], [ 176.129095280907336, -5.678337265332607 ], [ 176.129004625492115, -5.678065766956978 ], [ 176.128905246985198, -5.677794255433042 ], [ 176.128836108290102, -5.677653680398892 ], [ 176.128786572223618, -5.677522714824459 ], [ 176.128698820172502, -5.677251220809865 ], [ 176.128582597165575, -5.676979683880814 ], [ 176.128566275631215, -5.676948605112046 ], [ 176.128479024394665, -5.676708166010564 ], [ 176.128378098832172, -5.676436652124489 ], [ 176.128296434450931, -5.676249564224713 ], [ 176.128266798076766, -5.676165122591666 ], [ 176.128188645941123, -5.675893643026951 ], [ 176.128099735891908, -5.675622147240775 ], [ 176.128026705191502, -5.675476396440405 ], [ 176.127979041749143, -5.675350603526915 ], [ 176.127883625258448, -5.675079097919921 ], [ 176.127776800166203, -5.674807575103782 ], [ 176.127756875409005, -5.674770504427056 ], [ 176.127651931362749, -5.674536025067691 ], [ 176.127546225511509, -5.674264503923643 ], [ 176.127486964765694, -5.67411876998849 ], [ 176.127440530303147, -5.673992982788898 ], [ 176.127352122990231, -5.673721487726248 ], [ 176.127255898818674, -5.673449980867871 ], [ 176.127217208796083, -5.673364494183581 ], [ 176.127143215705729, -5.673178449173228 ], [ 176.127049199154186, -5.672906945634582 ], [ 176.12694738588948, -5.672655113726417 ], [ 176.126939963527519, -5.672635419127473 ], [ 176.126847767024174, -5.672363918325172 ], [ 176.12669885388496, -5.672092331925447 ], [ 176.126677389888329, -5.672061189389731 ], [ 176.126561937125672, -5.671820763613068 ], [ 176.126432123347911, -5.671549206007379 ], [ 176.126407330739511, -5.671509561820044 ], [ 176.126293407454483, -5.671277634949351 ], [ 176.126168258586802, -5.671006084359322 ], [ 176.126137284555853, -5.670949617617123 ], [ 176.126032353639829, -5.670734517516178 ], [ 176.125912727463231, -5.670462975241158 ], [ 176.125867261967272, -5.670374298475299 ], [ 176.125785590522867, -5.670191421612774 ], [ 176.125673306524646, -5.669919890406073 ], [ 176.125597257175201, -5.669787466185295 ], [ 176.125521584633901, -5.669648299618303 ], [ 176.125371813763536, -5.669376711757488 ], [ 176.125327088000233, -5.669310133814909 ], [ 176.125212825410131, -5.669105109949538 ], [ 176.1250569155753, -5.668835227218376 ], [ 176.125055889837768, -5.668833511220251 ], [ 176.12489588589446, -5.668561907830901 ], [ 176.124786694343641, -5.668392990180804 ], [ 176.124725072026166, -5.668290288077515 ], [ 176.124589276275515, -5.668018721235844 ], [ 176.124516577157607, -5.667881943741208 ], [ 176.124446535550192, -5.667747143878919 ], [ 176.124325759322858, -5.667475599717131 ], [ 176.124246501367651, -5.667343708391193 ], [ 176.124159214264324, -5.667203986330903 ], [ 176.123976197157816, -5.666957316217403 ], [ 176.123959182951921, -5.666932322268909 ], [ 176.12380108401544, -5.666660721599403 ], [ 176.123705978251365, -5.666514566993218 ], [ 176.12362812892556, -5.666389098429781 ], [ 176.123474817074282, -5.666117504955017 ], [ 176.123435787264185, -5.666053554356211 ], [ 176.123311464602068, -5.665845896263761 ], [ 176.123165519455767, -5.665643734060319 ], [ 176.123116094797695, -5.665574239084739 ], [ 176.122932843580003, -5.665302600211872 ], [ 176.122895228673201, -5.665249377955467 ], [ 176.122753982684372, -5.665030967952402 ], [ 176.122624945587347, -5.664850149822778 ], [ 176.122561312433646, -5.664759314748026 ], [ 176.122354591221324, -5.664498377359608 ], [ 176.122346785933445, -5.664487628399331 ], [ 176.12218733263586, -5.664216025432962 ], [ 176.122084397993831, -5.664040079941034 ], [ 176.122027506569253, -5.663944421878296 ], [ 176.121890453907412, -5.663672852808459 ], [ 176.121814247146432, -5.663553975339281 ], [ 176.121704386668426, -5.663401209442517 ], [ 176.12154386322689, -5.663222451181623 ], [ 176.121472819802193, -5.663129497071965 ], [ 176.121278102872679, -5.662857840509697 ], [ 176.121273542769416, -5.662849119090667 ], [ 176.121177078152016, -5.662586325973226 ], [ 176.12119811231787, -5.662314996499206 ], [ 176.121274645422915, -5.662119223418443 ], [ 176.121298941880042, -5.662043787983746 ], [ 176.121300212419072, -5.661772428531337 ], [ 176.121275253169699, -5.661716887765069 ], [ 176.121177403547478, -5.661500880993271 ], [ 176.121034881036877, -5.661229303556638 ], [ 176.121005154569389, -5.661197202945488 ], [ 176.120734246383932, -5.661213521115436 ], [ 176.120703629985712, -5.661228801249383 ], [ 176.120463137003782, -5.661362927052918 ], [ 176.12019210224156, -5.661462908890837 ], [ 176.119921187413553, -5.661483558910869 ], [ 176.119650506689965, -5.661349501570316 ], [ 176.119536493170415, -5.661227029901445 ], [ 176.119380072034318, -5.661052964350585 ], [ 176.119281018694238, -5.660955280616952 ], [ 176.119109477839288, -5.660861984679226 ], [ 176.118838700627748, -5.660791978346627 ], [ 176.118574939502366, -5.660682846416444 ], [ 176.118567989849453, -5.66067817299643 ], [ 176.118311303043583, -5.660411084398224 ] ], [ [ 176.101298491424444, -5.664726724062388 ], [ 176.101341478486148, -5.664455430831609 ], [ 176.101379413832035, -5.664184129754605 ], [ 176.10142103599415, -5.66391283438413 ], [ 176.101463262201491, -5.663641539938681 ], [ 176.101470760773026, -5.663370191639467 ], [ 176.101227763629993, -5.663103286575673 ], [ 176.100956671834808, -5.663238370146256 ], [ 176.100835044279478, -5.663369205651497 ], [ 176.10068534393821, -5.663526063202715 ], [ 176.100599730034958, -5.663640200367356 ], [ 176.100413893735293, -5.66389264408692 ], [ 176.100401948456948, -5.663911253218695 ], [ 176.100328876424697, -5.664182499612093 ], [ 176.100391377918896, -5.664453956489641 ], [ 176.100412979205487, -5.664483792943525 ], [ 176.100626767452894, -5.66472568176041 ], [ 176.100683407779172, -5.664777974747005 ], [ 176.100954025285489, -5.664950150233437 ], [ 176.101224981558801, -5.664903293601403 ], [ 176.101298491424444, -5.664726724062388 ] ], [ [ 176.108056469995006, -5.671521176090789 ], [ 176.108210616925476, -5.671250053304195 ], [ 176.10825836329127, -5.671161984954514 ], [ 176.108333701614981, -5.670978882596927 ], [ 176.108438646812061, -5.670707683901671 ], [ 176.108526248117556, -5.670436458457606 ], [ 176.108530518890035, -5.67033563956304 ], [ 176.108535073972348, -5.670165111670872 ], [ 176.108530794955698, -5.670155760227692 ], [ 176.108260115066798, -5.670020977589011 ], [ 176.10806490297432, -5.670164387384628 ], [ 176.107988886500493, -5.67024358895624 ], [ 176.10778860286328, -5.670435321898865 ], [ 176.107717611418394, -5.670496349001612 ], [ 176.107446604525251, -5.670574435174714 ], [ 176.107175685158893, -5.670595545195606 ], [ 176.107009195117371, -5.670705480237763 ], [ 176.106952654785772, -5.670976753261488 ], [ 176.107006350017116, -5.671248196372971 ], [ 176.107174393157322, -5.671435996440204 ], [ 176.107246135790092, -5.671519926588936 ], [ 176.107444847827992, -5.671717492693178 ], [ 176.107715660975288, -5.671765862903906 ], [ 176.107986791664672, -5.671607550254764 ], [ 176.108056469995006, -5.671521176090789 ] ], [ [ 176.136930171441435, -5.699589474194607 ], [ 176.13665928774617, -5.699576822139749 ], [ 176.13638831083307, -5.699626564344995 ], [ 176.136117540285142, -5.699538248871697 ], [ 176.136094934225468, -5.699514019493215 ], [ 176.135910263416861, -5.699242380370067 ], [ 176.135847273116553, -5.699113373091045 ], [ 176.135783512758906, -5.698970828121643 ], [ 176.135683413706118, -5.69869931585403 ], [ 176.135609161745407, -5.698427842368208 ] ] ] } },
{ "type": "Feature", "properties": { "year": 2009, "certainty": "good", "eez_territory": "TUV" }, "geometry": { "type": "MultiLineString", "coordinates": [ [ [ 176.120838166623116, -5.682035219595218 ], [ 176.120895034552689, -5.68212390854781 ], [ 176.120973338107262, -5.682216652020143 ], [ 176.121101760737844, -5.682395584299943 ], [ 176.121243560640437, -5.682659110844955 ], [ 176.121248721460603, -5.682667169080957 ], [ 176.12130844726417, -5.682802940539275 ] ], [ [ 176.129359224374554, -5.692041430860402 ], [ 176.129454988185529, -5.692177256279973 ], [ 176.129621489064618, -5.692448869313502 ], [ 176.129626545022461, -5.692456521521178 ], [ 176.129784562792224, -5.692720477147674 ], [ 176.129896739383696, -5.692924899731427 ], [ 176.129939176359301, -5.692992072189604 ], [ 176.130016292301406, -5.693127869414348 ] ], [ [ 176.130031842483049, -5.693155252480148 ], [ 176.130093408276451, -5.693263666633678 ], [ 176.13016694425022, -5.693386556661135 ], [ 176.130175549408165, -5.693399471429277 ] ], [ [ 176.133609105189237, -5.694218727478827 ], [ 176.133556349538026, -5.694082967206173 ], [ 176.133466560407271, -5.693811470288699 ], [ 176.133417384541843, -5.693621371156596 ], [ 176.133396313914119, -5.693540002744296 ], [ 176.133339555055386, -5.693268555473939 ], [ 176.13325243211213, -5.692997062557708 ], [ 176.133147789650394, -5.69275067939577 ], [ 176.13313920354986, -5.692725530390631 ], [ 176.133053129413469, -5.692454039042535 ], [ 176.132942382741845, -5.692182510593315 ], [ 176.132877875880695, -5.692093198045855 ], [ 176.132854902747681, -5.692046698086137 ] ], [ [ 176.132176874534281, -5.689603421100994 ], [ 176.132152013320791, -5.689467702752473 ], [ 176.13209271439132, -5.689196251649488 ], [ 176.13206965855008, -5.689106395600595 ], [ 176.132031291712678, -5.688924797351431 ], [ 176.132000126582767, -5.688789069519604 ] ], [ [ 176.131453418175056, -5.684989180568074 ], [ 176.13141704356886, -5.68485344490255 ], [ 176.131275775143877, -5.684581870484607 ], [ 176.131263785484805, -5.684560440687266 ], [ 176.131191911272225, -5.684310382424254 ], [ 176.131118397567235, -5.684038909934818 ], [ 176.131012453946397, -5.683767388644851 ], [ 176.130994134263403, -5.683731005822215 ], [ 176.130913384146396, -5.68349587769233 ], [ 176.130838981265498, -5.683224403857206 ], [ 176.130752545254239, -5.68295291191057 ], [ 176.130724503968594, -5.68288802559537 ], [ 176.130659071600007, -5.682681409368371 ], [ 176.130580787465391, -5.682409929684934 ], [ 176.130475489985315, -5.682138409337269 ], [ 176.130454799103262, -5.682095166156904 ], [ 176.130374559952628, -5.681866895557595 ], [ 176.130296553222706, -5.681595416282614 ], [ 176.130185035952024, -5.68134154834589 ], [ 176.130178137415754, -5.681323876167586 ], [ 176.13007316566032, -5.681052356285485 ], [ 176.129975128783769, -5.680780846839312 ], [ 176.129915204076383, -5.6806341071763 ], [ 176.12987055727362, -5.680509327547402 ], [ 176.129779424728724, -5.680237828488121 ], [ 176.129682786929067, -5.679966321133528 ], [ 176.129645456087133, -5.679871140471661 ], [ 176.129587335666798, -5.67969481556116 ], [ 176.129541181544113, -5.679559065140272 ] ], [ [ 176.127943143374267, -5.674672145063988 ], [ 176.127880055386299, -5.674536369075565 ], [ 176.127757474705049, -5.674371711485665 ], [ 176.127714519147787, -5.674264757735601 ], [ 176.127631061031565, -5.673993270155304 ], [ 176.12748755806021, -5.673724047352874 ], [ 176.127486607294031, -5.673721690578589 ], [ 176.127368572530543, -5.673450150834571 ], [ 176.127217434125555, -5.673214610610986 ], [ 176.127199530557306, -5.673178534133089 ], [ 176.127132265589324, -5.673042751806165 ] ] ] } },
{ "type": "Feature", "properties": { "year": 2010, "certainty": "good", "eez_territory": "TUV" }, "geometry": { "type": "MultiLineString", "coordinates": [ [ [ 176.125890167149436, -5.679824915881125 ], [ 176.125868270831489, -5.679960563530302 ], [ 176.125852673914068, -5.68005952682172 ], [ 176.125826043506322, -5.680231861187689 ], [ 176.125701973832378, -5.680503035001698 ], [ 176.125580905337955, -5.680640339402074 ], [ 176.125443945861463, -5.680774006019588 ], [ 176.12530962841592, -5.680894871250304 ], [ 176.125151896517451, -5.681044925368176 ], [ 176.125038365069628, -5.681140251441258 ], [ 176.124784518225766, -5.681315730412151 ], [ 176.124767187403478, -5.681328730244978 ], [ 176.124631611438218, -5.681414406552991 ] ], [ [ 176.132204464113215, -5.689603462603062 ], [ 176.132180128726532, -5.689467745045725 ], [ 176.132118665388163, -5.68919629068776 ], [ 176.132069803666383, -5.689009598929963 ], [ 176.132051455548776, -5.688924827684851 ], [ 176.132020841144538, -5.688789100681885 ] ], [ [ 176.130705475961861, -5.682817160139633 ], [ 176.130659345308601, -5.682681409780333 ], [ 176.130578592235224, -5.68240992638072 ], [ 176.130486884383885, -5.68213842648901 ], [ 176.130454841791163, -5.682066709871052 ], [ 176.130385807738946, -5.681866912489816 ], [ 176.130310782278741, -5.681595437703658 ], [ 176.130220509770709, -5.681323939961432 ], [ 176.130185179268921, -5.68124602786123 ], [ 176.130117572277925, -5.681052423146862 ], [ 176.13002884111711, -5.680780927716823 ], [ 176.12991537412978, -5.680520787630174 ], [ 176.129911199394769, -5.680509388749333 ], [ 176.129814327275653, -5.680237881050175 ], [ 176.129713649765193, -5.679966367614989 ], [ 176.129645534509052, -5.679818891374853 ], [ 176.129600905406164, -5.67969483599956 ], [ 176.129546954327395, -5.679559073835389 ] ], [ [ 176.127145546748068, -5.673042771843164 ], [ 176.127091774305399, -5.672907009870319 ], [ 176.127082487653126, -5.6728831807196 ] ] ] } },
{ "type": "Feature", "properties": { "year": 2012, "certainty": "good", "eez_territory": "TUV" }, "geometry": { "type": "MultiLineString", "coordinates": [ [ [ 176.062118234594323, -5.642693933435984 ], [ 176.062093238151533, -5.642684664146858 ], [ 176.061982868186846, -5.642651072893536 ], [ 176.061712090568989, -5.642593270339043 ], [ 176.061441247658507, -5.642576121683035 ], [ 176.061170406310367, -5.642558024338723 ], [ 176.060899586955941, -5.642526279284889 ], [ 176.060628757689443, -5.642500724682429 ], [ 176.060357852884664, -5.642522124351678 ], [ 176.060222374075522, -5.64254922657384 ] ], [ [ 176.061511200820433, -5.647432474501632 ], [ 176.061568821046649, -5.6474642734327 ] ], [ [ 176.061961405642222, -5.647704558475095 ], [ 176.061974730195431, -5.647712963755628 ], [ 176.06219806948539, -5.647840619014363 ], [ 176.062245362382953, -5.647862663003584 ], [ 176.062516049998806, -5.647977978302085 ], [ 176.062786706407991, -5.648112788133652 ], [ 176.062786943603896, -5.648112926232667 ], [ 176.062922018369449, -5.648190334004638 ] ], [ [ 176.063024367795236, -5.648248987718706 ], [ 176.06305733037388, -5.648267877683594 ], [ 176.06319266755645, -5.648329773434384 ] ], [ [ 176.063685359940564, -5.648521410447188 ], [ 176.063734084626418, -5.648534999006774 ] ], [ [ 176.064004837345891, -5.64861019166969 ], [ 176.064140213992488, -5.648647630033236 ], [ 176.064167638120892, -5.648657866058305 ], [ 176.06427557887119, -5.648692415333157 ] ], [ [ 176.064546322839647, -5.648773175381321 ], [ 176.06468169958768, -5.648810607588532 ], [ 176.064952402353299, -5.648917147529119 ], [ 176.064979992129423, -5.648930531260466 ], [ 176.065223104756399, -5.649023986162099 ], [ 176.065493821426003, -5.649121996568268 ], [ 176.065682626748355, -5.649203019005485 ], [ 176.065764509137239, -5.649238147239463 ], [ 176.066035223408164, -5.649337795971658 ], [ 176.066170565475716, -5.649397053529404 ] ], [ [ 176.115725518668512, -5.659493332091662 ], [ 176.115590304237884, -5.659344121231628 ], [ 176.115567107585832, -5.659321461169172 ], [ 176.115455009802957, -5.65924759583416 ] ], [ [ 176.114642575455889, -5.659108070803284 ], [ 176.114507204756165, -5.659061831192462 ], [ 176.114484399457638, -5.659048448079061 ], [ 176.114236545487017, -5.658915435214349 ], [ 176.114229715475915, -5.658912378716305 ] ], [ [ 176.110167704554414, -5.658906160860931 ], [ 176.110004748548448, -5.659041591120233 ], [ 176.109901995881529, -5.6592033776235 ], [ 176.109854675597774, -5.659312721383249 ], [ 176.10986368936932, -5.659584095793648 ], [ 176.109901338801848, -5.659633004156376 ], [ 176.11017203582611, -5.659753989800756 ], [ 176.110442866669587, -5.659787515882365 ], [ 176.110713683603933, -5.659830177055014 ], [ 176.110776885057902, -5.659856857415007 ], [ 176.110984402852665, -5.659936820019889 ], [ 176.111091163985719, -5.659993019587338 ] ], [ [ 176.119624659358834, -5.665161901864645 ], [ 176.119644557653174, -5.665279578005066 ], [ 176.11964897322818, -5.665297619425851 ], [ 176.119751968566447, -5.665569137161102 ], [ 176.119848807283944, -5.665840645536171 ], [ 176.119914291395759, -5.666040270272276 ], [ 176.119942551489999, -5.666112149205055 ], [ 176.119978503290554, -5.666247884447259 ] ], [ [ 176.120049053273846, -5.666490111895993 ], [ 176.120058558045741, -5.666519367314091 ] ], [ [ 176.120319116356654, -5.667033794239781 ], [ 176.12033321116914, -5.667062507028895 ] ], [ [ 176.12102505448695, -5.66950580913443 ], [ 176.120999403523086, -5.669641450831101 ], [ 176.120992357620992, -5.669660990486215 ], [ 176.120924982956581, -5.669912699106302 ], [ 176.12083886413518, -5.670183929591426 ], [ 176.120801480515951, -5.670319553444693 ] ], [ [ 176.117598557228547, -5.674733552720571 ], [ 176.117488168736713, -5.674520606958007 ], [ 176.117463531794925, -5.674457749016899 ], [ 176.117429585733248, -5.674384837078927 ] ], [ [ 176.11289325713193, -5.673021094348972 ], [ 176.113043105996582, -5.673157004433491 ], [ 176.113131160541315, -5.673241827303769 ], [ 176.113320372058098, -5.673428790136869 ], [ 176.113401635431813, -5.673512719253883 ], [ 176.113572506866944, -5.673700537236779 ], [ 176.113672080578937, -5.673803256869086 ], [ 176.113829040933155, -5.673972291000185 ], [ 176.113942525316361, -5.674094238235798 ], [ 176.114084083090688, -5.674244042399493 ], [ 176.114212966325596, -5.674387838270739 ], [ 176.114338208787785, -5.674515792317464 ], [ 176.114483431121926, -5.674666024100059 ], [ 176.114600201505652, -5.674787554201068 ], [ 176.114753883918667, -5.674952246288911 ], [ 176.114849963057594, -5.675059297282209 ], [ 176.114929061054511, -5.675195098732672 ] ], [ [ 176.123445630313313, -5.666253141535735 ], [ 176.123435513061423, -5.666235390765411 ], [ 176.123366002625261, -5.666117340288106 ], [ 176.123222279086662, -5.665845761283698 ], [ 176.123165349903871, -5.665756145911225 ], [ 176.123132039726954, -5.665709943957548 ] ], [ [ 176.101103852051835, -5.664455062235019 ], [ 176.101226023411982, -5.664229280080277 ], [ 176.101242851043452, -5.664183917954747 ], [ 176.101279276524593, -5.663912614544505 ], [ 176.101276800325138, -5.663641250794933 ], [ 176.101227221109667, -5.663454344224339 ], [ 176.10095626869213, -5.66349915556254 ], [ 176.100818014775001, -5.663640539107384 ], [ 176.100684971612338, -5.663766829257492 ], [ 176.100581990175925, -5.663911532692788 ], [ 176.100522228587351, -5.66418279978399 ], [ 176.100587706225099, -5.664454261274621 ], [ 176.100683617774763, -5.664642206183446 ], [ 176.100954425536486, -5.664691302847272 ], [ 176.101103852051835, -5.664455062235019 ] ] ] } }
]
}
