{
"type": "FeatureCollection",
"name": "transects_funafuti",
"crs": { "type": "name", "properties": { "name": "urn:ogc:def:crs:OGC:1.3:CRS84" } },
"features": [
{ "type": "Feature", "properties": { "uid": "ryrrd46puk", "rate_time": -0.198, "sig_time": 0.57, "se_time": 0.342, "sce": 41.76, "nsm": -10.33, "valid_obs": 21, "valid_span": 25, "significant": false }, "geometry": { "type": "Point", "coordinates": [ 179.03613875825971, -8.511678798580951 ] } },
{ "type": "Feature", "properties": { "uid": "ryrrd4d1mn", "rate_time": -0.307, "sig_time": 0.04, "se_time": 0.139, "sce": 19.05, "nsm": -10.91, "valid_obs": 21, "valid_span": 25, "significant": true }, "geometry": { "type": "Point", "coordinates": [ 179.036166146720916, -8.511409603912403 ] } },
{ "type": "Feature", "properties": { "uid": "ryrrd4d4yy", "rate_time": -0.238, "sig_time": 0.045, "se_time": 0.111, "sce": 14.96, "nsm": -9.72, "valid_obs": 21, "valid_span": 25, "significant": true }, "geometry": { "type": "Point", "coordinates": [ 179.036245249065388, -8.511150883308662 ] } },
{ "type": "Feature", "properties": { "uid": "ryrrd4dk3f", "rate_time": 0.026, "sig_time": 0.818, "se_time": 0.11, "sce": 13.53, "nsm": -4.25, "valid_obs": 21, "valid_span": 25, "significant": false }, "geometry": { "type": "Point", "coordinates": [ 179.036374649790986, -8.510912240999362 ] } },
{ "type": "Feature", "properties": { "uid": "ryrrd4dmqs", "rate_time": 0.521, "sig_time": 0.003, "se_time": 0.156, "sce": 23.82, "nsm": 19.22, "valid_obs": 21, "valid_span": 25, "significant": true }, "geometry": { "type": "Point", "coordinates": [ 179.036578870418282, -8.510733486561188 ] } },
{ "type": "Feature", "properties": { "uid": "ryrrd46kx2", "rate_time": -0.26, "sig_time": 0.023, "se_time": 0.104, "sce": 15.22, "nsm": -8.75, "valid_obs": 19, "valid_span": 25, "significant": true }, "geometry": { "type": "Point", "coordinates": [ 179.036612463378646, -8.512256626602632 ] } },
{ "type": "Feature", "properties": { "uid": "ryrrd4dw7s", "rate_time": 0.161, "sig_time": 0.212, "se_time": 0.124, "sce": 14.69, "nsm": null, "valid_obs": 19, "valid_span": 23, "significant": false }, "geometry": { "type": "Point", "coordinates": [ 179.036786833629606, -8.510558349749672 ] } },
{ "type": "Feature", "properties": { "uid": "ryrrd46sx7", "rate_time": -0.16, "sig_time": 0.097, "se_time": 0.091, "sce": 11.32, "nsm": -6.1, "valid_obs": 19, "valid_span": 25, "significant": false }, "geometry": { "type": "Point", "coordinates": [ 179.036957855319599, -8.512241949890081 ] } },
{ "type": "Feature", "properties": { "uid": "ryrrd4dz2q", "rate_time": 0.165, "sig_time": 0.208, "se_time": 0.126, "sce": 14.93, "nsm": null, "valid_obs": 19, "valid_span": 23, "significant": false }, "geometry": { "type": "Point", "coordinates": [ 179.036992382650794, -8.510380381189979 ] } },
{ "type": "Feature", "properties": { "uid": "ryrrd4fbm7", "rate_time": 0.107, "sig_time": 0.385, "se_time": 0.121, "sce": 16.28, "nsm": -4.35, "valid_obs": 21, "valid_span": 25, "significant": false }, "geometry": { "type": "Point", "coordinates": [ 179.037213427833791, -8.510222098394678 ] } },
{ "type": "Feature", "properties": { "uid": "ryrrd46vjd", "rate_time": -0.19, "sig_time": 0.061, "se_time": 0.095, "sce": 15.28, "nsm": -6.73, "valid_obs": 19, "valid_span": 25, "significant": false }, "geometry": { "type": "Point", "coordinates": [ 179.037216097053971, -8.512156644906442 ] } },
{ "type": "Feature", "properties": { "uid": "ryrrd4g168", "rate_time": 0.302, "sig_time": 0.015, "se_time": 0.113, "sce": 18.98, "nsm": 0.52, "valid_obs": 21, "valid_span": 25, "significant": true }, "geometry": { "type": "Point", "coordinates": [ 179.037438740561782, -8.510069686763575 ] } },
{ "type": "Feature", "properties": { "uid": "ryrrd47jg2", "rate_time": -0.137, "sig_time": 0.669, "se_time": 0.315, "sce": 56.72, "nsm": -6.85, "valid_obs": 20, "valid_span": 25, "significant": false }, "geometry": { "type": "Point", "coordinates": [ 179.037462885723045, -8.512042346757333 ] } },
{ "type": "Feature", "properties": { "uid": "ryrrd4g605", "rate_time": 0.275, "sig_time": 0.028, "se_time": 0.116, "sce": 17.23, "nsm": -2.34, "valid_obs": 21, "valid_span": 25, "significant": true }, "geometry": { "type": "Point", "coordinates": [ 179.03766738822074, -8.509922384644693 ] } },
{ "type": "Feature", "properties": { "uid": "ryrrd47q8q", "rate_time": 0.518, "sig_time": 0.251, "se_time": 0.437, "sce": 70.46, "nsm": 27.99, "valid_obs": 21, "valid_span": 25, "significant": false }, "geometry": { "type": "Point", "coordinates": [ 179.037679992194796, -8.511881525869629 ] } },
{ "type": "Feature", "properties": { "uid": "ryrrd47rud", "rate_time": 0.057, "sig_time": 0.817, "se_time": 0.241, "sce": 31.66, "nsm": null, "valid_obs": 19, "valid_span": 23, "significant": false }, "geometry": { "type": "Point", "coordinates": [ 179.037865566865065, -8.511685688601171 ] } },
{ "type": "Feature", "properties": { "uid": "ryrrd4g6vs", "rate_time": 0.409, "sig_time": 0.003, "se_time": 0.119, "sce": 20.27, "nsm": -0.35, "valid_obs": 21, "valid_span": 25, "significant": true }, "geometry": { "type": "Point", "coordinates": [ 179.037902942142011, -8.509787153991809 ] } },
{ "type": "Feature", "properties": { "uid": "ryrrd4emzj", "rate_time": 0.221, "sig_time": 0.159, "se_time": 0.15, "sce": 17.44, "nsm": null, "valid_obs": 19, "valid_span": 23, "significant": false }, "geometry": { "type": "Point", "coordinates": [ 179.037967186167151, -8.510642449246671 ] } },
{ "type": "Feature", "properties": { "uid": "ryrrd4ekr4", "rate_time": 0.94, "sig_time": 0.0, "se_time": 0.151, "sce": 24.23, "nsm": null, "valid_obs": 19, "valid_span": 23, "significant": true }, "geometry": { "type": "Point", "coordinates": [ 179.037969550564071, -8.510913253442325 ] } },
{ "type": "Feature", "properties": { "uid": "ryrrd4e3px", "rate_time": 0.372, "sig_time": 0.04, "se_time": 0.167, "sce": 21.66, "nsm": null, "valid_obs": 19, "valid_span": 23, "significant": true }, "geometry": { "type": "Point", "coordinates": [ 179.037991166105911, -8.511445042110955 ] } },
{ "type": "Feature", "properties": { "uid": "ryrrd4edb9", "rate_time": 0.798, "sig_time": 0.0, "se_time": 0.157, "sce": 21.7, "nsm": null, "valid_obs": 19, "valid_span": 23, "significant": true }, "geometry": { "type": "Point", "coordinates": [ 179.038031137195048, -8.511176970049044 ] } },
{ "type": "Feature", "properties": { "uid": "ryrrd4ewgw", "rate_time": -0.394, "sig_time": 0.008, "se_time": 0.131, "sce": 16.19, "nsm": null, "valid_obs": 19, "valid_span": 23, "significant": true }, "geometry": { "type": "Point", "coordinates": [ 179.038162524873201, -8.510464312445977 ] } },
{ "type": "Feature", "properties": { "uid": "ryrrd4ge79", "rate_time": 0.774, "sig_time": 0.0, "se_time": 0.124, "sce": 23.6, "nsm": 11.89, "valid_obs": 21, "valid_span": 25, "significant": true }, "geometry": { "type": "Point", "coordinates": [ 179.03816062585355, -8.509719690785655 ] } },
{ "type": "Feature", "properties": { "uid": "ryrrd4ez9n", "rate_time": 0.806, "sig_time": 0.013, "se_time": 0.289, "sce": 33.36, "nsm": null, "valid_obs": 19, "valid_span": 23, "significant": true }, "geometry": { "type": "Point", "coordinates": [ 179.038400730199811, -8.510335820912486 ] } },
{ "type": "Feature", "properties": { "uid": "ryrrd4gfcw", "rate_time": 1.246, "sig_time": 0.0, "se_time": 0.219, "sce": 32.12, "nsm": null, "valid_obs": 19, "valid_span": 23, "significant": true }, "geometry": { "type": "Point", "coordinates": [ 179.038418033547373, -8.509775054702789 ] } },
{ "type": "Feature", "properties": { "uid": "ryrrd4gcvf", "rate_time": 1.538, "sig_time": 0.0, "se_time": 0.167, "sce": 33.89, "nsm": null, "valid_obs": 19, "valid_span": 23, "significant": true }, "geometry": { "type": "Point", "coordinates": [ 179.038603230761112, -8.509969221689847 ] } },
{ "type": "Feature", "properties": { "uid": "ryrrd4gbw3", "rate_time": 1.592, "sig_time": 0.0, "se_time": 0.153, "sce": 34.35, "nsm": null, "valid_obs": 19, "valid_span": 23, "significant": true }, "geometry": { "type": "Point", "coordinates": [ 179.038625156140938, -8.510188812961626 ] } },
{ "type": "Feature", "properties": { "uid": "ryrrg4fqfb", "rate_time": 2.386, "sig_time": 0.0, "se_time": 0.201, "sce": 45.23, "nsm": null, "valid_obs": 19, "valid_span": 23, "significant": true }, "geometry": { "type": "Point", "coordinates": [ 179.080362867888908, -8.465176594423209 ] } },
{ "type": "Feature", "properties": { "uid": "ryrrg4frhs", "rate_time": 2.472, "sig_time": 0.0, "se_time": 0.204, "sce": 51.86, "nsm": null, "valid_obs": 19, "valid_span": 23, "significant": true }, "geometry": { "type": "Point", "coordinates": [ 179.080433378808635, -8.465115357885615 ] } },
{ "type": "Feature", "properties": { "uid": "ryrrg4fp89", "rate_time": 1.252, "sig_time": 0.127, "se_time": 0.78, "sce": 66.12, "nsm": null, "valid_obs": 19, "valid_span": 23, "significant": false }, "geometry": { "type": "Point", "coordinates": [ 179.079922975638368, -8.465041443975812 ] } },
{ "type": "Feature", "properties": { "uid": "ryrrg5482k", "rate_time": 2.654, "sig_time": 0.0, "se_time": 0.182, "sce": 54.24, "nsm": null, "valid_obs": 19, "valid_span": 23, "significant": true }, "geometry": { "type": "Point", "coordinates": [ 179.08059825821195, -8.464899692282675 ] } },
{ "type": "Feature", "properties": { "uid": "ryrrg51cn2", "rate_time": -1.969, "sig_time": 0.011, "se_time": 0.69, "sce": 83.73, "nsm": null, "valid_obs": 19, "valid_span": 23, "significant": true }, "geometry": { "type": "Point", "coordinates": [ 179.079826792334785, -8.464789411771475 ] } },
{ "type": "Feature", "properties": { "uid": "ryrrg549g2", "rate_time": 2.305, "sig_time": 0.0, "se_time": 0.153, "sce": 48.92, "nsm": null, "valid_obs": 19, "valid_span": 23, "significant": true }, "geometry": { "type": "Point", "coordinates": [ 179.080725406682603, -8.46466005674554 ] } },
{ "type": "Feature", "properties": { "uid": "ryrrg51ftd", "rate_time": -2.897, "sig_time": 0.0, "se_time": 0.183, "sce": 60.04, "nsm": null, "valid_obs": 19, "valid_span": 23, "significant": true }, "geometry": { "type": "Point", "coordinates": [ 179.079787781329628, -8.464521125091059 ] } },
{ "type": "Feature", "properties": { "uid": "ryrrg54enk", "rate_time": 1.831, "sig_time": 0.0, "se_time": 0.167, "sce": 42.28, "nsm": null, "valid_obs": 19, "valid_span": 23, "significant": true }, "geometry": { "type": "Point", "coordinates": [ 179.080859954346579, -8.464424536547774 ] } },
{ "type": "Feature", "properties": { "uid": "ryrrg51uhs", "rate_time": -2.651, "sig_time": 0.0, "se_time": 0.109, "sce": 56.13, "nsm": null, "valid_obs": 19, "valid_span": 23, "significant": true }, "geometry": { "type": "Point", "coordinates": [ 179.079754495620506, -8.464252573892502 ] } },
{ "type": "Feature", "properties": { "uid": "ryrrg54u93", "rate_time": 1.248, "sig_time": 0.0, "se_time": 0.176, "sce": 34.11, "nsm": null, "valid_obs": 19, "valid_span": 23, "significant": true }, "geometry": { "type": "Point", "coordinates": [ 179.080987845553864, -8.464185120073479 ] } },
{ "type": "Feature", "properties": { "uid": "ryrrg51vej", "rate_time": -2.497, "sig_time": 0.0, "se_time": 0.095, "sce": 54.89, "nsm": null, "valid_obs": 19, "valid_span": 23, "significant": true }, "geometry": { "type": "Point", "coordinates": [ 179.079687712250745, -8.46398971114732 ] } },
{ "type": "Feature", "properties": { "uid": "ryrrg54vut", "rate_time": 0.838, "sig_time": 0.0, "se_time": 0.161, "sce": 27.69, "nsm": null, "valid_obs": 19, "valid_span": 23, "significant": true }, "geometry": { "type": "Point", "coordinates": [ 179.081120491389129, -8.463948295633266 ] } },
{ "type": "Feature", "properties": { "uid": "ryrrg51z1q", "rate_time": -2.415, "sig_time": 0.0, "se_time": 0.135, "sce": 54.74, "nsm": null, "valid_obs": 19, "valid_span": 23, "significant": true }, "geometry": { "type": "Point", "coordinates": [ 179.079605930495376, -8.463731372727452 ] } },
{ "type": "Feature", "properties": { "uid": "ryrrg54zr5", "rate_time": 0.705, "sig_time": 0.0, "se_time": 0.162, "sce": 23.8, "nsm": null, "valid_obs": 19, "valid_span": 23, "significant": true }, "geometry": { "type": "Point", "coordinates": [ 179.081236102708885, -8.463702942597179 ] } },
{ "type": "Feature", "properties": { "uid": "ryrrg538we", "rate_time": -2.265, "sig_time": 0.0, "se_time": 0.15, "sce": 51.85, "nsm": null, "valid_obs": 19, "valid_span": 23, "significant": true }, "geometry": { "type": "Point", "coordinates": [ 179.079491499488284, -8.463485340732596 ] } },
{ "type": "Feature", "properties": { "uid": "ryrrg570cd", "rate_time": 0.683, "sig_time": 0.002, "se_time": 0.19, "sce": 27.32, "nsm": null, "valid_obs": 19, "valid_span": 23, "significant": true }, "geometry": { "type": "Point", "coordinates": [ 179.081338470244503, -8.4634517849628 ] } },
{ "type": "Feature", "properties": { "uid": "ryrrg539gr", "rate_time": -2.084, "sig_time": 0.0, "se_time": 0.153, "sce": 48.36, "nsm": null, "valid_obs": 19, "valid_span": 23, "significant": true }, "geometry": { "type": "Point", "coordinates": [ 179.079353913940622, -8.463251298011061 ] } },
{ "type": "Feature", "properties": { "uid": "ryrrg574hw", "rate_time": 0.899, "sig_time": 0.0, "se_time": 0.178, "sce": 25.06, "nsm": null, "valid_obs": 19, "valid_span": 23, "significant": true }, "geometry": { "type": "Point", "coordinates": [ 179.081465678525348, -8.463212040514621 ] } },
{ "type": "Feature", "properties": { "uid": "ryrrg537rc", "rate_time": -1.964, "sig_time": 0.0, "se_time": 0.15, "sce": 44.19, "nsm": null, "valid_obs": 19, "valid_span": 23, "significant": true }, "geometry": { "type": "Point", "coordinates": [ 179.079202952239399, -8.463025653900726 ] } },
{ "type": "Feature", "properties": { "uid": "ryrrg575ww", "rate_time": 1.064, "sig_time": 0.0, "se_time": 0.236, "sce": 30.64, "nsm": null, "valid_obs": 19, "valid_span": 23, "significant": true }, "geometry": { "type": "Point", "coordinates": [ 179.081552233315392, -8.462954922911138 ] } },
{ "type": "Feature", "properties": { "uid": "ryrrg53ktp", "rate_time": -1.815, "sig_time": 0.0, "se_time": 0.194, "sce": 41.68, "nsm": null, "valid_obs": 19, "valid_span": 23, "significant": true }, "geometry": { "type": "Point", "coordinates": [ 179.079086325705674, -8.46278240672296 ] } },
{ "type": "Feature", "properties": { "uid": "ryrrg57jr1", "rate_time": 1.301, "sig_time": 0.0, "se_time": 0.234, "sce": 32.14, "nsm": null, "valid_obs": 19, "valid_span": 23, "significant": true }, "geometry": { "type": "Point", "coordinates": [ 179.081578696714445, -8.462685450707822 ] } },
{ "type": "Feature", "properties": { "uid": "ryrrg53q4t", "rate_time": -2.026, "sig_time": 0.0, "se_time": 0.166, "sce": 41.96, "nsm": null, "valid_obs": 18, "valid_span": 23, "significant": true }, "geometry": { "type": "Point", "coordinates": [ 179.078975862516671, -8.462534761220914 ] } },
{ "type": "Feature", "properties": { "uid": "ryrrg57nze", "rate_time": 1.802, "sig_time": 0.0, "se_time": 0.182, "sce": 43.48, "nsm": null, "valid_obs": 19, "valid_span": 23, "significant": true }, "geometry": { "type": "Point", "coordinates": [ 179.081590205046894, -8.462414524258785 ] } },
{ "type": "Feature", "properties": { "uid": "ryrrg53px9", "rate_time": -1.954, "sig_time": 0.0, "se_time": 0.217, "sce": 37.63, "nsm": null, "valid_obs": 18, "valid_span": 23, "significant": true }, "geometry": { "type": "Point", "coordinates": [ 179.078845333476835, -8.462296987778034 ] } },
{ "type": "Feature", "properties": { "uid": "ryrrg590um", "rate_time": -1.713, "sig_time": 0.0, "se_time": 0.235, "sce": 35.81, "nsm": null, "valid_obs": 18, "valid_span": 23, "significant": true }, "geometry": { "type": "Point", "coordinates": [ 179.078707116121222, -8.462063326560335 ] } },
{ "type": "Feature", "properties": { "uid": "ryrrg59436", "rate_time": -0.974, "sig_time": 0.017, "se_time": 0.36, "sce": 30.76, "nsm": null, "valid_obs": 16, "valid_span": 20, "significant": true }, "geometry": { "type": "Point", "coordinates": [ 179.078584638901816, -8.461821355240232 ] } },
{ "type": "Feature", "properties": { "uid": "ryrrg5ehb4", "rate_time": 1.735, "sig_time": 0.0, "se_time": 0.234, "sce": 20.39, "nsm": null, "valid_obs": 15, "valid_span": 15, "significant": true }, "geometry": { "type": "Point", "coordinates": [ 179.081276249341386, -8.461390883930109 ] } },
{ "type": "Feature", "properties": { "uid": "ryrrg5dyh0", "rate_time": 1.97, "sig_time": 0.0, "se_time": 0.299, "sce": 23.54, "nsm": null, "valid_obs": 15, "valid_span": 15, "significant": true }, "geometry": { "type": "Point", "coordinates": [ 179.081099318139792, -8.461187113731384 ] } },
{ "type": "Feature", "properties": { "uid": "ryrrg5c91z", "rate_time": 3.883, "sig_time": 0.025, "se_time": 1.549, "sce": 131.64, "nsm": null, "valid_obs": 16, "valid_span": 20, "significant": true }, "geometry": { "type": "Point", "coordinates": [ 179.079286912266184, -8.460634604602532 ] } },
{ "type": "Feature", "properties": { "uid": "ryrrg5drd7", "rate_time": 2.179, "sig_time": 0.009, "se_time": 0.716, "sce": 71.63, "nsm": null, "valid_obs": 15, "valid_span": 15, "significant": true }, "geometry": { "type": "Point", "coordinates": [ 179.080339553624697, -8.460911319491569 ] } },
{ "type": "Feature", "properties": { "uid": "ryrrg5dx28", "rate_time": 1.71, "sig_time": 0.0, "se_time": 0.341, "sce": 28.7, "nsm": null, "valid_obs": 15, "valid_span": 15, "significant": true }, "geometry": { "type": "Point", "coordinates": [ 179.080605327288822, -8.460970399335498 ] } },
{ "type": "Feature", "properties": { "uid": "ryrrg5dwyd", "rate_time": 1.985, "sig_time": 0.0, "se_time": 0.315, "sce": 26.91, "nsm": null, "valid_obs": 15, "valid_span": 15, "significant": true }, "geometry": { "type": "Point", "coordinates": [ 179.080866176755137, -8.461046902711931 ] } },
{ "type": "Feature", "properties": { "uid": "ryrrdw7k14", "rate_time": 0.637, "sig_time": 0.0, "se_time": 0.09, "sce": 14.3, "nsm": null, "valid_obs": 18, "valid_span": 23, "significant": true }, "geometry": { "type": "Point", "coordinates": [ 179.059689233807063, -8.490358200240722 ] } },
{ "type": "Feature", "properties": { "uid": "ryrrdw7kwv", "rate_time": 0.895, "sig_time": 0.0, "se_time": 0.108, "sce": 21.08, "nsm": null, "valid_obs": 18, "valid_span": 23, "significant": true }, "geometry": { "type": "Point", "coordinates": [ 179.059935879283927, -8.490254820688625 ] } },
{ "type": "Feature", "properties": { "uid": "ryrrdw78sq", "rate_time": -2.537, "sig_time": 0.001, "se_time": 0.663, "sce": 82.9, "nsm": null, "valid_obs": 18, "valid_span": 21, "significant": true }, "geometry": { "type": "Point", "coordinates": [ 179.060172038102934, -8.490935451270184 ] } },
{ "type": "Feature", "properties": { "uid": "ryrrdw7sv5", "rate_time": 0.889, "sig_time": 0.0, "se_time": 0.207, "sce": 27.22, "nsm": null, "valid_obs": 19, "valid_span": 23, "significant": true }, "geometry": { "type": "Point", "coordinates": [ 179.06020477416277, -8.4902260459118 ] } },
{ "type": "Feature", "properties": { "uid": "ryrrdw7b4m", "rate_time": -0.81, "sig_time": 0.002, "se_time": 0.205, "sce": 19.35, "nsm": null, "valid_obs": 15, "valid_span": 18, "significant": true }, "geometry": { "type": "Point", "coordinates": [ 179.060427968271767, -8.491027913248061 ] } },
{ "type": "Feature", "properties": { "uid": "ryrrdw7ugr", "rate_time": 0.893, "sig_time": 0.0, "se_time": 0.094, "sce": 20.75, "nsm": null, "valid_obs": 19, "valid_span": 23, "significant": true }, "geometry": { "type": "Point", "coordinates": [ 179.060475637421973, -8.490200331521239 ] } },
{ "type": "Feature", "properties": { "uid": "ryrrdwhp8r", "rate_time": -0.524, "sig_time": 0.224, "se_time": 0.412, "sce": 36.41, "nsm": null, "valid_obs": 16, "valid_span": 18, "significant": false }, "geometry": { "type": "Point", "coordinates": [ 179.060689039222439, -8.491104604805765 ] } },
{ "type": "Feature", "properties": { "uid": "ryrrdwkj3b", "rate_time": 0.904, "sig_time": 0.0, "se_time": 0.133, "sce": 24.11, "nsm": null, "valid_obs": 19, "valid_span": 23, "significant": true }, "geometry": { "type": "Point", "coordinates": [ 179.060744127314052, -8.490155628279043 ] } },
{ "type": "Feature", "properties": { "uid": "ryrrdwhpqw", "rate_time": -0.577, "sig_time": 0.003, "se_time": 0.163, "sce": 13.86, "nsm": null, "valid_obs": 16, "valid_span": 18, "significant": true }, "geometry": { "type": "Point", "coordinates": [ 179.060956356738359, -8.491151917591461 ] } },
{ "type": "Feature", "properties": { "uid": "ryrrdwkm2j", "rate_time": 0.976, "sig_time": 0.0, "se_time": 0.2, "sce": 27.92, "nsm": null, "valid_obs": 19, "valid_span": 23, "significant": true }, "geometry": { "type": "Point", "coordinates": [ 179.061015070274721, -8.49013027973284 ] } },
{ "type": "Feature", "properties": { "uid": "ryrrdwhrmj", "rate_time": -0.675, "sig_time": 0.002, "se_time": 0.182, "sce": 16.61, "nsm": null, "valid_obs": 16, "valid_span": 18, "significant": true }, "geometry": { "type": "Point", "coordinates": [ 179.061228092009998, -8.491159311012908 ] } },
{ "type": "Feature", "properties": { "uid": "ryrrdwkmqm", "rate_time": 1.149, "sig_time": 0.0, "se_time": 0.218, "sce": 31.98, "nsm": null, "valid_obs": 19, "valid_span": 23, "significant": true }, "geometry": { "type": "Point", "coordinates": [ 179.061287267801362, -8.490127018828016 ] } },
{ "type": "Feature", "properties": { "uid": "ryrrdwhx7r", "rate_time": -0.825, "sig_time": 0.002, "se_time": 0.21, "sce": 16.81, "nsm": null, "valid_obs": 16, "valid_span": 18, "significant": true }, "geometry": { "type": "Point", "coordinates": [ 179.061500100530225, -8.491144933030679 ] } },
{ "type": "Feature", "properties": { "uid": "ryrrdwktku", "rate_time": 1.547, "sig_time": 0.0, "se_time": 0.195, "sce": 39.3, "nsm": null, "valid_obs": 19, "valid_span": 23, "significant": true }, "geometry": { "type": "Point", "coordinates": [ 179.061559588104245, -8.490133185058729 ] } },
{ "type": "Feature", "properties": { "uid": "ryrrdwhz9s", "rate_time": 1.008, "sig_time": 0.108, "se_time": 0.587, "sce": 51.0, "nsm": null, "valid_obs": 16, "valid_span": 18, "significant": false }, "geometry": { "type": "Point", "coordinates": [ 179.061770957427626, -8.491118653485664 ] } },
{ "type": "Feature", "properties": { "uid": "ryrrdwkv4g", "rate_time": 2.238, "sig_time": 0.0, "se_time": 0.248, "sce": 48.74, "nsm": null, "valid_obs": 19, "valid_span": 23, "significant": true }, "geometry": { "type": "Point", "coordinates": [ 179.06182527005069, -8.490182965208293 ] } },
{ "type": "Feature", "properties": { "uid": "ryrrdwkbpd", "rate_time": 1.955, "sig_time": 0.001, "se_time": 0.491, "sce": 45.87, "nsm": null, "valid_obs": 17, "valid_span": 20, "significant": true }, "geometry": { "type": "Point", "coordinates": [ 179.062028807333434, -8.491043398654432 ] } },
{ "type": "Feature", "properties": { "uid": "ryrrdwmh0p", "rate_time": 2.895, "sig_time": 0.0, "se_time": 0.405, "sce": 78.2, "nsm": null, "valid_obs": 19, "valid_span": 23, "significant": true }, "geometry": { "type": "Point", "coordinates": [ 179.062045078895721, -8.490333593708758 ] } },
{ "type": "Feature", "properties": { "uid": "ryrrdwm4gw", "rate_time": 3.605, "sig_time": 0.0, "se_time": 0.656, "sce": 118.26, "nsm": null, "valid_obs": 19, "valid_span": 23, "significant": true }, "geometry": { "type": "Point", "coordinates": [ 179.062201677174869, -8.490549316625621 ] } },
{ "type": "Feature", "properties": { "uid": "ryrrdwm1kn", "rate_time": 3.398, "sig_time": 0.0, "se_time": 0.586, "sce": 89.78, "nsm": null, "valid_obs": 19, "valid_span": 23, "significant": true }, "geometry": { "type": "Point", "coordinates": [ 179.062222225738509, -8.490810019967022 ] } },
{ "type": "Feature", "properties": { "uid": "ryx25cggcv", "rate_time": -0.172, "sig_time": 0.059, "se_time": 0.086, "sce": 13.17, "nsm": -9.36, "valid_obs": 22, "valid_span": 25, "significant": false }, "geometry": { "type": "Point", "coordinates": [ 179.115339258376395, -8.427213898081153 ] } },
{ "type": "Feature", "properties": { "uid": "ryx25cgv6x", "rate_time": 0.116, "sig_time": 0.351, "se_time": 0.121, "sce": 10.54, "nsm": null, "valid_obs": 17, "valid_span": 18, "significant": false }, "geometry": { "type": "Point", "coordinates": [ 179.115370751973359, -8.426946421616821 ] } },
{ "type": "Feature", "properties": { "uid": "ryx25cgfsc", "rate_time": -0.162, "sig_time": 0.309, "se_time": 0.156, "sce": 26.7, "nsm": -5.9, "valid_obs": 22, "valid_span": 25, "significant": false }, "geometry": { "type": "Point", "coordinates": [ 179.11546934371475, -8.427448044128498 ] } },
{ "type": "Feature", "properties": { "uid": "ryx25cgyvf", "rate_time": -0.118, "sig_time": 0.57, "se_time": 0.204, "sce": 31.58, "nsm": -6.93, "valid_obs": 22, "valid_span": 25, "significant": false }, "geometry": { "type": "Point", "coordinates": [ 179.115513999257274, -8.426715814804128 ] } },
{ "type": "Feature", "properties": { "uid": "ryx25cu19g", "rate_time": -0.082, "sig_time": 0.776, "se_time": 0.285, "sce": 49.27, "nsm": 0.22, "valid_obs": 22, "valid_span": 25, "significant": false }, "geometry": { "type": "Point", "coordinates": [ 179.115680881524213, -8.427609272555877 ] } },
{ "type": "Feature", "properties": { "uid": "ryx25cupep", "rate_time": 0.046, "sig_time": 0.754, "se_time": 0.146, "sce": 18.83, "nsm": -2.24, "valid_obs": 21, "valid_span": 25, "significant": false }, "geometry": { "type": "Point", "coordinates": [ 179.115736259856305, -8.426560448925127 ] } },
{ "type": "Feature", "properties": { "uid": "ryx25cu0z3", "rate_time": -0.062, "sig_time": 0.485, "se_time": 0.087, "sce": 9.39, "nsm": 6.75, "valid_obs": 21, "valid_span": 25, "significant": false }, "geometry": { "type": "Point", "coordinates": [ 179.115914849082628, -8.427748037337803 ] } },
{ "type": "Feature", "properties": { "uid": "ryx25fh21h", "rate_time": 0.079, "sig_time": 0.646, "se_time": 0.17, "sce": 18.79, "nsm": -1.01, "valid_obs": 21, "valid_span": 25, "significant": false }, "geometry": { "type": "Point", "coordinates": [ 179.115995393918524, -8.426489455837409 ] } },
{ "type": "Feature", "properties": { "uid": "ryx25csruw", "rate_time": 0.307, "sig_time": 0.008, "se_time": 0.105, "sce": 17.89, "nsm": 12.76, "valid_obs": 22, "valid_span": 25, "significant": true }, "geometry": { "type": "Point", "coordinates": [ 179.116143381961223, -8.427894606570463 ] } },
{ "type": "Feature", "properties": { "uid": "ryx25fh2pt", "rate_time": -0.046, "sig_time": 0.817, "se_time": 0.194, "sce": 22.19, "nsm": -6.0, "valid_obs": 21, "valid_span": 25, "significant": false }, "geometry": { "type": "Point", "coordinates": [ 179.116266621585169, -8.426482648383208 ] } },
{ "type": "Feature", "properties": { "uid": "ryx25csx4r", "rate_time": 0.467, "sig_time": 0.0, "se_time": 0.082, "sce": 16.03, "nsm": 16.03, "valid_obs": 22, "valid_span": 25, "significant": true }, "geometry": { "type": "Point", "coordinates": [ 179.116385579902641, -8.428017861233339 ] } },
{ "type": "Feature", "properties": { "uid": "ryx25fh8mg", "rate_time": -0.052, "sig_time": 0.827, "se_time": 0.235, "sce": 27.44, "nsm": -10.29, "valid_obs": 21, "valid_span": 25, "significant": false }, "geometry": { "type": "Point", "coordinates": [ 179.116536052182596, -8.426449409397097 ] } },
{ "type": "Feature", "properties": { "uid": "ryx25csyb3", "rate_time": 0.562, "sig_time": 0.003, "se_time": 0.164, "sce": 24.07, "nsm": 18.7, "valid_obs": 22, "valid_span": 25, "significant": true }, "geometry": { "type": "Point", "coordinates": [ 179.116646343018488, -8.428094451382817 ] } },
{ "type": "Feature", "properties": { "uid": "ryx25csyw9", "rate_time": 1.712, "sig_time": 0.001, "se_time": 0.444, "sce": 102.46, "nsm": 40.89, "valid_obs": 22, "valid_span": 25, "significant": true }, "geometry": { "type": "Point", "coordinates": [ 179.116914959812163, -8.428139038426307 ] } },
{ "type": "Feature", "properties": { "uid": "ryx25ctnkg", "rate_time": 1.105, "sig_time": 0.0, "se_time": 0.181, "sce": 35.84, "nsm": null, "valid_obs": 18, "valid_span": 23, "significant": true }, "geometry": { "type": "Point", "coordinates": [ 179.117185125825756, -8.428169338683297 ] } },
{ "type": "Feature", "properties": { "uid": "ryx25cv2w5", "rate_time": -0.044, "sig_time": 0.894, "se_time": 0.324, "sce": 24.6, "nsm": null, "valid_obs": 17, "valid_span": 23, "significant": false }, "geometry": { "type": "Point", "coordinates": [ 179.117581318159949, -8.427783707073933 ] } },
{ "type": "Feature", "properties": { "uid": "ryx25cv6nt", "rate_time": 0.321, "sig_time": 0.444, "se_time": 0.408, "sce": 34.27, "nsm": null, "valid_obs": 17, "valid_span": 23, "significant": false }, "geometry": { "type": "Point", "coordinates": [ 179.117599239485997, -8.42751325747191 ] } },
{ "type": "Feature", "properties": { "uid": "ryx25cvqz8", "rate_time": 2.564, "sig_time": 0.071, "se_time": 1.338, "sce": 141.6, "nsm": 122.92, "valid_obs": 21, "valid_span": 25, "significant": false }, "geometry": { "type": "Point", "coordinates": [ 179.117644052111302, -8.426726122260174 ] } },
{ "type": "Feature", "properties": { "uid": "ryx25cve8n", "rate_time": 1.177, "sig_time": 0.014, "se_time": 0.426, "sce": 45.05, "nsm": null, "valid_obs": 17, "valid_span": 23, "significant": true }, "geometry": { "type": "Point", "coordinates": [ 179.117670693900692, -8.427252085554683 ] } },
{ "type": "Feature", "properties": { "uid": "ryx25cvt32", "rate_time": 2.041, "sig_time": 0.001, "se_time": 0.487, "sce": 62.85, "nsm": null, "valid_obs": 17, "valid_span": 23, "significant": true }, "geometry": { "type": "Point", "coordinates": [ 179.117714508675164, -8.426984741359203 ] } },
{ "type": "Feature", "properties": { "uid": "ryx2j08d1c", "rate_time": 0.831, "sig_time": 0.002, "se_time": 0.232, "sce": 40.14, "nsm": 8.75, "valid_obs": 23, "valid_span": 25, "significant": true }, "geometry": { "type": "Point", "coordinates": [ 179.165804729102319, -8.434403568654089 ] } },
{ "type": "Feature", "properties": { "uid": "ryx2j08ed5", "rate_time": -0.265, "sig_time": 0.232, "se_time": 0.215, "sce": 26.52, "nsm": -14.85, "valid_obs": 22, "valid_span": 25, "significant": false }, "geometry": { "type": "Point", "coordinates": [ 179.16581892670817, -8.434134871618847 ] } },
{ "type": "Feature", "properties": { "uid": "ryx2j088e0", "rate_time": 1.276, "sig_time": 0.0, "se_time": 0.15, "sce": 36.19, "nsm": 28.61, "valid_obs": 23, "valid_span": 25, "significant": true }, "geometry": { "type": "Point", "coordinates": [ 179.165861990690757, -8.43466582346224 ] } },
{ "type": "Feature", "properties": { "uid": "ryx2j08t5s", "rate_time": -0.415, "sig_time": 0.09, "se_time": 0.233, "sce": 31.54, "nsm": -17.33, "valid_obs": 22, "valid_span": 25, "significant": false }, "geometry": { "type": "Point", "coordinates": [ 179.165876714869569, -8.433870153808108 ] } },
{ "type": "Feature", "properties": { "uid": "ryx2j08ww0", "rate_time": 0.149, "sig_time": 0.451, "se_time": 0.194, "sce": 29.01, "nsm": -0.7, "valid_obs": 22, "valid_span": 25, "significant": false }, "geometry": { "type": "Point", "coordinates": [ 179.1659852428146, -8.433632360451602 ] } },
{ "type": "Feature", "properties": { "uid": "ryx2j02xnq", "rate_time": 1.386, "sig_time": 0.0, "se_time": 0.166, "sce": 37.76, "nsm": 34.91, "valid_obs": 23, "valid_span": 25, "significant": true }, "geometry": { "type": "Point", "coordinates": [ 179.165998934831038, -8.434892007926399 ] } },
{ "type": "Feature", "properties": { "uid": "ryx2j02y5q", "rate_time": 1.272, "sig_time": 0.0, "se_time": 0.18, "sce": 35.37, "nsm": 30.45, "valid_obs": 23, "valid_span": 25, "significant": true }, "geometry": { "type": "Point", "coordinates": [ 179.166211044290804, -8.435062090758271 ] } },
{ "type": "Feature", "properties": { "uid": "ryx2j03j2v", "rate_time": 1.166, "sig_time": 0.0, "se_time": 0.245, "sce": 41.05, "nsm": 28.53, "valid_obs": 23, "valid_span": 25, "significant": true }, "geometry": { "type": "Point", "coordinates": [ 179.166447112700354, -8.435196911351202 ] } },
{ "type": "Feature", "properties": { "uid": "ryx2j09ncp", "rate_time": 0.467, "sig_time": 0.006, "se_time": 0.151, "sce": 27.93, "nsm": 2.68, "valid_obs": 20, "valid_span": 25, "significant": true }, "geometry": { "type": "Point", "coordinates": [ 179.166460601462859, -8.433553498211666 ] } },
{ "type": "Feature", "properties": { "uid": "ryx2j03jnb", "rate_time": 1.249, "sig_time": 0.006, "se_time": 0.412, "sce": 67.16, "nsm": 43.43, "valid_obs": 23, "valid_span": 25, "significant": true }, "geometry": { "type": "Point", "coordinates": [ 179.166708542156897, -8.435266808422039 ] } },
{ "type": "Feature", "properties": { "uid": "ryx2j09nx1", "rate_time": 0.264, "sig_time": 0.04, "se_time": 0.119, "sce": 20.9, "nsm": 0.87, "valid_obs": 20, "valid_span": 25, "significant": true }, "geometry": { "type": "Point", "coordinates": [ 179.166721457218273, -8.433631360057641 ] } },
{ "type": "Feature", "properties": { "uid": "ryx2j03mm0", "rate_time": 0.756, "sig_time": 0.0, "se_time": 0.11, "sce": 22.19, "nsm": null, "valid_obs": 20, "valid_span": 23, "significant": true }, "geometry": { "type": "Point", "coordinates": [ 179.166972873226825, -8.435224242229522 ] } },
{ "type": "Feature", "properties": { "uid": "ryx2j09qtd", "rate_time": -0.511, "sig_time": 0.073, "se_time": 0.268, "sce": 37.14, "nsm": -26.54, "valid_obs": 20, "valid_span": 25, "significant": false }, "geometry": { "type": "Point", "coordinates": [ 179.166992029272905, -8.433625792088268 ] } },
{ "type": "Feature", "properties": { "uid": "ryx2j03w43", "rate_time": 0.108, "sig_time": 0.421, "se_time": 0.131, "sce": 13.24, "nsm": null, "valid_obs": 19, "valid_span": 23, "significant": false }, "geometry": { "type": "Point", "coordinates": [ 179.167205081815212, -8.435088625442829 ] } },
{ "type": "Feature", "properties": { "uid": "ryx2j03wt4", "rate_time": -0.091, "sig_time": 0.566, "se_time": 0.156, "sce": 13.77, "nsm": null, "valid_obs": 19, "valid_span": 23, "significant": false }, "geometry": { "type": "Point", "coordinates": [ 179.167319008397556, -8.435000152704012 ] } },
{ "type": "Feature", "properties": { "uid": "ryx2j03z9f", "rate_time": 0.151, "sig_time": 0.391, "se_time": 0.172, "sce": 16.84, "nsm": null, "valid_obs": 19, "valid_span": 23, "significant": false }, "geometry": { "type": "Point", "coordinates": [ 179.167525395755035, -8.434823228453297 ] } },
{ "type": "Feature", "properties": { "uid": "ryx2j09buy", "rate_time": 0.453, "sig_time": 0.0, "se_time": 0.097, "sce": 13.04, "nsm": null, "valid_obs": 19, "valid_span": 23, "significant": true }, "geometry": { "type": "Point", "coordinates": [ 179.167655459208817, -8.434587304648664 ] } },
{ "type": "Feature", "properties": { "uid": "ryx2j09ft2", "rate_time": 0.46, "sig_time": 0.0, "se_time": 0.1, "sce": 12.8, "nsm": null, "valid_obs": 19, "valid_span": 23, "significant": true }, "geometry": { "type": "Point", "coordinates": [ 179.167673788851317, -8.434320805690666 ] } },
{ "type": "Feature", "properties": { "uid": "ryx2j09vws", "rate_time": 1.03, "sig_time": 0.0, "se_time": 0.16, "sce": 22.1, "nsm": null, "valid_obs": 19, "valid_span": 23, "significant": true }, "geometry": { "type": "Point", "coordinates": [ 179.167724836557568, -8.433786707114228 ] } },
{ "type": "Feature", "properties": { "uid": "ryx25cw5hj", "rate_time": 4.885, "sig_time": 0.001, "se_time": 1.244, "sce": 240.74, "nsm": 94.39, "valid_obs": 23, "valid_span": 25, "significant": true }, "geometry": { "type": "Point", "coordinates": [ 179.118522880021942, -8.428716790866847 ] } },
{ "type": "Feature", "properties": { "uid": "ryx25cw4nz", "rate_time": 4.642, "sig_time": 0.0, "se_time": 0.471, "sce": 97.09, "nsm": 89.73, "valid_obs": 22, "valid_span": 25, "significant": true }, "geometry": { "type": "Point", "coordinates": [ 179.118646319702265, -8.42887862415196 ] } },
{ "type": "Feature", "properties": { "uid": "ryx25cw6j0", "rate_time": 3.922, "sig_time": 0.0, "se_time": 0.34, "sce": 79.19, "nsm": 69.26, "valid_obs": 22, "valid_span": 25, "significant": true }, "geometry": { "type": "Point", "coordinates": [ 179.118915541657117, -8.428912111080534 ] } },
{ "type": "Feature", "properties": { "uid": "ryx25cwd5e", "rate_time": 3.026, "sig_time": 0.0, "se_time": 0.24, "sce": 69.13, "nsm": 52.71, "valid_obs": 22, "valid_span": 25, "significant": true }, "geometry": { "type": "Point", "coordinates": [ 179.1191865732049, -8.42889891313485 ] } },
{ "type": "Feature", "properties": { "uid": "ryx25cwy23", "rate_time": 0.125, "sig_time": 0.649, "se_time": 0.271, "sce": 54.99, "nsm": 29.01, "valid_obs": 22, "valid_span": 25, "significant": false }, "geometry": { "type": "Point", "coordinates": [ 179.119391343131412, -8.42817916180195 ] } },
{ "type": "Feature", "properties": { "uid": "ryx25cwf3v", "rate_time": 2.38, "sig_time": 0.0, "se_time": 0.221, "sce": 57.67, "nsm": 44.71, "valid_obs": 22, "valid_span": 25, "significant": true }, "geometry": { "type": "Point", "coordinates": [ 179.119452276869225, -8.42884287232131 ] } },
{ "type": "Feature", "properties": { "uid": "ryx25cwf6n", "rate_time": 2.347, "sig_time": 0.0, "se_time": 0.221, "sce": 56.83, "nsm": 44.33, "valid_obs": 22, "valid_span": 25, "significant": true }, "geometry": { "type": "Point", "coordinates": [ 179.119467166824535, -8.428838409999159 ] } },
{ "type": "Feature", "properties": { "uid": "ryx25cwywr", "rate_time": -0.457, "sig_time": 0.091, "se_time": 0.258, "sce": 51.97, "nsm": -11.2, "valid_obs": 22, "valid_span": 25, "significant": false }, "geometry": { "type": "Point", "coordinates": [ 179.119652302698569, -8.428103015363606 ] } },
{ "type": "Feature", "properties": { "uid": "ryx25cx4bp", "rate_time": 1.732, "sig_time": 0.0, "se_time": 0.225, "sce": 45.32, "nsm": 36.27, "valid_obs": 22, "valid_span": 25, "significant": true }, "geometry": { "type": "Point", "coordinates": [ 179.119722698719727, -8.42874640366105 ] } },
{ "type": "Feature", "properties": { "uid": "ryx25cxpk5", "rate_time": -0.169, "sig_time": 0.094, "se_time": 0.096, "sce": 10.08, "nsm": -2.87, "valid_obs": 21, "valid_span": 25, "significant": false }, "geometry": { "type": "Point", "coordinates": [ 179.119902589929637, -8.427996557289736 ] } },
{ "type": "Feature", "properties": { "uid": "ryx25cx5q4", "rate_time": 1.349, "sig_time": 0.0, "se_time": 0.18, "sce": 35.67, "nsm": 31.28, "valid_obs": 22, "valid_span": 25, "significant": true }, "geometry": { "type": "Point", "coordinates": [ 179.119988216479982, -8.428689073525547 ] } },
{ "type": "Feature", "properties": { "uid": "ryx25cz21g", "rate_time": -0.014, "sig_time": 0.92, "se_time": 0.133, "sce": 14.96, "nsm": -0.17, "valid_obs": 21, "valid_span": 25, "significant": false }, "geometry": { "type": "Point", "coordinates": [ 179.120141919503283, -8.427867144921601 ] } },
{ "type": "Feature", "properties": { "uid": "ryx25cx7s8", "rate_time": 1.203, "sig_time": 0.0, "se_time": 0.133, "sce": 30.54, "nsm": 28.79, "valid_obs": 22, "valid_span": 25, "significant": true }, "geometry": { "type": "Point", "coordinates": [ 179.12025874924484, -8.428658206903817 ] } },
{ "type": "Feature", "properties": { "uid": "ryx25cz3np", "rate_time": 0.119, "sig_time": 0.268, "se_time": 0.104, "sce": 15.41, "nsm": 1.39, "valid_obs": 21, "valid_span": 25, "significant": false }, "geometry": { "type": "Point", "coordinates": [ 179.12033187741585, -8.42767416271797 ] } },
{ "type": "Feature", "properties": { "uid": "ryx25czd6p", "rate_time": 0.042, "sig_time": 0.672, "se_time": 0.097, "sce": 14.51, "nsm": -1.49, "valid_obs": 21, "valid_span": 25, "significant": false }, "geometry": { "type": "Point", "coordinates": [ 179.120496339756045, -8.42745825938195 ] } },
{ "type": "Feature", "properties": { "uid": "ryx25cxedu", "rate_time": 1.177, "sig_time": 0.0, "se_time": 0.141, "sce": 30.39, "nsm": 30.39, "valid_obs": 22, "valid_span": 25, "significant": true }, "geometry": { "type": "Point", "coordinates": [ 179.120530124053857, -8.428635575810057 ] } },
{ "type": "Feature", "properties": { "uid": "ryx25czev7", "rate_time": 0.31, "sig_time": 0.029, "se_time": 0.131, "sce": 23.72, "nsm": 0.23, "valid_obs": 21, "valid_span": 25, "significant": true }, "geometry": { "type": "Point", "coordinates": [ 179.120637879977664, -8.427226581453619 ] } },
{ "type": "Feature", "properties": { "uid": "ryx2h187sj", "rate_time": 2.865, "sig_time": 0.0, "se_time": 0.444, "sce": 80.03, "nsm": null, "valid_obs": 19, "valid_span": 23, "significant": true }, "geometry": { "type": "Point", "coordinates": [ 179.121618526817883, -8.42863015853753 ] } },
{ "type": "Feature", "properties": { "uid": "ryx2h407kc", "rate_time": 4.807, "sig_time": 0.009, "se_time": 1.631, "sce": 296.63, "nsm": 138.49, "valid_obs": 20, "valid_span": 25, "significant": true }, "geometry": { "type": "Point", "coordinates": [ 179.121641972105749, -8.425950081328022 ] } },
{ "type": "Feature", "properties": { "uid": "ryx2h40k21", "rate_time": 4.135, "sig_time": 0.005, "se_time": 1.297, "sce": 172.83, "nsm": 143.2, "valid_obs": 19, "valid_span": 25, "significant": true }, "geometry": { "type": "Point", "coordinates": [ 179.121442138975141, -8.425773754211093 ] } },
{ "type": "Feature", "properties": { "uid": "ryx2h185tz", "rate_time": 2.816, "sig_time": 0.0, "se_time": 0.33, "sce": 79.27, "nsm": 79.27, "valid_obs": 21, "valid_span": 25, "significant": true }, "geometry": { "type": "Point", "coordinates": [ 179.121346550215861, -8.428617364812382 ] } },
{ "type": "Feature", "properties": { "uid": "ryx25cxgz8", "rate_time": 1.935, "sig_time": 0.0, "se_time": 0.166, "sce": 53.55, "nsm": 53.55, "valid_obs": 21, "valid_span": 25, "significant": true }, "geometry": { "type": "Point", "coordinates": [ 179.121074256215763, -8.428614680128938 ] } },
{ "type": "Feature", "properties": { "uid": "ryx25cxg9p", "rate_time": 1.286, "sig_time": 0.0, "se_time": 0.308, "sce": 56.81, "nsm": 36.27, "valid_obs": 22, "valid_span": 25, "significant": true }, "geometry": { "type": "Point", "coordinates": [ 179.120802007616874, -8.428620555471101 ] } },
{ "type": "Feature", "properties": { "uid": "ryx25czv0u", "rate_time": 0.034, "sig_time": 0.758, "se_time": 0.109, "sce": 14.1, "nsm": 1.44, "valid_obs": 20, "valid_span": 25, "significant": false }, "geometry": { "type": "Point", "coordinates": [ 179.120792925500183, -8.427003720943745 ] } },
{ "type": "Feature", "properties": { "uid": "ryx2j09x70", "rate_time": 1.124, "sig_time": 0.01, "se_time": 0.39, "sce": 50.04, "nsm": 35.58, "valid_obs": 21, "valid_span": 25, "significant": true }, "geometry": { "type": "Point", "coordinates": [ 179.167232022951453, -8.433504116194717 ] } },
{ "type": "Feature", "properties": { "uid": "ryx2j08z7p", "rate_time": 0.986, "sig_time": 0.001, "se_time": 0.245, "sce": 47.48, "nsm": 8.49, "valid_obs": 22, "valid_span": 25, "significant": true }, "geometry": { "type": "Point", "coordinates": [ 179.166203287457165, -8.433469889953351 ] } },
{ "type": "Feature", "properties": { "uid": "ryx2j0cbjt", "rate_time": 0.447, "sig_time": 0.567, "se_time": 0.767, "sce": 71.69, "nsm": -34.87, "valid_obs": 21, "valid_span": 25, "significant": false }, "geometry": { "type": "Point", "coordinates": [ 179.167681058831079, -8.433348978015019 ] } },
{ "type": "Feature", "properties": { "uid": "ryx2h19w8n", "rate_time": -1.614, "sig_time": 0.021, "se_time": 0.635, "sce": 80.91, "nsm": null, "valid_obs": 19, "valid_span": 23, "significant": true }, "geometry": { "type": "Point", "coordinates": [ 179.12315849137596, -8.428108021638009 ] } },
{ "type": "Feature", "properties": { "uid": "ryx2h1c81x", "rate_time": -0.772, "sig_time": 0.51, "se_time": 1.147, "sce": 119.84, "nsm": null, "valid_obs": 20, "valid_span": 23, "significant": false }, "geometry": { "type": "Point", "coordinates": [ 179.123221652519703, -8.427844375812912 ] } },
{ "type": "Feature", "properties": { "uid": "ryx2h1c9f6", "rate_time": -0.478, "sig_time": 0.692, "se_time": 1.189, "sce": 140.69, "nsm": null, "valid_obs": 20, "valid_span": 23, "significant": false }, "geometry": { "type": "Point", "coordinates": [ 179.123252052592704, -8.427575807599842 ] } },
{ "type": "Feature", "properties": { "uid": "ryx2h1ce37", "rate_time": -1.767, "sig_time": 0.001, "se_time": 0.46, "sce": 63.4, "nsm": null, "valid_obs": 19, "valid_span": 23, "significant": true }, "geometry": { "type": "Point", "coordinates": [ 179.123211433694991, -8.427311402910862 ] } },
{ "type": "Feature", "properties": { "uid": "ryx2h1cnvq", "rate_time": -1.643, "sig_time": 0.035, "se_time": 0.718, "sce": 74.69, "nsm": null, "valid_obs": 19, "valid_span": 23, "significant": true }, "geometry": { "type": "Point", "coordinates": [ 179.122702259573771, -8.426691832609345 ] } },
{ "type": "Feature", "properties": { "uid": "ryx2h41015", "rate_time": -1.014, "sig_time": 0.323, "se_time": 0.996, "sce": 106.98, "nsm": null, "valid_obs": 19, "valid_span": 23, "significant": false }, "geometry": { "type": "Point", "coordinates": [ 179.122515418916237, -8.426495583814479 ] } },
{ "type": "Feature", "properties": { "uid": "ryrrvpq04w", "rate_time": 5.678, "sig_time": 0.024, "se_time": 2.318, "sce": 292.14, "nsm": 146.06, "valid_obs": 22, "valid_span": 25, "significant": true }, "geometry": { "type": "Point", "coordinates": [ 179.173388814244078, -8.441586528632437 ] } },
{ "type": "Feature", "properties": { "uid": "ryrrvpq0bb", "rate_time": 5.088, "sig_time": 0.023, "se_time": 2.074, "sce": 265.0, "nsm": 132.48, "valid_obs": 22, "valid_span": 25, "significant": true }, "geometry": { "type": "Point", "coordinates": [ 179.173314620063394, -8.44148801891594 ] } },
{ "type": "Feature", "properties": { "uid": "ryrrvpmg7b", "rate_time": 1.101, "sig_time": 0.295, "se_time": 1.008, "sce": 78.62, "nsm": null, "valid_obs": 15, "valid_span": 16, "significant": false }, "geometry": { "type": "Point", "coordinates": [ 179.173097624381057, -8.44105677189763 ] } },
{ "type": "Feature", "properties": { "uid": "ryrrvpmufx", "rate_time": 2.622, "sig_time": 0.0, "se_time": 0.555, "sce": 68.15, "nsm": null, "valid_obs": 17, "valid_span": 21, "significant": true }, "geometry": { "type": "Point", "coordinates": [ 179.173044415820584, -8.440762556051173 ] } },
{ "type": "Feature", "properties": { "uid": "ryrrvpmwrs", "rate_time": 2.377, "sig_time": 0.0, "se_time": 0.317, "sce": 52.31, "nsm": 45.75, "valid_obs": 22, "valid_span": 25, "significant": true }, "geometry": { "type": "Point", "coordinates": [ 179.172918404225697, -8.440522212821902 ] } },
{ "type": "Feature", "properties": { "uid": "ryrrvpmqf2", "rate_time": 0.087, "sig_time": 0.222, "se_time": 0.069, "sce": 9.84, "nsm": -0.18, "valid_obs": 22, "valid_span": 25, "significant": false }, "geometry": { "type": "Point", "coordinates": [ 179.172346692477703, -8.440458635267598 ] } },
{ "type": "Feature", "properties": { "uid": "ryrrvpmxv5", "rate_time": 2.249, "sig_time": 0.0, "se_time": 0.31, "sce": 53.17, "nsm": 49.52, "valid_obs": 22, "valid_span": 25, "significant": true }, "geometry": { "type": "Point", "coordinates": [ 179.172817077089718, -8.440270870372691 ] } },
{ "type": "Feature", "properties": { "uid": "ryrrvpt0n2", "rate_time": -0.028, "sig_time": 0.67, "se_time": 0.064, "sce": 9.57, "nsm": -3.77, "valid_obs": 22, "valid_span": 25, "significant": false }, "geometry": { "type": "Point", "coordinates": [ 179.172181837844505, -8.440243236241527 ] } },
{ "type": "Feature", "properties": { "uid": "ryrrvpt168", "rate_time": -0.225, "sig_time": 0.0, "se_time": 0.053, "sce": 9.75, "nsm": -6.61, "valid_obs": 22, "valid_span": 25, "significant": true }, "geometry": { "type": "Point", "coordinates": [ 179.172014397879451, -8.440029554587101 ] } },
{ "type": "Feature", "properties": { "uid": "ryrrvpt969", "rate_time": 0.431, "sig_time": 0.042, "se_time": 0.194, "sce": 18.44, "nsm": null, "valid_obs": 17, "valid_span": 18, "significant": true }, "geometry": { "type": "Point", "coordinates": [ 179.172702774046655, -8.440025026511453 ] } },
{ "type": "Feature", "properties": { "uid": "ryrrvpsfqh", "rate_time": -0.237, "sig_time": 0.001, "se_time": 0.06, "sce": 9.79, "nsm": -6.04, "valid_obs": 22, "valid_span": 25, "significant": true }, "geometry": { "type": "Point", "coordinates": [ 179.171826030568468, -8.439834553918287 ] } },
{ "type": "Feature", "properties": { "uid": "ryrrvpt6xz", "rate_time": 0.31, "sig_time": 0.147, "se_time": 0.203, "sce": 19.14, "nsm": null, "valid_obs": 17, "valid_span": 18, "significant": false }, "geometry": { "type": "Point", "coordinates": [ 179.172591370090629, -8.439777693908226 ] } },
{ "type": "Feature", "properties": { "uid": "ryrrvpsg3q", "rate_time": -0.147, "sig_time": 0.008, "se_time": 0.05, "sce": 7.39, "nsm": -3.81, "valid_obs": 22, "valid_span": 25, "significant": true }, "geometry": { "type": "Point", "coordinates": [ 179.171621767077056, -8.439655535624125 ] } },
{ "type": "Feature", "properties": { "uid": "ryrrvptkjw", "rate_time": 0.229, "sig_time": 0.35, "se_time": 0.237, "sce": 21.84, "nsm": null, "valid_obs": 17, "valid_span": 18, "significant": false }, "geometry": { "type": "Point", "coordinates": [ 179.172491228745457, -8.439525596914795 ] } },
{ "type": "Feature", "properties": { "uid": "ryrrvpsskk", "rate_time": 0.126, "sig_time": 0.031, "se_time": 0.054, "sce": 6.45, "nsm": 0.08, "valid_obs": 22, "valid_span": 25, "significant": true }, "geometry": { "type": "Point", "coordinates": [ 179.171405740289288, -8.43949041276284 ] } },
{ "type": "Feature", "properties": { "uid": "ryrrvpsmrk", "rate_time": 0.068, "sig_time": 0.35, "se_time": 0.071, "sce": 8.98, "nsm": 2.09, "valid_obs": 22, "valid_span": 25, "significant": false }, "geometry": { "type": "Point", "coordinates": [ 179.17119384763842, -8.439320102851481 ] } },
{ "type": "Feature", "properties": { "uid": "ryrrvptmew", "rate_time": -0.456, "sig_time": 0.199, "se_time": 0.34, "sce": 29.0, "nsm": null, "valid_obs": 17, "valid_span": 18, "significant": false }, "geometry": { "type": "Point", "coordinates": [ 179.172409639945556, -8.439267117194186 ] } },
{ "type": "Feature", "properties": { "uid": "ryrrvpsq6k", "rate_time": 0.163, "sig_time": 0.099, "se_time": 0.094, "sce": 13.03, "nsm": -1.11, "valid_obs": 22, "valid_span": 25, "significant": false }, "geometry": { "type": "Point", "coordinates": [ 179.170982165981997, -8.4391495041883 ] } },
{ "type": "Feature", "properties": { "uid": "ryrrvpspm7", "rate_time": -0.049, "sig_time": 0.735, "se_time": 0.142, "sce": 17.45, "nsm": -13.18, "valid_obs": 22, "valid_span": 25, "significant": false }, "geometry": { "type": "Point", "coordinates": [ 179.170766624165736, -8.438984209439525 ] } },
{ "type": "Feature", "properties": { "uid": "ryrrvpgdrj", "rate_time": 0.012, "sig_time": 0.88, "se_time": 0.078, "sce": 12.77, "nsm": -0.97, "valid_obs": 22, "valid_span": 25, "significant": false }, "geometry": { "type": "Point", "coordinates": [ 179.170146740175596, -8.438456715143612 ] } },
{ "type": "Feature", "properties": { "uid": "ryrrvpgedg", "rate_time": 0.005, "sig_time": 0.938, "se_time": 0.065, "sce": 9.85, "nsm": -2.34, "valid_obs": 22, "valid_span": 25, "significant": false }, "geometry": { "type": "Point", "coordinates": [ 179.169965834980587, -8.438254961021705 ] } },
{ "type": "Feature", "properties": { "uid": "ryrrvpv5sp", "rate_time": 1.134, "sig_time": 0.0, "se_time": 0.153, "sce": 31.92, "nsm": 25.98, "valid_obs": 22, "valid_span": 25, "significant": true }, "geometry": { "type": "Point", "coordinates": [ 179.172083261763959, -8.438233597277746 ] } },
{ "type": "Feature", "properties": { "uid": "ryrrvpgkz5", "rate_time": 0.005, "sig_time": 0.952, "se_time": 0.089, "sce": 13.08, "nsm": -4.73, "valid_obs": 22, "valid_span": 25, "significant": false }, "geometry": { "type": "Point", "coordinates": [ 179.169803069040142, -8.438037596521024 ] } },
{ "type": "Feature", "properties": { "uid": "ryrrvpvj4r", "rate_time": 1.096, "sig_time": 0.0, "se_time": 0.136, "sce": 32.59, "nsm": 22.36, "valid_obs": 22, "valid_span": 25, "significant": true }, "geometry": { "type": "Point", "coordinates": [ 179.172007619897016, -8.437973168193098 ] } },
{ "type": "Feature", "properties": { "uid": "ryrrvpgmfx", "rate_time": 0.066, "sig_time": 0.485, "se_time": 0.092, "sce": 13.33, "nsm": -3.75, "valid_obs": 22, "valid_span": 25, "significant": false }, "geometry": { "type": "Point", "coordinates": [ 179.169611796519035, -8.437844844331176 ] } },
{ "type": "Feature", "properties": { "uid": "ryrrvpvn8p", "rate_time": 0.633, "sig_time": 0.0, "se_time": 0.107, "sce": 22.49, "nsm": 15.37, "valid_obs": 22, "valid_span": 25, "significant": true }, "geometry": { "type": "Point", "coordinates": [ 179.171915690664122, -8.437718122783917 ] } },
{ "type": "Feature", "properties": { "uid": "ryrrvpgpjc", "rate_time": 0.192, "sig_time": 0.024, "se_time": 0.079, "sce": 12.67, "nsm": -0.84, "valid_obs": 22, "valid_span": 25, "significant": true }, "geometry": { "type": "Point", "coordinates": [ 179.169409035874224, -8.437664009010453 ] } },
{ "type": "Feature", "properties": { "uid": "ryx2j05015", "rate_time": 0.508, "sig_time": 0.0, "se_time": 0.114, "sce": 20.48, "nsm": 7.88, "valid_obs": 22, "valid_span": 25, "significant": true }, "geometry": { "type": "Point", "coordinates": [ 179.169208486094561, -8.437481028327976 ] } },
{ "type": "Feature", "properties": { "uid": "ryx2j0hbjv", "rate_time": 0.409, "sig_time": 0.002, "se_time": 0.112, "sce": 23.53, "nsm": 8.43, "valid_obs": 22, "valid_span": 25, "significant": true }, "geometry": { "type": "Point", "coordinates": [ 179.171809777144119, -8.437468302622614 ] } },
{ "type": "Feature", "properties": { "uid": "ryx2j05bgv", "rate_time": -0.094, "sig_time": 0.517, "se_time": 0.142, "sce": 15.13, "nsm": null, "valid_obs": 20, "valid_span": 23, "significant": false }, "geometry": { "type": "Point", "coordinates": [ 179.170355948640491, -8.437344022744558 ] } },
{ "type": "Feature", "properties": { "uid": "ryx2j04ckc", "rate_time": 0.838, "sig_time": 0.0, "se_time": 0.162, "sce": 33.04, "nsm": 13.97, "valid_obs": 22, "valid_span": 25, "significant": true }, "geometry": { "type": "Point", "coordinates": [ 179.169026116269123, -8.437279634639779 ] } },
{ "type": "Feature", "properties": { "uid": "ryx2j0h13c", "rate_time": 0.169, "sig_time": 0.555, "se_time": 0.281, "sce": 36.29, "nsm": null, "valid_obs": 20, "valid_span": 23, "significant": false }, "geometry": { "type": "Point", "coordinates": [ 179.170617355668128, -8.437276893208766 ] } },
{ "type": "Feature", "properties": { "uid": "ryx2j0hcek", "rate_time": 0.483, "sig_time": 0.0, "se_time": 0.108, "sce": 23.83, "nsm": 10.78, "valid_obs": 22, "valid_span": 25, "significant": true }, "geometry": { "type": "Point", "coordinates": [ 179.171703739206123, -8.43721883101208 ] } },
{ "type": "Feature", "properties": { "uid": "ryx2j053zc", "rate_time": 0.281, "sig_time": 0.089, "se_time": 0.157, "sce": 23.72, "nsm": 1.8, "valid_obs": 22, "valid_span": 25, "significant": false }, "geometry": { "type": "Point", "coordinates": [ 179.169843083012694, -8.437193719061915 ] } },
{ "type": "Feature", "properties": { "uid": "ryx2j0h4pn", "rate_time": -0.039, "sig_time": 0.758, "se_time": 0.125, "sce": 12.27, "nsm": null, "valid_obs": 19, "valid_span": 23, "significant": false }, "geometry": { "type": "Point", "coordinates": [ 179.170841456995674, -8.437122858058872 ] } },
{ "type": "Feature", "properties": { "uid": "ryx2j0566n", "rate_time": 0.44, "sig_time": 0.005, "se_time": 0.14, "sce": 22.36, "nsm": 6.3, "valid_obs": 22, "valid_span": 25, "significant": true }, "geometry": { "type": "Point", "coordinates": [ 179.169595518674925, -8.437080738334233 ] } },
{ "type": "Feature", "properties": { "uid": "ryx2j04fwf", "rate_time": 1.151, "sig_time": 0.0, "se_time": 0.265, "sce": 42.36, "nsm": 13.76, "valid_obs": 22, "valid_span": 25, "significant": true }, "geometry": { "type": "Point", "coordinates": [ 179.169115832745746, -8.437055216658994 ] } },
{ "type": "Feature", "properties": { "uid": "ryx2j0hdzk", "rate_time": 0.904, "sig_time": 0.0, "se_time": 0.156, "sce": 32.0, "nsm": 15.31, "valid_obs": 22, "valid_span": 25, "significant": true }, "geometry": { "type": "Point", "coordinates": [ 179.171536322138593, -8.437005141004098 ] } },
{ "type": "Feature", "properties": { "uid": "ryx2j054un", "rate_time": 0.721, "sig_time": 0.0, "se_time": 0.164, "sce": 30.71, "nsm": 13.66, "valid_obs": 22, "valid_span": 25, "significant": true }, "geometry": { "type": "Point", "coordinates": [ 179.169338811962064, -8.436993425003742 ] } },
{ "type": "Feature", "properties": { "uid": "ryx2j0h7hj", "rate_time": 0.623, "sig_time": 0.0, "se_time": 0.121, "sce": 24.55, "nsm": 12.81, "valid_obs": 21, "valid_span": 25, "significant": true }, "geometry": { "type": "Point", "coordinates": [ 179.171055540669158, -8.436955291217613 ] } },
{ "type": "Feature", "properties": { "uid": "ryx2j0hed1", "rate_time": 1.177, "sig_time": 0.0, "se_time": 0.277, "sce": 62.24, "nsm": 18.9, "valid_obs": 22, "valid_span": 25, "significant": true }, "geometry": { "type": "Point", "coordinates": [ 179.171308458828634, -8.436892610823136 ] } },
{ "type": "Feature", "properties": { "uid": "ryrrttv586", "rate_time": 0.609, "sig_time": 0.009, "se_time": 0.205, "sce": 19.76, "nsm": null, "valid_obs": 18, "valid_span": 20, "significant": true }, "geometry": { "type": "Point", "coordinates": [ 179.193892055443939, -8.493192511782386 ] } },
{ "type": "Feature", "properties": { "uid": "ryrrttuvnd", "rate_time": 0.878, "sig_time": 0.001, "se_time": 0.223, "sce": 22.38, "nsm": null, "valid_obs": 18, "valid_span": 20, "significant": true }, "geometry": { "type": "Point", "coordinates": [ 179.193818617467286, -8.492931468558369 ] } },
{ "type": "Feature", "properties": { "uid": "ryrrttuys6", "rate_time": 0.965, "sig_time": 0.0, "se_time": 0.216, "sce": 22.55, "nsm": null, "valid_obs": 18, "valid_span": 20, "significant": true }, "geometry": { "type": "Point", "coordinates": [ 179.19372289455535, -8.492677721362277 ] } },
{ "type": "Feature", "properties": { "uid": "ryrrtwhb41", "rate_time": 1.088, "sig_time": 0.0, "se_time": 0.25, "sce": 26.15, "nsm": null, "valid_obs": 18, "valid_span": 20, "significant": true }, "geometry": { "type": "Point", "coordinates": [ 179.193630134253596, -8.492422807053353 ] } },
{ "type": "Feature", "properties": { "uid": "ryrrtwhc8g", "rate_time": 1.721, "sig_time": 0.0, "se_time": 0.293, "sce": 42.95, "nsm": null, "valid_obs": 20, "valid_span": 23, "significant": true }, "geometry": { "type": "Point", "coordinates": [ 179.193573419432568, -8.492157586455566 ] } },
{ "type": "Feature", "properties": { "uid": "ryrrtwheps", "rate_time": 1.148, "sig_time": 0.005, "se_time": 0.359, "sce": 56.12, "nsm": null, "valid_obs": 20, "valid_span": 23, "significant": true }, "geometry": { "type": "Point", "coordinates": [ 179.193520020608503, -8.491891684611367 ] } },
{ "type": "Feature", "properties": { "uid": "ryrrtwhstv", "rate_time": 0.771, "sig_time": 0.0, "se_time": 0.136, "sce": 18.7, "nsm": null, "valid_obs": 19, "valid_span": 23, "significant": true }, "geometry": { "type": "Point", "coordinates": [ 179.193447178729912, -8.491630418297042 ] } },
{ "type": "Feature", "properties": { "uid": "ryrrtwhwhq", "rate_time": 0.979, "sig_time": 0.005, "se_time": 0.302, "sce": 47.52, "nsm": null, "valid_obs": 20, "valid_span": 23, "significant": true }, "geometry": { "type": "Point", "coordinates": [ 179.19338219277779, -8.491367095782708 ] } },
{ "type": "Feature", "properties": { "uid": "ryrrtwhxep", "rate_time": 1.594, "sig_time": 0.002, "se_time": 0.431, "sce": 85.61, "nsm": null, "valid_obs": 20, "valid_span": 23, "significant": true }, "geometry": { "type": "Point", "coordinates": [ 179.193322903492003, -8.491102438859901 ] } },
{ "type": "Feature", "properties": { "uid": "ryrrtwk6z8", "rate_time": 2.049, "sig_time": 0.0, "se_time": 0.35, "sce": 55.8, "nsm": null, "valid_obs": 20, "valid_span": 23, "significant": true }, "geometry": { "type": "Point", "coordinates": [ 179.193175612848961, -8.490581025355693 ] } },
{ "type": "Feature", "properties": { "uid": "ryrrtwkkmc", "rate_time": 0.853, "sig_time": 0.0, "se_time": 0.176, "sce": 22.51, "nsm": null, "valid_obs": 18, "valid_span": 20, "significant": true }, "geometry": { "type": "Point", "coordinates": [ 179.193095127788183, -8.49032204288409 ] } },
{ "type": "Feature", "properties": { "uid": "ryrrtwkmu6", "rate_time": 1.004, "sig_time": 0.003, "se_time": 0.282, "sce": 37.69, "nsm": null, "valid_obs": 18, "valid_span": 20, "significant": true }, "geometry": { "type": "Point", "coordinates": [ 179.193041039778336, -8.490056616989509 ] } },
{ "type": "Feature", "properties": { "uid": "ryrrtwkr7s", "rate_time": 0.628, "sig_time": 0.038, "se_time": 0.276, "sce": 25.59, "nsm": null, "valid_obs": 17, "valid_span": 20, "significant": true }, "geometry": { "type": "Point", "coordinates": [ 179.193005272127465, -8.489787877556246 ] } },
{ "type": "Feature", "properties": { "uid": "ryrrtwsk4k", "rate_time": 0.596, "sig_time": 0.032, "se_time": 0.259, "sce": 42.85, "nsm": 16.59, "valid_obs": 22, "valid_span": 25, "significant": true }, "geometry": { "type": "Point", "coordinates": [ 179.19294761922518, -8.488976626167174 ] } },
{ "type": "Feature", "properties": { "uid": "ryrrtwsm9y", "rate_time": 0.469, "sig_time": 0.014, "se_time": 0.174, "sce": 25.36, "nsm": 13.07, "valid_obs": 21, "valid_span": 25, "significant": true }, "geometry": { "type": "Point", "coordinates": [ 179.192928569653532, -8.488706159925782 ] } },
{ "type": "Feature", "properties": { "uid": "ryrrtwhhud", "rate_time": 0.12, "sig_time": 0.689, "se_time": 0.294, "sce": 46.75, "nsm": -5.08, "valid_obs": 21, "valid_span": 25, "significant": false }, "geometry": { "type": "Point", "coordinates": [ 179.192704556541543, -8.491601265417808 ] } },
{ "type": "Feature", "properties": { "uid": "ryrrtwh5qe", "rate_time": -0.074, "sig_time": 0.637, "se_time": 0.155, "sce": 23.41, "nsm": -5.4, "valid_obs": 20, "valid_span": 25, "significant": false }, "geometry": { "type": "Point", "coordinates": [ 179.192794379721931, -8.49185725529553 ] } },
{ "type": "Feature", "properties": { "uid": "ryrrtwh3b6", "rate_time": 0.046, "sig_time": 0.895, "se_time": 0.34, "sce": 58.97, "nsm": -5.48, "valid_obs": 21, "valid_span": 25, "significant": false }, "geometry": { "type": "Point", "coordinates": [ 179.192863025562446, -8.492119530790774 ] } },
{ "type": "Feature", "properties": { "uid": "ryrrtwh238", "rate_time": 0.107, "sig_time": 0.684, "se_time": 0.258, "sce": 42.37, "nsm": -3.05, "valid_obs": 21, "valid_span": 25, "significant": false }, "geometry": { "type": "Point", "coordinates": [ 179.19292178468595, -8.492384293450151 ] } },
{ "type": "Feature", "properties": { "uid": "ryrrttu7wj", "rate_time": -0.049, "sig_time": 0.623, "se_time": 0.098, "sce": 10.79, "nsm": -4.44, "valid_obs": 21, "valid_span": 25, "significant": false }, "geometry": { "type": "Point", "coordinates": [ 179.193105992606945, -8.493176364815046 ] } },
{ "type": "Feature", "properties": { "uid": "ryrrttu6p7", "rate_time": -0.127, "sig_time": 0.143, "se_time": 0.083, "sce": 8.34, "nsm": -6.09, "valid_obs": 21, "valid_span": 25, "significant": false }, "geometry": { "type": "Point", "coordinates": [ 179.193160665013437, -8.493442005368973 ] } },
{ "type": "Feature", "properties": { "uid": "ryrrttu883", "rate_time": 0.068, "sig_time": 0.634, "se_time": 0.14, "sce": 23.43, "nsm": -4.99, "valid_obs": 22, "valid_span": 25, "significant": false }, "geometry": { "type": "Point", "coordinates": [ 179.193206871006822, -8.493709198888315 ] } },
{ "type": "Feature", "properties": { "uid": "ryrrttsx1b", "rate_time": 0.008, "sig_time": 0.919, "se_time": 0.082, "sce": 10.43, "nsm": -4.38, "valid_obs": 22, "valid_span": 25, "significant": false }, "geometry": { "type": "Point", "coordinates": [ 179.193273244028489, -8.493971729210095 ] } },
{ "type": "Feature", "properties": { "uid": "ryrrtexb1u", "rate_time": -0.325, "sig_time": 0.508, "se_time": 0.479, "sce": 44.16, "nsm": null, "valid_obs": 17, "valid_span": 18, "significant": false }, "geometry": { "type": "Point", "coordinates": [ 179.197740480111065, -8.506140292850958 ] } },
{ "type": "Feature", "properties": { "uid": "ryrrteryeu", "rate_time": 0.176, "sig_time": 0.381, "se_time": 0.195, "sce": 14.38, "nsm": null, "valid_obs": 16, "valid_span": 18, "significant": false }, "geometry": { "type": "Point", "coordinates": [ 179.197825134441302, -8.50639802661793 ] } },
{ "type": "Feature", "properties": { "uid": "ryrrtervnj", "rate_time": 0.508, "sig_time": 0.079, "se_time": 0.268, "sce": 21.22, "nsm": null, "valid_obs": 16, "valid_span": 18, "significant": false }, "geometry": { "type": "Point", "coordinates": [ 179.197919506084588, -8.506652234619201 ] } },
{ "type": "Feature", "properties": { "uid": "ryrrtg258m", "rate_time": 0.498, "sig_time": 0.074, "se_time": 0.258, "sce": 21.3, "nsm": null, "valid_obs": 16, "valid_span": 18, "significant": false }, "geometry": { "type": "Point", "coordinates": [ 179.198015848506628, -8.506905839245789 ] } },
{ "type": "Feature", "properties": { "uid": "ryrrtg244z", "rate_time": 0.223, "sig_time": 0.372, "se_time": 0.241, "sce": 17.64, "nsm": null, "valid_obs": 16, "valid_span": 18, "significant": false }, "geometry": { "type": "Point", "coordinates": [ 179.198119931136802, -8.507156076287162 ] } },
{ "type": "Feature", "properties": { "uid": "ryrrtg20vd", "rate_time": 0.114, "sig_time": 0.622, "se_time": 0.227, "sce": 15.87, "nsm": null, "valid_obs": 16, "valid_span": 18, "significant": false }, "geometry": { "type": "Point", "coordinates": [ 179.198242476254023, -8.507398050835894 ] } },
{ "type": "Feature", "properties": { "uid": "ryrrtg0r2t", "rate_time": 0.069, "sig_time": 0.723, "se_time": 0.192, "sce": 12.48, "nsm": null, "valid_obs": 16, "valid_span": 18, "significant": false }, "geometry": { "type": "Point", "coordinates": [ 179.198366248152894, -8.507639596571893 ] } },
{ "type": "Feature", "properties": { "uid": "ryrrtg0mgr", "rate_time": 0.031, "sig_time": 0.885, "se_time": 0.211, "sce": 14.22, "nsm": null, "valid_obs": 16, "valid_span": 18, "significant": false }, "geometry": { "type": "Point", "coordinates": [ 179.198485182649534, -8.507883458441459 ] } },
{ "type": "Feature", "properties": { "uid": "ryrrtg099c", "rate_time": 1.465, "sig_time": 0.0, "se_time": 0.258, "sce": 40.75, "nsm": 37.23, "valid_obs": 21, "valid_span": 25, "significant": true }, "geometry": { "type": "Point", "coordinates": [ 179.198760824247387, -8.508647884792213 ] } },
{ "type": "Feature", "properties": { "uid": "ryrrtg08h4", "rate_time": 1.787, "sig_time": 0.0, "se_time": 0.242, "sce": 41.65, "nsm": 40.26, "valid_obs": 21, "valid_span": 25, "significant": true }, "geometry": { "type": "Point", "coordinates": [ 179.198861704243825, -8.508899741024658 ] } },
{ "type": "Feature", "properties": { "uid": "ryrrtfbfjw", "rate_time": 3.331, "sig_time": 0.002, "se_time": 0.871, "sce": 77.72, "nsm": null, "valid_obs": 16, "valid_span": 18, "significant": true }, "geometry": { "type": "Point", "coordinates": [ 179.19926728896948, -8.509904071734759 ] } },
{ "type": "Feature", "properties": { "uid": "ryrrtf9p60", "rate_time": 1.938, "sig_time": 0.003, "se_time": 0.537, "sce": 50.96, "nsm": null, "valid_obs": 16, "valid_span": 18, "significant": true }, "geometry": { "type": "Point", "coordinates": [ 179.199459610844627, -8.510411392883237 ] } },
{ "type": "Feature", "properties": { "uid": "ryrrtf9jud", "rate_time": 1.9, "sig_time": 0.025, "se_time": 0.758, "sce": 63.29, "nsm": null, "valid_obs": 16, "valid_span": 18, "significant": true }, "geometry": { "type": "Point", "coordinates": [ 179.199571657598966, -8.510658190263008 ] } },
{ "type": "Feature", "properties": { "uid": "ryrrtf3ewx", "rate_time": 0.807, "sig_time": 0.1, "se_time": 0.458, "sce": 35.6, "nsm": null, "valid_obs": 16, "valid_span": 18, "significant": false }, "geometry": { "type": "Point", "coordinates": [ 179.200345383317085, -8.512390099568494 ] } },
{ "type": "Feature", "properties": { "uid": "ryrrtepg08", "rate_time": -0.438, "sig_time": 0.0, "se_time": 0.05, "sce": 12.64, "nsm": -5.25, "valid_obs": 20, "valid_span": 25, "significant": true }, "geometry": { "type": "Point", "coordinates": [ 179.197684465217037, -8.508393957871974 ] } },
{ "type": "Feature", "properties": { "uid": "ryrrtepce4", "rate_time": -0.341, "sig_time": 0.0, "se_time": 0.062, "sce": 12.1, "nsm": -6.72, "valid_obs": 20, "valid_span": 25, "significant": true }, "geometry": { "type": "Point", "coordinates": [ 179.197793067328689, -8.508642634768167 ] } },
{ "type": "Feature", "properties": { "uid": "ryrrtepbj4", "rate_time": 0.284, "sig_time": 0.003, "se_time": 0.084, "sce": 11.37, "nsm": 4.32, "valid_obs": 20, "valid_span": 25, "significant": true }, "geometry": { "type": "Point", "coordinates": [ 179.197879759280227, -8.508899547756823 ] } },
{ "type": "Feature", "properties": { "uid": "ryrrtfb2c3", "rate_time": 0.401, "sig_time": 0.031, "se_time": 0.172, "sce": 27.13, "nsm": 1.39, "valid_obs": 21, "valid_span": 25, "significant": true }, "geometry": { "type": "Point", "coordinates": [ 179.198398944708259, -8.510148725460439 ] } },
{ "type": "Feature", "properties": { "uid": "ryrrtf8r4p", "rate_time": 0.116, "sig_time": 0.13, "se_time": 0.073, "sce": 10.26, "nsm": -0.74, "valid_obs": 21, "valid_span": 25, "significant": false }, "geometry": { "type": "Point", "coordinates": [ 179.198435029626609, -8.510416659472117 ] } },
{ "type": "Feature", "properties": { "uid": "ryrrtf8mdk", "rate_time": 0.409, "sig_time": 0.0, "se_time": 0.08, "sce": 12.7, "nsm": 7.68, "valid_obs": 21, "valid_span": 25, "significant": true }, "geometry": { "type": "Point", "coordinates": [ 179.198447060680223, -8.510687557655372 ] } },
{ "type": "Feature", "properties": { "uid": "ryrrtf8k4d", "rate_time": 1.15, "sig_time": 0.0, "se_time": 0.174, "sce": 28.15, "nsm": 21.89, "valid_obs": 21, "valid_span": 25, "significant": true }, "geometry": { "type": "Point", "coordinates": [ 179.198457250041173, -8.510958526267167 ] } },
{ "type": "Feature", "properties": { "uid": "ryrrtf866z", "rate_time": 1.534, "sig_time": 0.0, "se_time": 0.206, "sce": 35.27, "nsm": 29.02, "valid_obs": 21, "valid_span": 25, "significant": true }, "geometry": { "type": "Point", "coordinates": [ 179.198463134086296, -8.511229611475951 ] } },
{ "type": "Feature", "properties": { "uid": "ryrrtf82fv", "rate_time": 1.285, "sig_time": 0.0, "se_time": 0.175, "sce": 29.62, "nsm": 22.88, "valid_obs": 21, "valid_span": 25, "significant": true }, "geometry": { "type": "Point", "coordinates": [ 179.198465086927371, -8.511500766257344 ] } },
{ "type": "Feature", "properties": { "uid": "ryrrtf2r6f", "rate_time": 0.576, "sig_time": 0.0, "se_time": 0.118, "sce": 18.91, "nsm": 6.05, "valid_obs": 21, "valid_span": 25, "significant": true }, "geometry": { "type": "Point", "coordinates": [ 179.198463239438922, -8.511771904321016 ] } },
{ "type": "Feature", "properties": { "uid": "ryrrtf2mg0", "rate_time": 0.309, "sig_time": 0.021, "se_time": 0.123, "sce": 15.52, "nsm": 3.52, "valid_obs": 21, "valid_span": 25, "significant": true }, "geometry": { "type": "Point", "coordinates": [ 179.198474264990324, -8.512042213013888 ] } },
{ "type": "Feature", "properties": { "uid": "ryrrtf2khx", "rate_time": -0.06, "sig_time": 0.704, "se_time": 0.155, "sce": 19.73, "nsm": -6.98, "valid_obs": 21, "valid_span": 25, "significant": false }, "geometry": { "type": "Point", "coordinates": [ 179.198536712304048, -8.512303637765536 ] } },
{ "type": "Feature", "properties": { "uid": "ryrrtez635", "rate_time": 0.394, "sig_time": 0.096, "se_time": 0.222, "sce": 19.27, "nsm": null, "valid_obs": 17, "valid_span": 18, "significant": false }, "geometry": { "type": "Point", "coordinates": [ 179.197015195098317, -8.504388560981493 ] } },
{ "type": "Feature", "properties": { "uid": "ryrrtez2g5", "rate_time": 0.573, "sig_time": 0.052, "se_time": 0.271, "sce": 22.9, "nsm": null, "valid_obs": 17, "valid_span": 18, "significant": false }, "geometry": { "type": "Point", "coordinates": [ 179.197104354249802, -8.504644721020057 ] } },
{ "type": "Feature", "properties": { "uid": "ryrrtexrm5", "rate_time": 0.301, "sig_time": 0.166, "se_time": 0.207, "sce": 16.36, "nsm": null, "valid_obs": 17, "valid_span": 18, "significant": false }, "geometry": { "type": "Point", "coordinates": [ 179.197192322195633, -8.504901266310311 ] } },
{ "type": "Feature", "properties": { "uid": "ryrrtexmzs", "rate_time": -0.014, "sig_time": 0.941, "se_time": 0.192, "sce": 15.03, "nsm": null, "valid_obs": 17, "valid_span": 18, "significant": false }, "geometry": { "type": "Point", "coordinates": [ 179.197294538559561, -8.505152597146525 ] } },
{ "type": "Feature", "properties": { "uid": "ryrrtexs6x", "rate_time": 0.127, "sig_time": 0.562, "se_time": 0.214, "sce": 14.91, "nsm": null, "valid_obs": 17, "valid_span": 18, "significant": false }, "geometry": { "type": "Point", "coordinates": [ 179.197422075233874, -8.505392091508806 ] } },
{ "type": "Feature", "properties": { "uid": "ryrrtexej1", "rate_time": 0.043, "sig_time": 0.852, "se_time": 0.225, "sce": 15.95, "nsm": null, "valid_obs": 17, "valid_span": 18, "significant": false }, "geometry": { "type": "Point", "coordinates": [ 179.197530820713439, -8.505640682833301 ] } },
{ "type": "Feature", "properties": { "uid": "ryrrtex9xg", "rate_time": -0.066, "sig_time": 0.779, "se_time": 0.23, "sce": 15.85, "nsm": null, "valid_obs": 17, "valid_span": 18, "significant": false }, "geometry": { "type": "Point", "coordinates": [ 179.197646093671295, -8.50588632935011 ] } },
{ "type": "Feature", "properties": { "uid": "ryrrterm0p", "rate_time": -0.061, "sig_time": 0.218, "se_time": 0.048, "sce": 4.27, "nsm": -2.68, "valid_obs": 20, "valid_span": 25, "significant": false }, "geometry": { "type": "Point", "coordinates": [ 179.196968677096237, -8.506640216533146 ] } },
{ "type": "Feature", "properties": { "uid": "ryrrter7dp", "rate_time": -0.153, "sig_time": 0.001, "se_time": 0.041, "sce": 5.25, "nsm": -4.3, "valid_obs": 20, "valid_span": 25, "significant": true }, "geometry": { "type": "Point", "coordinates": [ 179.19705787465935, -8.50689635404497 ] } },
{ "type": "Feature", "properties": { "uid": "ryrrter6k9", "rate_time": -0.259, "sig_time": 0.001, "se_time": 0.068, "sce": 9.86, "nsm": -6.27, "valid_obs": 20, "valid_span": 25, "significant": true }, "geometry": { "type": "Point", "coordinates": [ 179.197166456142639, -8.507144383216227 ] } },
{ "type": "Feature", "properties": { "uid": "ryrrter2zs", "rate_time": -0.333, "sig_time": 0.001, "se_time": 0.08, "sce": 12.21, "nsm": -5.95, "valid_obs": 20, "valid_span": 25, "significant": true }, "geometry": { "type": "Point", "coordinates": [ 179.197290007775905, -8.507385592790962 ] } },
{ "type": "Feature", "properties": { "uid": "ryrrtepx3v", "rate_time": -0.368, "sig_time": 0.0, "se_time": 0.058, "sce": 11.44, "nsm": -4.22, "valid_obs": 20, "valid_span": 25, "significant": true }, "geometry": { "type": "Point", "coordinates": [ 179.197393683897388, -8.507636259843128 ] } },
{ "type": "Feature", "properties": { "uid": "ryrrtepwhb", "rate_time": -0.455, "sig_time": 0.0, "se_time": 0.055, "sce": 11.32, "nsm": -5.3, "valid_obs": 20, "valid_span": 25, "significant": true }, "geometry": { "type": "Point", "coordinates": [ 179.197515879525639, -8.507878391930932 ] } },
{ "type": "Feature", "properties": { "uid": "ryrrtepswb", "rate_time": -0.412, "sig_time": 0.0, "se_time": 0.052, "sce": 10.59, "nsm": -4.44, "valid_obs": 20, "valid_span": 25, "significant": true }, "geometry": { "type": "Point", "coordinates": [ 179.197603834457567, -8.50813502724381 ] } },
{ "type": "Feature", "properties": { "uid": "ryrrttv441", "rate_time": 0.539, "sig_time": 0.009, "se_time": 0.18, "sce": 16.63, "nsm": null, "valid_obs": 18, "valid_span": 20, "significant": true }, "geometry": { "type": "Point", "coordinates": [ 179.193964573625465, -8.49345388733386 ] } },
{ "type": "Feature", "properties": { "uid": "ryrrttv0eb", "rate_time": 0.92, "sig_time": 0.003, "se_time": 0.259, "sce": 32.66, "nsm": null, "valid_obs": 18, "valid_span": 20, "significant": true }, "geometry": { "type": "Point", "coordinates": [ 179.194042237503851, -8.493713781781098 ] } },
{ "type": "Feature", "properties": { "uid": "ryrrtttpj8", "rate_time": 0.582, "sig_time": 0.004, "se_time": 0.17, "sce": 15.7, "nsm": null, "valid_obs": 17, "valid_span": 18, "significant": true }, "geometry": { "type": "Point", "coordinates": [ 179.194118842555696, -8.49397399826063 ] } },
{ "type": "Feature", "properties": { "uid": "ryrrtttjx2", "rate_time": 0.645, "sig_time": 0.002, "se_time": 0.173, "sce": 17.09, "nsm": null, "valid_obs": 17, "valid_span": 18, "significant": true }, "geometry": { "type": "Point", "coordinates": [ 179.194198399223723, -8.494233328063025 ] } },
{ "type": "Feature", "properties": { "uid": "ryrrttt7cr", "rate_time": 1.381, "sig_time": 0.0, "se_time": 0.278, "sce": 44.85, "nsm": null, "valid_obs": 18, "valid_span": 20, "significant": true }, "geometry": { "type": "Point", "coordinates": [ 179.194278683282818, -8.494492444631698 ] } },
{ "type": "Feature", "properties": { "uid": "ryrrttt67p", "rate_time": 1.049, "sig_time": 0.0, "se_time": 0.128, "sce": 22.79, "nsm": null, "valid_obs": 18, "valid_span": 20, "significant": true }, "geometry": { "type": "Point", "coordinates": [ 179.194358938466593, -8.494751491576745 ] } },
{ "type": "Feature", "properties": { "uid": "ryrrttt2uy", "rate_time": 0.957, "sig_time": 0.0, "se_time": 0.119, "sce": 24.64, "nsm": null, "valid_obs": 18, "valid_span": 20, "significant": true }, "geometry": { "type": "Point", "coordinates": [ 179.194429632185091, -8.495013345941375 ] } },
{ "type": "Feature", "properties": { "uid": "ryrrttmrqm", "rate_time": 1.043, "sig_time": 0.0, "se_time": 0.129, "sce": 26.11, "nsm": null, "valid_obs": 18, "valid_span": 20, "significant": true }, "geometry": { "type": "Point", "coordinates": [ 179.194494547047583, -8.495276678232054 ] } },
{ "type": "Feature", "properties": { "uid": "ryrrttmmzs", "rate_time": 1.294, "sig_time": 0.0, "se_time": 0.162, "sce": 28.66, "nsm": null, "valid_obs": 18, "valid_span": 20, "significant": true }, "geometry": { "type": "Point", "coordinates": [ 179.194552393930621, -8.495541622265376 ] } },
{ "type": "Feature", "properties": { "uid": "ryrrtwsr38", "rate_time": 0.452, "sig_time": 0.005, "se_time": 0.143, "sce": 21.18, "nsm": 12.01, "valid_obs": 21, "valid_span": 25, "significant": true }, "geometry": { "type": "Point", "coordinates": [ 179.192912851008543, -8.488435490428815 ] } },
{ "type": "Feature", "properties": { "uid": "ryrrtwu2c7", "rate_time": 0.573, "sig_time": 0.0, "se_time": 0.12, "sce": 19.63, "nsm": 13.12, "valid_obs": 21, "valid_span": 25, "significant": true }, "geometry": { "type": "Point", "coordinates": [ 179.192906822119198, -8.488164423148117 ] } },
{ "type": "Feature", "properties": { "uid": "ryrrtwu62t", "rate_time": 0.596, "sig_time": 0.0, "se_time": 0.109, "sce": 18.52, "nsm": 11.72, "valid_obs": 21, "valid_span": 25, "significant": true }, "geometry": { "type": "Point", "coordinates": [ 179.192879645664505, -8.487894987230398 ] } },
{ "type": "Feature", "properties": { "uid": "ryrrtwu5zx", "rate_time": 0.661, "sig_time": 0.003, "se_time": 0.195, "sce": 36.84, "nsm": 9.91, "valid_obs": 22, "valid_span": 25, "significant": true }, "geometry": { "type": "Point", "coordinates": [ 179.192835405954156, -8.487627475159467 ] } },
{ "type": "Feature", "properties": { "uid": "ryrrtwujwc", "rate_time": 0.88, "sig_time": 0.0, "se_time": 0.12, "sce": 26.31, "nsm": 22.34, "valid_obs": 22, "valid_span": 25, "significant": true }, "geometry": { "type": "Point", "coordinates": [ 179.192798286437522, -8.487358922740588 ] } },
{ "type": "Feature", "properties": { "uid": "ryrrtwupnk", "rate_time": 0.702, "sig_time": 0.0, "se_time": 0.164, "sce": 22.07, "nsm": null, "valid_obs": 20, "valid_span": 23, "significant": true }, "geometry": { "type": "Point", "coordinates": [ 179.192778025746975, -8.487088634025019 ] } },
{ "type": "Feature", "properties": { "uid": "ryrrtxh0wn", "rate_time": 0.724, "sig_time": 0.003, "se_time": 0.212, "sce": 25.68, "nsm": null, "valid_obs": 20, "valid_span": 23, "significant": true }, "geometry": { "type": "Point", "coordinates": [ 179.192772806158871, -8.486817592562687 ] } },
{ "type": "Feature", "properties": { "uid": "ryrrtxh4q1", "rate_time": 0.817, "sig_time": 0.002, "se_time": 0.23, "sce": 29.22, "nsm": null, "valid_obs": 20, "valid_span": 23, "significant": true }, "geometry": { "type": "Point", "coordinates": [ 179.192770123721658, -8.486546443237879 ] } },
{ "type": "Feature", "properties": { "uid": "ryrrtxhjmm", "rate_time": 0.988, "sig_time": 0.0, "se_time": 0.15, "sce": 22.96, "nsm": 17.09, "valid_obs": 21, "valid_span": 25, "significant": true }, "geometry": { "type": "Point", "coordinates": [ 179.192731858291921, -8.486005647559983 ] } },
{ "type": "Feature", "properties": { "uid": "ryrrtxhphb", "rate_time": 0.672, "sig_time": 0.072, "se_time": 0.354, "sce": 57.1, "nsm": 13.48, "valid_obs": 22, "valid_span": 25, "significant": false }, "geometry": { "type": "Point", "coordinates": [ 179.192717347318876, -8.485734970380394 ] } },
{ "type": "Feature", "properties": { "uid": "ryrrtxk0sf", "rate_time": 0.645, "sig_time": 0.004, "se_time": 0.198, "sce": 26.69, "nsm": 12.15, "valid_obs": 22, "valid_span": 25, "significant": true }, "geometry": { "type": "Point", "coordinates": [ 179.192715483152114, -8.485463859970062 ] } },
{ "type": "Feature", "properties": { "uid": "ryrrtxk4hv", "rate_time": 0.622, "sig_time": 0.0, "se_time": 0.141, "sce": 20.84, "nsm": 10.18, "valid_obs": 22, "valid_span": 25, "significant": true }, "geometry": { "type": "Point", "coordinates": [ 179.192713496911324, -8.485192712513443 ] } },
{ "type": "Feature", "properties": { "uid": "ryrrtxk5tp", "rate_time": 0.565, "sig_time": 0.0, "se_time": 0.126, "sce": 18.1, "nsm": 10.08, "valid_obs": 22, "valid_span": 25, "significant": true }, "geometry": { "type": "Point", "coordinates": [ 179.192719541506847, -8.484921687845755 ] } },
{ "type": "Feature", "properties": { "uid": "ryrrtxkjm6", "rate_time": 0.545, "sig_time": 0.0, "se_time": 0.099, "sce": 16.48, "nsm": 12.02, "valid_obs": 22, "valid_span": 25, "significant": true }, "geometry": { "type": "Point", "coordinates": [ 179.192739608512483, -8.484651338669408 ] } },
{ "type": "Feature", "properties": { "uid": "ryrrtxs0mz", "rate_time": 0.428, "sig_time": 0.02, "se_time": 0.168, "sce": 18.68, "nsm": null, "valid_obs": 20, "valid_span": 23, "significant": true }, "geometry": { "type": "Point", "coordinates": [ 179.192760806082475, -8.484109615285323 ] } },
{ "type": "Feature", "properties": { "uid": "ryrrtxs4n1", "rate_time": 0.443, "sig_time": 0.022, "se_time": 0.177, "sce": 19.08, "nsm": null, "valid_obs": 20, "valid_span": 23, "significant": true }, "geometry": { "type": "Point", "coordinates": [ 179.192767117791817, -8.483838535849873 ] } },
{ "type": "Feature", "properties": { "uid": "ryrrtxs5wk", "rate_time": 0.496, "sig_time": 0.002, "se_time": 0.134, "sce": 18.46, "nsm": null, "valid_obs": 20, "valid_span": 23, "significant": true }, "geometry": { "type": "Point", "coordinates": [ 179.192774935521868, -8.483567483179037 ] } },
{ "type": "Feature", "properties": { "uid": "ryrrtxsjnw", "rate_time": 0.595, "sig_time": 0.0, "se_time": 0.121, "sce": 18.49, "nsm": null, "valid_obs": 20, "valid_span": 23, "significant": true }, "geometry": { "type": "Point", "coordinates": [ 179.192785157475868, -8.483296514995788 ] } },
{ "type": "Feature", "properties": { "uid": "ryrrtxsnyc", "rate_time": 0.75, "sig_time": 0.0, "se_time": 0.128, "sce": 21.77, "nsm": null, "valid_obs": 20, "valid_span": 23, "significant": true }, "geometry": { "type": "Point", "coordinates": [ 179.192804110100724, -8.483026056204343 ] } },
{ "type": "Feature", "properties": { "uid": "ryrrtxu0r7", "rate_time": 1.02, "sig_time": 0.004, "se_time": 0.306, "sce": 52.42, "nsm": null, "valid_obs": 20, "valid_span": 23, "significant": true }, "geometry": { "type": "Point", "coordinates": [ 179.192819698849576, -8.482755376034875 ] } },
{ "type": "Feature", "properties": { "uid": "ryrrtxu1zq", "rate_time": 0.631, "sig_time": 0.0, "se_time": 0.137, "sce": 19.46, "nsm": null, "valid_obs": 19, "valid_span": 23, "significant": true }, "geometry": { "type": "Point", "coordinates": [ 179.192822646361947, -8.482484304110494 ] } },
{ "type": "Feature", "properties": { "uid": "ryrrtxum05", "rate_time": 0.657, "sig_time": 0.0, "se_time": 0.135, "sce": 21.67, "nsm": 14.87, "valid_obs": 21, "valid_span": 25, "significant": true }, "geometry": { "type": "Point", "coordinates": [ 179.192853957259047, -8.481943255578187 ] } },
{ "type": "Feature", "properties": { "uid": "ryrrtxuq8t", "rate_time": 0.629, "sig_time": 0.0, "se_time": 0.125, "sce": 19.74, "nsm": 12.53, "valid_obs": 21, "valid_span": 25, "significant": true }, "geometry": { "type": "Point", "coordinates": [ 179.192873804613356, -8.481672873413398 ] } },
{ "type": "Feature", "properties": { "uid": "ryrrv8h21p", "rate_time": 0.816, "sig_time": 0.0, "se_time": 0.118, "sce": 22.97, "nsm": 14.31, "valid_obs": 21, "valid_span": 25, "significant": true }, "geometry": { "type": "Point", "coordinates": [ 179.19289532822728, -8.481402586869251 ] } },
{ "type": "Feature", "properties": { "uid": "ryrrv8h3c6", "rate_time": 0.996, "sig_time": 0.0, "se_time": 0.124, "sce": 26.75, "nsm": 16.54, "valid_obs": 21, "valid_span": 25, "significant": true }, "geometry": { "type": "Point", "coordinates": [ 179.192903354863034, -8.481131690875307 ] } },
{ "type": "Feature", "properties": { "uid": "ryrrv8h72s", "rate_time": 0.913, "sig_time": 0.0, "se_time": 0.139, "sce": 25.76, "nsm": 14.17, "valid_obs": 21, "valid_span": 25, "significant": true }, "geometry": { "type": "Point", "coordinates": [ 179.192875467373966, -8.480862754600945 ] } },
{ "type": "Feature", "properties": { "uid": "ryrrv8hhzw", "rate_time": 0.709, "sig_time": 0.0, "se_time": 0.119, "sce": 19.65, "nsm": 9.32, "valid_obs": 21, "valid_span": 25, "significant": true }, "geometry": { "type": "Point", "coordinates": [ 179.192831721622781, -8.480595110630773 ] } },
{ "type": "Feature", "properties": { "uid": "ryrrv8hnwb", "rate_time": 0.731, "sig_time": 0.009, "se_time": 0.253, "sce": 46.22, "nsm": 6.51, "valid_obs": 21, "valid_span": 25, "significant": true }, "geometry": { "type": "Point", "coordinates": [ 179.192800815085519, -8.480325871493259 ] } },
{ "type": "Feature", "properties": { "uid": "ryrrv8k0n7", "rate_time": 0.295, "sig_time": 0.081, "se_time": 0.16, "sce": 21.02, "nsm": 6.04, "valid_obs": 21, "valid_span": 25, "significant": false }, "geometry": { "type": "Point", "coordinates": [ 179.19278223689679, -8.480055366038073 ] } },
{ "type": "Feature", "properties": { "uid": "ryrrv8khv4", "rate_time": 1.648, "sig_time": 0.0, "se_time": 0.265, "sce": 39.67, "nsm": null, "valid_obs": 19, "valid_span": 23, "significant": true }, "geometry": { "type": "Point", "coordinates": [ 179.192721627893121, -8.479244197576275 ] } },
{ "type": "Feature", "properties": { "uid": "ryrrv8s51f", "rate_time": 0.252, "sig_time": 0.333, "se_time": 0.254, "sce": 38.49, "nsm": 7.16, "valid_obs": 21, "valid_span": 25, "significant": false }, "geometry": { "type": "Point", "coordinates": [ 179.192580698490104, -8.478169488185014 ] } },
{ "type": "Feature", "properties": { "uid": "ryrrv8s1db", "rate_time": 0.511, "sig_time": 0.001, "se_time": 0.129, "sce": 18.34, "nsm": 8.14, "valid_obs": 21, "valid_span": 25, "significant": true }, "geometry": { "type": "Point", "coordinates": [ 179.192625929561075, -8.478436586810391 ] } },
{ "type": "Feature", "properties": { "uid": "ryrrv8kpgw", "rate_time": 0.722, "sig_time": 0.0, "se_time": 0.118, "sce": 22.93, "nsm": 14.79, "valid_obs": 21, "valid_span": 25, "significant": true }, "geometry": { "type": "Point", "coordinates": [ 179.192658610347337, -8.478705761701232 ] } },
{ "type": "Feature", "properties": { "uid": "ryrrv8knkk", "rate_time": 1.531, "sig_time": 0.0, "se_time": 0.24, "sce": 48.85, "nsm": 43.25, "valid_obs": 21, "valid_span": 25, "significant": true }, "geometry": { "type": "Point", "coordinates": [ 179.192694907858368, -8.478974500410398 ] } },
{ "type": "Feature", "properties": { "uid": "ryrrvm58sh", "rate_time": 0.394, "sig_time": 0.012, "se_time": 0.143, "sce": 19.19, "nsm": 9.4, "valid_obs": 22, "valid_span": 25, "significant": true }, "geometry": { "type": "Point", "coordinates": [ 179.181012748573409, -8.453871460434701 ] } },
{ "type": "Feature", "properties": { "uid": "ryrrvm5d12", "rate_time": 0.312, "sig_time": 0.016, "se_time": 0.119, "sce": 15.76, "nsm": 9.37, "valid_obs": 22, "valid_span": 25, "significant": true }, "geometry": { "type": "Point", "coordinates": [ 179.180886191570153, -8.453631396783162 ] } },
{ "type": "Feature", "properties": { "uid": "ryrrvm57qj", "rate_time": 0.56, "sig_time": 0.001, "se_time": 0.136, "sce": 21.82, "nsm": 17.49, "valid_obs": 22, "valid_span": 25, "significant": true }, "geometry": { "type": "Point", "coordinates": [ 179.180754873471813, -8.453393837808861 ] } },
{ "type": "Feature", "properties": { "uid": "ryrrvm5kgu", "rate_time": 0.238, "sig_time": 0.13, "se_time": 0.149, "sce": 15.2, "nsm": null, "valid_obs": 18, "valid_span": 20, "significant": false }, "geometry": { "type": "Point", "coordinates": [ 179.180655893556747, -8.453141269604975 ] } },
{ "type": "Feature", "properties": { "uid": "ryrrvm5q3e", "rate_time": 0.24, "sig_time": 0.295, "se_time": 0.222, "sce": 19.93, "nsm": null, "valid_obs": 18, "valid_span": 20, "significant": false }, "geometry": { "type": "Point", "coordinates": [ 179.18056033970376, -8.452887572560048 ] } },
{ "type": "Feature", "properties": { "uid": "ryrrvm5pyb", "rate_time": 0.613, "sig_time": 0.014, "se_time": 0.223, "sce": 23.0, "nsm": null, "valid_obs": 18, "valid_span": 20, "significant": true }, "geometry": { "type": "Point", "coordinates": [ 179.180439156399274, -8.452644915290547 ] } },
{ "type": "Feature", "properties": { "uid": "ryrrvm71m1", "rate_time": 0.742, "sig_time": 0.004, "se_time": 0.22, "sce": 23.42, "nsm": null, "valid_obs": 18, "valid_span": 20, "significant": true }, "geometry": { "type": "Point", "coordinates": [ 179.180369136079634, -8.452382948200128 ] } },
{ "type": "Feature", "properties": { "uid": "ryrrvm7cbr", "rate_time": 0.489, "sig_time": 0.018, "se_time": 0.187, "sce": 22.27, "nsm": null, "valid_obs": 19, "valid_span": 20, "significant": true }, "geometry": { "type": "Point", "coordinates": [ 179.181192049293657, -8.452265869551391 ] } },
{ "type": "Feature", "properties": { "uid": "ryrrvm7ems", "rate_time": 0.479, "sig_time": 0.106, "se_time": 0.28, "sce": 27.0, "nsm": null, "valid_obs": 19, "valid_span": 20, "significant": false }, "geometry": { "type": "Point", "coordinates": [ 179.181074365233229, -8.452021622083791 ] } },
{ "type": "Feature", "properties": { "uid": "ryrrvm7sf9", "rate_time": 0.356, "sig_time": 0.49, "se_time": 0.505, "sce": 53.84, "nsm": null, "valid_obs": 19, "valid_span": 20, "significant": false }, "geometry": { "type": "Point", "coordinates": [ 179.180944655732873, -8.451783346289204 ] } },
{ "type": "Feature", "properties": { "uid": "ryrrvmdsb9", "rate_time": 1.424, "sig_time": 0.004, "se_time": 0.429, "sce": 59.08, "nsm": null, "valid_obs": 21, "valid_span": 23, "significant": true }, "geometry": { "type": "Point", "coordinates": [ 179.179481825775071, -8.45041078831254 ] } },
{ "type": "Feature", "properties": { "uid": "ryrrvmej0v", "rate_time": 2.822, "sig_time": 0.0, "se_time": 0.306, "sce": 59.82, "nsm": null, "valid_obs": 19, "valid_span": 23, "significant": true }, "geometry": { "type": "Point", "coordinates": [ 179.180180144459001, -8.450347154553581 ] } },
{ "type": "Feature", "properties": { "uid": "ryrrvkgxpp", "rate_time": 0.523, "sig_time": 0.002, "se_time": 0.15, "sce": 20.92, "nsm": 11.57, "valid_obs": 22, "valid_span": 25, "significant": true }, "geometry": { "type": "Point", "coordinates": [ 179.181141111280255, -8.454110499209483 ] } },
{ "type": "Feature", "properties": { "uid": "ryrrvm7be1", "rate_time": 0.453, "sig_time": 0.023, "se_time": 0.182, "sce": 19.6, "nsm": null, "valid_obs": 19, "valid_span": 20, "significant": true }, "geometry": { "type": "Point", "coordinates": [ 179.181306483416762, -8.452511915034792 ] } },
{ "type": "Feature", "properties": { "uid": "ryrrtx7mr0", "rate_time": -0.194, "sig_time": 0.007, "se_time": 0.064, "sce": 10.65, "nsm": -0.96, "valid_obs": 21, "valid_span": 25, "significant": true }, "geometry": { "type": "Point", "coordinates": [ 179.191783593298965, -8.484658893796032 ] } },
{ "type": "Feature", "properties": { "uid": "ryrrtx7qz7", "rate_time": -0.2, "sig_time": 0.011, "se_time": 0.071, "sce": 11.63, "nsm": -1.53, "valid_obs": 21, "valid_span": 25, "significant": true }, "geometry": { "type": "Point", "coordinates": [ 179.191787194780886, -8.484387779504777 ] } },
{ "type": "Feature", "properties": { "uid": "ryrrtxe2rq", "rate_time": -0.42, "sig_time": 0.024, "se_time": 0.171, "sce": 30.85, "nsm": -1.18, "valid_obs": 21, "valid_span": 25, "significant": true }, "geometry": { "type": "Point", "coordinates": [ 179.191793795975997, -8.484116694692503 ] } },
{ "type": "Feature", "properties": { "uid": "ryrrtxe6p8", "rate_time": -0.26, "sig_time": 0.011, "se_time": 0.092, "sce": 16.2, "nsm": -0.75, "valid_obs": 21, "valid_span": 25, "significant": true }, "geometry": { "type": "Point", "coordinates": [ 179.191803414965221, -8.483845706045962 ] } },
{ "type": "Feature", "properties": { "uid": "ryrrtxee84", "rate_time": -0.232, "sig_time": 0.034, "se_time": 0.102, "sce": 14.8, "nsm": -2.61, "valid_obs": 21, "valid_span": 25, "significant": true }, "geometry": { "type": "Point", "coordinates": [ 179.191822118079472, -8.483575247795493 ] } },
{ "type": "Feature", "properties": { "uid": "ryrrtxet0t", "rate_time": -0.216, "sig_time": 0.069, "se_time": 0.112, "sce": 15.27, "nsm": -4.85, "valid_obs": 21, "valid_span": 25, "significant": false }, "geometry": { "type": "Point", "coordinates": [ 179.191844032842198, -8.48330500015634 ] } },
{ "type": "Feature", "properties": { "uid": "ryrrtxg9bh", "rate_time": -0.217, "sig_time": 0.069, "se_time": 0.112, "sce": 15.65, "nsm": -5.12, "valid_obs": 20, "valid_span": 25, "significant": false }, "geometry": { "type": "Point", "coordinates": [ 179.191826006987242, -8.482492155170892 ] } },
{ "type": "Feature", "properties": { "uid": "ryrrtxg7rz", "rate_time": -0.202, "sig_time": 0.063, "se_time": 0.102, "sce": 12.75, "nsm": -4.94, "valid_obs": 20, "valid_span": 25, "significant": false }, "geometry": { "type": "Point", "coordinates": [ 179.191813201053719, -8.482221348176758 ] } },
{ "type": "Feature", "properties": { "uid": "ryrrtxgmp3", "rate_time": -0.096, "sig_time": 0.329, "se_time": 0.096, "sce": 12.06, "nsm": -3.35, "valid_obs": 20, "valid_span": 25, "significant": false }, "geometry": { "type": "Point", "coordinates": [ 179.1917945701978, -8.481950830251037 ] } },
{ "type": "Feature", "properties": { "uid": "ryrrtxgqxh", "rate_time": -0.092, "sig_time": 0.318, "se_time": 0.089, "sce": 11.66, "nsm": -2.73, "valid_obs": 20, "valid_span": 25, "significant": false }, "geometry": { "type": "Point", "coordinates": [ 179.191783288305288, -8.481679970197453 ] } },
{ "type": "Feature", "properties": { "uid": "ryrrv852pq", "rate_time": -0.054, "sig_time": 0.765, "se_time": 0.177, "sce": 29.39, "nsm": -4.71, "valid_obs": 21, "valid_span": 25, "significant": false }, "geometry": { "type": "Point", "coordinates": [ 179.191790547028319, -8.481409082665726 ] } },
{ "type": "Feature", "properties": { "uid": "ryrrv853z9", "rate_time": -0.189, "sig_time": 0.017, "se_time": 0.072, "sce": 10.14, "nsm": -6.62, "valid_obs": 21, "valid_span": 25, "significant": true }, "geometry": { "type": "Point", "coordinates": [ 179.191798613677179, -8.481138071803121 ] } },
{ "type": "Feature", "properties": { "uid": "ryrrv857r7", "rate_time": -0.341, "sig_time": 0.083, "se_time": 0.187, "sce": 36.08, "nsm": -6.49, "valid_obs": 22, "valid_span": 25, "significant": false }, "geometry": { "type": "Point", "coordinates": [ 179.19179114801284, -8.480867150520853 ] } },
{ "type": "Feature", "properties": { "uid": "ryrrv85kyy", "rate_time": -0.061, "sig_time": 0.528, "se_time": 0.095, "sce": 14.91, "nsm": -5.4, "valid_obs": 22, "valid_span": 25, "significant": false }, "geometry": { "type": "Point", "coordinates": [ 179.191774302598532, -8.480596514247061 ] } },
{ "type": "Feature", "properties": { "uid": "ryrrv85qw8", "rate_time": -0.018, "sig_time": 0.847, "se_time": 0.093, "sce": 15.04, "nsm": -4.8, "valid_obs": 22, "valid_span": 25, "significant": false }, "geometry": { "type": "Point", "coordinates": [ 179.19175636179807, -8.480325938728113 ] } },
{ "type": "Feature", "properties": { "uid": "ryrrv872n5", "rate_time": 0.069, "sig_time": 0.529, "se_time": 0.108, "sce": 17.55, "nsm": -4.3, "valid_obs": 22, "valid_span": 25, "significant": false }, "geometry": { "type": "Point", "coordinates": [ 179.191736238099281, -8.480055520759628 ] } },
{ "type": "Feature", "properties": { "uid": "ryrrv8e4zz", "rate_time": -0.089, "sig_time": 0.584, "se_time": 0.16, "sce": 25.84, "nsm": -4.64, "valid_obs": 21, "valid_span": 25, "significant": false }, "geometry": { "type": "Point", "coordinates": [ 179.19147240046351, -8.478185300519682 ] } },
{ "type": "Feature", "properties": { "uid": "ryrrtx77xn", "rate_time": -0.217, "sig_time": 0.005, "se_time": 0.069, "sce": 11.05, "nsm": -0.78, "valid_obs": 21, "valid_span": 25, "significant": true }, "geometry": { "type": "Point", "coordinates": [ 179.191782376919122, -8.48493001455466 ] } },
{ "type": "Feature", "properties": { "uid": "ryrrtx76ng", "rate_time": -0.18, "sig_time": 0.016, "se_time": 0.068, "sce": 10.16, "nsm": -0.6, "valid_obs": 21, "valid_span": 25, "significant": true }, "geometry": { "type": "Point", "coordinates": [ 179.191767506305041, -8.485200596733819 ] } },
{ "type": "Feature", "properties": { "uid": "ryrrtx72w1", "rate_time": -0.085, "sig_time": 0.228, "se_time": 0.069, "sce": 8.98, "nsm": -0.23, "valid_obs": 21, "valid_span": 25, "significant": false }, "geometry": { "type": "Point", "coordinates": [ 179.19173816693916, -8.485470183531964 ] } },
{ "type": "Feature", "properties": { "uid": "ryrrtx5qvx", "rate_time": -0.05, "sig_time": 0.437, "se_time": 0.063, "sce": 8.55, "nsm": -0.51, "valid_obs": 21, "valid_span": 25, "significant": false }, "geometry": { "type": "Point", "coordinates": [ 179.191716071111017, -8.485740234007661 ] } },
{ "type": "Feature", "properties": { "uid": "ryrrtx5mms", "rate_time": -0.025, "sig_time": 0.747, "se_time": 0.076, "sce": 10.87, "nsm": -1.23, "valid_obs": 21, "valid_span": 25, "significant": false }, "geometry": { "type": "Point", "coordinates": [ 179.191721461620489, -8.486010844409488 ] } },
{ "type": "Feature", "properties": { "uid": "ryrrtx57yd", "rate_time": 0.041, "sig_time": 0.57, "se_time": 0.07, "sce": 10.59, "nsm": 0.44, "valid_obs": 21, "valid_span": 25, "significant": false }, "geometry": { "type": "Point", "coordinates": [ 179.191759169802992, -8.486279165037844 ] } },
{ "type": "Feature", "properties": { "uid": "ryrrtx5d21", "rate_time": -0.013, "sig_time": 0.888, "se_time": 0.094, "sce": 12.89, "nsm": -1.44, "valid_obs": 21, "valid_span": 25, "significant": false }, "geometry": { "type": "Point", "coordinates": [ 179.191818528372437, -8.486543703786927 ] } },
{ "type": "Feature", "properties": { "uid": "ryrrtx58cc", "rate_time": -0.25, "sig_time": 0.22, "se_time": 0.197, "sce": 33.98, "nsm": -4.3, "valid_obs": 21, "valid_span": 25, "significant": false }, "geometry": { "type": "Point", "coordinates": [ 179.191896309148319, -8.486803400042678 ] } },
{ "type": "Feature", "properties": { "uid": "ryrrtwgx5p", "rate_time": -0.177, "sig_time": 0.116, "se_time": 0.107, "sce": 16.41, "nsm": -5.13, "valid_obs": 20, "valid_span": 25, "significant": false }, "geometry": { "type": "Point", "coordinates": [ 179.191954576488314, -8.487067962436228 ] } },
{ "type": "Feature", "properties": { "uid": "ryrrtwgtev", "rate_time": 0.043, "sig_time": 0.804, "se_time": 0.171, "sce": 26.78, "nsm": -4.38, "valid_obs": 20, "valid_span": 25, "significant": false }, "geometry": { "type": "Point", "coordinates": [ 179.191983697588881, -8.487337473465555 ] } },
{ "type": "Feature", "properties": { "uid": "ryrrtwgsh5", "rate_time": -0.104, "sig_time": 0.325, "se_time": 0.103, "sce": 13.53, "nsm": -3.95, "valid_obs": 19, "valid_span": 25, "significant": false }, "geometry": { "type": "Point", "coordinates": [ 179.19199970247746, -8.487608150520634 ] } },
{ "type": "Feature", "properties": { "uid": "ryrrtwgdsb", "rate_time": -0.157, "sig_time": 0.13, "se_time": 0.099, "sce": 12.05, "nsm": -4.57, "valid_obs": 19, "valid_span": 25, "significant": false }, "geometry": { "type": "Point", "coordinates": [ 179.192023581403163, -8.487878255765819 ] } },
{ "type": "Feature", "properties": { "uid": "ryrrtwg8vq", "rate_time": -0.167, "sig_time": 0.078, "se_time": 0.089, "sce": 11.13, "nsm": -4.71, "valid_obs": 19, "valid_span": 25, "significant": false }, "geometry": { "type": "Point", "coordinates": [ 179.192053710630262, -8.488147754707347 ] } },
{ "type": "Feature", "properties": { "uid": "ryrrtwexqk", "rate_time": -0.214, "sig_time": 0.04, "se_time": 0.097, "sce": 10.85, "nsm": -4.55, "valid_obs": 19, "valid_span": 25, "significant": true }, "geometry": { "type": "Point", "coordinates": [ 179.19208837481267, -8.488416651995312 ] } },
{ "type": "Feature", "properties": { "uid": "ryrrtwetze", "rate_time": -0.289, "sig_time": 0.043, "se_time": 0.132, "sce": 14.56, "nsm": -6.26, "valid_obs": 19, "valid_span": 25, "significant": true }, "geometry": { "type": "Point", "coordinates": [ 179.192145643315484, -8.488681372060148 ] } },
{ "type": "Feature", "properties": { "uid": "ryrrtweu36", "rate_time": -0.334, "sig_time": 0.025, "se_time": 0.136, "sce": 14.4, "nsm": -6.99, "valid_obs": 19, "valid_span": 25, "significant": true }, "geometry": { "type": "Point", "coordinates": [ 179.192223004883118, -8.488941327165756 ] } },
{ "type": "Feature", "properties": { "uid": "ryrrtweffc", "rate_time": -0.208, "sig_time": 0.089, "se_time": 0.115, "sce": 11.82, "nsm": -3.99, "valid_obs": 19, "valid_span": 25, "significant": false }, "geometry": { "type": "Point", "coordinates": [ 179.192286227871023, -8.489205009103145 ] } },
{ "type": "Feature", "properties": { "uid": "ryrrtwec5z", "rate_time": -0.11, "sig_time": 0.271, "se_time": 0.097, "sce": 10.92, "nsm": -2.09, "valid_obs": 19, "valid_span": 25, "significant": false }, "geometry": { "type": "Point", "coordinates": [ 179.192328491093974, -8.489472846047589 ] } },
{ "type": "Feature", "properties": { "uid": "ryrrtw7zst", "rate_time": -0.079, "sig_time": 0.427, "se_time": 0.097, "sce": 10.81, "nsm": -2.99, "valid_obs": 19, "valid_span": 25, "significant": false }, "geometry": { "type": "Point", "coordinates": [ 179.192355730493148, -8.489742619005703 ] } },
{ "type": "Feature", "properties": { "uid": "ryrrtw7yje", "rate_time": 0.308, "sig_time": 0.34, "se_time": 0.314, "sce": 48.32, "nsm": -5.29, "valid_obs": 20, "valid_span": 25, "significant": false }, "geometry": { "type": "Point", "coordinates": [ 179.192399487998102, -8.490010131110242 ] } },
{ "type": "Feature", "properties": { "uid": "ryrrtw7uxe", "rate_time": -0.158, "sig_time": 0.403, "se_time": 0.185, "sce": 18.59, "nsm": -12.34, "valid_obs": 20, "valid_span": 25, "significant": false }, "geometry": { "type": "Point", "coordinates": [ 179.192490836913379, -8.490265576208383 ] } },
{ "type": "Feature", "properties": { "uid": "ryrrtwk514", "rate_time": -0.304, "sig_time": 0.091, "se_time": 0.17, "sce": 22.83, "nsm": -13.45, "valid_obs": 20, "valid_span": 25, "significant": false }, "geometry": { "type": "Point", "coordinates": [ 179.192551269886366, -8.490529981837298 ] } },
{ "type": "Feature", "properties": { "uid": "ryrrtwk19b", "rate_time": -0.139, "sig_time": 0.452, "se_time": 0.18, "sce": 26.77, "nsm": -8.95, "valid_obs": 20, "valid_span": 25, "significant": false }, "geometry": { "type": "Point", "coordinates": [ 179.192586979859215, -8.490798785157832 ] } },
{ "type": "Feature", "properties": { "uid": "ryrrtwhpfq", "rate_time": -0.003, "sig_time": 0.992, "se_time": 0.307, "sce": 47.34, "nsm": -5.42, "valid_obs": 20, "valid_span": 25, "significant": false }, "geometry": { "type": "Point", "coordinates": [ 179.192609842754365, -8.491068985213005 ] } },
{ "type": "Feature", "properties": { "uid": "ryrrtwhn75", "rate_time": 0.237, "sig_time": 0.553, "se_time": 0.393, "sce": 77.38, "nsm": -3.97, "valid_obs": 21, "valid_span": 25, "significant": false }, "geometry": { "type": "Point", "coordinates": [ 179.192637624639417, -8.491338733854205 ] } },
{ "type": "Feature", "properties": { "uid": "ryrrv6zcuk", "rate_time": 0.945, "sig_time": 0.0, "se_time": 0.108, "sce": 23.28, "nsm": 16.52, "valid_obs": 22, "valid_span": 25, "significant": true }, "geometry": { "type": "Point", "coordinates": [ 179.186861062857133, -8.466012115995143 ] } },
{ "type": "Feature", "properties": { "uid": "ryrrv6zbme", "rate_time": 0.418, "sig_time": 0.0, "se_time": 0.081, "sce": 13.76, "nsm": 2.77, "valid_obs": 22, "valid_span": 25, "significant": true }, "geometry": { "type": "Point", "coordinates": [ 179.186915157821886, -8.466277669142556 ] } },
{ "type": "Feature", "properties": { "uid": "ryrrv6xyze", "rate_time": 0.454, "sig_time": 0.033, "se_time": 0.199, "sce": 34.14, "nsm": 4.51, "valid_obs": 22, "valid_span": 25, "significant": true }, "geometry": { "type": "Point", "coordinates": [ 179.186994010862804, -8.466536710498994 ] } },
{ "type": "Feature", "properties": { "uid": "ryrrvd8j3g", "rate_time": 0.726, "sig_time": 0.0, "se_time": 0.111, "sce": 20.99, "nsm": 10.41, "valid_obs": 22, "valid_span": 25, "significant": true }, "geometry": { "type": "Point", "coordinates": [ 179.187090402976452, -8.466790321055795 ] } },
{ "type": "Feature", "properties": { "uid": "ryrrvd85uh", "rate_time": 0.839, "sig_time": 0.0, "se_time": 0.112, "sce": 21.45, "nsm": 14.64, "valid_obs": 22, "valid_span": 25, "significant": true }, "geometry": { "type": "Point", "coordinates": [ 179.187189049226248, -8.467043069803532 ] } },
{ "type": "Feature", "properties": { "uid": "ryrrvd84qw", "rate_time": 0.749, "sig_time": 0.0, "se_time": 0.116, "sce": 25.71, "nsm": 12.87, "valid_obs": 22, "valid_span": 25, "significant": true }, "geometry": { "type": "Point", "coordinates": [ 179.187291550148075, -8.467293961227698 ] } },
{ "type": "Feature", "properties": { "uid": "ryrrvd8313", "rate_time": 0.676, "sig_time": 0.0, "se_time": 0.085, "sce": 17.14, "nsm": 12.73, "valid_obs": 22, "valid_span": 25, "significant": true }, "geometry": { "type": "Point", "coordinates": [ 179.187415549814261, -8.467535238052491 ] } },
{ "type": "Feature", "properties": { "uid": "ryrrvd2re9", "rate_time": 0.622, "sig_time": 0.0, "se_time": 0.096, "sce": 17.56, "nsm": 10.64, "valid_obs": 22, "valid_span": 25, "significant": true }, "geometry": { "type": "Point", "coordinates": [ 179.187513365228511, -8.467788306091398 ] } },
{ "type": "Feature", "properties": { "uid": "ryrrvd2qj9", "rate_time": 0.542, "sig_time": 0.0, "se_time": 0.095, "sce": 16.15, "nsm": 9.27, "valid_obs": 22, "valid_span": 25, "significant": true }, "geometry": { "type": "Point", "coordinates": [ 179.187597311028753, -8.468046270166703 ] } },
{ "type": "Feature", "properties": { "uid": "ryrrvd2kxf", "rate_time": 1.12, "sig_time": 0.0, "se_time": 0.22, "sce": 40.66, "nsm": 33.47, "valid_obs": 22, "valid_span": 25, "significant": true }, "geometry": { "type": "Point", "coordinates": [ 179.187692649417983, -8.468300227779745 ] } },
{ "type": "Feature", "properties": { "uid": "ryrrvd2e4t", "rate_time": 0.619, "sig_time": 0.01, "se_time": 0.215, "sce": 33.49, "nsm": null, "valid_obs": 20, "valid_span": 23, "significant": true }, "geometry": { "type": "Point", "coordinates": [ 179.187813215216295, -8.46854326194693 ] } },
{ "type": "Feature", "properties": { "uid": "ryrrvd2bdk", "rate_time": 0.949, "sig_time": 0.0, "se_time": 0.175, "sce": 41.38, "nsm": 17.92, "valid_obs": 22, "valid_span": 25, "significant": true }, "geometry": { "type": "Point", "coordinates": [ 179.188139927074076, -8.46897545763712 ] } },
{ "type": "Feature", "properties": { "uid": "ryrrvd0zm3", "rate_time": 0.567, "sig_time": 0.0, "se_time": 0.114, "sce": 19.03, "nsm": 12.06, "valid_obs": 22, "valid_span": 25, "significant": true }, "geometry": { "type": "Point", "coordinates": [ 179.188276833287631, -8.469209022020417 ] } },
{ "type": "Feature", "properties": { "uid": "ryrrvd1jb7", "rate_time": 0.781, "sig_time": 0.001, "se_time": 0.189, "sce": 36.5, "nsm": 13.38, "valid_obs": 22, "valid_span": 25, "significant": true }, "geometry": { "type": "Point", "coordinates": [ 179.188396793664964, -8.469452181046467 ] } },
{ "type": "Feature", "properties": { "uid": "ryrrvd1hec", "rate_time": 0.716, "sig_time": 0.0, "se_time": 0.096, "sce": 19.27, "nsm": 17.05, "valid_obs": 21, "valid_span": 25, "significant": true }, "geometry": { "type": "Point", "coordinates": [ 179.188547150338678, -8.469677998469935 ] } },
{ "type": "Feature", "properties": { "uid": "ryrrvd15pr", "rate_time": 0.715, "sig_time": 0.0, "se_time": 0.101, "sce": 22.89, "nsm": 18.38, "valid_obs": 21, "valid_span": 25, "significant": true }, "geometry": { "type": "Point", "coordinates": [ 179.188698581024113, -8.469903387158354 ] } },
{ "type": "Feature", "properties": { "uid": "ryrrvd13fv", "rate_time": 1.509, "sig_time": 0.0, "se_time": 0.204, "sce": 43.95, "nsm": 39.87, "valid_obs": 21, "valid_span": 25, "significant": true }, "geometry": { "type": "Point", "coordinates": [ 179.188851983291755, -8.470127441856121 ] } },
{ "type": "Feature", "properties": { "uid": "ryrrvd12w4", "rate_time": 0.738, "sig_time": 0.0, "se_time": 0.143, "sce": 21.15, "nsm": null, "valid_obs": 17, "valid_span": 20, "significant": true }, "geometry": { "type": "Point", "coordinates": [ 179.188987364813158, -8.470362121542228 ] } },
{ "type": "Feature", "properties": { "uid": "ryrrv9cx1j", "rate_time": 0.697, "sig_time": 0.0, "se_time": 0.124, "sce": 16.89, "nsm": null, "valid_obs": 17, "valid_span": 20, "significant": true }, "geometry": { "type": "Point", "coordinates": [ 179.189116558308285, -8.470600751082356 ] } },
{ "type": "Feature", "properties": { "uid": "ryrrv9ctu1", "rate_time": 0.875, "sig_time": 0.0, "se_time": 0.16, "sce": 19.47, "nsm": null, "valid_obs": 17, "valid_span": 20, "significant": true }, "geometry": { "type": "Point", "coordinates": [ 179.189252945844714, -8.470835007122881 ] } },
{ "type": "Feature", "properties": { "uid": "ryrrv9csrx", "rate_time": 2.251, "sig_time": 0.0, "se_time": 0.256, "sce": 56.57, "nsm": 46.99, "valid_obs": 21, "valid_span": 25, "significant": true }, "geometry": { "type": "Point", "coordinates": [ 179.189401548630229, -8.471061923696851 ] } },
{ "type": "Feature", "properties": { "uid": "ryrrv6rvd3", "rate_time": 0.103, "sig_time": 0.469, "se_time": 0.139, "sce": 23.77, "nsm": -1.08, "valid_obs": 22, "valid_span": 25, "significant": false }, "geometry": { "type": "Point", "coordinates": [ 179.186766503735925, -8.468131338835004 ] } },
{ "type": "Feature", "properties": { "uid": "ryrrv6rujm", "rate_time": 0.161, "sig_time": 0.28, "se_time": 0.145, "sce": 23.55, "nsm": -1.11, "valid_obs": 22, "valid_span": 25, "significant": false }, "geometry": { "type": "Point", "coordinates": [ 179.186896436022579, -8.4683693499012 ] } },
{ "type": "Feature", "properties": { "uid": "ryrrvd24b3", "rate_time": 0.154, "sig_time": 0.302, "se_time": 0.146, "sce": 25.46, "nsm": -1.2, "valid_obs": 22, "valid_span": 25, "significant": false }, "geometry": { "type": "Point", "coordinates": [ 179.187027969031959, -8.468606779654143 ] } },
{ "type": "Feature", "properties": { "uid": "ryrrvd217z", "rate_time": 0.038, "sig_time": 0.827, "se_time": 0.171, "sce": 25.88, "nsm": -4.25, "valid_obs": 22, "valid_span": 25, "significant": false }, "geometry": { "type": "Point", "coordinates": [ 179.187178848734419, -8.468832478536946 ] } },
{ "type": "Feature", "properties": { "uid": "ryrrvd20nf", "rate_time": 0.055, "sig_time": 0.728, "se_time": 0.157, "sce": 28.03, "nsm": -3.38, "valid_obs": 22, "valid_span": 25, "significant": false }, "geometry": { "type": "Point", "coordinates": [ 179.187303836968169, -8.469072878411508 ] } },
{ "type": "Feature", "properties": { "uid": "ryrrvd0q9v", "rate_time": -0.069, "sig_time": 0.672, "se_time": 0.161, "sce": 29.62, "nsm": -2.34, "valid_obs": 22, "valid_span": 25, "significant": false }, "geometry": { "type": "Point", "coordinates": [ 179.187432700439075, -8.469311660298104 ] } },
{ "type": "Feature", "properties": { "uid": "ryrrvd0mk8", "rate_time": 0.059, "sig_time": 0.706, "se_time": 0.155, "sce": 29.33, "nsm": 0.38, "valid_obs": 22, "valid_span": 25, "significant": false }, "geometry": { "type": "Point", "coordinates": [ 179.187549235242159, -8.469556342874048 ] } },
{ "type": "Feature", "properties": { "uid": "ryrrvd07z7", "rate_time": 0.125, "sig_time": 0.439, "se_time": 0.158, "sce": 30.24, "nsm": 2.25, "valid_obs": 22, "valid_span": 25, "significant": false }, "geometry": { "type": "Point", "coordinates": [ 179.187673702827027, -8.469796508311173 ] } },
{ "type": "Feature", "properties": { "uid": "ryrrvd0de7", "rate_time": 0.163, "sig_time": 0.261, "se_time": 0.141, "sce": 27.21, "nsm": 4.26, "valid_obs": 22, "valid_span": 25, "significant": false }, "geometry": { "type": "Point", "coordinates": [ 179.187840023323702, -8.470010347886932 ] } },
{ "type": "Feature", "properties": { "uid": "ryrrvd09rz", "rate_time": 0.021, "sig_time": 0.887, "se_time": 0.147, "sce": 27.18, "nsm": 4.64, "valid_obs": 22, "valid_span": 25, "significant": false }, "geometry": { "type": "Point", "coordinates": [ 179.188032191356939, -8.470202478528011 ] } },
{ "type": "Feature", "properties": { "uid": "ryrrvd0b7c", "rate_time": 0.111, "sig_time": 0.469, "se_time": 0.151, "sce": 27.25, "nsm": 5.18, "valid_obs": 22, "valid_span": 25, "significant": false }, "geometry": { "type": "Point", "coordinates": [ 179.188212187200349, -8.47040584750795 ] } },
{ "type": "Feature", "properties": { "uid": "ryrrv9bzp8", "rate_time": 0.091, "sig_time": 0.528, "se_time": 0.142, "sce": 23.78, "nsm": 5.71, "valid_obs": 22, "valid_span": 25, "significant": false }, "geometry": { "type": "Point", "coordinates": [ 179.188371503145703, -8.470625616869791 ] } },
{ "type": "Feature", "properties": { "uid": "ryrrv9cjg2", "rate_time": 0.116, "sig_time": 0.421, "se_time": 0.141, "sce": 21.34, "nsm": 5.69, "valid_obs": 22, "valid_span": 25, "significant": false }, "geometry": { "type": "Point", "coordinates": [ 179.188534251774286, -8.47084255947693 ] } },
{ "type": "Feature", "properties": { "uid": "ryrrv9chxd", "rate_time": 0.2, "sig_time": 0.218, "se_time": 0.157, "sce": 23.6, "nsm": 2.67, "valid_obs": 22, "valid_span": 25, "significant": false }, "geometry": { "type": "Point", "coordinates": [ 179.188712071636701, -8.471047935785746 ] } },
{ "type": "Feature", "properties": { "uid": "ryrrv9c77v", "rate_time": 0.333, "sig_time": 0.027, "se_time": 0.139, "sce": 24.48, "nsm": 7.25, "valid_obs": 22, "valid_span": 25, "significant": true }, "geometry": { "type": "Point", "coordinates": [ 179.188897172743452, -8.471246560533507 ] } },
{ "type": "Feature", "properties": { "uid": "ryrrv6xkyv", "rate_time": 0.278, "sig_time": 0.297, "se_time": 0.26, "sce": 48.08, "nsm": 0.71, "valid_obs": 23, "valid_span": 25, "significant": false }, "geometry": { "type": "Point", "coordinates": [ 179.186279543741279, -8.466867438274507 ] } },
{ "type": "Feature", "properties": { "uid": "ryrrv6xqmn", "rate_time": 0.18, "sig_time": 0.18, "se_time": 0.13, "sce": 20.94, "nsm": 0.34, "valid_obs": 23, "valid_span": 25, "significant": false }, "geometry": { "type": "Point", "coordinates": [ 179.186206064923056, -8.466606510735257 ] } },
{ "type": "Feature", "properties": { "uid": "ryrrv6xrgz", "rate_time": 0.077, "sig_time": 0.566, "se_time": 0.131, "sce": 22.81, "nsm": -2.32, "valid_obs": 23, "valid_span": 25, "significant": false }, "geometry": { "type": "Point", "coordinates": [ 179.186144922168978, -8.466342268058982 ] } },
{ "type": "Feature", "properties": { "uid": "ryrrv6z3d0", "rate_time": 0.007, "sig_time": 0.964, "se_time": 0.144, "sce": 27.41, "nsm": -4.66, "valid_obs": 23, "valid_span": 25, "significant": false }, "geometry": { "type": "Point", "coordinates": [ 179.186077479213253, -8.466079781543126 ] } },
{ "type": "Feature", "properties": { "uid": "ryrrv6z700", "rate_time": -0.013, "sig_time": 0.926, "se_time": 0.134, "sce": 23.04, "nsm": -4.31, "valid_obs": 23, "valid_span": 25, "significant": false }, "geometry": { "type": "Point", "coordinates": [ 179.18598979819356, -8.465823300348312 ] } },
{ "type": "Feature", "properties": { "uid": "ryrrv6zhw2", "rate_time": -0.067, "sig_time": 0.554, "se_time": 0.111, "sce": 18.59, "nsm": -3.56, "valid_obs": 23, "valid_span": 25, "significant": false }, "geometry": { "type": "Point", "coordinates": [ 179.185906839591667, -8.465565041895301 ] } },
{ "type": "Feature", "properties": { "uid": "ryrrv6zjup", "rate_time": -0.087, "sig_time": 0.459, "se_time": 0.115, "sce": 16.56, "nsm": -3.53, "valid_obs": 23, "valid_span": 25, "significant": false }, "geometry": { "type": "Point", "coordinates": [ 179.185815298245757, -8.465309726996265 ] } },
{ "type": "Feature", "properties": { "uid": "ryrrv6zwrz", "rate_time": 0.621, "sig_time": 0.0, "se_time": 0.121, "sce": 19.07, "nsm": null, "valid_obs": 19, "valid_span": 23, "significant": true }, "geometry": { "type": "Point", "coordinates": [ 179.186662225653492, -8.465223979753841 ] } },
{ "type": "Feature", "properties": { "uid": "ryrrv6zp3y", "rate_time": -0.014, "sig_time": 0.904, "se_time": 0.115, "sce": 18.87, "nsm": -2.85, "valid_obs": 23, "valid_span": 25, "significant": false }, "geometry": { "type": "Point", "coordinates": [ 179.185713915359116, -8.465058221036287 ] } },
{ "type": "Feature", "properties": { "uid": "ryrrv7p8n3", "rate_time": 0.63, "sig_time": 0.0, "se_time": 0.149, "sce": 20.89, "nsm": null, "valid_obs": 20, "valid_span": 23, "significant": true }, "geometry": { "type": "Point", "coordinates": [ 179.186599348402979, -8.464960211012739 ] } },
{ "type": "Feature", "properties": { "uid": "ryrrv7p0bp", "rate_time": 0.023, "sig_time": 0.866, "se_time": 0.136, "sce": 20.72, "nsm": -2.68, "valid_obs": 23, "valid_span": 25, "significant": false }, "geometry": { "type": "Point", "coordinates": [ 179.185639428229109, -8.464797423978245 ] } },
{ "type": "Feature", "properties": { "uid": "ryrrv7p9sc", "rate_time": 0.564, "sig_time": 0.001, "se_time": 0.143, "sce": 20.19, "nsm": null, "valid_obs": 20, "valid_span": 23, "significant": true }, "geometry": { "type": "Point", "coordinates": [ 179.186531672033482, -8.464697919468096 ] } },
{ "type": "Feature", "properties": { "uid": "ryrrv7nfmz", "rate_time": 0.074, "sig_time": 0.654, "se_time": 0.163, "sce": 22.96, "nsm": -2.89, "valid_obs": 23, "valid_span": 25, "significant": false }, "geometry": { "type": "Point", "coordinates": [ 179.185549474484077, -8.464541476773769 ] } },
{ "type": "Feature", "properties": { "uid": "ryrrv7pe4c", "rate_time": 0.182, "sig_time": 0.548, "se_time": 0.298, "sce": 38.79, "nsm": null, "valid_obs": 21, "valid_span": 23, "significant": false }, "geometry": { "type": "Point", "coordinates": [ 179.186443221410457, -8.464441454900156 ] } },
{ "type": "Feature", "properties": { "uid": "ryrrv7ngfg", "rate_time": 0.148, "sig_time": 0.305, "se_time": 0.14, "sce": 20.14, "nsm": -1.31, "valid_obs": 23, "valid_span": 25, "significant": false }, "geometry": { "type": "Point", "coordinates": [ 179.185415776944808, -8.464305235873352 ] } },
{ "type": "Feature", "properties": { "uid": "ryrrv7ps89", "rate_time": 0.579, "sig_time": 0.002, "se_time": 0.161, "sce": 20.76, "nsm": null, "valid_obs": 21, "valid_span": 23, "significant": true }, "geometry": { "type": "Point", "coordinates": [ 179.186355937731349, -8.464184625683698 ] } },
{ "type": "Feature", "properties": { "uid": "ryrrv7nv20", "rate_time": 0.182, "sig_time": 0.195, "se_time": 0.136, "sce": 17.98, "nsm": -0.41, "valid_obs": 23, "valid_span": 25, "significant": false }, "geometry": { "type": "Point", "coordinates": [ 179.185296826489378, -8.46406136400967 ] } },
{ "type": "Feature", "properties": { "uid": "ryrrv7pqnc", "rate_time": 0.446, "sig_time": 0.007, "se_time": 0.148, "sce": 16.53, "nsm": null, "valid_obs": 21, "valid_span": 23, "significant": true }, "geometry": { "type": "Point", "coordinates": [ 179.186273380902975, -8.463926226033372 ] } },
{ "type": "Feature", "properties": { "uid": "ryrrv7nwsu", "rate_time": 0.198, "sig_time": 0.081, "se_time": 0.108, "sce": 15.08, "nsm": 0.51, "valid_obs": 23, "valid_span": 25, "significant": false }, "geometry": { "type": "Point", "coordinates": [ 179.185165194628667, -8.463824163893802 ] } },
{ "type": "Feature", "properties": { "uid": "ryrrv7prs9", "rate_time": 0.239, "sig_time": 0.139, "se_time": 0.155, "sce": 14.16, "nsm": null, "valid_obs": 21, "valid_span": 23, "significant": false }, "geometry": { "type": "Point", "coordinates": [ 179.186182989654128, -8.463670442166853 ] } },
{ "type": "Feature", "properties": { "uid": "ryrrv7q84e", "rate_time": 0.157, "sig_time": 0.115, "se_time": 0.096, "sce": 13.98, "nsm": -0.58, "valid_obs": 23, "valid_span": 25, "significant": false }, "geometry": { "type": "Point", "coordinates": [ 179.185065544137046, -8.463573327525127 ] } },
{ "type": "Feature", "properties": { "uid": "ryrrv7q99h", "rate_time": 0.142, "sig_time": 0.184, "se_time": 0.103, "sce": 14.74, "nsm": -0.77, "valid_obs": 23, "valid_span": 25, "significant": false }, "geometry": { "type": "Point", "coordinates": [ 179.184996442396994, -8.463311187098599 ] } },
{ "type": "Feature", "properties": { "uid": "ryrrv7r682", "rate_time": 0.358, "sig_time": 0.04, "se_time": 0.163, "sce": 19.65, "nsm": 9.69, "valid_obs": 23, "valid_span": 25, "significant": true }, "geometry": { "type": "Point", "coordinates": [ 179.185999755359518, -8.463159733807105 ] } },
{ "type": "Feature", "properties": { "uid": "ryrrv7q7pm", "rate_time": 0.136, "sig_time": 0.182, "se_time": 0.098, "sce": 13.89, "nsm": -0.85, "valid_obs": 23, "valid_span": 25, "significant": false }, "geometry": { "type": "Point", "coordinates": [ 179.184922342204317, -8.463050532642001 ] } },
{ "type": "Feature", "properties": { "uid": "ryrrv7r5yp", "rate_time": 0.209, "sig_time": 0.119, "se_time": 0.128, "sce": 14.97, "nsm": 6.41, "valid_obs": 23, "valid_span": 25, "significant": false }, "geometry": { "type": "Point", "coordinates": [ 179.185898592721799, -8.462907996119167 ] } },
{ "type": "Feature", "properties": { "uid": "ryrrv6xe2v", "rate_time": 0.182, "sig_time": 0.207, "se_time": 0.139, "sce": 23.24, "nsm": 0.91, "valid_obs": 22, "valid_span": 25, "significant": false }, "geometry": { "type": "Point", "coordinates": [ 179.186366693946155, -8.467124307274416 ] } },
{ "type": "Feature", "properties": { "uid": "ryrrv6x9fv", "rate_time": 0.17, "sig_time": 0.259, "se_time": 0.147, "sce": 25.66, "nsm": 0.36, "valid_obs": 22, "valid_span": 25, "significant": false }, "geometry": { "type": "Point", "coordinates": [ 179.186453045871303, -8.46738146576611 ] } },
{ "type": "Feature", "properties": { "uid": "ryrrv6x8mq", "rate_time": 0.085, "sig_time": 0.592, "se_time": 0.157, "sce": 27.89, "nsm": -2.54, "valid_obs": 22, "valid_span": 25, "significant": false }, "geometry": { "type": "Point", "coordinates": [ 179.186553232707411, -8.467633290379165 ] } },
{ "type": "Feature", "properties": { "uid": "ryrrv6rxpb", "rate_time": 0.084, "sig_time": 0.603, "se_time": 0.159, "sce": 27.95, "nsm": -2.8, "valid_obs": 22, "valid_span": 25, "significant": false }, "geometry": { "type": "Point", "coordinates": [ 179.186665441438436, -8.467879893330117 ] } },
{ "type": "Feature", "properties": { "uid": "ryrrv7vfm0", "rate_time": 0.053, "sig_time": 0.617, "se_time": 0.104, "sce": 18.46, "nsm": 4.19, "valid_obs": 23, "valid_span": 25, "significant": false }, "geometry": { "type": "Point", "coordinates": [ 179.184141167957762, -8.460458802347306 ] } },
{ "type": "Feature", "properties": { "uid": "ryrrv7vgdq", "rate_time": 0.654, "sig_time": 0.021, "se_time": 0.262, "sce": 44.33, "nsm": 33.75, "valid_obs": 23, "valid_span": 25, "significant": true }, "geometry": { "type": "Point", "coordinates": [ 179.1840270674669, -8.460212605420748 ] } },
{ "type": "Feature", "properties": { "uid": "ryrrv7vv0w", "rate_time": 0.073, "sig_time": 0.536, "se_time": 0.115, "sce": 16.73, "nsm": null, "valid_obs": 21, "valid_span": 23, "significant": false }, "geometry": { "type": "Point", "coordinates": [ 179.183946787837328, -8.459953496029177 ] } },
{ "type": "Feature", "properties": { "uid": "ryrrv7vwww", "rate_time": 0.043, "sig_time": 0.752, "se_time": 0.134, "sce": 17.85, "nsm": null, "valid_obs": 21, "valid_span": 23, "significant": false }, "geometry": { "type": "Point", "coordinates": [ 179.183865151912272, -8.45969479814911 ] } },
{ "type": "Feature", "properties": { "uid": "ryrrvkj8hm", "rate_time": 0.216, "sig_time": 0.081, "se_time": 0.117, "sce": 15.34, "nsm": null, "valid_obs": 21, "valid_span": 23, "significant": false }, "geometry": { "type": "Point", "coordinates": [ 179.183761962149191, -8.459444029297018 ] } },
{ "type": "Feature", "properties": { "uid": "ryrrvkj9dt", "rate_time": 0.162, "sig_time": 0.09, "se_time": 0.091, "sce": 12.27, "nsm": null, "valid_obs": 21, "valid_span": 23, "significant": false }, "geometry": { "type": "Point", "coordinates": [ 179.183686011433366, -8.459183784607779 ] } },
{ "type": "Feature", "properties": { "uid": "ryrrvkje0m", "rate_time": -0.049, "sig_time": 0.658, "se_time": 0.11, "sce": 14.37, "nsm": null, "valid_obs": 21, "valid_span": 23, "significant": false }, "geometry": { "type": "Point", "coordinates": [ 179.183595599906852, -8.458928192087779 ] } },
{ "type": "Feature", "properties": { "uid": "ryrrvkjkt3", "rate_time": 0.045, "sig_time": 0.709, "se_time": 0.12, "sce": 14.6, "nsm": null, "valid_obs": 21, "valid_span": 23, "significant": false }, "geometry": { "type": "Point", "coordinates": [ 179.183464401653083, -8.458691864457711 ] } },
{ "type": "Feature", "properties": { "uid": "ryrrvkjmfm", "rate_time": -0.129, "sig_time": 0.355, "se_time": 0.136, "sce": 14.94, "nsm": null, "valid_obs": 21, "valid_span": 23, "significant": false }, "geometry": { "type": "Point", "coordinates": [ 179.183333141746971, -8.458454463501017 ] } },
{ "type": "Feature", "properties": { "uid": "ryrrvkjpre", "rate_time": -0.069, "sig_time": 0.631, "se_time": 0.141, "sce": 16.5, "nsm": null, "valid_obs": 21, "valid_span": 23, "significant": false }, "geometry": { "type": "Point", "coordinates": [ 179.183215938441322, -8.458209916247593 ] } },
{ "type": "Feature", "properties": { "uid": "ryrrvkm0v4", "rate_time": -0.011, "sig_time": 0.947, "se_time": 0.162, "sce": 18.01, "nsm": null, "valid_obs": 21, "valid_span": 23, "significant": false }, "geometry": { "type": "Point", "coordinates": [ 179.18311680222962, -8.457957389468621 ] } },
{ "type": "Feature", "properties": { "uid": "ryrrvkm44r", "rate_time": -0.043, "sig_time": 0.803, "se_time": 0.171, "sce": 17.76, "nsm": null, "valid_obs": 21, "valid_span": 23, "significant": false }, "geometry": { "type": "Point", "coordinates": [ 179.182998762736958, -8.457714258739303 ] } },
{ "type": "Feature", "properties": { "uid": "ryrrvkkgx4", "rate_time": 0.198, "sig_time": 0.147, "se_time": 0.131, "sce": 14.03, "nsm": null, "valid_obs": 21, "valid_span": 23, "significant": false }, "geometry": { "type": "Point", "coordinates": [ 179.182852286264222, -8.457485705336698 ] } },
{ "type": "Feature", "properties": { "uid": "ryrrvkkugv", "rate_time": 0.324, "sig_time": 0.049, "se_time": 0.154, "sce": 16.7, "nsm": null, "valid_obs": 21, "valid_span": 23, "significant": true }, "geometry": { "type": "Point", "coordinates": [ 179.182709849144487, -8.457254579422186 ] } },
{ "type": "Feature", "properties": { "uid": "ryrrvkky3k", "rate_time": 0.368, "sig_time": 0.003, "se_time": 0.108, "sce": 13.64, "nsm": null, "valid_obs": 21, "valid_span": 23, "significant": true }, "geometry": { "type": "Point", "coordinates": [ 179.182608778637359, -8.457003607332348 ] } },
{ "type": "Feature", "properties": { "uid": "ryrrvkkxzs", "rate_time": 0.724, "sig_time": 0.002, "se_time": 0.199, "sce": 35.96, "nsm": null, "valid_obs": 21, "valid_span": 23, "significant": true }, "geometry": { "type": "Point", "coordinates": [ 179.18253273750534, -8.456743310935359 ] } },
{ "type": "Feature", "properties": { "uid": "ryrrvks9k9", "rate_time": 1.202, "sig_time": 0.0, "se_time": 0.189, "sce": 38.36, "nsm": 30.68, "valid_obs": 23, "valid_span": 25, "significant": true }, "geometry": { "type": "Point", "coordinates": [ 179.182407469299619, -8.456504037082755 ] } },
{ "type": "Feature", "properties": { "uid": "ryrrvksd9k", "rate_time": 0.666, "sig_time": 0.0, "se_time": 0.112, "sce": 20.46, "nsm": 14.89, "valid_obs": 23, "valid_span": 25, "significant": true }, "geometry": { "type": "Point", "coordinates": [ 179.182267288972838, -8.456271572336755 ] } },
{ "type": "Feature", "properties": { "uid": "ryrrvks7yp", "rate_time": 0.57, "sig_time": 0.0, "se_time": 0.118, "sce": 17.68, "nsm": 13.17, "valid_obs": 23, "valid_span": 25, "significant": true }, "geometry": { "type": "Point", "coordinates": [ 179.182123143292699, -8.456041730205424 ] } },
{ "type": "Feature", "properties": { "uid": "ryrrvksm7t", "rate_time": 0.39, "sig_time": 0.001, "se_time": 0.099, "sce": 15.42, "nsm": 9.21, "valid_obs": 23, "valid_span": 25, "significant": true }, "geometry": { "type": "Point", "coordinates": [ 179.182015314299747, -8.45579274569333 ] } },
{ "type": "Feature", "properties": { "uid": "ryrrvksqbg", "rate_time": 0.262, "sig_time": 0.107, "se_time": 0.156, "sce": 24.2, "nsm": 9.39, "valid_obs": 23, "valid_span": 25, "significant": false }, "geometry": { "type": "Point", "coordinates": [ 179.181899728567203, -8.455548141234324 ] } },
{ "type": "Feature", "properties": { "uid": "ryrrvku0jz", "rate_time": 0.43, "sig_time": 0.002, "se_time": 0.12, "sce": 18.77, "nsm": 10.29, "valid_obs": 22, "valid_span": 25, "significant": true }, "geometry": { "type": "Point", "coordinates": [ 179.181765939965828, -8.45531226524642 ] } },
{ "type": "Feature", "properties": { "uid": "ryrrvku1ej", "rate_time": 0.422, "sig_time": 0.004, "se_time": 0.127, "sce": 18.69, "nsm": 9.62, "valid_obs": 22, "valid_span": 25, "significant": true }, "geometry": { "type": "Point", "coordinates": [ 179.181655014055536, -8.455064662509724 ] } },
{ "type": "Feature", "properties": { "uid": "ryrrvku504", "rate_time": 0.493, "sig_time": 0.001, "se_time": 0.128, "sce": 18.3, "nsm": 10.35, "valid_obs": 22, "valid_span": 25, "significant": true }, "geometry": { "type": "Point", "coordinates": [ 179.181525164208438, -8.454826433328837 ] } },
{ "type": "Feature", "properties": { "uid": "ryrrvkgut8", "rate_time": 0.452, "sig_time": 0.003, "se_time": 0.135, "sce": 19.31, "nsm": 10.19, "valid_obs": 22, "valid_span": 25, "significant": true }, "geometry": { "type": "Point", "coordinates": [ 179.181413075822718, -8.454579322533604 ] } },
{ "type": "Feature", "properties": { "uid": "ryrrvkgvf5", "rate_time": 0.569, "sig_time": 0.001, "se_time": 0.147, "sce": 22.08, "nsm": 11.65, "valid_obs": 22, "valid_span": 25, "significant": true }, "geometry": { "type": "Point", "coordinates": [ 179.181271605668144, -8.454348258501449 ] } },
{ "type": "Feature", "properties": { "uid": "ryrrvkjuyt", "rate_time": -0.081, "sig_time": 0.618, "se_time": 0.159, "sce": 8.48, "nsm": null, "valid_obs": 17, "valid_span": 17, "significant": false }, "geometry": { "type": "Point", "coordinates": [ 179.184208504221687, -8.458627568008692 ] } },
{ "type": "Feature", "properties": { "uid": "ryrrvkm9nt", "rate_time": 0.256, "sig_time": 0.03, "se_time": 0.108, "sce": 10.72, "nsm": null, "valid_obs": 19, "valid_span": 20, "significant": true }, "geometry": { "type": "Point", "coordinates": [ 179.183857785394395, -8.457896252006201 ] } },
{ "type": "Feature", "properties": { "uid": "ryrrvkmde3", "rate_time": 0.23, "sig_time": 0.039, "se_time": 0.103, "sce": 10.28, "nsm": null, "valid_obs": 19, "valid_span": 20, "significant": true }, "geometry": { "type": "Point", "coordinates": [ 179.183723951550007, -8.457660156541575 ] } },
{ "type": "Feature", "properties": { "uid": "ryrrvkmebw", "rate_time": 0.129, "sig_time": 0.309, "se_time": 0.123, "sce": 10.86, "nsm": null, "valid_obs": 19, "valid_span": 20, "significant": false }, "geometry": { "type": "Point", "coordinates": [ 179.183601211465515, -8.457418211467131 ] } },
{ "type": "Feature", "properties": { "uid": "ryrrvkmmmu", "rate_time": 0.033, "sig_time": 0.865, "se_time": 0.193, "sce": 17.07, "nsm": null, "valid_obs": 19, "valid_span": 20, "significant": false }, "geometry": { "type": "Point", "coordinates": [ 179.183482295944316, -8.457174537586289 ] } },
{ "type": "Feature", "properties": { "uid": "ryrrvkmqf8", "rate_time": 0.034, "sig_time": 0.84, "se_time": 0.165, "sce": 16.34, "nsm": null, "valid_obs": 19, "valid_span": 20, "significant": false }, "geometry": { "type": "Point", "coordinates": [ 179.183345524494797, -8.456940093492898 ] } },
{ "type": "Feature", "properties": { "uid": "ryrrvkt0pt", "rate_time": 1.036, "sig_time": 0.006, "se_time": 0.327, "sce": 36.13, "nsm": null, "valid_obs": 19, "valid_span": 20, "significant": true }, "geometry": { "type": "Point", "coordinates": [ 179.183222547361908, -8.45669814474655 ] } },
{ "type": "Feature", "properties": { "uid": "ryrrvkt1sf", "rate_time": 0.31, "sig_time": 0.042, "se_time": 0.14, "sce": 16.3, "nsm": null, "valid_obs": 18, "valid_span": 18, "significant": true }, "geometry": { "type": "Point", "coordinates": [ 179.183098020530764, -8.456457009650983 ] } },
{ "type": "Feature", "properties": { "uid": "ryrrvkt4fp", "rate_time": 0.366, "sig_time": 0.012, "se_time": 0.129, "sce": 16.02, "nsm": null, "valid_obs": 18, "valid_span": 18, "significant": true }, "geometry": { "type": "Point", "coordinates": [ 179.182981027350621, -8.456212158899991 ] } },
{ "type": "Feature", "properties": { "uid": "ryrrvksurm", "rate_time": -0.174, "sig_time": 0.302, "se_time": 0.163, "sce": 14.99, "nsm": null, "valid_obs": 18, "valid_span": 18, "significant": false }, "geometry": { "type": "Point", "coordinates": [ 179.182860907042794, -8.455968811540089 ] } },
{ "type": "Feature", "properties": { "uid": "ryrrvksvuu", "rate_time": 0.106, "sig_time": 0.411, "se_time": 0.126, "sce": 11.77, "nsm": null, "valid_obs": 18, "valid_span": 18, "significant": false }, "geometry": { "type": "Point", "coordinates": [ 179.18276121910236, -8.455717090699061 ] } },
{ "type": "Feature", "properties": { "uid": "ryrrvksz6g", "rate_time": 0.422, "sig_time": 0.06, "se_time": 0.209, "sce": 21.43, "nsm": null, "valid_obs": 18, "valid_span": 18, "significant": false }, "geometry": { "type": "Point", "coordinates": [ 179.182668369035184, -8.455462228241872 ] } },
{ "type": "Feature", "properties": { "uid": "ryrrvkubb6", "rate_time": 0.447, "sig_time": 0.174, "se_time": 0.316, "sce": 31.21, "nsm": null, "valid_obs": 19, "valid_span": 20, "significant": false }, "geometry": { "type": "Point", "coordinates": [ 179.182566940623445, -8.455210673993383 ] } },
{ "type": "Feature", "properties": { "uid": "ryrrvkudq6", "rate_time": 0.11, "sig_time": 0.166, "se_time": 0.076, "sce": 7.66, "nsm": null, "valid_obs": 18, "valid_span": 20, "significant": false }, "geometry": { "type": "Point", "coordinates": [ 179.18247454166675, -8.45495560424432 ] } },
{ "type": "Feature", "properties": { "uid": "ryrrvkuegb", "rate_time": 0.316, "sig_time": 0.051, "se_time": 0.149, "sce": 17.86, "nsm": null, "valid_obs": 18, "valid_span": 20, "significant": false }, "geometry": { "type": "Point", "coordinates": [ 179.182367256083381, -8.454707617101301 ] } },
{ "type": "Feature", "properties": { "uid": "ryrrvkut0s", "rate_time": 0.31, "sig_time": 0.07, "se_time": 0.16, "sce": 18.76, "nsm": null, "valid_obs": 18, "valid_span": 20, "significant": false }, "geometry": { "type": "Point", "coordinates": [ 179.182231745102627, -8.454472559541863 ] } },
{ "type": "Feature", "properties": { "uid": "ryrrvkuqtc", "rate_time": 0.454, "sig_time": 0.061, "se_time": 0.225, "sce": 27.8, "nsm": null, "valid_obs": 18, "valid_span": 20, "significant": false }, "geometry": { "type": "Point", "coordinates": [ 179.182110458794938, -8.454229767286311 ] } },
{ "type": "Feature", "properties": { "uid": "ryrrvkurfy", "rate_time": 0.232, "sig_time": 0.101, "se_time": 0.134, "sce": 14.33, "nsm": null, "valid_obs": 18, "valid_span": 20, "significant": false }, "geometry": { "type": "Point", "coordinates": [ 179.181989927443965, -8.453986601652172 ] } },
{ "type": "Feature", "properties": { "uid": "ryrrvmh325", "rate_time": 0.509, "sig_time": 0.11, "se_time": 0.301, "sce": 36.71, "nsm": null, "valid_obs": 18, "valid_span": 20, "significant": false }, "geometry": { "type": "Point", "coordinates": [ 179.181867466154813, -8.453744393870823 ] } },
{ "type": "Feature", "properties": { "uid": "ryrrvmh4v0", "rate_time": -0.001, "sig_time": 0.995, "se_time": 0.161, "sce": 12.64, "nsm": null, "valid_obs": 18, "valid_span": 20, "significant": false }, "geometry": { "type": "Point", "coordinates": [ 179.181736884493091, -8.453506454519964 ] } },
{ "type": "Feature", "properties": { "uid": "ryrrvmhh4m", "rate_time": 0.043, "sig_time": 0.905, "se_time": 0.351, "sce": 39.23, "nsm": null, "valid_obs": 19, "valid_span": 20, "significant": false }, "geometry": { "type": "Point", "coordinates": [ 179.181617550402933, -8.453262834006136 ] } },
{ "type": "Feature", "properties": { "uid": "ryrrvm5vxe", "rate_time": 0.848, "sig_time": 0.001, "se_time": 0.211, "sce": 20.99, "nsm": null, "valid_obs": 19, "valid_span": 20, "significant": true }, "geometry": { "type": "Point", "coordinates": [ 179.181504376683591, -8.453016200789556 ] } },
{ "type": "Feature", "properties": { "uid": "ryrrvmdqjk", "rate_time": 1.173, "sig_time": 0.0, "se_time": 0.261, "sce": 46.99, "nsm": null, "valid_obs": 21, "valid_span": 23, "significant": true }, "geometry": { "type": "Point", "coordinates": [ 179.179344563043912, -8.450176660091609 ] } },
{ "type": "Feature", "properties": { "uid": "ryrrvmdyt8", "rate_time": 2.963, "sig_time": 0.0, "se_time": 0.448, "sce": 78.94, "nsm": null, "valid_obs": 20, "valid_span": 23, "significant": true }, "geometry": { "type": "Point", "coordinates": [ 179.180041812524536, -8.450113606108287 ] } },
{ "type": "Feature", "properties": { "uid": "ryrrvmdrd6", "rate_time": 0.548, "sig_time": 0.001, "se_time": 0.147, "sce": 20.15, "nsm": null, "valid_obs": 21, "valid_span": 23, "significant": true }, "geometry": { "type": "Point", "coordinates": [ 179.179222210679399, -8.449934397746796 ] } },
{ "type": "Feature", "properties": { "uid": "ryrrvmdzfk", "rate_time": 2.027, "sig_time": 0.008, "se_time": 0.688, "sce": 76.05, "nsm": null, "valid_obs": 21, "valid_span": 23, "significant": true }, "geometry": { "type": "Point", "coordinates": [ 179.179908462143942, -8.449877189549371 ] } },
{ "type": "Feature", "properties": { "uid": "ryrrvmf0zh", "rate_time": 0.525, "sig_time": 0.006, "se_time": 0.168, "sce": 21.99, "nsm": null, "valid_obs": 21, "valid_span": 23, "significant": true }, "geometry": { "type": "Point", "coordinates": [ 179.179078344072565, -8.449704178020378 ] } },
{ "type": "Feature", "properties": { "uid": "ryrrvmf9rd", "rate_time": 2.357, "sig_time": 0.0, "se_time": 0.453, "sce": 62.95, "nsm": null, "valid_obs": 20, "valid_span": 23, "significant": true }, "geometry": { "type": "Point", "coordinates": [ 179.179787764165269, -8.449634166873608 ] } },
{ "type": "Feature", "properties": { "uid": "ryrrvmf4k1", "rate_time": 0.146, "sig_time": 0.371, "se_time": 0.159, "sce": 17.42, "nsm": null, "valid_obs": 21, "valid_span": 23, "significant": false }, "geometry": { "type": "Point", "coordinates": [ 179.178947244945334, -8.449466516376692 ] } },
{ "type": "Feature", "properties": { "uid": "ryrrvmfdv0", "rate_time": 1.902, "sig_time": 0.002, "se_time": 0.514, "sce": 67.42, "nsm": null, "valid_obs": 20, "valid_span": 23, "significant": true }, "geometry": { "type": "Point", "coordinates": [ 179.179681219134096, -8.449384676914262 ] } },
{ "type": "Feature", "properties": { "uid": "ryrrvmf583", "rate_time": -0.072, "sig_time": 0.617, "se_time": 0.142, "sce": 14.84, "nsm": null, "valid_obs": 21, "valid_span": 23, "significant": false }, "geometry": { "type": "Point", "coordinates": [ 179.178784375644483, -8.449250848253422 ] } },
{ "type": "Feature", "properties": { "uid": "ryrrvmfs1g", "rate_time": 1.312, "sig_time": 0.003, "se_time": 0.388, "sce": 50.95, "nsm": null, "valid_obs": 20, "valid_span": 23, "significant": true }, "geometry": { "type": "Point", "coordinates": [ 179.179541904138006, -8.449151704804571 ] } },
{ "type": "Feature", "properties": { "uid": "ryrrvmcusp", "rate_time": -0.176, "sig_time": 0.196, "se_time": 0.132, "sce": 15.68, "nsm": null, "valid_obs": 21, "valid_span": 23, "significant": false }, "geometry": { "type": "Point", "coordinates": [ 179.178604219528637, -8.449047797359063 ] } },
{ "type": "Feature", "properties": { "uid": "ryrrvmfmx1", "rate_time": 0.692, "sig_time": 0.001, "se_time": 0.174, "sce": 24.02, "nsm": null, "valid_obs": 20, "valid_span": 23, "significant": true }, "geometry": { "type": "Point", "coordinates": [ 179.179419912450271, -8.448909363429046 ] } },
{ "type": "Feature", "properties": { "uid": "ryrrvmctzv", "rate_time": 0.773, "sig_time": 0.002, "se_time": 0.219, "sce": 40.05, "nsm": 32.1, "valid_obs": 23, "valid_span": 25, "significant": true }, "geometry": { "type": "Point", "coordinates": [ 179.178427143806402, -8.448842118263622 ] } },
{ "type": "Feature", "properties": { "uid": "ryrrvmfquq", "rate_time": 0.461, "sig_time": 0.008, "se_time": 0.156, "sce": 24.53, "nsm": 16.43, "valid_obs": 22, "valid_span": 25, "significant": true }, "geometry": { "type": "Point", "coordinates": [ 179.179300107724089, -8.44866592064178 ] } },
{ "type": "Feature", "properties": { "uid": "ryrrvmcxhn", "rate_time": 0.244, "sig_time": 0.098, "se_time": 0.141, "sce": 24.14, "nsm": 5.64, "valid_obs": 23, "valid_span": 25, "significant": false }, "geometry": { "type": "Point", "coordinates": [ 179.178265538602062, -8.44862384971284 ] } },
{ "type": "Feature", "properties": { "uid": "ryrrvq4237", "rate_time": 0.26, "sig_time": 0.042, "se_time": 0.12, "sce": 18.87, "nsm": 8.7, "valid_obs": 22, "valid_span": 25, "significant": true }, "geometry": { "type": "Point", "coordinates": [ 179.179175524580529, -8.448424890954412 ] } },
{ "type": "Feature", "properties": { "uid": "ryrrvq188c", "rate_time": 0.203, "sig_time": 0.142, "se_time": 0.133, "sce": 22.66, "nsm": -0.38, "valid_obs": 22, "valid_span": 25, "significant": false }, "geometry": { "type": "Point", "coordinates": [ 179.178124648664465, -8.448392062749972 ] } },
{ "type": "Feature", "properties": { "uid": "ryrrvq41wn", "rate_time": 0.257, "sig_time": 0.037, "se_time": 0.116, "sce": 18.43, "nsm": 9.09, "valid_obs": 22, "valid_span": 25, "significant": true }, "geometry": { "type": "Point", "coordinates": [ 179.179030461304563, -8.448196179983402 ] } },
{ "type": "Feature", "properties": { "uid": "ryrrvq13vt", "rate_time": 0.071, "sig_time": 0.515, "se_time": 0.107, "sce": 16.26, "nsm": -3.49, "valid_obs": 22, "valid_span": 25, "significant": false }, "geometry": { "type": "Point", "coordinates": [ 179.177985603316472, -8.448158915546669 ] } },
{ "type": "Feature", "properties": { "uid": "ryrrvq44fr", "rate_time": 0.247, "sig_time": 0.063, "se_time": 0.125, "sce": 17.61, "nsm": 8.39, "valid_obs": 22, "valid_span": 25, "significant": false }, "geometry": { "type": "Point", "coordinates": [ 179.178874287400276, -8.447974031880307 ] } },
{ "type": "Feature", "properties": { "uid": "ryrrvq176f", "rate_time": -0.225, "sig_time": 0.188, "se_time": 0.165, "sce": 20.32, "nsm": -13.88, "valid_obs": 22, "valid_span": 25, "significant": false }, "geometry": { "type": "Point", "coordinates": [ 179.177862068757435, -8.447917666985028 ] } },
{ "type": "Feature", "properties": { "uid": "ryrrvq1uqc", "rate_time": 0.218, "sig_time": 0.232, "se_time": 0.177, "sce": 21.69, "nsm": 7.35, "valid_obs": 22, "valid_span": 25, "significant": false }, "geometry": { "type": "Point", "coordinates": [ 179.178720493405422, -8.447750303129462 ] } },
{ "type": "Feature", "properties": { "uid": "ryrrvq1kb9", "rate_time": 0.874, "sig_time": 0.032, "se_time": 0.38, "sce": 57.23, "nsm": 43.32, "valid_obs": 22, "valid_span": 25, "significant": true }, "geometry": { "type": "Point", "coordinates": [ 179.177771875943108, -8.447663124364091 ] } },
{ "type": "Feature", "properties": { "uid": "ryrrvq1ves", "rate_time": 0.435, "sig_time": 0.119, "se_time": 0.267, "sce": 31.95, "nsm": 8.34, "valid_obs": 22, "valid_span": 25, "significant": false }, "geometry": { "type": "Point", "coordinates": [ 179.178582897074335, -8.447516289238003 ] } },
{ "type": "Feature", "properties": { "uid": "ryrrvq1q2b", "rate_time": 0.431, "sig_time": 0.364, "se_time": 0.462, "sce": 54.5, "nsm": null, "valid_obs": 20, "valid_span": 23, "significant": false }, "geometry": { "type": "Point", "coordinates": [ 179.177783787181937, -8.447408123855784 ] } },
{ "type": "Feature", "properties": { "uid": "ryrrvq1wz6", "rate_time": 0.5, "sig_time": 0.17, "se_time": 0.352, "sce": 41.02, "nsm": 6.96, "valid_obs": 22, "valid_span": 25, "significant": false }, "geometry": { "type": "Point", "coordinates": [ 179.178402627787506, -8.447313895613824 ] } },
{ "type": "Feature", "properties": { "uid": "ryrrvq1rs6", "rate_time": 0.886, "sig_time": 0.106, "se_time": 0.523, "sce": 75.18, "nsm": 37.5, "valid_obs": 22, "valid_span": 25, "significant": false }, "geometry": { "type": "Point", "coordinates": [ 179.177932578473133, -8.447186495609994 ] } },
{ "type": "Feature", "properties": { "uid": "ryrrvq1xdm", "rate_time": 0.789, "sig_time": 0.09, "se_time": 0.442, "sce": 54.78, "nsm": 12.77, "valid_obs": 22, "valid_span": 25, "significant": false }, "geometry": { "type": "Point", "coordinates": [ 179.178185995062933, -8.447168418759505 ] } },
{ "type": "Feature", "properties": { "uid": "ryrrv7qktt", "rate_time": 0.076, "sig_time": 0.349, "se_time": 0.08, "sce": 11.23, "nsm": -0.02, "valid_obs": 23, "valid_span": 25, "significant": false }, "geometry": { "type": "Point", "coordinates": [ 179.184849891885392, -8.462789346971913 ] } },
{ "type": "Feature", "properties": { "uid": "ryrrv7rjkp", "rate_time": 0.209, "sig_time": 0.097, "se_time": 0.12, "sce": 17.11, "nsm": 6.23, "valid_obs": 23, "valid_span": 25, "significant": false }, "geometry": { "type": "Point", "coordinates": [ 179.185815113819046, -8.462649881873377 ] } },
{ "type": "Feature", "properties": { "uid": "ryrrv7qqhn", "rate_time": 0.087, "sig_time": 0.307, "se_time": 0.083, "sce": 11.12, "nsm": 0.27, "valid_obs": 23, "valid_span": 25, "significant": false }, "geometry": { "type": "Point", "coordinates": [ 179.18478396848684, -8.462526266880955 ] } },
{ "type": "Feature", "properties": { "uid": "ryrrv7rp49", "rate_time": 0.241, "sig_time": 0.077, "se_time": 0.13, "sce": 16.93, "nsm": 8.19, "valid_obs": 23, "valid_span": 25, "significant": false }, "geometry": { "type": "Point", "coordinates": [ 179.185755752149703, -8.462385272465069 ] } },
{ "type": "Feature", "properties": { "uid": "ryrrv7qrdp", "rate_time": 0.117, "sig_time": 0.256, "se_time": 0.1, "sce": 13.74, "nsm": -0.18, "valid_obs": 23, "valid_span": 25, "significant": false }, "geometry": { "type": "Point", "coordinates": [ 179.184703766106253, -8.462267441927246 ] } },
{ "type": "Feature", "properties": { "uid": "ryrrv7x08c", "rate_time": 0.547, "sig_time": 0.008, "se_time": 0.186, "sce": 28.65, "nsm": 27.21, "valid_obs": 23, "valid_span": 25, "significant": true }, "geometry": { "type": "Point", "coordinates": [ 179.185677619268773, -8.462125563158889 ] } },
{ "type": "Feature", "properties": { "uid": "ryrrv7w1py", "rate_time": 0.151, "sig_time": 0.185, "se_time": 0.11, "sce": 15.07, "nsm": -0.2, "valid_obs": 23, "valid_span": 25, "significant": false }, "geometry": { "type": "Point", "coordinates": [ 179.184607314577249, -8.46201390849818 ] } },
{ "type": "Feature", "properties": { "uid": "ryrrv7wfn8", "rate_time": 0.214, "sig_time": 0.21, "se_time": 0.165, "sce": 15.94, "nsm": null, "valid_obs": 21, "valid_span": 23, "significant": false }, "geometry": { "type": "Point", "coordinates": [ 179.185574918772517, -8.461874508783941 ] } },
{ "type": "Feature", "properties": { "uid": "ryrrv7w4wn", "rate_time": 0.122, "sig_time": 0.208, "se_time": 0.094, "sce": 13.98, "nsm": 0.49, "valid_obs": 23, "valid_span": 25, "significant": false }, "geometry": { "type": "Point", "coordinates": [ 179.184530264818676, -8.461754215127483 ] } },
{ "type": "Feature", "properties": { "uid": "ryrrv7whkb", "rate_time": 0.139, "sig_time": 0.159, "se_time": 0.096, "sce": 15.53, "nsm": 0.26, "valid_obs": 23, "valid_span": 25, "significant": false }, "geometry": { "type": "Point", "coordinates": [ 179.184475896414483, -8.461488521926436 ] } },
{ "type": "Feature", "properties": { "uid": "ryrrv7wuch", "rate_time": 0.066, "sig_time": 0.769, "se_time": 0.222, "sce": 19.72, "nsm": null, "valid_obs": 18, "valid_span": 20, "significant": false }, "geometry": { "type": "Point", "coordinates": [ 179.18534749294227, -8.461381765206747 ] } },
{ "type": "Feature", "properties": { "uid": "ryrrv7wjg3", "rate_time": 0.133, "sig_time": 0.258, "se_time": 0.114, "sce": 17.73, "nsm": -0.69, "valid_obs": 23, "valid_span": 25, "significant": false }, "geometry": { "type": "Point", "coordinates": [ 179.184413404456961, -8.461225456787359 ] } },
{ "type": "Feature", "properties": { "uid": "ryrrv7wwr5", "rate_time": 0.615, "sig_time": 0.015, "se_time": 0.23, "sce": 30.79, "nsm": null, "valid_obs": 20, "valid_span": 23, "significant": true }, "geometry": { "type": "Point", "coordinates": [ 179.185254656830551, -8.461127513215933 ] } },
{ "type": "Feature", "properties": { "uid": "ryrrv7wp30", "rate_time": 0.195, "sig_time": 0.106, "se_time": 0.115, "sce": 19.25, "nsm": 1.89, "valid_obs": 23, "valid_span": 25, "significant": false }, "geometry": { "type": "Point", "coordinates": [ 179.184317655226266, -8.460971611284521 ] } },
{ "type": "Feature", "properties": { "uid": "ryrrv7wxv5", "rate_time": 0.355, "sig_time": 0.063, "se_time": 0.179, "sce": 18.19, "nsm": null, "valid_obs": 20, "valid_span": 23, "significant": false }, "geometry": { "type": "Point", "coordinates": [ 179.185169829475626, -8.460869882630838 ] } },
{ "type": "Feature", "properties": { "uid": "ryrrv7vbz0", "rate_time": 0.169, "sig_time": 0.056, "se_time": 0.083, "sce": 15.42, "nsm": 2.48, "valid_obs": 23, "valid_span": 25, "significant": false }, "geometry": { "type": "Point", "coordinates": [ 179.184226839263573, -8.460715988857995 ] } },
{ "type": "Feature", "properties": { "uid": "ryrrv7y96d", "rate_time": 0.314, "sig_time": 0.057, "se_time": 0.154, "sce": 13.85, "nsm": null, "valid_obs": 20, "valid_span": 23, "significant": false }, "geometry": { "type": "Point", "coordinates": [ 179.185063744007437, -8.460620493739514 ] } },
{ "type": "Feature", "properties": { "uid": "ryrrv7ydb0", "rate_time": 0.405, "sig_time": 0.021, "se_time": 0.159, "sce": 17.53, "nsm": null, "valid_obs": 20, "valid_span": 23, "significant": true }, "geometry": { "type": "Point", "coordinates": [ 179.18495243427509, -8.460373149286342 ] } },
{ "type": "Feature", "properties": { "uid": "ryrrv7ykjw", "rate_time": 0.332, "sig_time": 0.045, "se_time": 0.154, "sce": 18.95, "nsm": null, "valid_obs": 20, "valid_span": 23, "significant": true }, "geometry": { "type": "Point", "coordinates": [ 179.184850216340749, -8.460121809094879 ] } },
{ "type": "Feature", "properties": { "uid": "ryrrv7ymem", "rate_time": 0.258, "sig_time": 0.064, "se_time": 0.13, "sce": 14.98, "nsm": null, "valid_obs": 20, "valid_span": 23, "significant": false }, "geometry": { "type": "Point", "coordinates": [ 179.184748808259116, -8.459870141169173 ] } },
{ "type": "Feature", "properties": { "uid": "ryrrv7yr0u", "rate_time": 0.294, "sig_time": 0.056, "se_time": 0.144, "sce": 17.42, "nsm": null, "valid_obs": 20, "valid_span": 23, "significant": false }, "geometry": { "type": "Point", "coordinates": [ 179.184640770001806, -8.459621600395682 ] } },
{ "type": "Feature", "properties": { "uid": "ryrrvkn0t8", "rate_time": 0.095, "sig_time": 0.561, "se_time": 0.161, "sce": 16.41, "nsm": null, "valid_obs": 20, "valid_span": 23, "significant": false }, "geometry": { "type": "Point", "coordinates": [ 179.184511715926476, -8.45938290742877 ] } },
{ "type": "Feature", "properties": { "uid": "ryrrv968s8", "rate_time": 0.057, "sig_time": 0.557, "se_time": 0.095, "sce": 12.49, "nsm": 0.42, "valid_obs": 21, "valid_span": 25, "significant": false }, "geometry": { "type": "Point", "coordinates": [ 179.19064278665229, -8.474492662411055 ] } },
{ "type": "Feature", "properties": { "uid": "ryrrv96d53", "rate_time": -0.226, "sig_time": 0.18, "se_time": 0.162, "sce": 25.38, "nsm": 0.31, "valid_obs": 21, "valid_span": 25, "significant": false }, "geometry": { "type": "Point", "coordinates": [ 179.190589817325076, -8.474226701575125 ] } },
{ "type": "Feature", "properties": { "uid": "ryrrv974cz", "rate_time": 0.813, "sig_time": 0.0, "se_time": 0.156, "sce": 24.32, "nsm": 17.55, "valid_obs": 20, "valid_span": 25, "significant": true }, "geometry": { "type": "Point", "coordinates": [ 179.191207764750146, -8.474065836779712 ] } },
{ "type": "Feature", "properties": { "uid": "ryrrv96e9f", "rate_time": -0.047, "sig_time": 0.666, "se_time": 0.108, "sce": 15.27, "nsm": -0.21, "valid_obs": 21, "valid_span": 25, "significant": false }, "geometry": { "type": "Point", "coordinates": [ 179.190523870001897, -8.473963897440157 ] } },
{ "type": "Feature", "properties": { "uid": "ryrrv96urj", "rate_time": 0.523, "sig_time": 0.001, "se_time": 0.126, "sce": 17.93, "nsm": 11.96, "valid_obs": 20, "valid_span": 25, "significant": true }, "geometry": { "type": "Point", "coordinates": [ 179.19109608625439, -8.473819183383723 ] } },
{ "type": "Feature", "properties": { "uid": "ryrrv96mp9", "rate_time": 0.1, "sig_time": 0.783, "se_time": 0.357, "sce": 63.7, "nsm": -0.33, "valid_obs": 22, "valid_span": 25, "significant": false }, "geometry": { "type": "Point", "coordinates": [ 179.190428498278891, -8.473709988501458 ] } },
{ "type": "Feature", "properties": { "uid": "ryrrv96vus", "rate_time": 0.493, "sig_time": 0.132, "se_time": 0.313, "sce": 50.29, "nsm": 14.68, "valid_obs": 21, "valid_span": 25, "significant": false }, "geometry": { "type": "Point", "coordinates": [ 179.190990331206109, -8.473569317254194 ] } },
{ "type": "Feature", "properties": { "uid": "ryrrv96qt3", "rate_time": 0.007, "sig_time": 0.966, "se_time": 0.169, "sce": 25.38, "nsm": 0.68, "valid_obs": 21, "valid_span": 25, "significant": false }, "geometry": { "type": "Point", "coordinates": [ 179.190336379573495, -8.473455186224729 ] } },
{ "type": "Feature", "properties": { "uid": "ryrrv96z3c", "rate_time": 0.502, "sig_time": 0.002, "se_time": 0.141, "sce": 20.81, "nsm": 14.6, "valid_obs": 21, "valid_span": 25, "significant": true }, "geometry": { "type": "Point", "coordinates": [ 179.190866231875106, -8.473328455325573 ] } },
{ "type": "Feature", "properties": { "uid": "ryrrv9d253", "rate_time": -0.094, "sig_time": 0.63, "se_time": 0.192, "sce": 33.71, "nsm": -1.14, "valid_obs": 22, "valid_span": 25, "significant": false }, "geometry": { "type": "Point", "coordinates": [ 179.19024561256029, -8.473199522268304 ] } },
{ "type": "Feature", "properties": { "uid": "ryrrv9d8wt", "rate_time": 0.283, "sig_time": 0.361, "se_time": 0.303, "sce": 50.21, "nsm": 12.3, "valid_obs": 22, "valid_span": 25, "significant": false }, "geometry": { "type": "Point", "coordinates": [ 179.190733299103215, -8.473091836851815 ] } },
{ "type": "Feature", "properties": { "uid": "ryrrv9d32m", "rate_time": 0.156, "sig_time": 0.438, "se_time": 0.197, "sce": 28.98, "nsm": 0.54, "valid_obs": 22, "valid_span": 25, "significant": false }, "geometry": { "type": "Point", "coordinates": [ 179.190120203231146, -8.472958912627528 ] } },
{ "type": "Feature", "properties": { "uid": "ryrrv9dd52", "rate_time": 0.493, "sig_time": 0.001, "se_time": 0.124, "sce": 18.03, "nsm": 12.28, "valid_obs": 22, "valid_span": 25, "significant": true }, "geometry": { "type": "Point", "coordinates": [ 179.190591026311779, -8.472861288390623 ] } },
{ "type": "Feature", "properties": { "uid": "ryrrv9d4yw", "rate_time": 0.645, "sig_time": 0.141, "se_time": 0.422, "sce": 77.53, "nsm": 2.21, "valid_obs": 23, "valid_span": 25, "significant": false }, "geometry": { "type": "Point", "coordinates": [ 179.190039732248181, -8.472700169597125 ] } },
{ "type": "Feature", "properties": { "uid": "ryrrv9dke8", "rate_time": 2.083, "sig_time": 0.0, "se_time": 0.358, "sce": 83.54, "nsm": 33.89, "valid_obs": 23, "valid_span": 25, "significant": true }, "geometry": { "type": "Point", "coordinates": [ 179.190261654716011, -8.47242971118833 ] } },
{ "type": "Feature", "properties": { "uid": "ryrrv8ehwc", "rate_time": -0.243, "sig_time": 0.073, "se_time": 0.128, "sce": 20.41, "nsm": -7.68, "valid_obs": 21, "valid_span": 25, "significant": false }, "geometry": { "type": "Point", "coordinates": [ 179.191422721450664, -8.47791870694115 ] } },
{ "type": "Feature", "properties": { "uid": "ryrrv8sh85", "rate_time": 0.634, "sig_time": 0.015, "se_time": 0.236, "sce": 43.45, "nsm": 5.83, "valid_obs": 21, "valid_span": 25, "significant": true }, "geometry": { "type": "Point", "coordinates": [ 179.192513919856623, -8.477906792366891 ] } },
{ "type": "Feature", "properties": { "uid": "ryrrv8enj6", "rate_time": -0.315, "sig_time": 0.018, "se_time": 0.122, "sce": 18.57, "nsm": -9.25, "valid_obs": 21, "valid_span": 25, "significant": true }, "geometry": { "type": "Point", "coordinates": [ 179.191360899901525, -8.477654759968752 ] } },
{ "type": "Feature", "properties": { "uid": "ryrrv8eyns", "rate_time": 0.543, "sig_time": 0.001, "se_time": 0.132, "sce": 20.77, "nsm": 7.24, "valid_obs": 21, "valid_span": 25, "significant": true }, "geometry": { "type": "Point", "coordinates": [ 179.192445793830473, -8.477644323301952 ] } },
{ "type": "Feature", "properties": { "uid": "ryrrv8epe6", "rate_time": -0.261, "sig_time": 0.051, "se_time": 0.126, "sce": 16.69, "nsm": -7.17, "valid_obs": 21, "valid_span": 25, "significant": false }, "geometry": { "type": "Point", "coordinates": [ 179.191279787099489, -8.477396170512788 ] } },
{ "type": "Feature", "properties": { "uid": "ryrrv8eztm", "rate_time": 0.622, "sig_time": 0.0, "se_time": 0.134, "sce": 19.2, "nsm": 10.11, "valid_obs": 21, "valid_span": 25, "significant": true }, "geometry": { "type": "Point", "coordinates": [ 179.192387348164033, -8.477379506007344 ] } },
{ "type": "Feature", "properties": { "uid": "ryrrv8g11g", "rate_time": -0.133, "sig_time": 0.238, "se_time": 0.11, "sce": 13.85, "nsm": -3.25, "valid_obs": 21, "valid_span": 25, "significant": false }, "geometry": { "type": "Point", "coordinates": [ 179.19120978455021, -8.477135117232615 ] } },
{ "type": "Feature", "properties": { "uid": "ryrrv8gc5w", "rate_time": 0.82, "sig_time": 0.003, "se_time": 0.242, "sce": 45.55, "nsm": 10.4, "valid_obs": 21, "valid_span": 25, "significant": true }, "geometry": { "type": "Point", "coordinates": [ 179.192316311846042, -8.4771182621267 ] } },
{ "type": "Feature", "properties": { "uid": "ryrrv8g49j", "rate_time": -0.101, "sig_time": 0.274, "se_time": 0.09, "sce": 10.88, "nsm": -2.11, "valid_obs": 21, "valid_span": 25, "significant": false }, "geometry": { "type": "Point", "coordinates": [ 179.191177185565834, -8.476866329176366 ] } },
{ "type": "Feature", "properties": { "uid": "ryrrv8gf9w", "rate_time": 0.603, "sig_time": 0.0, "se_time": 0.13, "sce": 25.33, "nsm": 10.95, "valid_obs": 21, "valid_span": 25, "significant": true }, "geometry": { "type": "Point", "coordinates": [ 179.192229304917134, -8.476861366967301 ] } },
{ "type": "Feature", "properties": { "uid": "ryrrv8gspz", "rate_time": 0.615, "sig_time": 0.0, "se_time": 0.13, "sce": 22.31, "nsm": 15.03, "valid_obs": 21, "valid_span": 25, "significant": true }, "geometry": { "type": "Point", "coordinates": [ 179.192156123106543, -8.476600362522994 ] } },
{ "type": "Feature", "properties": { "uid": "ryrrv8gh0x", "rate_time": -0.077, "sig_time": 0.424, "se_time": 0.094, "sce": 10.48, "nsm": -2.53, "valid_obs": 21, "valid_span": 25, "significant": false }, "geometry": { "type": "Point", "coordinates": [ 179.19115715916405, -8.476595952145843 ] } },
{ "type": "Feature", "properties": { "uid": "ryrrv8gty2", "rate_time": 0.85, "sig_time": 0.0, "se_time": 0.203, "sce": 41.99, "nsm": 14.44, "valid_obs": 21, "valid_span": 25, "significant": true }, "geometry": { "type": "Point", "coordinates": [ 179.192089558118454, -8.476337505712051 ] } },
{ "type": "Feature", "properties": { "uid": "ryrrv8fvz9", "rate_time": -0.047, "sig_time": 0.648, "se_time": 0.101, "sce": 12.38, "nsm": -2.48, "valid_obs": 21, "valid_span": 25, "significant": false }, "geometry": { "type": "Point", "coordinates": [ 179.191119029138122, -8.476327815514916 ] } },
{ "type": "Feature", "properties": { "uid": "ryrrv8gxk2", "rate_time": 0.812, "sig_time": 0.002, "se_time": 0.227, "sce": 46.0, "nsm": 9.58, "valid_obs": 21, "valid_span": 25, "significant": true }, "geometry": { "type": "Point", "coordinates": [ 179.192006614696368, -8.476079444618435 ] } },
{ "type": "Feature", "properties": { "uid": "ryrrv8fzq7", "rate_time": -0.026, "sig_time": 0.833, "se_time": 0.122, "sce": 15.33, "nsm": -2.0, "valid_obs": 21, "valid_span": 25, "significant": false }, "geometry": { "type": "Point", "coordinates": [ 179.191059406218272, -8.476063316815196 ] } },
{ "type": "Feature", "properties": { "uid": "ryrrv958dp", "rate_time": 0.489, "sig_time": 0.0, "se_time": 0.085, "sce": 15.15, "nsm": 5.63, "valid_obs": 21, "valid_span": 25, "significant": true }, "geometry": { "type": "Point", "coordinates": [ 179.191911025239591, -8.475825542005326 ] } },
{ "type": "Feature", "properties": { "uid": "ryrrv94bue", "rate_time": 0.029, "sig_time": 0.843, "se_time": 0.143, "sce": 17.31, "nsm": -0.7, "valid_obs": 21, "valid_span": 25, "significant": false }, "geometry": { "type": "Point", "coordinates": [ 179.190983471279537, -8.475803135424693 ] } },
{ "type": "Feature", "properties": { "uid": "ryrrv95d0p", "rate_time": 0.31, "sig_time": 0.101, "se_time": 0.18, "sce": 26.87, "nsm": 7.25, "valid_obs": 21, "valid_span": 25, "significant": false }, "geometry": { "type": "Point", "coordinates": [ 179.191818306576721, -8.475570583428615 ] } },
{ "type": "Feature", "properties": { "uid": "ryrrv94f6u", "rate_time": 0.086, "sig_time": 0.503, "se_time": 0.126, "sce": 16.68, "nsm": 1.32, "valid_obs": 21, "valid_span": 25, "significant": false }, "geometry": { "type": "Point", "coordinates": [ 179.190909621297038, -8.475542449126696 ] } },
{ "type": "Feature", "properties": { "uid": "ryrrv957ty", "rate_time": 0.488, "sig_time": 0.0, "se_time": 0.104, "sce": 13.75, "nsm": 9.03, "valid_obs": 20, "valid_span": 25, "significant": true }, "geometry": { "type": "Point", "coordinates": [ 179.191723760251506, -8.475316303482867 ] } },
{ "type": "Feature", "properties": { "uid": "ryrrv94gct", "rate_time": 0.177, "sig_time": 0.061, "se_time": 0.089, "sce": 12.57, "nsm": 1.83, "valid_obs": 21, "valid_span": 25, "significant": false }, "geometry": { "type": "Point", "coordinates": [ 179.190853760594138, -8.475277073005135 ] } },
{ "type": "Feature", "properties": { "uid": "ryrrv95m5y", "rate_time": 0.461, "sig_time": 0.0, "se_time": 0.098, "sce": 14.11, "nsm": 8.25, "valid_obs": 20, "valid_span": 25, "significant": true }, "geometry": { "type": "Point", "coordinates": [ 179.191637336587405, -8.475059167445654 ] } },
{ "type": "Feature", "properties": { "uid": "ryrrv94v2p", "rate_time": 0.099, "sig_time": 0.333, "se_time": 0.1, "sce": 14.15, "nsm": -1.27, "valid_obs": 21, "valid_span": 25, "significant": false }, "geometry": { "type": "Point", "coordinates": [ 179.190797917068039, -8.475011804826904 ] } },
{ "type": "Feature", "properties": { "uid": "ryrrv94wyr", "rate_time": 0.089, "sig_time": 0.425, "se_time": 0.109, "sce": 14.96, "nsm": -0.99, "valid_obs": 21, "valid_span": 25, "significant": false }, "geometry": { "type": "Point", "coordinates": [ 179.190723124055438, -8.474751274550067 ] } },
{ "type": "Feature", "properties": { "uid": "ryrr4fer6u", "rate_time": -1.113, "sig_time": 0.0, "se_time": 0.236, "sce": 37.03, "nsm": -25.94, "valid_obs": 21, "valid_span": 25, "significant": true }, "geometry": { "type": "Point", "coordinates": [ 179.070750324063425, -8.598281387148102 ] } },
{ "type": "Feature", "properties": { "uid": "ryrr4fg6pz", "rate_time": -0.292, "sig_time": 0.341, "se_time": 0.297, "sce": 30.37, "nsm": null, "valid_obs": 17, "valid_span": 20, "significant": false }, "geometry": { "type": "Point", "coordinates": [ 179.070967912393314, -8.59779315133123 ] } },
{ "type": "Feature", "properties": { "uid": "ryrr4fg7wr", "rate_time": 0.896, "sig_time": 0.136, "se_time": 0.57, "sce": 71.21, "nsm": null, "valid_obs": 18, "valid_span": 21, "significant": false }, "geometry": { "type": "Point", "coordinates": [ 179.070896818086965, -8.597534040989215 ] } },
{ "type": "Feature", "properties": { "uid": "ryrr4fgk9q", "rate_time": 0.364, "sig_time": 0.546, "se_time": 0.591, "sce": 64.41, "nsm": null, "valid_obs": 19, "valid_span": 21, "significant": false }, "geometry": { "type": "Point", "coordinates": [ 179.070685706025017, -8.597370197586685 ] } },
{ "type": "Feature", "properties": { "uid": "ryrr4ffuj0", "rate_time": -0.406, "sig_time": 0.117, "se_time": 0.248, "sce": 39.01, "nsm": -24.52, "valid_obs": 22, "valid_span": 25, "significant": false }, "geometry": { "type": "Point", "coordinates": [ 179.070158018305108, -8.597486519664578 ] } },
{ "type": "Feature", "properties": { "uid": "ryrr4ffewy", "rate_time": 0.202, "sig_time": 0.28, "se_time": 0.182, "sce": 23.32, "nsm": 0.76, "valid_obs": 22, "valid_span": 25, "significant": false }, "geometry": { "type": "Point", "coordinates": [ 179.069891486089091, -8.597540958571456 ] } },
{ "type": "Feature", "properties": { "uid": "ryrr4ffdck", "rate_time": 0.005, "sig_time": 0.979, "se_time": 0.174, "sce": 22.6, "nsm": -0.33, "valid_obs": 22, "valid_span": 25, "significant": false }, "geometry": { "type": "Point", "coordinates": [ 179.069657965929849, -8.597677584947785 ] } },
{ "type": "Feature", "properties": { "uid": "ryrr4ff3xk", "rate_time": -0.279, "sig_time": 0.351, "se_time": 0.292, "sce": 41.73, "nsm": -11.79, "valid_obs": 22, "valid_span": 25, "significant": false }, "geometry": { "type": "Point", "coordinates": [ 179.069571664528638, -8.59789449740698 ] } },
{ "type": "Feature", "properties": { "uid": "ryrr4ff863", "rate_time": -0.719, "sig_time": 0.073, "se_time": 0.38, "sce": 61.44, "nsm": -19.65, "valid_obs": 22, "valid_span": 25, "significant": false }, "geometry": { "type": "Point", "coordinates": [ 179.069696159663579, -8.598125669441391 ] } },
{ "type": "Feature", "properties": { "uid": "ryrr4fdxpp", "rate_time": -0.842, "sig_time": 0.003, "se_time": 0.25, "sce": 38.76, "nsm": -19.68, "valid_obs": 21, "valid_span": 25, "significant": true }, "geometry": { "type": "Point", "coordinates": [ 179.069898521712901, -8.59830682323658 ] } },
{ "type": "Feature", "properties": { "uid": "ryrr4fdykw", "rate_time": -0.713, "sig_time": 0.011, "se_time": 0.254, "sce": 39.16, "nsm": -13.71, "valid_obs": 21, "valid_span": 25, "significant": true }, "geometry": { "type": "Point", "coordinates": [ 179.070135749445598, -8.59843976567586 ] } },
{ "type": "Feature", "properties": { "uid": "ryrr4fen6f", "rate_time": -0.704, "sig_time": 0.001, "se_time": 0.187, "sce": 30.5, "nsm": -11.29, "valid_obs": 21, "valid_span": 25, "significant": true }, "geometry": { "type": "Point", "coordinates": [ 179.070407401971778, -8.59845982084078 ] } },
{ "type": "Feature", "properties": { "uid": "ryrr4feqbu", "rate_time": -0.92, "sig_time": 0.0, "se_time": 0.149, "sce": 28.44, "nsm": -15.54, "valid_obs": 21, "valid_span": 25, "significant": true }, "geometry": { "type": "Point", "coordinates": [ 179.070663070078581, -8.598366486638255 ] } },
{ "type": "Feature", "properties": { "uid": "ryrr5d8znx", "rate_time": -0.852, "sig_time": 0.483, "se_time": 1.19, "sce": 157.25, "nsm": -36.74, "valid_obs": 21, "valid_span": 25, "significant": false }, "geometry": { "type": "Point", "coordinates": [ 179.100434249591387, -8.598307751267157 ] } },
{ "type": "Feature", "properties": { "uid": "ryrr5d8zc8", "rate_time": 0.177, "sig_time": 0.828, "se_time": 0.799, "sce": 95.45, "nsm": 12.85, "valid_obs": 20, "valid_span": 25, "significant": false }, "geometry": { "type": "Point", "coordinates": [ 179.100221069660336, -8.598214782008215 ] } },
{ "type": "Feature", "properties": { "uid": "ryrqffyhnq", "rate_time": -0.876, "sig_time": 0.002, "se_time": 0.231, "sce": 29.92, "nsm": -15.43, "valid_obs": 18, "valid_span": 25, "significant": true }, "geometry": { "type": "Point", "coordinates": [ 179.074679421182907, -8.641400051421011 ] } },
{ "type": "Feature", "properties": { "uid": "ryrqffyh21", "rate_time": -0.772, "sig_time": 0.002, "se_time": 0.203, "sce": 26.62, "nsm": -12.98, "valid_obs": 18, "valid_span": 25, "significant": true }, "geometry": { "type": "Point", "coordinates": [ 179.074409469274542, -8.641384044214611 ] } },
{ "type": "Feature", "properties": { "uid": "ryrqffvuf4", "rate_time": -0.991, "sig_time": 0.02, "se_time": 0.386, "sce": 62.06, "nsm": -12.33, "valid_obs": 19, "valid_span": 25, "significant": true }, "geometry": { "type": "Point", "coordinates": [ 179.074153467054941, -8.641292898865338 ] } },
{ "type": "Feature", "properties": { "uid": "ryrqffykgv", "rate_time": -1.271, "sig_time": 0.001, "se_time": 0.304, "sce": 48.09, "nsm": -35.9, "valid_obs": 18, "valid_span": 25, "significant": true }, "geometry": { "type": "Point", "coordinates": [ 179.07491206089793, -8.641273939046465 ] } },
{ "type": "Feature", "properties": { "uid": "ryrqffvtse", "rate_time": -0.79, "sig_time": 0.006, "se_time": 0.251, "sce": 30.65, "nsm": -10.07, "valid_obs": 19, "valid_span": 25, "significant": true }, "geometry": { "type": "Point", "coordinates": [ 179.073916284182246, -8.641159378784497 ] } },
{ "type": "Feature", "properties": { "uid": "ryrqffvwbg", "rate_time": -0.77, "sig_time": 0.001, "se_time": 0.2, "sce": 33.22, "nsm": -11.82, "valid_obs": 19, "valid_span": 25, "significant": true }, "geometry": { "type": "Point", "coordinates": [ 179.07375636601293, -8.640940711116691 ] } },
{ "type": "Feature", "properties": { "uid": "ryrqfgj2q0", "rate_time": -0.777, "sig_time": 0.004, "se_time": 0.233, "sce": 38.47, "nsm": -11.14, "valid_obs": 19, "valid_span": 25, "significant": true }, "geometry": { "type": "Point", "coordinates": [ 179.07363457361572, -8.640699354420731 ] } },
{ "type": "Feature", "properties": { "uid": "ryrqfgj3u0", "rate_time": -0.828, "sig_time": 0.004, "se_time": 0.251, "sce": 39.43, "nsm": -12.63, "valid_obs": 19, "valid_span": 25, "significant": true }, "geometry": { "type": "Point", "coordinates": [ 179.073547996479789, -8.640442237341528 ] } },
{ "type": "Feature", "properties": { "uid": "ryrqfgj71m", "rate_time": 0.518, "sig_time": 0.126, "se_time": 0.322, "sce": 41.52, "nsm": 16.09, "valid_obs": 19, "valid_span": 25, "significant": false }, "geometry": { "type": "Point", "coordinates": [ 179.073427285969501, -8.640201255606254 ] } },
{ "type": "Feature", "properties": { "uid": "ryrqfgjjf3", "rate_time": -0.944, "sig_time": 0.009, "se_time": 0.319, "sce": 47.65, "nsm": -17.97, "valid_obs": 19, "valid_span": 25, "significant": true }, "geometry": { "type": "Point", "coordinates": [ 179.073128863028757, -8.639749459377118 ] } },
{ "type": "Feature", "properties": { "uid": "ryrqfgjp2d", "rate_time": -0.835, "sig_time": 0.1, "se_time": 0.48, "sce": 74.54, "nsm": -17.81, "valid_obs": 19, "valid_span": 25, "significant": false }, "geometry": { "type": "Point", "coordinates": [ 179.073051573409401, -8.639490164323531 ] } },
{ "type": "Feature", "properties": { "uid": "ryrqfgkbzs", "rate_time": -0.81, "sig_time": 0.002, "se_time": 0.214, "sce": 26.39, "nsm": -15.74, "valid_obs": 18, "valid_span": 25, "significant": true }, "geometry": { "type": "Point", "coordinates": [ 179.073007932595743, -8.639222632700669 ] } },
{ "type": "Feature", "properties": { "uid": "ryrqfgqz4g", "rate_time": 1.674, "sig_time": 0.001, "se_time": 0.422, "sce": 43.32, "nsm": null, "valid_obs": 18, "valid_span": 23, "significant": true }, "geometry": { "type": "Point", "coordinates": [ 179.075560368536998, -8.638155739264251 ] } },
{ "type": "Feature", "properties": { "uid": "ryrqfgsgz1", "rate_time": -0.306, "sig_time": 0.011, "se_time": 0.105, "sce": 12.68, "nsm": null, "valid_obs": 17, "valid_span": 23, "significant": true }, "geometry": { "type": "Point", "coordinates": [ 179.072988581415956, -8.637347503887915 ] } },
{ "type": "Feature", "properties": { "uid": "ryrqfgtj31", "rate_time": -0.376, "sig_time": 0.021, "se_time": 0.145, "sce": 17.97, "nsm": null, "valid_obs": 17, "valid_span": 23, "significant": true }, "geometry": { "type": "Point", "coordinates": [ 179.073073368177006, -8.637089803106118 ] } },
{ "type": "Feature", "properties": { "uid": "ryrqfgtng2", "rate_time": -0.058, "sig_time": 0.723, "se_time": 0.16, "sce": 20.02, "nsm": null, "valid_obs": 17, "valid_span": 23, "significant": false }, "geometry": { "type": "Point", "coordinates": [ 179.073176949313904, -8.636838976442165 ] } },
{ "type": "Feature", "properties": { "uid": "ryrqfgv1xy", "rate_time": 1.289, "sig_time": 0.005, "se_time": 0.391, "sce": 71.31, "nsm": 24.46, "valid_obs": 18, "valid_span": 25, "significant": true }, "geometry": { "type": "Point", "coordinates": [ 179.073371574096143, -8.636333685222262 ] } },
{ "type": "Feature", "properties": { "uid": "ryrqfgv74n", "rate_time": 0.992, "sig_time": 0.028, "se_time": 0.411, "sce": 73.26, "nsm": 23.51, "valid_obs": 18, "valid_span": 25, "significant": true }, "geometry": { "type": "Point", "coordinates": [ 179.073458737833221, -8.636077614374836 ] } },
{ "type": "Feature", "properties": { "uid": "ryrqfgvkfb", "rate_time": 0.533, "sig_time": 0.1, "se_time": 0.305, "sce": 53.17, "nsm": 14.83, "valid_obs": 18, "valid_span": 25, "significant": false }, "geometry": { "type": "Point", "coordinates": [ 179.073492782460448, -8.635809934111849 ] } },
{ "type": "Feature", "properties": { "uid": "ryrqfgw7g2", "rate_time": 1.292, "sig_time": 0.0, "se_time": 0.206, "sce": 33.04, "nsm": 23.26, "valid_obs": 20, "valid_span": 25, "significant": true }, "geometry": { "type": "Point", "coordinates": [ 179.074891397827571, -8.637352563487619 ] } },
{ "type": "Feature", "properties": { "uid": "ryrqfgwm75", "rate_time": 1.279, "sig_time": 0.0, "se_time": 0.181, "sce": 34.66, "nsm": 23.37, "valid_obs": 20, "valid_span": 25, "significant": true }, "geometry": { "type": "Point", "coordinates": [ 179.074876423752897, -8.637081943039595 ] } },
{ "type": "Feature", "properties": { "uid": "ryrqfgwqgv", "rate_time": 1.498, "sig_time": 0.0, "se_time": 0.168, "sce": 35.96, "nsm": 29.6, "valid_obs": 20, "valid_span": 25, "significant": true }, "geometry": { "type": "Point", "coordinates": [ 179.07491211517987, -8.636813162179827 ] } },
{ "type": "Feature", "properties": { "uid": "ryrqfgy27z", "rate_time": 1.545, "sig_time": 0.0, "se_time": 0.165, "sce": 34.57, "nsm": 31.1, "valid_obs": 20, "valid_span": 25, "significant": true }, "geometry": { "type": "Point", "coordinates": [ 179.074915286949505, -8.636542047705268 ] } },
{ "type": "Feature", "properties": { "uid": "ryrqfgy65f", "rate_time": 1.021, "sig_time": 0.0, "se_time": 0.158, "sce": 24.27, "nsm": 21.46, "valid_obs": 20, "valid_span": 25, "significant": true }, "geometry": { "type": "Point", "coordinates": [ 179.074916805831378, -8.636270869044296 ] } },
{ "type": "Feature", "properties": { "uid": "ryrqfgy7th", "rate_time": 0.472, "sig_time": 0.001, "se_time": 0.121, "sce": 15.75, "nsm": 11.61, "valid_obs": 20, "valid_span": 25, "significant": true }, "geometry": { "type": "Point", "coordinates": [ 179.074964982065694, -8.636004059247801 ] } },
{ "type": "Feature", "properties": { "uid": "ryrqfgymnu", "rate_time": 0.186, "sig_time": 0.044, "se_time": 0.086, "sce": 10.44, "nsm": 5.02, "valid_obs": 20, "valid_span": 25, "significant": true }, "geometry": { "type": "Point", "coordinates": [ 179.075038025059342, -8.635742959801131 ] } },
{ "type": "Feature", "properties": { "uid": "ryrqfgyw9d", "rate_time": 0.139, "sig_time": 0.061, "se_time": 0.07, "sce": 8.6, "nsm": 5.22, "valid_obs": 20, "valid_span": 25, "significant": false }, "geometry": { "type": "Point", "coordinates": [ 179.075158431078421, -8.635500181203959 ] } },
{ "type": "Feature", "properties": { "uid": "ryrqfujtwm", "rate_time": 0.353, "sig_time": 0.084, "se_time": 0.191, "sce": 18.56, "nsm": null, "valid_obs": 18, "valid_span": 23, "significant": false }, "geometry": { "type": "Point", "coordinates": [ 179.073989543686537, -8.634280479058836 ] } },
{ "type": "Feature", "properties": { "uid": "ryrqfujz13", "rate_time": 0.759, "sig_time": 0.004, "se_time": 0.229, "sce": 26.98, "nsm": null, "valid_obs": 18, "valid_span": 23, "significant": true }, "geometry": { "type": "Point", "coordinates": [ 179.074119333504967, -8.634043585911133 ] } },
{ "type": "Feature", "properties": { "uid": "ryrqfumbjw", "rate_time": 1.086, "sig_time": 0.002, "se_time": 0.291, "sce": 38.8, "nsm": null, "valid_obs": 18, "valid_span": 23, "significant": true }, "geometry": { "type": "Point", "coordinates": [ 179.074305094126117, -8.633845407306071 ] } },
{ "type": "Feature", "properties": { "uid": "ryrqfuqjmm", "rate_time": 0.143, "sig_time": 0.523, "se_time": 0.22, "sce": 28.73, "nsm": 0.2, "valid_obs": 20, "valid_span": 25, "significant": false }, "geometry": { "type": "Point", "coordinates": [ 179.074629216122361, -8.632949749957302 ] } },
{ "type": "Feature", "properties": { "uid": "ryrqfuqnvz", "rate_time": 0.095, "sig_time": 0.641, "se_time": 0.201, "sce": 20.47, "nsm": -5.36, "valid_obs": 20, "valid_span": 25, "significant": false }, "geometry": { "type": "Point", "coordinates": [ 179.074653675234401, -8.63268330977596 ] } },
{ "type": "Feature", "properties": { "uid": "ryrqfuw22g", "rate_time": -0.026, "sig_time": 0.925, "se_time": 0.273, "sce": 38.03, "nsm": -15.63, "valid_obs": 20, "valid_span": 25, "significant": false }, "geometry": { "type": "Point", "coordinates": [ 179.074786279356232, -8.632447528532948 ] } },
{ "type": "Feature", "properties": { "uid": "ryrqfuw3t1", "rate_time": -0.625, "sig_time": 0.242, "se_time": 0.516, "sce": 75.69, "nsm": -42.98, "valid_obs": 20, "valid_span": 25, "significant": false }, "geometry": { "type": "Point", "coordinates": [ 179.074962418046766, -8.632241536927289 ] } },
{ "type": "Feature", "properties": { "uid": "ryrqfuwf0z", "rate_time": 0.804, "sig_time": 0.292, "se_time": 0.738, "sce": 70.26, "nsm": null, "valid_obs": 18, "valid_span": 23, "significant": false }, "geometry": { "type": "Point", "coordinates": [ 179.075470729929691, -8.6321244788136 ] } },
{ "type": "Feature", "properties": { "uid": "ryrqfuwd69", "rate_time": 0.898, "sig_time": 0.068, "se_time": 0.46, "sce": 48.47, "nsm": null, "valid_obs": 18, "valid_span": 23, "significant": false }, "geometry": { "type": "Point", "coordinates": [ 179.075202268203668, -8.632112875075606 ] } },
{ "type": "Feature", "properties": { "uid": "ryrqgj29gk", "rate_time": -0.439, "sig_time": 0.002, "se_time": 0.121, "sce": 16.93, "nsm": -4.82, "valid_obs": 20, "valid_span": 25, "significant": true }, "geometry": { "type": "Point", "coordinates": [ 179.07797878108002, -8.628063330478629 ] } },
{ "type": "Feature", "properties": { "uid": "ryrqfgyxv6", "rate_time": 0.684, "sig_time": 0.002, "se_time": 0.183, "sce": 30.02, "nsm": 27.76, "valid_obs": 20, "valid_span": 25, "significant": true }, "geometry": { "type": "Point", "coordinates": [ 179.075317062582371, -8.635280794324483 ] } },
{ "type": "Feature", "properties": { "uid": "ryrqfunwry", "rate_time": 2.459, "sig_time": 0.012, "se_time": 0.88, "sce": 122.84, "nsm": 63.99, "valid_obs": 20, "valid_span": 25, "significant": true }, "geometry": { "type": "Point", "coordinates": [ 179.075428963132225, -8.634144336757737 ] } },
{ "type": "Feature", "properties": { "uid": "ryrqfunxu2", "rate_time": 2.713, "sig_time": 0.002, "se_time": 0.754, "sce": 149.65, "nsm": 43.23, "valid_obs": 20, "valid_span": 25, "significant": true }, "geometry": { "type": "Point", "coordinates": [ 179.075275584023132, -8.633921827244908 ] } },
{ "type": "Feature", "properties": { "uid": "ryrqfuq9vz", "rate_time": -0.172, "sig_time": 0.468, "se_time": 0.232, "sce": 31.01, "nsm": 0.65, "valid_obs": 19, "valid_span": 25, "significant": false }, "geometry": { "type": "Point", "coordinates": [ 179.075336156832634, -8.63353946522848 ] } },
{ "type": "Feature", "properties": { "uid": "ryrqfuqcup", "rate_time": -0.412, "sig_time": 0.007, "se_time": 0.136, "sce": 18.77, "nsm": -1.07, "valid_obs": 19, "valid_span": 25, "significant": true }, "geometry": { "type": "Point", "coordinates": [ 179.075607935770364, -8.633541158153255 ] } },
{ "type": "Feature", "properties": { "uid": "ryrqfurmf3", "rate_time": 1.001, "sig_time": 0.125, "se_time": 0.618, "sce": 64.61, "nsm": null, "valid_obs": 18, "valid_span": 23, "significant": false }, "geometry": { "type": "Point", "coordinates": [ 179.07622368755662, -8.632887706356081 ] } },
{ "type": "Feature", "properties": { "uid": "ryrqfurppv", "rate_time": 1.591, "sig_time": 0.0, "se_time": 0.355, "sce": 37.3, "nsm": null, "valid_obs": 17, "valid_span": 23, "significant": true }, "geometry": { "type": "Point", "coordinates": [ 179.076111640544354, -8.632648372907511 ] } },
{ "type": "Feature", "properties": { "uid": "ryrqfux04u", "rate_time": 1.23, "sig_time": 0.008, "se_time": 0.401, "sce": 42.68, "nsm": null, "valid_obs": 17, "valid_span": 23, "significant": true }, "geometry": { "type": "Point", "coordinates": [ 179.075900016360606, -8.632482149721701 ] } },
{ "type": "Feature", "properties": { "uid": "ryrqfuwcjg", "rate_time": 0.314, "sig_time": 0.705, "se_time": 0.815, "sce": 93.45, "nsm": null, "valid_obs": 18, "valid_span": 23, "significant": false }, "geometry": { "type": "Point", "coordinates": [ 179.075685799620231, -8.632315005560947 ] } },
{ "type": "Feature", "properties": { "uid": "ryrqgj2cu9", "rate_time": 0.112, "sig_time": 0.285, "se_time": 0.102, "sce": 12.82, "nsm": 4.26, "valid_obs": 20, "valid_span": 25, "significant": false }, "geometry": { "type": "Point", "coordinates": [ 179.078375106171393, -8.628079346856744 ] } },
{ "type": "Feature", "properties": { "uid": "ryrqgj26m1", "rate_time": -0.663, "sig_time": 0.0, "se_time": 0.14, "sce": 28.16, "nsm": -6.11, "valid_obs": 20, "valid_span": 25, "significant": true }, "geometry": { "type": "Point", "coordinates": [ 179.077715308086539, -8.62799426032146 ] } },
{ "type": "Feature", "properties": { "uid": "ryrqgj349c", "rate_time": 0.643, "sig_time": 0.0, "se_time": 0.083, "sce": 18.56, "nsm": 11.04, "valid_obs": 20, "valid_span": 25, "significant": true }, "geometry": { "type": "Point", "coordinates": [ 179.078606772300617, -8.627950985789985 ] } },
{ "type": "Feature", "properties": { "uid": "ryrqgj24xn", "rate_time": -0.496, "sig_time": 0.001, "se_time": 0.128, "sce": 21.46, "nsm": -6.68, "valid_obs": 20, "valid_span": 25, "significant": true }, "geometry": { "type": "Point", "coordinates": [ 179.077451756288127, -8.627925378744193 ] } },
{ "type": "Feature", "properties": { "uid": "ryrqgj253t", "rate_time": -0.692, "sig_time": 0.035, "se_time": 0.304, "sce": 54.61, "nsm": -8.99, "valid_obs": 20, "valid_span": 25, "significant": true }, "geometry": { "type": "Point", "coordinates": [ 179.077215436205336, -8.627800806947137 ] } },
{ "type": "Feature", "properties": { "uid": "ryrqgj35tx", "rate_time": 1.172, "sig_time": 0.0, "se_time": 0.121, "sce": 30.76, "nsm": 24.84, "valid_obs": 20, "valid_span": 25, "significant": true }, "geometry": { "type": "Point", "coordinates": [ 179.078762119046701, -8.627746675051478 ] } },
{ "type": "Feature", "properties": { "uid": "ryrqfvrutv", "rate_time": -0.26, "sig_time": 0.08, "se_time": 0.139, "sce": 21.95, "nsm": -3.79, "valid_obs": 19, "valid_span": 25, "significant": false }, "geometry": { "type": "Point", "coordinates": [ 179.077056907609375, -8.627584278956252 ] } },
{ "type": "Feature", "properties": { "uid": "ryrqgj3jq1", "rate_time": 1.758, "sig_time": 0.0, "se_time": 0.203, "sce": 47.28, "nsm": 47.22, "valid_obs": 20, "valid_span": 25, "significant": true }, "geometry": { "type": "Point", "coordinates": [ 179.07878780749337, -8.627478681224204 ] } },
{ "type": "Feature", "properties": { "uid": "ryrqfvrynp", "rate_time": 0.017, "sig_time": 0.893, "se_time": 0.128, "sce": 16.51, "nsm": -2.51, "valid_obs": 19, "valid_span": 25, "significant": false }, "geometry": { "type": "Point", "coordinates": [ 179.077072282649993, -8.627314913450672 ] } },
{ "type": "Feature", "properties": { "uid": "ryrqgj3nv7", "rate_time": 1.88, "sig_time": 0.0, "se_time": 0.366, "sce": 49.1, "nsm": null, "valid_obs": 18, "valid_span": 23, "significant": true }, "geometry": { "type": "Point", "coordinates": [ 179.078751225823453, -8.627210818728114 ] } },
{ "type": "Feature", "properties": { "uid": "ryrqgj2p99", "rate_time": 0.38, "sig_time": 0.194, "se_time": 0.281, "sce": 45.68, "nsm": -5.93, "valid_obs": 20, "valid_span": 25, "significant": false }, "geometry": { "type": "Point", "coordinates": [ 179.077220905208719, -8.627090204753403 ] } },
{ "type": "Feature", "properties": { "uid": "ryrqgj9068", "rate_time": 0.191, "sig_time": 0.46, "se_time": 0.25, "sce": 16.24, "nsm": null, "valid_obs": 15, "valid_span": 18, "significant": false }, "geometry": { "type": "Point", "coordinates": [ 179.078633554197324, -8.626968881709686 ] } },
{ "type": "Feature", "properties": { "uid": "ryrqgj80wk", "rate_time": 0.092, "sig_time": 0.726, "se_time": 0.258, "sce": 39.0, "nsm": -8.35, "valid_obs": 20, "valid_span": 25, "significant": false }, "geometry": { "type": "Point", "coordinates": [ 179.077418730912029, -8.626906425514411 ] } },
{ "type": "Feature", "properties": { "uid": "ryrqgj83e8", "rate_time": -0.122, "sig_time": 0.746, "se_time": 0.371, "sce": 50.98, "nsm": -20.21, "valid_obs": 20, "valid_span": 25, "significant": false }, "geometry": { "type": "Point", "coordinates": [ 179.077645706438233, -8.626756380190223 ] } },
{ "type": "Feature", "properties": { "uid": "ryrqgj95tq", "rate_time": 1.28, "sig_time": 0.09, "se_time": 0.707, "sce": 55.51, "nsm": null, "valid_obs": 17, "valid_span": 20, "significant": false }, "geometry": { "type": "Point", "coordinates": [ 179.078757565029491, -8.62638103558843 ] } },
{ "type": "Feature", "properties": { "uid": "ryrqgj9x2q", "rate_time": -0.259, "sig_time": 0.687, "se_time": 0.63, "sce": 57.42, "nsm": null, "valid_obs": 17, "valid_span": 20, "significant": false }, "geometry": { "type": "Point", "coordinates": [ 179.07922301958277, -8.625733749656019 ] } },
{ "type": "Feature", "properties": { "uid": "ryrqgjb8fu", "rate_time": -0.416, "sig_time": 0.005, "se_time": 0.128, "sce": 15.3, "nsm": -11.65, "valid_obs": 20, "valid_span": 25, "significant": true }, "geometry": { "type": "Point", "coordinates": [ 179.077957976567092, -8.625490162971106 ] } },
{ "type": "Feature", "properties": { "uid": "ryrqgjc8fu", "rate_time": 0.216, "sig_time": 0.524, "se_time": 0.332, "sce": 29.18, "nsm": null, "valid_obs": 17, "valid_span": 20, "significant": false }, "geometry": { "type": "Point", "coordinates": [ 179.07933188915564, -8.625485631937744 ] } },
{ "type": "Feature", "properties": { "uid": "ryrqgjcdmh", "rate_time": 0.064, "sig_time": 0.824, "se_time": 0.281, "sce": 21.73, "nsm": null, "valid_obs": 17, "valid_span": 20, "significant": false }, "geometry": { "type": "Point", "coordinates": [ 179.079428053981104, -8.625231940162426 ] } },
{ "type": "Feature", "properties": { "uid": "ryrqgjbd7q", "rate_time": -0.47, "sig_time": 0.002, "se_time": 0.13, "sce": 15.32, "nsm": -11.86, "valid_obs": 20, "valid_span": 25, "significant": true }, "geometry": { "type": "Point", "coordinates": [ 179.077982957410626, -8.625220169676584 ] } },
{ "type": "Feature", "properties": { "uid": "ryrqgjbsh2", "rate_time": -0.544, "sig_time": 0.0, "se_time": 0.125, "sce": 17.0, "nsm": -11.31, "valid_obs": 20, "valid_span": 25, "significant": true }, "geometry": { "type": "Point", "coordinates": [ 179.0780176733914, -8.624951233347517 ] } },
{ "type": "Feature", "properties": { "uid": "ryrqgjbttd", "rate_time": -0.329, "sig_time": 0.242, "se_time": 0.272, "sce": 39.6, "nsm": -10.01, "valid_obs": 20, "valid_span": 25, "significant": false }, "geometry": { "type": "Point", "coordinates": [ 179.078071665318987, -8.624685696161681 ] } },
{ "type": "Feature", "properties": { "uid": "ryrqgn10cn", "rate_time": 0.946, "sig_time": 0.003, "se_time": 0.263, "sce": 31.08, "nsm": null, "valid_obs": 16, "valid_span": 23, "significant": true }, "geometry": { "type": "Point", "coordinates": [ 179.078572373427249, -8.624105134637972 ] } },
{ "type": "Feature", "properties": { "uid": "ryrqgn3j57", "rate_time": -0.575, "sig_time": 0.189, "se_time": 0.418, "sce": 50.82, "nsm": 0.54, "valid_obs": 17, "valid_span": 25, "significant": false }, "geometry": { "type": "Point", "coordinates": [ 179.078670649030158, -8.622016528771171 ] } },
{ "type": "Feature", "properties": { "uid": "ryrqgn3m3s", "rate_time": 0.273, "sig_time": 0.665, "se_time": 0.619, "sce": 90.35, "nsm": 2.71, "valid_obs": 17, "valid_span": 25, "significant": false }, "geometry": { "type": "Point", "coordinates": [ 179.078938939294147, -8.621969397588899 ] } },
{ "type": "Feature", "properties": { "uid": "ryrqgn3t84", "rate_time": 0.593, "sig_time": 0.395, "se_time": 0.677, "sce": 90.69, "nsm": 7.33, "valid_obs": 17, "valid_span": 25, "significant": false }, "geometry": { "type": "Point", "coordinates": [ 179.079209548254425, -8.621938767974875 ] } },
{ "type": "Feature", "properties": { "uid": "ryrqgn3rux", "rate_time": 0.796, "sig_time": 0.11, "se_time": 0.469, "sce": 59.07, "nsm": 3.37, "valid_obs": 17, "valid_span": 25, "significant": false }, "geometry": { "type": "Point", "coordinates": [ 179.079065949734883, -8.621525919242053 ] } },
{ "type": "Feature", "properties": { "uid": "ryrqgn90q2", "rate_time": 0.69, "sig_time": 0.147, "se_time": 0.451, "sce": 56.77, "nsm": 4.3, "valid_obs": 17, "valid_span": 25, "significant": false }, "geometry": { "type": "Point", "coordinates": [ 179.078798974689676, -8.621474654362858 ] } },
{ "type": "Feature", "properties": { "uid": "ryrqgn9024", "rate_time": 0.637, "sig_time": 0.156, "se_time": 0.427, "sce": 52.37, "nsm": 9.15, "valid_obs": 17, "valid_span": 25, "significant": false }, "geometry": { "type": "Point", "coordinates": [ 179.078529321749443, -8.621463429999958 ] } },
{ "type": "Feature", "properties": { "uid": "ryrqg4c1km", "rate_time": 11.676, "sig_time": 0.0, "se_time": 2.551, "sce": 473.37, "nsm": 439.9, "valid_obs": 19, "valid_span": 25, "significant": true }, "geometry": { "type": "Point", "coordinates": [ 179.078713201936267, -8.641873647015068 ] } },
{ "type": "Feature", "properties": { "uid": "ryrqg4dx8x", "rate_time": 1.784, "sig_time": 0.061, "se_time": 0.868, "sce": 98.2, "nsm": null, "valid_obs": 15, "valid_span": 21, "significant": false }, "geometry": { "type": "Point", "coordinates": [ 179.08060614141192, -8.642163521886904 ] } },
{ "type": "Feature", "properties": { "uid": "ryrqg46tf9", "rate_time": 1.43, "sig_time": 0.027, "se_time": 0.575, "sce": 83.05, "nsm": null, "valid_obs": 15, "valid_span": 23, "significant": true }, "geometry": { "type": "Point", "coordinates": [ 179.080689796618145, -8.643871817220337 ] } },
{ "type": "Feature", "properties": { "uid": "ryrqg4dxyr", "rate_time": 2.651, "sig_time": 0.044, "se_time": 1.2, "sce": 123.8, "nsm": null, "valid_obs": 16, "valid_span": 21, "significant": true }, "geometry": { "type": "Point", "coordinates": [ 179.080853090196229, -8.642121148388046 ] } },
{ "type": "Feature", "properties": { "uid": "ryrqg4c0v6", "rate_time": 11.877, "sig_time": 0.0, "se_time": 2.616, "sce": 483.15, "nsm": 445.51, "valid_obs": 19, "valid_span": 25, "significant": true }, "geometry": { "type": "Point", "coordinates": [ 179.078754141512803, -8.64198056977872 ] } },
{ "type": "Feature", "properties": { "uid": "ryrqg4knb1", "rate_time": 2.129, "sig_time": 0.011, "se_time": 0.73, "sce": 89.87, "nsm": null, "valid_obs": 17, "valid_span": 24, "significant": true }, "geometry": { "type": "Point", "coordinates": [ 179.082641956292264, -8.643700317984273 ] } },
{ "type": "Feature", "properties": { "uid": "ryrqg4knyk", "rate_time": 2.174, "sig_time": 0.037, "se_time": 0.963, "sce": 162.02, "nsm": 80.83, "valid_obs": 19, "valid_span": 25, "significant": true }, "geometry": { "type": "Point", "coordinates": [ 179.082914034819424, -8.643685605124293 ] } },
{ "type": "Feature", "properties": { "uid": "ryrqg4s677", "rate_time": -0.056, "sig_time": 0.793, "se_time": 0.211, "sce": 30.41, "nsm": -10.89, "valid_obs": 18, "valid_span": 25, "significant": false }, "geometry": { "type": "Point", "coordinates": [ 179.083130560399837, -8.643088197696775 ] } },
{ "type": "Feature", "properties": { "uid": "ryrqg4krk8", "rate_time": 0.154, "sig_time": 0.867, "se_time": 0.907, "sce": 110.4, "nsm": null, "valid_obs": 18, "valid_span": 24, "significant": false }, "geometry": { "type": "Point", "coordinates": [ 179.083178283765022, -8.643619677359611 ] } },
{ "type": "Feature", "properties": { "uid": "ryrqg4se0w", "rate_time": 0.295, "sig_time": 0.117, "se_time": 0.178, "sce": 27.97, "nsm": 1.43, "valid_obs": 18, "valid_span": 25, "significant": false }, "geometry": { "type": "Point", "coordinates": [ 179.083359180964266, -8.642943058731264 ] } },
{ "type": "Feature", "properties": { "uid": "ryrqg4kxfm", "rate_time": 1.724, "sig_time": 0.01, "se_time": 0.586, "sce": 74.77, "nsm": null, "valid_obs": 17, "valid_span": 24, "significant": true }, "geometry": { "type": "Point", "coordinates": [ 179.083427024913306, -8.643509572131693 ] } },
{ "type": "Feature", "properties": { "uid": "ryrqg4ssn4", "rate_time": 0.459, "sig_time": 0.006, "se_time": 0.144, "sce": 20.37, "nsm": -1.15, "valid_obs": 18, "valid_span": 25, "significant": true }, "geometry": { "type": "Point", "coordinates": [ 179.083585819864737, -8.642794088111451 ] } },
{ "type": "Feature", "properties": { "uid": "ryrqg4sb81", "rate_time": -1.757, "sig_time": 0.004, "se_time": 0.509, "sce": 60.36, "nsm": null, "valid_obs": 16, "valid_span": 24, "significant": true }, "geometry": { "type": "Point", "coordinates": [ 179.083675312738023, -8.643397921518613 ] } },
{ "type": "Feature", "properties": { "uid": "ryrqg4sugp", "rate_time": 0.521, "sig_time": 0.0, "se_time": 0.107, "sce": 17.66, "nsm": 3.61, "valid_obs": 18, "valid_span": 25, "significant": true }, "geometry": { "type": "Point", "coordinates": [ 179.083808579395765, -8.642638369099558 ] } },
{ "type": "Feature", "properties": { "uid": "ryrqg4scmd", "rate_time": 1.242, "sig_time": 0.042, "se_time": 0.555, "sce": 61.66, "nsm": null, "valid_obs": 16, "valid_span": 24, "significant": true }, "geometry": { "type": "Point", "coordinates": [ 179.083914236473845, -8.643268103886868 ] } },
{ "type": "Feature", "properties": { "uid": "ryrqg4tjb9", "rate_time": 0.532, "sig_time": 0.001, "se_time": 0.135, "sce": 22.83, "nsm": 5.41, "valid_obs": 18, "valid_span": 25, "significant": true }, "geometry": { "type": "Point", "coordinates": [ 179.084040691573705, -8.642496300830269 ] } },
{ "type": "Feature", "properties": { "uid": "ryrqg4t45h", "rate_time": 0.713, "sig_time": 0.192, "se_time": 0.518, "sce": 64.33, "nsm": null, "valid_obs": 15, "valid_span": 24, "significant": false }, "geometry": { "type": "Point", "coordinates": [ 179.084147558179325, -8.643128068289675 ] } },
{ "type": "Feature", "properties": { "uid": "ryrqg4tnw4", "rate_time": 0.511, "sig_time": 0.0, "se_time": 0.117, "sce": 19.79, "nsm": 5.56, "valid_obs": 18, "valid_span": 25, "significant": true }, "geometry": { "type": "Point", "coordinates": [ 179.084277257005368, -8.642361892892607 ] } },
{ "type": "Feature", "properties": { "uid": "ryrqg4tr7b", "rate_time": 0.323, "sig_time": 0.424, "se_time": 0.394, "sce": 68.96, "nsm": 7.18, "valid_obs": 19, "valid_span": 25, "significant": false }, "geometry": { "type": "Point", "coordinates": [ 179.084523543284519, -8.642245839988488 ] } },
{ "type": "Feature", "properties": { "uid": "ryrqg4t7wp", "rate_time": -2.637, "sig_time": 0.0, "se_time": 0.435, "sce": 61.1, "nsm": null, "valid_obs": 18, "valid_span": 24, "significant": true }, "geometry": { "type": "Point", "coordinates": [ 179.084616868434267, -8.642853098514106 ] } },
{ "type": "Feature", "properties": { "uid": "ryrqg4ts7t", "rate_time": -2.684, "sig_time": 0.0, "se_time": 0.44, "sce": 64.69, "nsm": null, "valid_obs": 18, "valid_span": 24, "significant": true }, "geometry": { "type": "Point", "coordinates": [ 179.08486176463586, -8.642734385663651 ] } },
{ "type": "Feature", "properties": { "uid": "ryrqg4v8ys", "rate_time": 0.24, "sig_time": 0.68, "se_time": 0.573, "sce": 108.79, "nsm": 11.88, "valid_obs": 20, "valid_span": 25, "significant": false }, "geometry": { "type": "Point", "coordinates": [ 179.084990920100864, -8.641967937272996 ] } },
{ "type": "Feature", "properties": { "uid": "ryrqg4tv1p", "rate_time": 2.346, "sig_time": 0.001, "se_time": 0.56, "sce": 67.31, "nsm": 54.93, "valid_obs": 20, "valid_span": 25, "significant": true }, "geometry": { "type": "Point", "coordinates": [ 179.085095224586354, -8.6425945537547 ] } },
{ "type": "Feature", "properties": { "uid": "ryrqg4vcsm", "rate_time": 1.125, "sig_time": 0.012, "se_time": 0.401, "sce": 70.15, "nsm": 10.02, "valid_obs": 20, "valid_span": 25, "significant": true }, "geometry": { "type": "Point", "coordinates": [ 179.085228267217445, -8.641835437263726 ] } },
{ "type": "Feature", "properties": { "uid": "ryrqg4tyn9", "rate_time": 2.349, "sig_time": 0.0, "se_time": 0.459, "sce": 66.86, "nsm": 53.23, "valid_obs": 20, "valid_span": 25, "significant": true }, "geometry": { "type": "Point", "coordinates": [ 179.085329326842071, -8.642455756100309 ] } },
{ "type": "Feature", "properties": { "uid": "ryrqg4y43x", "rate_time": 0.662, "sig_time": 0.009, "se_time": 0.225, "sce": 31.99, "nsm": -4.49, "valid_obs": 19, "valid_span": 25, "significant": true }, "geometry": { "type": "Point", "coordinates": [ 179.085461110029939, -8.641696284656238 ] } },
{ "type": "Feature", "properties": { "uid": "ryrqg4wngu", "rate_time": 1.972, "sig_time": 0.002, "se_time": 0.538, "sce": 55.44, "nsm": null, "valid_obs": 19, "valid_span": 24, "significant": true }, "geometry": { "type": "Point", "coordinates": [ 179.085558193203809, -8.642308633373702 ] } },
{ "type": "Feature", "properties": { "uid": "ryrqg4y5qu", "rate_time": 0.562, "sig_time": 0.001, "se_time": 0.139, "sce": 20.66, "nsm": 0.78, "valid_obs": 19, "valid_span": 25, "significant": true }, "geometry": { "type": "Point", "coordinates": [ 179.085681182971115, -8.641536372335766 ] } },
{ "type": "Feature", "properties": { "uid": "ryrqg4wrc4", "rate_time": 2.148, "sig_time": 0.0, "se_time": 0.433, "sce": 58.95, "nsm": null, "valid_obs": 18, "valid_span": 24, "significant": true }, "geometry": { "type": "Point", "coordinates": [ 179.085780741054464, -8.642152351438524 ] } },
{ "type": "Feature", "properties": { "uid": "ryrqg4yk7g", "rate_time": 0.404, "sig_time": 0.011, "se_time": 0.142, "sce": 17.46, "nsm": -1.51, "valid_obs": 19, "valid_span": 25, "significant": true }, "geometry": { "type": "Point", "coordinates": [ 179.085899481517032, -8.641374060880322 ] } },
{ "type": "Feature", "properties": { "uid": "ryrqg4y2y0", "rate_time": 2.582, "sig_time": 0.0, "se_time": 0.367, "sce": 70.43, "nsm": 60.07, "valid_obs": 19, "valid_span": 25, "significant": true }, "geometry": { "type": "Point", "coordinates": [ 179.085999602058166, -8.641990799144342 ] } },
{ "type": "Feature", "properties": { "uid": "ryrqg4yt30", "rate_time": 0.297, "sig_time": 0.024, "se_time": 0.12, "sce": 17.35, "nsm": -1.28, "valid_obs": 19, "valid_span": 25, "significant": true }, "geometry": { "type": "Point", "coordinates": [ 179.086121006723886, -8.64121637052709 ] } },
{ "type": "Feature", "properties": { "uid": "ryrqg4y9eq", "rate_time": 2.575, "sig_time": 0.0, "se_time": 0.433, "sce": 64.95, "nsm": null, "valid_obs": 18, "valid_span": 24, "significant": true }, "geometry": { "type": "Point", "coordinates": [ 179.086217337261928, -8.64182788563647 ] } },
{ "type": "Feature", "properties": { "uid": "ryrqg4ywq0", "rate_time": 0.361, "sig_time": 0.002, "se_time": 0.098, "sce": 14.61, "nsm": 0.68, "valid_obs": 19, "valid_span": 25, "significant": true }, "geometry": { "type": "Point", "coordinates": [ 179.086332451627271, -8.641045688739414 ] } },
{ "type": "Feature", "properties": { "uid": "ryrqg4yf8k", "rate_time": 2.582, "sig_time": 0.0, "se_time": 0.508, "sce": 64.1, "nsm": null, "valid_obs": 17, "valid_span": 23, "significant": true }, "geometry": { "type": "Point", "coordinates": [ 179.086438068912145, -8.641668866326425 ] } },
{ "type": "Feature", "properties": { "uid": "ryrqg4yz5n", "rate_time": 0.503, "sig_time": 0.018, "se_time": 0.192, "sce": 27.98, "nsm": -0.27, "valid_obs": 19, "valid_span": 25, "significant": true }, "geometry": { "type": "Point", "coordinates": [ 179.086550847304295, -8.640883885656434 ] } },
{ "type": "Feature", "properties": { "uid": "ryrqg4ygtd", "rate_time": 2.769, "sig_time": 0.0, "se_time": 0.459, "sce": 64.68, "nsm": null, "valid_obs": 18, "valid_span": 24, "significant": true }, "geometry": { "type": "Point", "coordinates": [ 179.086655065464214, -8.641504841958172 ] } },
{ "type": "Feature", "properties": { "uid": "ryrqg4zpbx", "rate_time": 0.919, "sig_time": 0.099, "se_time": 0.528, "sce": 80.67, "nsm": 1.4, "valid_obs": 20, "valid_span": 25, "significant": false }, "geometry": { "type": "Point", "coordinates": [ 179.086785756274935, -8.640747825691403 ] } },
{ "type": "Feature", "properties": { "uid": "ryrqg4zhd8", "rate_time": 2.603, "sig_time": 0.0, "se_time": 0.433, "sce": 58.27, "nsm": null, "valid_obs": 18, "valid_span": 24, "significant": true }, "geometry": { "type": "Point", "coordinates": [ 179.086875983884084, -8.64134614831125 ] } },
{ "type": "Feature", "properties": { "uid": "ryrqg5p0wn", "rate_time": -0.56, "sig_time": 0.271, "se_time": 0.493, "sce": 60.5, "nsm": -1.55, "valid_obs": 19, "valid_span": 25, "significant": false }, "geometry": { "type": "Point", "coordinates": [ 179.087027900621905, -8.64062569813877 ] } },
{ "type": "Feature", "properties": { "uid": "ryrqg4zjrv", "rate_time": 1.829, "sig_time": 0.018, "se_time": 0.696, "sce": 100.51, "nsm": null, "valid_obs": 18, "valid_span": 24, "significant": true }, "geometry": { "type": "Point", "coordinates": [ 179.087096917960793, -8.641187462251148 ] } },
{ "type": "Feature", "properties": { "uid": "ryrqg4zqm4", "rate_time": 2.47, "sig_time": 0.0, "se_time": 0.356, "sce": 58.3, "nsm": 54.05, "valid_obs": 19, "valid_span": 25, "significant": true }, "geometry": { "type": "Point", "coordinates": [ 179.087322144935484, -8.641035043335412 ] } },
{ "type": "Feature", "properties": { "uid": "ryrqg4zxzv", "rate_time": 3.091, "sig_time": 0.0, "se_time": 0.634, "sce": 121.21, "nsm": 63.86, "valid_obs": 20, "valid_span": 25, "significant": true }, "geometry": { "type": "Point", "coordinates": [ 179.087790984872782, -8.640758688675106 ] } },
{ "type": "Feature", "properties": { "uid": "ryrqg5pbtt", "rate_time": 3.032, "sig_time": 0.0, "se_time": 0.575, "sce": 104.44, "nsm": 62.97, "valid_obs": 20, "valid_span": 25, "significant": true }, "geometry": { "type": "Point", "coordinates": [ 179.088030338809659, -8.640629067818288 ] } },
{ "type": "Feature", "properties": { "uid": "ryrqg701ds", "rate_time": 2.705, "sig_time": 0.0, "se_time": 0.424, "sce": 66.2, "nsm": 61.43, "valid_obs": 19, "valid_span": 25, "significant": true }, "geometry": { "type": "Point", "coordinates": [ 179.088248157218288, -8.64046736721733 ] } },
{ "type": "Feature", "properties": { "uid": "ryrqg7evgm", "rate_time": 1.906, "sig_time": 0.0, "se_time": 0.399, "sce": 55.48, "nsm": 50.98, "valid_obs": 19, "valid_span": 25, "significant": true }, "geometry": { "type": "Point", "coordinates": [ 179.093427302540363, -8.636982470356898 ] } },
{ "type": "Feature", "properties": { "uid": "ryrqg7sn94", "rate_time": 1.83, "sig_time": 0.0, "se_time": 0.41, "sce": 54.39, "nsm": null, "valid_obs": 18, "valid_span": 24, "significant": true }, "geometry": { "type": "Point", "coordinates": [ 179.093674845036134, -8.636869739540941 ] } },
{ "type": "Feature", "properties": { "uid": "ryrqg5pu6t", "rate_time": 0.794, "sig_time": 0.374, "se_time": 0.871, "sce": 134.07, "nsm": 3.34, "valid_obs": 20, "valid_span": 25, "significant": false }, "geometry": { "type": "Point", "coordinates": [ 179.087908650603595, -8.639988785637689 ] } },
{ "type": "Feature", "properties": { "uid": "ryrqg5pet3", "rate_time": 1.588, "sig_time": 0.036, "se_time": 0.701, "sce": 80.37, "nsm": 2.21, "valid_obs": 20, "valid_span": 25, "significant": true }, "geometry": { "type": "Point", "coordinates": [ 179.087682858030746, -8.640140395421501 ] } },
{ "type": "Feature", "properties": { "uid": "ryrqg5pd8h", "rate_time": 0.977, "sig_time": 0.025, "se_time": 0.394, "sce": 66.23, "nsm": 0.65, "valid_obs": 18, "valid_span": 25, "significant": true }, "geometry": { "type": "Point", "coordinates": [ 179.087457175208385, -8.64029187703991 ] } },
{ "type": "Feature", "properties": { "uid": "ryrqg5p3ek", "rate_time": -0.127, "sig_time": 0.771, "se_time": 0.429, "sce": 65.43, "nsm": 0.32, "valid_obs": 18, "valid_span": 25, "significant": false }, "geometry": { "type": "Point", "coordinates": [ 179.087246295802089, -8.640463571434156 ] } },
{ "type": "Feature", "properties": { "uid": "ryrqg7gc06", "rate_time": 0.05, "sig_time": 0.929, "se_time": 0.553, "sce": 61.84, "nsm": 8.08, "valid_obs": 19, "valid_span": 25, "significant": false }, "geometry": { "type": "Point", "coordinates": [ 179.093297545440464, -8.636440218118722 ] } },
{ "type": "Feature", "properties": { "uid": "ryrqg7gcvu", "rate_time": 1.398, "sig_time": 0.044, "se_time": 0.642, "sce": 86.44, "nsm": 10.21, "valid_obs": 19, "valid_span": 25, "significant": true }, "geometry": { "type": "Point", "coordinates": [ 179.093531723280194, -8.636302348381355 ] } },
{ "type": "Feature", "properties": { "uid": "ryrqg7u4e8", "rate_time": 0.389, "sig_time": 0.498, "se_time": 0.562, "sce": 66.44, "nsm": 11.48, "valid_obs": 19, "valid_span": 25, "significant": false }, "geometry": { "type": "Point", "coordinates": [ 179.093782400207203, -8.636196066934698 ] } },
{ "type": "Feature", "properties": { "uid": "ryrqg7spqc", "rate_time": 1.56, "sig_time": 0.001, "se_time": 0.385, "sce": 46.13, "nsm": null, "valid_obs": 17, "valid_span": 23, "significant": true }, "geometry": { "type": "Point", "coordinates": [ 179.093917730900955, -8.636747850517441 ] } },
{ "type": "Feature", "properties": { "uid": "ryrqg7u6ct", "rate_time": 0.838, "sig_time": 0.011, "se_time": 0.292, "sce": 38.76, "nsm": 4.21, "valid_obs": 18, "valid_span": 25, "significant": true }, "geometry": { "type": "Point", "coordinates": [ 179.09404452134666, -8.636122948098766 ] } },
{ "type": "Feature", "properties": { "uid": "ryrqg7u2hh", "rate_time": 1.857, "sig_time": 0.0, "se_time": 0.371, "sce": 77.2, "nsm": 47.1, "valid_obs": 19, "valid_span": 25, "significant": true }, "geometry": { "type": "Point", "coordinates": [ 179.094146163271887, -8.636600723976313 ] } },
{ "type": "Feature", "properties": { "uid": "ryrqg7u7rx", "rate_time": 0.867, "sig_time": 0.051, "se_time": 0.41, "sce": 50.63, "nsm": -1.67, "valid_obs": 18, "valid_span": 25, "significant": false }, "geometry": { "type": "Point", "coordinates": [ 179.094300015344032, -8.636028758323672 ] } },
{ "type": "Feature", "properties": { "uid": "ryrqg7uv3r", "rate_time": -0.177, "sig_time": 0.691, "se_time": 0.437, "sce": 55.09, "nsm": -0.05, "valid_obs": 19, "valid_span": 25, "significant": false }, "geometry": { "type": "Point", "coordinates": [ 179.094720481544925, -8.63568680090183 ] } },
{ "type": "Feature", "properties": { "uid": "ryrqg7ufkw", "rate_time": 2.514, "sig_time": 0.0, "se_time": 0.274, "sce": 76.56, "nsm": 55.9, "valid_obs": 19, "valid_span": 25, "significant": true }, "geometry": { "type": "Point", "coordinates": [ 179.094857310301563, -8.636206242628385 ] } },
{ "type": "Feature", "properties": { "uid": "ryrqg7uyqc", "rate_time": 1.395, "sig_time": 0.021, "se_time": 0.547, "sce": 76.73, "nsm": 0.34, "valid_obs": 19, "valid_span": 25, "significant": true }, "geometry": { "type": "Point", "coordinates": [ 179.094951148195207, -8.635544440557993 ] } },
{ "type": "Feature", "properties": { "uid": "ryrqg7v54k", "rate_time": 2.502, "sig_time": 0.0, "se_time": 0.32, "sce": 63.06, "nsm": 60.28, "valid_obs": 19, "valid_span": 25, "significant": true }, "geometry": { "type": "Point", "coordinates": [ 179.095102809657703, -8.636088654260659 ] } },
{ "type": "Feature", "properties": { "uid": "ryrqg7vph3", "rate_time": -0.303, "sig_time": 0.576, "se_time": 0.533, "sce": 66.96, "nsm": -0.53, "valid_obs": 19, "valid_span": 25, "significant": false }, "geometry": { "type": "Point", "coordinates": [ 179.095192969785359, -8.635419801287377 ] } },
{ "type": "Feature", "properties": { "uid": "ryrqg7vrf1", "rate_time": 1.002, "sig_time": 0.054, "se_time": 0.483, "sce": 81.55, "nsm": 0.45, "valid_obs": 19, "valid_span": 25, "significant": false }, "geometry": { "type": "Point", "coordinates": [ 179.095431106821962, -8.635288566692843 ] } },
{ "type": "Feature", "properties": { "uid": "ryrqgkj2ru", "rate_time": 0.606, "sig_time": 0.0, "se_time": 0.124, "sce": 19.33, "nsm": 2.8, "valid_obs": 18, "valid_span": 25, "significant": true }, "geometry": { "type": "Point", "coordinates": [ 179.095682784092133, -8.635184698935101 ] } },
{ "type": "Feature", "properties": { "uid": "ryrqg7vt5r", "rate_time": 0.296, "sig_time": 0.075, "se_time": 0.156, "sce": 18.98, "nsm": 14.47, "valid_obs": 19, "valid_span": 25, "significant": false }, "geometry": { "type": "Point", "coordinates": [ 179.095834780926822, -8.635728181944421 ] } },
{ "type": "Feature", "properties": { "uid": "ryrqgkj9jm", "rate_time": 0.874, "sig_time": 0.0, "se_time": 0.166, "sce": 30.44, "nsm": 7.86, "valid_obs": 18, "valid_span": 25, "significant": true }, "geometry": { "type": "Point", "coordinates": [ 179.095920937749156, -8.635053036204095 ] } },
{ "type": "Feature", "properties": { "uid": "ryrqg7vvc3", "rate_time": -0.126, "sig_time": 0.703, "se_time": 0.325, "sce": 51.19, "nsm": 3.49, "valid_obs": 20, "valid_span": 25, "significant": false }, "geometry": { "type": "Point", "coordinates": [ 179.096089637967964, -8.635632604910342 ] } },
{ "type": "Feature", "properties": { "uid": "ryrqgkjcek", "rate_time": 0.842, "sig_time": 0.0, "se_time": 0.185, "sce": 35.4, "nsm": 6.17, "valid_obs": 18, "valid_span": 25, "significant": true }, "geometry": { "type": "Point", "coordinates": [ 179.096181361553164, -8.634974714376856 ] } },
{ "type": "Feature", "properties": { "uid": "ryrqg7vyr7", "rate_time": 0.135, "sig_time": 0.459, "se_time": 0.178, "sce": 21.84, "nsm": 9.24, "valid_obs": 20, "valid_span": 25, "significant": false }, "geometry": { "type": "Point", "coordinates": [ 179.096343430562001, -8.635534206130792 ] } },
{ "type": "Feature", "properties": { "uid": "ryrqgkn419", "rate_time": 0.105, "sig_time": 0.854, "se_time": 0.563, "sce": 69.32, "nsm": 5.86, "valid_obs": 20, "valid_span": 25, "significant": false }, "geometry": { "type": "Point", "coordinates": [ 179.096444396413915, -8.634903893705545 ] } },
{ "type": "Feature", "properties": { "uid": "ryrqg7ynvp", "rate_time": 0.118, "sig_time": 0.389, "se_time": 0.134, "sce": 16.5, "nsm": 9.21, "valid_obs": 20, "valid_span": 25, "significant": false }, "geometry": { "type": "Point", "coordinates": [ 179.096594245844216, -8.635428461147832 ] } },
{ "type": "Feature", "properties": { "uid": "ryrqgkn4xr", "rate_time": 0.753, "sig_time": 0.005, "se_time": 0.233, "sce": 27.33, "nsm": 4.27, "valid_obs": 19, "valid_span": 25, "significant": true }, "geometry": { "type": "Point", "coordinates": [ 179.096689097917135, -8.634787112543904 ] } },
{ "type": "Feature", "properties": { "uid": "ryrqg7yrdv", "rate_time": 0.167, "sig_time": 0.248, "se_time": 0.14, "sce": 17.88, "nsm": 9.38, "valid_obs": 20, "valid_span": 25, "significant": false }, "geometry": { "type": "Point", "coordinates": [ 179.096839667057338, -8.635310789996371 ] } },
{ "type": "Feature", "properties": { "uid": "ryrqg7g85j", "rate_time": 0.091, "sig_time": 0.82, "se_time": 0.395, "sce": 54.38, "nsm": 5.11, "valid_obs": 18, "valid_span": 25, "significant": false }, "geometry": { "type": "Point", "coordinates": [ 179.093077568781183, -8.636598830553531 ] } },
{ "type": "Feature", "properties": { "uid": "ryrqg7ermc", "rate_time": 0.977, "sig_time": 0.028, "se_time": 0.404, "sce": 68.44, "nsm": 6.91, "valid_obs": 18, "valid_span": 25, "significant": true }, "geometry": { "type": "Point", "coordinates": [ 179.092851783641521, -8.636750299077363 ] } },
{ "type": "Feature", "properties": { "uid": "ryrqgrmvcf", "rate_time": -0.333, "sig_time": 0.074, "se_time": 0.176, "sce": 30.05, "nsm": -9.58, "valid_obs": 21, "valid_span": 25, "significant": false }, "geometry": { "type": "Point", "coordinates": [ 179.096112584302716, -8.61640193335082 ] } },
{ "type": "Feature", "properties": { "uid": "ryrqgrqnp6", "rate_time": 0.779, "sig_time": 0.014, "se_time": 0.288, "sce": 51.01, "nsm": 12.42, "valid_obs": 21, "valid_span": 25, "significant": true }, "geometry": { "type": "Point", "coordinates": [ 179.09668986785374, -8.616359597818587 ] } },
{ "type": "Feature", "properties": { "uid": "ryrqgrmz3u", "rate_time": -0.263, "sig_time": 0.041, "se_time": 0.12, "sce": 16.88, "nsm": -8.67, "valid_obs": 21, "valid_span": 25, "significant": true }, "geometry": { "type": "Point", "coordinates": [ 179.096106742900588, -8.616131228006275 ] } },
{ "type": "Feature", "properties": { "uid": "ryrqgrtbcr", "rate_time": -0.26, "sig_time": 0.002, "se_time": 0.073, "sce": 12.63, "nsm": -8.5, "valid_obs": 21, "valid_span": 25, "significant": true }, "geometry": { "type": "Point", "coordinates": [ 179.096090323513437, -8.615860546216043 ] } },
{ "type": "Feature", "properties": { "uid": "ryrqgrw1pz", "rate_time": 0.416, "sig_time": 0.005, "se_time": 0.132, "sce": 19.76, "nsm": 4.28, "valid_obs": 20, "valid_span": 25, "significant": true }, "geometry": { "type": "Point", "coordinates": [ 179.096714612028279, -8.61581788797025 ] } },
{ "type": "Feature", "properties": { "uid": "ryrqgrtfd2", "rate_time": -0.24, "sig_time": 0.015, "se_time": 0.09, "sce": 13.74, "nsm": -10.12, "valid_obs": 21, "valid_span": 25, "significant": true }, "geometry": { "type": "Point", "coordinates": [ 179.096136291381896, -8.615595178123924 ] } },
{ "type": "Feature", "properties": { "uid": "ryrqgrw6b3", "rate_time": 0.329, "sig_time": 0.005, "se_time": 0.102, "sce": 16.87, "nsm": 4.98, "valid_obs": 20, "valid_span": 25, "significant": true }, "geometry": { "type": "Point", "coordinates": [ 179.096733730036192, -8.615547377017853 ] } },
{ "type": "Feature", "properties": { "uid": "ryrqgrtuh8", "rate_time": -0.387, "sig_time": 0.195, "se_time": 0.288, "sce": 49.82, "nsm": -9.9, "valid_obs": 21, "valid_span": 25, "significant": false }, "geometry": { "type": "Point", "coordinates": [ 179.096228412479121, -8.615340092935909 ] } },
{ "type": "Feature", "properties": { "uid": "ryrqgrwk2k", "rate_time": 0.257, "sig_time": 0.046, "se_time": 0.12, "sce": 19.05, "nsm": 3.61, "valid_obs": 20, "valid_span": 25, "significant": true }, "geometry": { "type": "Point", "coordinates": [ 179.096734338822671, -8.615276226924047 ] } },
{ "type": "Feature", "properties": { "uid": "ryrqgrtvtc", "rate_time": -0.328, "sig_time": 0.013, "se_time": 0.118, "sce": 14.57, "nsm": -9.48, "valid_obs": 20, "valid_span": 25, "significant": true }, "geometry": { "type": "Point", "coordinates": [ 179.096285967367436, -8.615076237720352 ] } },
{ "type": "Feature", "properties": { "uid": "ryrqgrwmbw", "rate_time": 0.186, "sig_time": 0.227, "se_time": 0.148, "sce": 22.33, "nsm": 1.84, "valid_obs": 20, "valid_span": 25, "significant": false }, "geometry": { "type": "Point", "coordinates": [ 179.096742407500358, -8.615005172096762 ] } },
{ "type": "Feature", "properties": { "uid": "ryrqgrtzjg", "rate_time": -0.44, "sig_time": 0.001, "se_time": 0.112, "sce": 16.93, "nsm": -10.41, "valid_obs": 20, "valid_span": 25, "significant": true }, "geometry": { "type": "Point", "coordinates": [ 179.096287938975735, -8.614806327551614 ] } },
{ "type": "Feature", "properties": { "uid": "ryrqgrwr98", "rate_time": 0.217, "sig_time": 0.147, "se_time": 0.144, "sce": 21.22, "nsm": 1.8, "valid_obs": 20, "valid_span": 25, "significant": false }, "geometry": { "type": "Point", "coordinates": [ 179.096788924547695, -8.614738099123525 ] } },
{ "type": "Feature", "properties": { "uid": "ryrqgrvbtq", "rate_time": -0.375, "sig_time": 0.003, "se_time": 0.107, "sce": 16.07, "nsm": -10.62, "valid_obs": 20, "valid_span": 25, "significant": true }, "geometry": { "type": "Point", "coordinates": [ 179.096264995978032, -8.614536158437563 ] } },
{ "type": "Feature", "properties": { "uid": "ryrqgry353", "rate_time": 0.33, "sig_time": 0.068, "se_time": 0.17, "sce": 21.32, "nsm": 5.83, "valid_obs": 20, "valid_span": 25, "significant": false }, "geometry": { "type": "Point", "coordinates": [ 179.096859303045932, -8.614476184834981 ] } },
{ "type": "Feature", "properties": { "uid": "ryrqgrvfmb", "rate_time": -0.233, "sig_time": 0.015, "se_time": 0.086, "sce": 13.08, "nsm": -8.75, "valid_obs": 20, "valid_span": 25, "significant": true }, "geometry": { "type": "Point", "coordinates": [ 179.096278002311408, -8.614266537026918 ] } },
{ "type": "Feature", "properties": { "uid": "ryrqgry6t1", "rate_time": 0.515, "sig_time": 0.003, "se_time": 0.152, "sce": 20.07, "nsm": 11.66, "valid_obs": 20, "valid_span": 25, "significant": true }, "geometry": { "type": "Point", "coordinates": [ 179.096934914347145, -8.614215662841801 ] } },
{ "type": "Feature", "properties": { "uid": "ryrqgrvgyc", "rate_time": -0.169, "sig_time": 0.04, "se_time": 0.076, "sce": 10.9, "nsm": -7.26, "valid_obs": 20, "valid_span": 25, "significant": true }, "geometry": { "type": "Point", "coordinates": [ 179.096330536429264, -8.614000875843287 ] } },
{ "type": "Feature", "properties": { "uid": "ryrqgrykn5", "rate_time": 0.546, "sig_time": 0.0, "se_time": 0.117, "sce": 18.81, "nsm": 10.93, "valid_obs": 20, "valid_span": 25, "significant": true }, "geometry": { "type": "Point", "coordinates": [ 179.096982455841157, -8.613948839495571 ] } },
{ "type": "Feature", "properties": { "uid": "ryrqgryj2d", "rate_time": -0.18, "sig_time": 0.041, "se_time": 0.082, "sce": 11.97, "nsm": -7.26, "valid_obs": 20, "valid_span": 25, "significant": true }, "geometry": { "type": "Point", "coordinates": [ 179.09640139455027, -8.613739257301452 ] } },
{ "type": "Feature", "properties": { "uid": "ryrqgrymwv", "rate_time": 0.395, "sig_time": 0.003, "se_time": 0.113, "sce": 15.92, "nsm": 6.6, "valid_obs": 20, "valid_span": 25, "significant": true }, "geometry": { "type": "Point", "coordinates": [ 179.097017836026026, -8.613679978405045 ] } },
{ "type": "Feature", "properties": { "uid": "ryrqgrynfd", "rate_time": -0.097, "sig_time": 0.232, "se_time": 0.079, "sce": 10.8, "nsm": -6.37, "valid_obs": 20, "valid_span": 25, "significant": false }, "geometry": { "type": "Point", "coordinates": [ 179.096485610573637, -8.613481381702931 ] } },
{ "type": "Feature", "properties": { "uid": "ryrqgryx0p", "rate_time": 0.393, "sig_time": 0.005, "se_time": 0.122, "sce": 16.78, "nsm": 4.82, "valid_obs": 20, "valid_span": 25, "significant": true }, "geometry": { "type": "Point", "coordinates": [ 179.097068709623187, -8.613413675823187 ] } },
{ "type": "Feature", "properties": { "uid": "ryrr52n0k5", "rate_time": -0.05, "sig_time": 0.521, "se_time": 0.076, "sce": 11.34, "nsm": -5.2, "valid_obs": 20, "valid_span": 25, "significant": false }, "geometry": { "type": "Point", "coordinates": [ 179.096555605843207, -8.613219510132341 ] } },
{ "type": "Feature", "properties": { "uid": "ryrr52n8dp", "rate_time": 0.512, "sig_time": 0.009, "se_time": 0.175, "sce": 25.53, "nsm": 7.27, "valid_obs": 20, "valid_span": 25, "significant": true }, "geometry": { "type": "Point", "coordinates": [ 179.097153962742254, -8.613156568373096 ] } },
{ "type": "Feature", "properties": { "uid": "ryrqgrmu1r", "rate_time": -0.223, "sig_time": 0.018, "se_time": 0.086, "sce": 13.12, "nsm": -9.92, "valid_obs": 20, "valid_span": 25, "significant": true }, "geometry": { "type": "Point", "coordinates": [ 179.096087501257813, -8.616671956262532 ] } },
{ "type": "Feature", "properties": { "uid": "ryrqgrmf8v", "rate_time": -0.239, "sig_time": 0.035, "se_time": 0.105, "sce": 14.48, "nsm": -8.74, "valid_obs": 20, "valid_span": 25, "significant": true }, "geometry": { "type": "Point", "coordinates": [ 179.09607309508533, -8.61694232420256 ] } },
{ "type": "Feature", "properties": { "uid": "ryrqgrmc1e", "rate_time": -0.294, "sig_time": 0.001, "se_time": 0.072, "sce": 11.68, "nsm": -7.02, "valid_obs": 20, "valid_span": 25, "significant": true }, "geometry": { "type": "Point", "coordinates": [ 179.096097482020525, -8.617212159201724 ] } },
{ "type": "Feature", "properties": { "uid": "ryrqgrjzdf", "rate_time": -0.358, "sig_time": 0.0, "se_time": 0.08, "sce": 12.12, "nsm": -8.21, "valid_obs": 20, "valid_span": 25, "significant": true }, "geometry": { "type": "Point", "coordinates": [ 179.0961584876122, -8.617476139937754 ] } },
{ "type": "Feature", "properties": { "uid": "ryrqgrjyh2", "rate_time": -0.458, "sig_time": 0.001, "se_time": 0.117, "sce": 16.01, "nsm": -10.85, "valid_obs": 20, "valid_span": 25, "significant": true }, "geometry": { "type": "Point", "coordinates": [ 179.096223881261096, -8.617739119613169 ] } },
{ "type": "Feature", "properties": { "uid": "ryrqgrjumn", "rate_time": -0.386, "sig_time": 0.002, "se_time": 0.108, "sce": 17.77, "nsm": -8.46, "valid_obs": 20, "valid_span": 25, "significant": true }, "geometry": { "type": "Point", "coordinates": [ 179.096255534082616, -8.618008448066114 ] } },
{ "type": "Feature", "properties": { "uid": "ryrqgrjfvu", "rate_time": -0.236, "sig_time": 0.009, "se_time": 0.08, "sce": 9.7, "nsm": -6.39, "valid_obs": 20, "valid_span": 25, "significant": true }, "geometry": { "type": "Point", "coordinates": [ 179.096281402578711, -8.618278314788519 ] } },
{ "type": "Feature", "properties": { "uid": "ryrqgrjcqf", "rate_time": -0.238, "sig_time": 0.311, "se_time": 0.229, "sce": 36.0, "nsm": -5.85, "valid_obs": 20, "valid_span": 25, "significant": false }, "geometry": { "type": "Point", "coordinates": [ 179.09632881990305, -8.618545307146277 ] } },
{ "type": "Feature", "properties": { "uid": "ryrqgqypb3", "rate_time": -0.251, "sig_time": 0.039, "se_time": 0.113, "sce": 15.96, "nsm": -7.84, "valid_obs": 20, "valid_span": 25, "significant": true }, "geometry": { "type": "Point", "coordinates": [ 179.096392584403617, -8.618808949686221 ] } },
{ "type": "Feature", "properties": { "uid": "ryrqgqyn63", "rate_time": -0.477, "sig_time": 0.0, "se_time": 0.093, "sce": 13.55, "nsm": -12.74, "valid_obs": 20, "valid_span": 25, "significant": true }, "geometry": { "type": "Point", "coordinates": [ 179.096476692340673, -8.619066782648932 ] } },
{ "type": "Feature", "properties": { "uid": "ryrqgqyhgb", "rate_time": -0.488, "sig_time": 0.0, "se_time": 0.105, "sce": 14.2, "nsm": -11.05, "valid_obs": 20, "valid_span": 25, "significant": true }, "geometry": { "type": "Point", "coordinates": [ 179.09654252857905, -8.619329927538042 ] } },
{ "type": "Feature", "properties": { "uid": "ryrqgqxh23", "rate_time": 0.948, "sig_time": 0.0, "se_time": 0.171, "sce": 29.91, "nsm": 17.56, "valid_obs": 21, "valid_span": 25, "significant": true }, "geometry": { "type": "Point", "coordinates": [ 179.097768063037421, -8.620781739167947 ] } },
{ "type": "Feature", "properties": { "uid": "ryrqgqwvy3", "rate_time": 0.704, "sig_time": 0.001, "se_time": 0.17, "sce": 25.72, "nsm": 8.92, "valid_obs": 21, "valid_span": 25, "significant": true }, "geometry": { "type": "Point", "coordinates": [ 179.097675992133475, -8.620527241004204 ] } },
{ "type": "Feature", "properties": { "uid": "ryrqgqwzk3", "rate_time": 0.782, "sig_time": 0.0, "se_time": 0.15, "sce": 25.66, "nsm": 12.1, "valid_obs": 21, "valid_span": 25, "significant": true }, "geometry": { "type": "Point", "coordinates": [ 179.097593739724687, -8.620268755085904 ] } },
{ "type": "Feature", "properties": { "uid": "ryrqgqyb9z", "rate_time": 0.834, "sig_time": 0.0, "se_time": 0.141, "sce": 22.68, "nsm": 14.59, "valid_obs": 21, "valid_span": 25, "significant": true }, "geometry": { "type": "Point", "coordinates": [ 179.097486879520318, -8.620020279310266 ] } },
{ "type": "Feature", "properties": { "uid": "ryrqgqydnu", "rate_time": 0.879, "sig_time": 0.0, "se_time": 0.152, "sce": 24.62, "nsm": 14.34, "valid_obs": 21, "valid_span": 25, "significant": true }, "geometry": { "type": "Point", "coordinates": [ 179.097360708164445, -8.619779966176782 ] } },
{ "type": "Feature", "properties": { "uid": "ryrqgqyes1", "rate_time": 0.886, "sig_time": 0.0, "se_time": 0.204, "sce": 31.68, "nsm": 17.6, "valid_obs": 21, "valid_span": 25, "significant": true }, "geometry": { "type": "Point", "coordinates": [ 179.097241047041223, -8.619536346927662 ] } },
{ "type": "Feature", "properties": { "uid": "ryrqgqyt18", "rate_time": 0.646, "sig_time": 0.001, "se_time": 0.157, "sce": 23.44, "nsm": 11.22, "valid_obs": 20, "valid_span": 25, "significant": true }, "geometry": { "type": "Point", "coordinates": [ 179.097131525413005, -8.61928844491014 ] } },
{ "type": "Feature", "properties": { "uid": "ryrqgqyqxb", "rate_time": 0.682, "sig_time": 0.0, "se_time": 0.158, "sce": 30.06, "nsm": 7.32, "valid_obs": 20, "valid_span": 25, "significant": true }, "geometry": { "type": "Point", "coordinates": [ 179.097052483666317, -8.619028925852964 ] } },
{ "type": "Feature", "properties": { "uid": "ryrqgrn2jb", "rate_time": 0.895, "sig_time": 0.008, "se_time": 0.302, "sce": 57.36, "nsm": 10.96, "valid_obs": 20, "valid_span": 25, "significant": true }, "geometry": { "type": "Point", "coordinates": [ 179.096972386056507, -8.618769728966274 ] } },
{ "type": "Feature", "properties": { "uid": "ryrqgrn3eb", "rate_time": 0.608, "sig_time": 0.0, "se_time": 0.121, "sce": 17.61, "nsm": 10.77, "valid_obs": 19, "valid_span": 25, "significant": true }, "geometry": { "type": "Point", "coordinates": [ 179.096880958918433, -8.618514375573302 ] } },
{ "type": "Feature", "properties": { "uid": "ryrqgrn74d", "rate_time": 0.614, "sig_time": 0.0, "se_time": 0.106, "sce": 16.63, "nsm": 10.42, "valid_obs": 19, "valid_span": 25, "significant": true }, "geometry": { "type": "Point", "coordinates": [ 179.096829707327771, -8.618248036328705 ] } },
{ "type": "Feature", "properties": { "uid": "ryrqgrnk9u", "rate_time": 0.588, "sig_time": 0.0, "se_time": 0.132, "sce": 19.79, "nsm": 9.15, "valid_obs": 19, "valid_span": 25, "significant": true }, "geometry": { "type": "Point", "coordinates": [ 179.096797593661137, -8.617978749733238 ] } },
{ "type": "Feature", "properties": { "uid": "ryrqgrnq1n", "rate_time": 0.782, "sig_time": 0.043, "se_time": 0.36, "sce": 68.23, "nsm": 7.55, "valid_obs": 20, "valid_span": 25, "significant": true }, "geometry": { "type": "Point", "coordinates": [ 179.096765641677649, -8.61770944119414 ] } },
{ "type": "Feature", "properties": { "uid": "ryrqgrnrb2", "rate_time": 0.871, "sig_time": 0.023, "se_time": 0.352, "sce": 61.15, "nsm": 9.88, "valid_obs": 21, "valid_span": 25, "significant": true }, "geometry": { "type": "Point", "coordinates": [ 179.096729225228444, -8.617440695162712 ] } },
{ "type": "Feature", "properties": { "uid": "ryrqgrq1r6", "rate_time": 0.709, "sig_time": 0.0, "se_time": 0.161, "sce": 31.35, "nsm": 11.56, "valid_obs": 21, "valid_span": 25, "significant": true }, "geometry": { "type": "Point", "coordinates": [ 179.096693153482903, -8.617171902453626 ] } },
{ "type": "Feature", "properties": { "uid": "ryrqgrq4yv", "rate_time": 0.704, "sig_time": 0.0, "se_time": 0.163, "sce": 28.22, "nsm": 11.51, "valid_obs": 21, "valid_span": 25, "significant": true }, "geometry": { "type": "Point", "coordinates": [ 179.096671819443827, -8.616901569309073 ] } },
{ "type": "Feature", "properties": { "uid": "ryrqgrqhrp", "rate_time": 0.767, "sig_time": 0.0, "se_time": 0.14, "sce": 23.21, "nsm": 12.88, "valid_obs": 21, "valid_span": 25, "significant": true }, "geometry": { "type": "Point", "coordinates": [ 179.096677544308278, -8.616630497629453 ] } },
{ "type": "Feature", "properties": { "uid": "ryrqgqy5jx", "rate_time": -0.337, "sig_time": 0.0, "se_time": 0.077, "sce": 10.71, "nsm": -6.35, "valid_obs": 20, "valid_span": 25, "significant": true }, "geometry": { "type": "Point", "coordinates": [ 179.096612332086721, -8.619592057340641 ] } },
{ "type": "Feature", "properties": { "uid": "ryrqgqy1zb", "rate_time": -0.412, "sig_time": 0.0, "se_time": 0.083, "sce": 12.39, "nsm": -8.32, "valid_obs": 20, "valid_span": 25, "significant": true }, "geometry": { "type": "Point", "coordinates": [ 179.096709964689182, -8.619844940999309 ] } },
{ "type": "Feature", "properties": { "uid": "ryrqgqy23b", "rate_time": -0.567, "sig_time": 0.0, "se_time": 0.125, "sce": 24.39, "nsm": -8.61, "valid_obs": 20, "valid_span": 25, "significant": true }, "geometry": { "type": "Point", "coordinates": [ 179.096797290129615, -8.620101552383776 ] } },
{ "type": "Feature", "properties": { "uid": "ryrqgqwqer", "rate_time": -0.064, "sig_time": 0.821, "se_time": 0.282, "sce": 42.11, "nsm": -7.45, "valid_obs": 20, "valid_span": 25, "significant": false }, "geometry": { "type": "Point", "coordinates": [ 179.096865711726736, -8.620363951308088 ] } },
{ "type": "Feature", "properties": { "uid": "ryrqgqwmjp", "rate_time": -0.358, "sig_time": 0.0, "se_time": 0.08, "sce": 10.76, "nsm": -7.49, "valid_obs": 19, "valid_span": 25, "significant": true }, "geometry": { "type": "Point", "coordinates": [ 179.096941435463407, -8.620624394778114 ] } },
{ "type": "Feature", "properties": { "uid": "ryrqgqw7z8", "rate_time": -0.671, "sig_time": 0.004, "se_time": 0.204, "sce": 39.77, "nsm": -8.54, "valid_obs": 20, "valid_span": 25, "significant": true }, "geometry": { "type": "Point", "coordinates": [ 179.097041343174567, -8.620876358457769 ] } },
{ "type": "Feature", "properties": { "uid": "ryrqgqwd3c", "rate_time": -0.268, "sig_time": 0.171, "se_time": 0.188, "sce": 28.5, "nsm": -6.48, "valid_obs": 21, "valid_span": 25, "significant": false }, "geometry": { "type": "Point", "coordinates": [ 179.097139331631837, -8.62112931102862 ] } },
{ "type": "Feature", "properties": { "uid": "ryrqgqw8u4", "rate_time": -0.375, "sig_time": 0.0, "se_time": 0.088, "sce": 13.64, "nsm": -6.11, "valid_obs": 21, "valid_span": 25, "significant": true }, "geometry": { "type": "Point", "coordinates": [ 179.097242813253217, -8.621379990143716 ] } },
{ "type": "Feature", "properties": { "uid": "ryrqgqqxrj", "rate_time": -0.396, "sig_time": 0.0, "se_time": 0.089, "sce": 13.71, "nsm": -6.48, "valid_obs": 21, "valid_span": 25, "significant": true }, "geometry": { "type": "Point", "coordinates": [ 179.097370487204273, -8.621619539049778 ] } },
{ "type": "Feature", "properties": { "uid": "ryrqgqqy40", "rate_time": -0.396, "sig_time": 0.0, "se_time": 0.087, "sce": 12.97, "nsm": -6.56, "valid_obs": 21, "valid_span": 25, "significant": true }, "geometry": { "type": "Point", "coordinates": [ 179.097497834453037, -8.621859255057 ] } },
{ "type": "Feature", "properties": { "uid": "ryrqgqquth", "rate_time": -0.452, "sig_time": 0.0, "se_time": 0.083, "sce": 13.35, "nsm": -8.21, "valid_obs": 21, "valid_span": 25, "significant": true }, "geometry": { "type": "Point", "coordinates": [ 179.0976216308826, -8.622100125488199 ] } },
{ "type": "Feature", "properties": { "uid": "ryrqgqqgph", "rate_time": -0.368, "sig_time": 0.0, "se_time": 0.076, "sce": 10.13, "nsm": -8.08, "valid_obs": 21, "valid_span": 25, "significant": true }, "geometry": { "type": "Point", "coordinates": [ 179.097711015487619, -8.622356108348296 ] } },
{ "type": "Feature", "properties": { "uid": "ryrqgqr18e", "rate_time": -0.388, "sig_time": 0.0, "se_time": 0.074, "sce": 11.22, "nsm": -9.69, "valid_obs": 21, "valid_span": 25, "significant": true }, "geometry": { "type": "Point", "coordinates": [ 179.09777995968264, -8.62261846355703 ] } },
{ "type": "Feature", "properties": { "uid": "ryrqgqx4gk", "rate_time": 0.926, "sig_time": 0.0, "se_time": 0.166, "sce": 28.56, "nsm": 15.86, "valid_obs": 21, "valid_span": 25, "significant": true }, "geometry": { "type": "Point", "coordinates": [ 179.09788982702679, -8.621024093209043 ] } },
{ "type": "Feature", "properties": { "uid": "ryrqgkn7mh", "rate_time": 0.61, "sig_time": 0.001, "se_time": 0.157, "sce": 19.18, "nsm": 2.93, "valid_obs": 19, "valid_span": 25, "significant": true }, "geometry": { "type": "Point", "coordinates": [ 179.096935146493649, -8.634670639246457 ] } },
{ "type": "Feature", "properties": { "uid": "ryrqgkn82e", "rate_time": 0.075, "sig_time": 0.392, "se_time": 0.086, "sce": 8.97, "nsm": 5.11, "valid_obs": 20, "valid_span": 25, "significant": false }, "geometry": { "type": "Point", "coordinates": [ 179.097083804255817, -8.63519086484461 ] } },
{ "type": "Feature", "properties": { "uid": "ryrqgkns4r", "rate_time": 0.438, "sig_time": 0.019, "se_time": 0.169, "sce": 17.83, "nsm": -1.36, "valid_obs": 19, "valid_span": 25, "significant": true }, "geometry": { "type": "Point", "coordinates": [ 179.097163668358746, -8.634525335903415 ] } },
{ "type": "Feature", "properties": { "uid": "ryrqgkn8ym", "rate_time": -0.063, "sig_time": 0.724, "se_time": 0.177, "sce": 31.16, "nsm": 2.93, "valid_obs": 20, "valid_span": 25, "significant": false }, "geometry": { "type": "Point", "coordinates": [ 179.097338293054122, -8.635093928077369 ] } },
{ "type": "Feature", "properties": { "uid": "ryrqgkntpq", "rate_time": 0.333, "sig_time": 0.018, "se_time": 0.128, "sce": 13.94, "nsm": -0.26, "valid_obs": 19, "valid_span": 25, "significant": true }, "geometry": { "type": "Point", "coordinates": [ 179.097382047951356, -8.634363267092963 ] } },
{ "type": "Feature", "properties": { "uid": "ryrqgknckr", "rate_time": -0.385, "sig_time": 0.283, "se_time": 0.348, "sce": 56.03, "nsm": -0.63, "valid_obs": 20, "valid_span": 25, "significant": false }, "geometry": { "type": "Point", "coordinates": [ 179.097593174873793, -8.634998080569302 ] } },
{ "type": "Feature", "properties": { "uid": "ryrqgknyhm", "rate_time": 0.237, "sig_time": 0.028, "se_time": 0.099, "sce": 11.38, "nsm": -1.17, "valid_obs": 19, "valid_span": 25, "significant": true }, "geometry": { "type": "Point", "coordinates": [ 179.097596516895152, -8.634196024523309 ] } },
{ "type": "Feature", "properties": { "uid": "ryrqgkpp1k", "rate_time": 0.101, "sig_time": 0.17, "se_time": 0.07, "sce": 8.28, "nsm": -2.67, "valid_obs": 19, "valid_span": 25, "significant": false }, "geometry": { "type": "Point", "coordinates": [ 179.097810757689274, -8.634028452570478 ] } },
{ "type": "Feature", "properties": { "uid": "ryrqgkp1fq", "rate_time": -0.195, "sig_time": 0.098, "se_time": 0.111, "sce": 15.48, "nsm": 1.23, "valid_obs": 19, "valid_span": 25, "significant": false }, "geometry": { "type": "Point", "coordinates": [ 179.097854239653714, -8.634920369699636 ] } },
{ "type": "Feature", "properties": { "uid": "ryrqgkp62s", "rate_time": -0.186, "sig_time": 0.14, "se_time": 0.12, "sce": 15.67, "nsm": 1.09, "valid_obs": 19, "valid_span": 25, "significant": false }, "geometry": { "type": "Point", "coordinates": [ 179.098115155921334, -8.634842166764992 ] } },
{ "type": "Feature", "properties": { "uid": "ryrqgkp6yd", "rate_time": -0.229, "sig_time": 0.047, "se_time": 0.107, "sce": 12.52, "nsm": 1.04, "valid_obs": 19, "valid_span": 25, "significant": true }, "geometry": { "type": "Point", "coordinates": [ 179.098377095876515, -8.634767446700438 ] } },
{ "type": "Feature", "properties": { "uid": "ryrqgkpehv", "rate_time": -0.183, "sig_time": 0.043, "se_time": 0.084, "sce": 9.49, "nsm": 1.06, "valid_obs": 19, "valid_span": 25, "significant": true }, "geometry": { "type": "Point", "coordinates": [ 179.098643468748804, -8.634710510752472 ] } },
{ "type": "Feature", "properties": { "uid": "ryrqgkpgdf", "rate_time": -0.756, "sig_time": 0.002, "se_time": 0.211, "sce": 33.58, "nsm": -26.33, "valid_obs": 19, "valid_span": 25, "significant": true }, "geometry": { "type": "Point", "coordinates": [ 179.098906116817261, -8.634638536510835 ] } },
{ "type": "Feature", "properties": { "uid": "ryrqgs0h0g", "rate_time": -0.605, "sig_time": 0.003, "se_time": 0.167, "sce": 19.36, "nsm": null, "valid_obs": 17, "valid_span": 23, "significant": true }, "geometry": { "type": "Point", "coordinates": [ 179.099163904213469, -8.634550863037456 ] } },
{ "type": "Feature", "properties": { "uid": "ryrqgs0hx1", "rate_time": -0.874, "sig_time": 0.0, "se_time": 0.19, "sce": 24.0, "nsm": null, "valid_obs": 17, "valid_span": 23, "significant": true }, "geometry": { "type": "Point", "coordinates": [ 179.099424778607755, -8.634472825949317 ] } },
{ "type": "Feature", "properties": { "uid": "ryrqgs0kvk", "rate_time": 1.06, "sig_time": 0.019, "se_time": 0.401, "sce": 48.41, "nsm": null, "valid_obs": 17, "valid_span": 23, "significant": true }, "geometry": { "type": "Point", "coordinates": [ 179.099691124973361, -8.634416359898379 ] } },
{ "type": "Feature", "properties": { "uid": "ryrqgs1jwr", "rate_time": 1.767, "sig_time": 0.001, "se_time": 0.405, "sce": 43.99, "nsm": null, "valid_obs": 16, "valid_span": 21, "significant": true }, "geometry": { "type": "Point", "coordinates": [ 179.100770588655848, -8.634270083864084 ] } },
{ "type": "Feature", "properties": { "uid": "ryrqgs1muc", "rate_time": -0.825, "sig_time": 0.002, "se_time": 0.218, "sce": 28.48, "nsm": null, "valid_obs": 16, "valid_span": 21, "significant": true }, "geometry": { "type": "Point", "coordinates": [ 179.101042814879037, -8.634259717744671 ] } },
{ "type": "Feature", "properties": { "uid": "ryrqgs1w50", "rate_time": -0.878, "sig_time": 0.202, "se_time": 0.659, "sce": 82.18, "nsm": null, "valid_obs": 17, "valid_span": 21, "significant": false }, "geometry": { "type": "Point", "coordinates": [ 179.101311833457316, -8.634221775989602 ] } },
{ "type": "Feature", "properties": { "uid": "ryrr52qbhu", "rate_time": 0.816, "sig_time": 0.034, "se_time": 0.356, "sce": 54.68, "nsm": 14.36, "valid_obs": 20, "valid_span": 25, "significant": true }, "geometry": { "type": "Point", "coordinates": [ 179.097618483014543, -8.611885973154171 ] } },
{ "type": "Feature", "properties": { "uid": "ryrr52r12q", "rate_time": 0.307, "sig_time": 0.413, "se_time": 0.366, "sce": 55.99, "nsm": 6.51, "valid_obs": 20, "valid_span": 25, "significant": false }, "geometry": { "type": "Point", "coordinates": [ 179.097766575153258, -8.611659775072924 ] } },
{ "type": "Feature", "properties": { "uid": "ryrr52r4sn", "rate_time": -0.194, "sig_time": 0.651, "se_time": 0.423, "sce": 65.22, "nsm": 6.4, "valid_obs": 20, "valid_span": 25, "significant": false }, "geometry": { "type": "Point", "coordinates": [ 179.097928450163749, -8.611441698109141 ] } },
{ "type": "Feature", "properties": { "uid": "ryrr52r7bp", "rate_time": 0.405, "sig_time": 0.031, "se_time": 0.172, "sce": 29.25, "nsm": 5.58, "valid_obs": 19, "valid_span": 25, "significant": true }, "geometry": { "type": "Point", "coordinates": [ 179.098091254911282, -8.611224581303986 ] } },
{ "type": "Feature", "properties": { "uid": "ryrr52rm76", "rate_time": 0.254, "sig_time": 0.121, "se_time": 0.155, "sce": 21.65, "nsm": 3.43, "valid_obs": 19, "valid_span": 25, "significant": false }, "geometry": { "type": "Point", "coordinates": [ 179.098233477828018, -8.610993364553682 ] } },
{ "type": "Feature", "properties": { "uid": "ryrr52rxfp", "rate_time": 0.066, "sig_time": 0.588, "se_time": 0.119, "sce": 17.9, "nsm": 2.79, "valid_obs": 19, "valid_span": 25, "significant": false }, "geometry": { "type": "Point", "coordinates": [ 179.098528342731015, -8.610538108600789 ] } },
{ "type": "Feature", "properties": { "uid": "ryrr52x9nn", "rate_time": 0.045, "sig_time": 0.735, "se_time": 0.13, "sce": 20.09, "nsm": -1.28, "valid_obs": 19, "valid_span": 25, "significant": false }, "geometry": { "type": "Point", "coordinates": [ 179.098699813197726, -8.610327377415405 ] } },
{ "type": "Feature", "properties": { "uid": "ryrr52xf6k", "rate_time": 0.09, "sig_time": 0.517, "se_time": 0.137, "sce": 20.73, "nsm": 2.41, "valid_obs": 19, "valid_span": 25, "significant": false }, "geometry": { "type": "Point", "coordinates": [ 179.09888130301789, -8.610125430232484 ] } },
{ "type": "Feature", "properties": { "uid": "ryrr52xgqz", "rate_time": -0.142, "sig_time": 0.511, "se_time": 0.211, "sce": 28.82, "nsm": -6.7, "valid_obs": 19, "valid_span": 25, "significant": false }, "geometry": { "type": "Point", "coordinates": [ 179.099075987556745, -8.609935708371104 ] } },
{ "type": "Feature", "properties": { "uid": "ryrr588hed", "rate_time": -0.334, "sig_time": 0.31, "se_time": 0.319, "sce": 46.34, "nsm": -11.47, "valid_obs": 19, "valid_span": 25, "significant": false }, "geometry": { "type": "Point", "coordinates": [ 179.099274644126353, -8.609750199082454 ] } },
{ "type": "Feature", "properties": { "uid": "ryrr588jxy", "rate_time": -0.334, "sig_time": 0.278, "se_time": 0.297, "sce": 43.2, "nsm": -10.85, "valid_obs": 19, "valid_span": 25, "significant": false }, "geometry": { "type": "Point", "coordinates": [ 179.099463710737496, -8.609555008140145 ] } },
{ "type": "Feature", "properties": { "uid": "ryrr588quh", "rate_time": -0.25, "sig_time": 0.292, "se_time": 0.23, "sce": 29.58, "nsm": -9.13, "valid_obs": 19, "valid_span": 25, "significant": false }, "geometry": { "type": "Point", "coordinates": [ 179.099641315555829, -8.609349368900377 ] } },
{ "type": "Feature", "properties": { "uid": "ryrr58b80h", "rate_time": -0.095, "sig_time": 0.674, "se_time": 0.221, "sce": 24.21, "nsm": -7.14, "valid_obs": 19, "valid_span": 25, "significant": false }, "geometry": { "type": "Point", "coordinates": [ 179.09981087276509, -8.609137103002899 ] } },
{ "type": "Feature", "properties": { "uid": "ryrr58b97w", "rate_time": -0.04, "sig_time": 0.872, "se_time": 0.245, "sce": 26.28, "nsm": -7.31, "valid_obs": 19, "valid_span": 25, "significant": false }, "geometry": { "type": "Point", "coordinates": [ 179.09995855647287, -8.608910867171696 ] } },
{ "type": "Feature", "properties": { "uid": "ryrr58bdyh", "rate_time": 0.131, "sig_time": 0.607, "se_time": 0.25, "sce": 30.35, "nsm": -4.96, "valid_obs": 19, "valid_span": 25, "significant": false }, "geometry": { "type": "Point", "coordinates": [ 179.100072529918663, -8.608664740700453 ] } },
{ "type": "Feature", "properties": { "uid": "ryrr5911qj", "rate_time": 2.749, "sig_time": 0.004, "se_time": 0.852, "sce": 121.45, "nsm": 65.74, "valid_obs": 21, "valid_span": 25, "significant": true }, "geometry": { "type": "Point", "coordinates": [ 179.100761587122548, -8.607545791226228 ] } },
{ "type": "Feature", "properties": { "uid": "ryrr59147r", "rate_time": 2.912, "sig_time": 0.002, "se_time": 0.835, "sce": 119.82, "nsm": 72.43, "valid_obs": 21, "valid_span": 25, "significant": true }, "geometry": { "type": "Point", "coordinates": [ 179.100640037097662, -8.607362390559492 ] } },
{ "type": "Feature", "properties": { "uid": "ryrr590fm5", "rate_time": 2.771, "sig_time": 0.002, "se_time": 0.748, "sce": 95.46, "nsm": 60.0, "valid_obs": 21, "valid_span": 25, "significant": true }, "geometry": { "type": "Point", "coordinates": [ 179.100371955337238, -8.607385377779059 ] } },
{ "type": "Feature", "properties": { "uid": "ryrr5909xd", "rate_time": 3.148, "sig_time": 0.0, "se_time": 0.562, "sce": 135.82, "nsm": 48.33, "valid_obs": 21, "valid_span": 25, "significant": true }, "geometry": { "type": "Point", "coordinates": [ 179.100137308728534, -8.607517386582476 ] } },
{ "type": "Feature", "properties": { "uid": "ryrr58bwbr", "rate_time": 0.325, "sig_time": 0.036, "se_time": 0.144, "sce": 23.99, "nsm": -1.93, "valid_obs": 21, "valid_span": 25, "significant": true }, "geometry": { "type": "Point", "coordinates": [ 179.099827609092131, -8.607963049065448 ] } },
{ "type": "Feature", "properties": { "uid": "ryrr58bmsv", "rate_time": 0.111, "sig_time": 0.455, "se_time": 0.146, "sce": 22.54, "nsm": -0.95, "valid_obs": 21, "valid_span": 25, "significant": false }, "geometry": { "type": "Point", "coordinates": [ 179.099673026924734, -8.608186362580749 ] } },
{ "type": "Feature", "properties": { "uid": "ryrr58bk3j", "rate_time": 0.204, "sig_time": 0.012, "se_time": 0.074, "sce": 9.74, "nsm": 1.86, "valid_obs": 21, "valid_span": 25, "significant": true }, "geometry": { "type": "Point", "coordinates": [ 179.099507913406399, -8.608401618591341 ] } },
{ "type": "Feature", "properties": { "uid": "ryrr58b5jj", "rate_time": 0.01, "sig_time": 0.893, "se_time": 0.075, "sce": 11.33, "nsm": -2.95, "valid_obs": 21, "valid_span": 25, "significant": false }, "geometry": { "type": "Point", "coordinates": [ 179.099345235392292, -8.60861913900523 ] } },
{ "type": "Feature", "properties": { "uid": "ryrr58b1cm", "rate_time": -0.008, "sig_time": 0.905, "se_time": 0.067, "sce": 10.88, "nsm": -0.16, "valid_obs": 21, "valid_span": 25, "significant": false }, "geometry": { "type": "Point", "coordinates": [ 179.099176631272314, -8.608832107980515 ] } },
{ "type": "Feature", "properties": { "uid": "ryrr52zbtn", "rate_time": 0.24, "sig_time": 0.014, "se_time": 0.089, "sce": 15.23, "nsm": 1.3, "valid_obs": 21, "valid_span": 25, "significant": true }, "geometry": { "type": "Point", "coordinates": [ 179.099002491007724, -8.609040670138285 ] } },
{ "type": "Feature", "properties": { "uid": "ryrr52xz3p", "rate_time": 0.189, "sig_time": 0.037, "se_time": 0.084, "sce": 13.97, "nsm": 0.23, "valid_obs": 21, "valid_span": 25, "significant": true }, "geometry": { "type": "Point", "coordinates": [ 179.098826052437687, -8.609247316755217 ] } },
{ "type": "Feature", "properties": { "uid": "ryrr52xwm0", "rate_time": 0.119, "sig_time": 0.198, "se_time": 0.089, "sce": 10.87, "nsm": -3.09, "valid_obs": 21, "valid_span": 25, "significant": false }, "geometry": { "type": "Point", "coordinates": [ 179.098654355803092, -8.609457867592049 ] } },
{ "type": "Feature", "properties": { "uid": "ryrr52xt11", "rate_time": 0.214, "sig_time": 0.528, "se_time": 0.333, "sce": 68.27, "nsm": -4.84, "valid_obs": 21, "valid_span": 25, "significant": false }, "geometry": { "type": "Point", "coordinates": [ 179.098485341664912, -8.609670506232391 ] } },
{ "type": "Feature", "properties": { "uid": "ryrr52x1m3", "rate_time": 0.132, "sig_time": 0.059, "se_time": 0.065, "sce": 7.86, "nsm": -3.35, "valid_obs": 18, "valid_span": 25, "significant": false }, "geometry": { "type": "Point", "coordinates": [ 179.097982377381925, -8.610311504902793 ] } },
{ "type": "Feature", "properties": { "uid": "ryrr52rpcz", "rate_time": 0.182, "sig_time": 0.014, "se_time": 0.065, "sce": 10.2, "nsm": 1.46, "valid_obs": 18, "valid_span": 25, "significant": true }, "geometry": { "type": "Point", "coordinates": [ 179.097833381943076, -8.610538502706772 ] } },
{ "type": "Feature", "properties": { "uid": "ryrqgqr04g", "rate_time": -0.505, "sig_time": 0.0, "se_time": 0.089, "sce": 12.82, "nsm": -12.28, "valid_obs": 21, "valid_span": 25, "significant": true }, "geometry": { "type": "Point", "coordinates": [ 179.097866625971761, -8.622875279497135 ] } },
{ "type": "Feature", "properties": { "uid": "ryrqgqpntm", "rate_time": -0.478, "sig_time": 0.0, "se_time": 0.095, "sce": 14.13, "nsm": -9.76, "valid_obs": 21, "valid_span": 25, "significant": true }, "geometry": { "type": "Point", "coordinates": [ 179.09798298953919, -8.623120487733296 ] } },
{ "type": "Feature", "properties": { "uid": "ryrqgqx1w9", "rate_time": 0.863, "sig_time": 0.0, "se_time": 0.167, "sce": 27.92, "nsm": 15.64, "valid_obs": 21, "valid_span": 25, "significant": true }, "geometry": { "type": "Point", "coordinates": [ 179.098030007827987, -8.621256394230615 ] } },
{ "type": "Feature", "properties": { "uid": "ryrqgqpm3h", "rate_time": -0.557, "sig_time": 0.0, "se_time": 0.097, "sce": 15.34, "nsm": -8.3, "valid_obs": 21, "valid_span": 25, "significant": true }, "geometry": { "type": "Point", "coordinates": [ 179.098139280772216, -8.623342589409349 ] } },
{ "type": "Feature", "properties": { "uid": "ryrqgqx24p", "rate_time": 0.892, "sig_time": 0.0, "se_time": 0.172, "sce": 26.11, "nsm": 16.42, "valid_obs": 21, "valid_span": 25, "significant": true }, "geometry": { "type": "Point", "coordinates": [ 179.098184980567964, -8.621479419479984 ] } },
{ "type": "Feature", "properties": { "uid": "ryrqgqp7gz", "rate_time": -0.499, "sig_time": 0.0, "se_time": 0.099, "sce": 15.02, "nsm": -9.17, "valid_obs": 21, "valid_span": 25, "significant": true }, "geometry": { "type": "Point", "coordinates": [ 179.098257781573807, -8.62358577168194 ] } },
{ "type": "Feature", "properties": { "uid": "ryrqgqrqvs", "rate_time": 0.945, "sig_time": 0.0, "se_time": 0.178, "sce": 27.01, "nsm": 17.22, "valid_obs": 21, "valid_span": 25, "significant": true }, "geometry": { "type": "Point", "coordinates": [ 179.098329999566886, -8.621708986160069 ] } },
{ "type": "Feature", "properties": { "uid": "ryrqgqp6w9", "rate_time": -0.592, "sig_time": 0.0, "se_time": 0.134, "sce": 21.47, "nsm": -13.26, "valid_obs": 21, "valid_span": 25, "significant": true }, "geometry": { "type": "Point", "coordinates": [ 179.098371424550663, -8.623832086575067 ] } },
{ "type": "Feature", "properties": { "uid": "ryrqgqrt2r", "rate_time": 1.045, "sig_time": 0.0, "se_time": 0.184, "sce": 28.0, "nsm": 19.84, "valid_obs": 21, "valid_span": 25, "significant": true }, "geometry": { "type": "Point", "coordinates": [ 179.098449470958258, -8.621952382257406 ] } },
{ "type": "Feature", "properties": { "uid": "ryrqgqp91t", "rate_time": -0.458, "sig_time": 0.083, "se_time": 0.25, "sce": 37.81, "nsm": -14.47, "valid_obs": 21, "valid_span": 25, "significant": false }, "geometry": { "type": "Point", "coordinates": [ 179.098504639153731, -8.624068585924983 ] } },
{ "type": "Feature", "properties": { "uid": "ryrqgqrs57", "rate_time": 0.95, "sig_time": 0.001, "se_time": 0.235, "sce": 35.08, "nsm": 30.31, "valid_obs": 18, "valid_span": 25, "significant": true }, "geometry": { "type": "Point", "coordinates": [ 179.09858410937187, -8.622187523405854 ] } },
{ "type": "Feature", "properties": { "uid": "ryrqgmzxuc", "rate_time": -0.385, "sig_time": 0.005, "se_time": 0.119, "sce": 14.54, "nsm": -12.17, "valid_obs": 20, "valid_span": 25, "significant": true }, "geometry": { "type": "Point", "coordinates": [ 179.098646551536063, -8.624299999369898 ] } },
{ "type": "Feature", "properties": { "uid": "ryrqgqrdz4", "rate_time": 1.022, "sig_time": 0.0, "se_time": 0.178, "sce": 31.55, "nsm": 15.44, "valid_obs": 21, "valid_span": 25, "significant": true }, "geometry": { "type": "Point", "coordinates": [ 179.098743808160094, -8.622407122528315 ] } },
{ "type": "Feature", "properties": { "uid": "ryrqgmzy2n", "rate_time": -0.257, "sig_time": 0.067, "se_time": 0.132, "sce": 14.44, "nsm": -10.14, "valid_obs": 20, "valid_span": 25, "significant": false }, "geometry": { "type": "Point", "coordinates": [ 179.098786804122085, -8.624531920601003 ] } },
{ "type": "Feature", "properties": { "uid": "ryrqgqrcdc", "rate_time": 1.086, "sig_time": 0.0, "se_time": 0.201, "sce": 35.35, "nsm": 16.51, "valid_obs": 21, "valid_span": 25, "significant": true }, "geometry": { "type": "Point", "coordinates": [ 179.09890142214681, -8.622628218378351 ] } },
{ "type": "Feature", "properties": { "uid": "ryrqgmzv4b", "rate_time": -0.24, "sig_time": 0.089, "se_time": 0.134, "sce": 13.12, "nsm": -7.2, "valid_obs": 20, "valid_span": 25, "significant": false }, "geometry": { "type": "Point", "coordinates": [ 179.098902502827173, -8.624777410207576 ] } },
{ "type": "Feature", "properties": { "uid": "ryrqgmzgtu", "rate_time": -0.264, "sig_time": 0.012, "se_time": 0.095, "sce": 11.12, "nsm": -6.69, "valid_obs": 20, "valid_span": 25, "significant": true }, "geometry": { "type": "Point", "coordinates": [ 179.099029104901859, -8.625017525991625 ] } },
{ "type": "Feature", "properties": { "uid": "ryrqgqrbnn", "rate_time": 1.015, "sig_time": 0.0, "se_time": 0.202, "sce": 34.84, "nsm": 14.65, "valid_obs": 21, "valid_span": 25, "significant": true }, "geometry": { "type": "Point", "coordinates": [ 179.099045966060231, -8.622858081993439 ] } },
{ "type": "Feature", "properties": { "uid": "ryrqgtb433", "rate_time": -0.565, "sig_time": 0.0, "se_time": 0.132, "sce": 25.02, "nsm": -9.91, "valid_obs": 20, "valid_span": 25, "significant": true }, "geometry": { "type": "Point", "coordinates": [ 179.099176266581964, -8.625245753272985 ] } },
{ "type": "Feature", "properties": { "uid": "ryrqgw0ncu", "rate_time": 0.851, "sig_time": 0.0, "se_time": 0.187, "sce": 32.68, "nsm": 8.75, "valid_obs": 21, "valid_span": 25, "significant": true }, "geometry": { "type": "Point", "coordinates": [ 179.099197642682554, -8.623083331290514 ] } },
{ "type": "Feature", "properties": { "uid": "ryrqgtb0um", "rate_time": -0.82, "sig_time": 0.013, "se_time": 0.299, "sce": 55.34, "nsm": -9.04, "valid_obs": 20, "valid_span": 25, "significant": true }, "geometry": { "type": "Point", "coordinates": [ 179.09930444956467, -8.625484912637511 ] } },
{ "type": "Feature", "properties": { "uid": "ryrqgw0jt4", "rate_time": 0.852, "sig_time": 0.0, "se_time": 0.191, "sce": 32.5, "nsm": 9.09, "valid_obs": 21, "valid_span": 25, "significant": true }, "geometry": { "type": "Point", "coordinates": [ 179.099345803921096, -8.623310917778156 ] } },
{ "type": "Feature", "properties": { "uid": "ryrqgt8px3", "rate_time": -0.482, "sig_time": 0.0, "se_time": 0.106, "sce": 14.9, "nsm": -7.95, "valid_obs": 19, "valid_span": 25, "significant": true }, "geometry": { "type": "Point", "coordinates": [ 179.099438724106477, -8.625720782771145 ] } },
{ "type": "Feature", "properties": { "uid": "ryrqgw0k34", "rate_time": 0.936, "sig_time": 0.0, "se_time": 0.159, "sce": 25.49, "nsm": 13.45, "valid_obs": 21, "valid_span": 25, "significant": true }, "geometry": { "type": "Point", "coordinates": [ 179.099509866158542, -8.623527006956758 ] } },
{ "type": "Feature", "properties": { "uid": "ryrqgw07j5", "rate_time": 1.042, "sig_time": 0.0, "se_time": 0.166, "sce": 26.32, "nsm": 15.07, "valid_obs": 21, "valid_span": 25, "significant": true }, "geometry": { "type": "Point", "coordinates": [ 179.09968426733468, -8.623735349431145 ] } },
{ "type": "Feature", "properties": { "uid": "ryrqgw09cm", "rate_time": 1.218, "sig_time": 0.0, "se_time": 0.168, "sce": 30.5, "nsm": 15.0, "valid_obs": 21, "valid_span": 25, "significant": true }, "geometry": { "type": "Point", "coordinates": [ 179.099867857292764, -8.623935690504124 ] } },
{ "type": "Feature", "properties": { "uid": "ryrqgw08tx", "rate_time": 1.09, "sig_time": 0.0, "se_time": 0.165, "sce": 30.75, "nsm": 12.22, "valid_obs": 21, "valid_span": 25, "significant": true }, "geometry": { "type": "Point", "coordinates": [ 179.100044443997774, -8.624142192494546 ] } },
{ "type": "Feature", "properties": { "uid": "ryrqgtbz98", "rate_time": 1.073, "sig_time": 0.0, "se_time": 0.155, "sce": 30.16, "nsm": 14.9, "valid_obs": 21, "valid_span": 25, "significant": true }, "geometry": { "type": "Point", "coordinates": [ 179.100216373594606, -8.624352489496298 ] } },
{ "type": "Feature", "properties": { "uid": "ryrqgtbyjn", "rate_time": 1.012, "sig_time": 0.0, "se_time": 0.147, "sce": 28.76, "nsm": 13.88, "valid_obs": 21, "valid_span": 25, "significant": true }, "geometry": { "type": "Point", "coordinates": [ 179.100372888693784, -8.624573644164464 ] } },
{ "type": "Feature", "properties": { "uid": "ryrqgtchb7", "rate_time": 0.954, "sig_time": 0.0, "se_time": 0.129, "sce": 26.66, "nsm": 12.87, "valid_obs": 21, "valid_span": 25, "significant": true }, "geometry": { "type": "Point", "coordinates": [ 179.100508903328631, -8.624808537024027 ] } },
{ "type": "Feature", "properties": { "uid": "ryrqgtc57q", "rate_time": 1.018, "sig_time": 0.0, "se_time": 0.121, "sce": 27.81, "nsm": 13.88, "valid_obs": 21, "valid_span": 25, "significant": true }, "geometry": { "type": "Point", "coordinates": [ 179.100639274396457, -8.625046641233919 ] } },
{ "type": "Feature", "properties": { "uid": "ryrqgtc4n3", "rate_time": 0.972, "sig_time": 0.0, "se_time": 0.137, "sce": 28.15, "nsm": 13.37, "valid_obs": 21, "valid_span": 25, "significant": true }, "geometry": { "type": "Point", "coordinates": [ 179.100765524667082, -8.625286884945023 ] } },
{ "type": "Feature", "properties": { "uid": "ryrqgtc29w", "rate_time": 1.025, "sig_time": 0.0, "se_time": 0.141, "sce": 26.34, "nsm": 15.28, "valid_obs": 21, "valid_span": 25, "significant": true }, "geometry": { "type": "Point", "coordinates": [ 179.100906736838198, -8.62551874744093 ] } },
{ "type": "Feature", "properties": { "uid": "ryrqgkr36b", "rate_time": 0.076, "sig_time": 0.183, "se_time": 0.055, "sce": 7.18, "nsm": -4.8, "valid_obs": 19, "valid_span": 25, "significant": false }, "geometry": { "type": "Point", "coordinates": [ 179.098214645945319, -8.633664866081984 ] } },
{ "type": "Feature", "properties": { "uid": "ryrqgkr6rj", "rate_time": 0.094, "sig_time": 0.166, "se_time": 0.065, "sce": 8.03, "nsm": -4.89, "valid_obs": 19, "valid_span": 25, "significant": false }, "geometry": { "type": "Point", "coordinates": [ 179.098397903082571, -8.633464173269699 ] } },
{ "type": "Feature", "properties": { "uid": "ryrqgkreeh", "rate_time": 0.127, "sig_time": 0.084, "se_time": 0.069, "sce": 8.39, "nsm": -4.81, "valid_obs": 19, "valid_span": 25, "significant": false }, "geometry": { "type": "Point", "coordinates": [ 179.098570652392425, -8.633254606894518 ] } },
{ "type": "Feature", "properties": { "uid": "ryrqgkrszj", "rate_time": 0.105, "sig_time": 0.22, "se_time": 0.083, "sce": 8.78, "nsm": -5.14, "valid_obs": 19, "valid_span": 25, "significant": false }, "geometry": { "type": "Point", "coordinates": [ 179.098734977556234, -8.633038385580731 ] } },
{ "type": "Feature", "properties": { "uid": "ryrqgkry4x", "rate_time": 0.112, "sig_time": 0.262, "se_time": 0.096, "sce": 14.57, "nsm": -5.44, "valid_obs": 19, "valid_span": 25, "significant": false }, "geometry": { "type": "Point", "coordinates": [ 179.098885617832849, -8.632812934835888 ] } },
{ "type": "Feature", "properties": { "uid": "ryrqgkrzt7", "rate_time": 0.208, "sig_time": 0.297, "se_time": 0.193, "sce": 28.35, "nsm": -2.53, "valid_obs": 19, "valid_span": 25, "significant": false }, "geometry": { "type": "Point", "coordinates": [ 179.09901130677784, -8.632573151311414 ] } },
{ "type": "Feature", "properties": { "uid": "ryrqgkxcp7", "rate_time": 0.341, "sig_time": 0.001, "se_time": 0.089, "sce": 13.51, "nsm": 7.32, "valid_obs": 18, "valid_span": 25, "significant": true }, "geometry": { "type": "Point", "coordinates": [ 179.099092167762052, -8.632314240469849 ] } },
{ "type": "Feature", "properties": { "uid": "ryrqgs849e", "rate_time": 1.745, "sig_time": 0.0, "se_time": 0.355, "sce": 81.63, "nsm": 25.54, "valid_obs": 19, "valid_span": 25, "significant": true }, "geometry": { "type": "Point", "coordinates": [ 179.099190235817332, -8.632061416842419 ] } },
{ "type": "Feature", "properties": { "uid": "ryrqgs84xz", "rate_time": 2.535, "sig_time": 0.0, "se_time": 0.388, "sce": 98.42, "nsm": 39.3, "valid_obs": 20, "valid_span": 25, "significant": true }, "geometry": { "type": "Point", "coordinates": [ 179.099454204766772, -8.632037157460188 ] } },
{ "type": "Feature", "properties": { "uid": "ryrqgs82jc", "rate_time": 0.854, "sig_time": 0.0, "se_time": 0.177, "sce": 29.5, "nsm": 20.24, "valid_obs": 20, "valid_span": 25, "significant": true }, "geometry": { "type": "Point", "coordinates": [ 179.099715666252706, -8.632497290449136 ] } },
{ "type": "Feature", "properties": { "uid": "ryrqgs2w84", "rate_time": 1.046, "sig_time": 0.0, "se_time": 0.192, "sce": 33.09, "nsm": 23.62, "valid_obs": 20, "valid_span": 25, "significant": true }, "geometry": { "type": "Point", "coordinates": [ 179.099812679571926, -8.632750632447241 ] } },
{ "type": "Feature", "properties": { "uid": "ryrqgs2t4s", "rate_time": 1.301, "sig_time": 0.0, "se_time": 0.241, "sce": 42.73, "nsm": 29.22, "valid_obs": 20, "valid_span": 25, "significant": true }, "geometry": { "type": "Point", "coordinates": [ 179.099925719135456, -8.632996537694291 ] } },
{ "type": "Feature", "properties": { "uid": "ryrqgs2eyt", "rate_time": 1.373, "sig_time": 0.0, "se_time": 0.293, "sce": 51.13, "nsm": 29.68, "valid_obs": 20, "valid_span": 25, "significant": true }, "geometry": { "type": "Point", "coordinates": [ 179.100087262013261, -8.633206728557916 ] } },
{ "type": "Feature", "properties": { "uid": "ryrqgs2g5v", "rate_time": 1.251, "sig_time": 0.0, "se_time": 0.273, "sce": 48.23, "nsm": 27.14, "valid_obs": 20, "valid_span": 25, "significant": true }, "geometry": { "type": "Point", "coordinates": [ 179.100322613428318, -8.633338126991676 ] } },
{ "type": "Feature", "properties": { "uid": "ryrqgs3547", "rate_time": 1.692, "sig_time": 0.0, "se_time": 0.328, "sce": 57.88, "nsm": 41.81, "valid_obs": 20, "valid_span": 25, "significant": true }, "geometry": { "type": "Point", "coordinates": [ 179.100594937274792, -8.633347187063913 ] } },
{ "type": "Feature", "properties": { "uid": "ryrqgs36bx", "rate_time": 0.652, "sig_time": 0.089, "se_time": 0.359, "sce": 42.26, "nsm": null, "valid_obs": 17, "valid_span": 21, "significant": false }, "geometry": { "type": "Point", "coordinates": [ 179.100866320171292, -8.633369164734416 ] } },
{ "type": "Feature", "properties": { "uid": "ryrqgs36wu", "rate_time": 2.759, "sig_time": 0.0, "se_time": 0.546, "sce": 97.26, "nsm": 92.94, "valid_obs": 20, "valid_span": 25, "significant": true }, "geometry": { "type": "Point", "coordinates": [ 179.101131540243131, -8.633429495373241 ] } },
{ "type": "Feature", "properties": { "uid": "ryrqgs9c5b", "rate_time": 1.854, "sig_time": 0.0, "se_time": 0.317, "sce": 52.53, "nsm": null, "valid_obs": 18, "valid_span": 23, "significant": true }, "geometry": { "type": "Point", "coordinates": [ 179.101695446295992, -8.632332930696585 ] } },
{ "type": "Feature", "properties": { "uid": "ryrqgs3utr", "rate_time": -0.058, "sig_time": 0.784, "se_time": 0.209, "sce": 18.86, "nsm": null, "valid_obs": 18, "valid_span": 23, "significant": false }, "geometry": { "type": "Point", "coordinates": [ 179.10175033316699, -8.633065323859501 ] } },
{ "type": "Feature", "properties": { "uid": "ryrqgkr0nm", "rate_time": 0.085, "sig_time": 0.174, "se_time": 0.06, "sce": 7.74, "nsm": -3.76, "valid_obs": 19, "valid_span": 25, "significant": false }, "geometry": { "type": "Point", "coordinates": [ 179.098016173428221, -8.633850400451346 ] } },
{ "type": "Feature", "properties": { "uid": "ryrqgt0unb", "rate_time": -0.169, "sig_time": 0.011, "se_time": 0.06, "sce": 9.16, "nsm": -7.21, "valid_obs": 20, "valid_span": 25, "significant": true }, "geometry": { "type": "Point", "coordinates": [ 179.10045120664617, -8.62906899861972 ] } },
{ "type": "Feature", "properties": { "uid": "ryrqgt0vxe", "rate_time": -0.152, "sig_time": 0.095, "se_time": 0.086, "sce": 14.3, "nsm": -7.3, "valid_obs": 20, "valid_span": 25, "significant": false }, "geometry": { "type": "Point", "coordinates": [ 179.100475343615869, -8.628798886679485 ] } },
{ "type": "Feature", "properties": { "uid": "ryrqgt1p0j", "rate_time": -0.053, "sig_time": 0.46, "se_time": 0.07, "sce": 9.39, "nsm": -5.28, "valid_obs": 20, "valid_span": 25, "significant": false }, "geometry": { "type": "Point", "coordinates": [ 179.100495102461736, -8.628528483423516 ] } },
{ "type": "Feature", "properties": { "uid": "ryrqgt309y", "rate_time": 0.11, "sig_time": 0.137, "se_time": 0.071, "sce": 7.82, "nsm": -3.33, "valid_obs": 20, "valid_span": 25, "significant": false }, "geometry": { "type": "Point", "coordinates": [ 179.100570309687527, -8.628267993278561 ] } },
{ "type": "Feature", "properties": { "uid": "ryrqgt34hk", "rate_time": -0.117, "sig_time": 0.017, "se_time": 0.045, "sce": 5.98, "nsm": -5.57, "valid_obs": 20, "valid_span": 25, "significant": true }, "geometry": { "type": "Point", "coordinates": [ 179.100678611861724, -8.628019179924541 ] } },
{ "type": "Feature", "properties": { "uid": "ryrqgt35tq", "rate_time": -0.448, "sig_time": 0.0, "se_time": 0.041, "sce": 10.6, "nsm": -10.44, "valid_obs": 20, "valid_span": 25, "significant": true }, "geometry": { "type": "Point", "coordinates": [ 179.10072944782749, -8.627753725179208 ] } },
{ "type": "Feature", "properties": { "uid": "ryrqgt3jhr", "rate_time": -0.589, "sig_time": 0.0, "se_time": 0.064, "sce": 14.96, "nsm": -11.83, "valid_obs": 20, "valid_span": 25, "significant": true }, "geometry": { "type": "Point", "coordinates": [ 179.100681093555579, -8.627489307937482 ] } },
{ "type": "Feature", "properties": { "uid": "ryrqgt3n9k", "rate_time": -0.498, "sig_time": 0.0, "se_time": 0.07, "sce": 13.15, "nsm": -8.89, "valid_obs": 20, "valid_span": 25, "significant": true }, "geometry": { "type": "Point", "coordinates": [ 179.100557656966771, -8.627249256499894 ] } },
{ "type": "Feature", "properties": { "uid": "ryrqgt2zyp", "rate_time": -0.466, "sig_time": 0.0, "se_time": 0.081, "sce": 13.21, "nsm": -6.29, "valid_obs": 20, "valid_span": 25, "significant": true }, "geometry": { "type": "Point", "coordinates": [ 179.10041317628324, -8.627019482676342 ] } },
{ "type": "Feature", "properties": { "uid": "ryrqgt8c62", "rate_time": -0.484, "sig_time": 0.0, "se_time": 0.084, "sce": 17.36, "nsm": -5.13, "valid_obs": 20, "valid_span": 25, "significant": true }, "geometry": { "type": "Point", "coordinates": [ 179.10025672485466, -8.626797654517775 ] } },
{ "type": "Feature", "properties": { "uid": "ryrqgt8dwf", "rate_time": -0.528, "sig_time": 0.0, "se_time": 0.102, "sce": 22.93, "nsm": -7.22, "valid_obs": 20, "valid_span": 25, "significant": true }, "geometry": { "type": "Point", "coordinates": [ 179.100107237001083, -8.626571086206386 ] } },
{ "type": "Feature", "properties": { "uid": "ryrqgt8egt", "rate_time": -0.855, "sig_time": 0.007, "se_time": 0.278, "sce": 54.15, "nsm": -8.26, "valid_obs": 20, "valid_span": 25, "significant": true }, "geometry": { "type": "Point", "coordinates": [ 179.09996645632026, -8.626339098226012 ] } },
{ "type": "Feature", "properties": { "uid": "ryrqgt8mpy", "rate_time": -0.543, "sig_time": 0.0, "se_time": 0.107, "sce": 16.75, "nsm": -8.96, "valid_obs": 19, "valid_span": 25, "significant": true }, "geometry": { "type": "Point", "coordinates": [ 179.099804113321454, -8.62612130237177 ] } },
{ "type": "Feature", "properties": { "uid": "ryrqgt8q7e", "rate_time": -0.512, "sig_time": 0.003, "se_time": 0.147, "sce": 17.94, "nsm": -8.42, "valid_obs": 19, "valid_span": 25, "significant": true }, "geometry": { "type": "Point", "coordinates": [ 179.099617019531308, -8.625924608115978 ] } },
{ "type": "Feature", "properties": { "uid": "ryrqgsbvph", "rate_time": 0.84, "sig_time": 0.099, "se_time": 0.482, "sce": 51.82, "nsm": null, "valid_obs": 19, "valid_span": 23, "significant": false }, "geometry": { "type": "Point", "coordinates": [ 179.100452194591327, -8.630251423293965 ] } },
{ "type": "Feature", "properties": { "uid": "ryrqgscjjr", "rate_time": -0.744, "sig_time": 0.0, "se_time": 0.144, "sce": 20.28, "nsm": null, "valid_obs": 19, "valid_span": 23, "significant": true }, "geometry": { "type": "Point", "coordinates": [ 179.100724024175832, -8.630237351931287 ] } },
{ "type": "Feature", "properties": { "uid": "ryrr592gz6", "rate_time": 0.067, "sig_time": 0.858, "se_time": 0.371, "sce": 44.6, "nsm": -6.47, "valid_obs": 19, "valid_span": 25, "significant": false }, "geometry": { "type": "Point", "coordinates": [ 179.100471487992934, -8.605759021775231 ] } },
{ "type": "Feature", "properties": { "uid": "ryrr593hyq", "rate_time": 0.39, "sig_time": 0.16, "se_time": 0.266, "sce": 29.16, "nsm": 3.09, "valid_obs": 19, "valid_span": 25, "significant": false }, "geometry": { "type": "Point", "coordinates": [ 179.100773176615746, -8.605564896669764 ] } },
{ "type": "Feature", "properties": { "uid": "ryrr592vh3", "rate_time": 0.749, "sig_time": 0.008, "se_time": 0.25, "sce": 41.27, "nsm": 23.3, "valid_obs": 19, "valid_span": 25, "significant": true }, "geometry": { "type": "Point", "coordinates": [ 179.100334928104616, -8.605549570187064 ] } },
{ "type": "Feature", "properties": { "uid": "ryrr593nw8", "rate_time": 0.366, "sig_time": 0.032, "se_time": 0.157, "sce": 17.05, "nsm": 2.65, "valid_obs": 19, "valid_span": 25, "significant": true }, "geometry": { "type": "Point", "coordinates": [ 179.100783731943295, -8.605297707018472 ] } },
{ "type": "Feature", "properties": { "uid": "ryrr5990n6", "rate_time": 0.272, "sig_time": 0.053, "se_time": 0.131, "sce": 16.71, "nsm": 2.73, "valid_obs": 19, "valid_span": 25, "significant": false }, "geometry": { "type": "Point", "coordinates": [ 179.100763695901975, -8.605027262944608 ] } },
{ "type": "Feature", "properties": { "uid": "ryrr598b4v", "rate_time": -0.282, "sig_time": 0.049, "se_time": 0.133, "sce": 19.87, "nsm": -3.34, "valid_obs": 19, "valid_span": 25, "significant": true }, "geometry": { "type": "Point", "coordinates": [ 179.100276413198713, -8.605013982879111 ] } },
{ "type": "Feature", "properties": { "uid": "ryrr5991tv", "rate_time": -0.254, "sig_time": 0.652, "se_time": 0.556, "sce": 72.65, "nsm": -5.7, "valid_obs": 21, "valid_span": 25, "significant": false }, "geometry": { "type": "Point", "coordinates": [ 179.10074319908901, -8.604756853108498 ] } },
{ "type": "Feature", "properties": { "uid": "ryrr598c9w", "rate_time": -0.542, "sig_time": 0.027, "se_time": 0.225, "sce": 39.07, "nsm": -7.32, "valid_obs": 20, "valid_span": 25, "significant": true }, "geometry": { "type": "Point", "coordinates": [ 179.100223475293831, -8.604748622010685 ] } },
{ "type": "Feature", "properties": { "uid": "ryrr598epy", "rate_time": -0.352, "sig_time": 0.002, "se_time": 0.095, "sce": 14.91, "nsm": -6.4, "valid_obs": 20, "valid_span": 25, "significant": true }, "geometry": { "type": "Point", "coordinates": [ 179.100140334961395, -8.604490738055096 ] } },
{ "type": "Feature", "properties": { "uid": "ryrr598sy8", "rate_time": -0.482, "sig_time": 0.087, "se_time": 0.267, "sce": 34.61, "nsm": -6.88, "valid_obs": 22, "valid_span": 25, "significant": false }, "geometry": { "type": "Point", "coordinates": [ 179.100088039614747, -8.604224730564555 ] } },
{ "type": "Feature", "properties": { "uid": "ryrr599huc", "rate_time": 0.02, "sig_time": 0.937, "se_time": 0.247, "sce": 39.04, "nsm": -8.53, "valid_obs": 22, "valid_span": 25, "significant": false }, "geometry": { "type": "Point", "coordinates": [ 179.100705401862797, -8.604215884983864 ] } },
{ "type": "Feature", "properties": { "uid": "ryrr598wmd", "rate_time": -0.412, "sig_time": 0.011, "se_time": 0.147, "sce": 18.9, "nsm": -6.73, "valid_obs": 22, "valid_span": 25, "significant": true }, "geometry": { "type": "Point", "coordinates": [ 179.100047281010632, -8.603956635854303 ] } },
{ "type": "Feature", "properties": { "uid": "ryrr599nks", "rate_time": 0.564, "sig_time": 0.037, "se_time": 0.252, "sce": 33.22, "nsm": 21.64, "valid_obs": 22, "valid_span": 25, "significant": true }, "geometry": { "type": "Point", "coordinates": [ 179.100691049133843, -8.603945086952734 ] } },
{ "type": "Feature", "properties": { "uid": "ryrr598xu7", "rate_time": -0.558, "sig_time": 0.001, "se_time": 0.143, "sce": 20.15, "nsm": -6.91, "valid_obs": 22, "valid_span": 25, "significant": true }, "geometry": { "type": "Point", "coordinates": [ 179.099999309156459, -8.603689814607309 ] } },
{ "type": "Feature", "properties": { "uid": "ryrr599pgw", "rate_time": 0.44, "sig_time": 0.152, "se_time": 0.295, "sce": 41.76, "nsm": null, "valid_obs": 21, "valid_span": 23, "significant": false }, "geometry": { "type": "Point", "coordinates": [ 179.100651252735645, -8.603677390159012 ] } },
{ "type": "Feature", "properties": { "uid": "ryrr59b96s", "rate_time": -0.825, "sig_time": 0.001, "se_time": 0.216, "sce": 47.07, "nsm": -7.61, "valid_obs": 23, "valid_span": 25, "significant": true }, "geometry": { "type": "Point", "coordinates": [ 179.099923082287461, -8.603430107838022 ] } },
{ "type": "Feature", "properties": { "uid": "ryrr59c16p", "rate_time": 0.13, "sig_time": 0.503, "se_time": 0.19, "sce": 26.99, "nsm": -12.12, "valid_obs": 23, "valid_span": 25, "significant": false }, "geometry": { "type": "Point", "coordinates": [ 179.100586612159759, -8.603414109500712 ] } },
{ "type": "Feature", "properties": { "uid": "ryrr59bdbs", "rate_time": -0.449, "sig_time": 0.0, "se_time": 0.099, "sce": 13.62, "nsm": -6.53, "valid_obs": 23, "valid_span": 25, "significant": true }, "geometry": { "type": "Point", "coordinates": [ 179.099836746497601, -8.603173168857134 ] } },
{ "type": "Feature", "properties": { "uid": "ryrr59c508", "rate_time": 0.325, "sig_time": 0.005, "se_time": 0.102, "sce": 16.07, "nsm": 1.52, "valid_obs": 23, "valid_span": 25, "significant": true }, "geometry": { "type": "Point", "coordinates": [ 179.10052448420933, -8.603150181122842 ] } },
{ "type": "Feature", "properties": { "uid": "ryrr59bkrm", "rate_time": -0.42, "sig_time": 0.0, "se_time": 0.082, "sce": 13.45, "nsm": -6.99, "valid_obs": 23, "valid_span": 25, "significant": true }, "geometry": { "type": "Point", "coordinates": [ 179.099776569050846, -8.602908978141306 ] } },
{ "type": "Feature", "properties": { "uid": "ryrr59buxd", "rate_time": 0.573, "sig_time": 0.045, "se_time": 0.268, "sce": 37.34, "nsm": 2.23, "valid_obs": 23, "valid_span": 25, "significant": true }, "geometry": { "type": "Point", "coordinates": [ 179.100474871868073, -8.602883594741497 ] } },
{ "type": "Feature", "properties": { "uid": "ryrr59bmyr", "rate_time": -0.341, "sig_time": 0.254, "se_time": 0.29, "sce": 59.41, "nsm": -8.47, "valid_obs": 23, "valid_span": 25, "significant": false }, "geometry": { "type": "Point", "coordinates": [ 179.099733422539316, -8.602641270339195 ] } },
{ "type": "Feature", "properties": { "uid": "ryrr59byns", "rate_time": 0.398, "sig_time": 0.021, "se_time": 0.158, "sce": 22.32, "nsm": 1.47, "valid_obs": 21, "valid_span": 25, "significant": true }, "geometry": { "type": "Point", "coordinates": [ 179.100436124312068, -8.602615225703232 ] } },
{ "type": "Feature", "properties": { "uid": "ryrr59brt3", "rate_time": -0.449, "sig_time": 0.001, "se_time": 0.115, "sce": 18.46, "nsm": -9.79, "valid_obs": 21, "valid_span": 25, "significant": true }, "geometry": { "type": "Point", "coordinates": [ 179.099698190176952, -8.602372382651868 ] } },
{ "type": "Feature", "properties": { "uid": "ryrr59bzwn", "rate_time": 0.359, "sig_time": 0.052, "se_time": 0.173, "sce": 24.75, "nsm": 0.04, "valid_obs": 21, "valid_span": 25, "significant": false }, "geometry": { "type": "Point", "coordinates": [ 179.100418872880084, -8.602344992079789 ] } },
{ "type": "Feature", "properties": { "uid": "ryrr5d03hg", "rate_time": -0.459, "sig_time": 0.001, "se_time": 0.123, "sce": 18.1, "nsm": -10.51, "valid_obs": 21, "valid_span": 25, "significant": true }, "geometry": { "type": "Point", "coordinates": [ 179.099677038186911, -8.602102274407294 ] } },
{ "type": "Feature", "properties": { "uid": "ryrr5d0cq3", "rate_time": 0.328, "sig_time": 0.076, "se_time": 0.175, "sce": 26.41, "nsm": 0.88, "valid_obs": 21, "valid_span": 25, "significant": false }, "geometry": { "type": "Point", "coordinates": [ 179.100420848656285, -8.602073875938158 ] } },
{ "type": "Feature", "properties": { "uid": "ryrr5d06sw", "rate_time": -0.423, "sig_time": 0.003, "se_time": 0.124, "sce": 18.27, "nsm": -10.6, "valid_obs": 21, "valid_span": 25, "significant": true }, "geometry": { "type": "Point", "coordinates": [ 179.099667628914318, -8.601831257530955 ] } },
{ "type": "Feature", "properties": { "uid": "ryrr5d0fy5", "rate_time": 0.278, "sig_time": 0.144, "se_time": 0.183, "sce": 26.98, "nsm": -2.58, "valid_obs": 21, "valid_span": 25, "significant": false }, "geometry": { "type": "Point", "coordinates": [ 179.100416726617567, -8.601802895074519 ] } },
{ "type": "Feature", "properties": { "uid": "ryrr5d0kk2", "rate_time": -0.346, "sig_time": 0.009, "se_time": 0.119, "sce": 17.81, "nsm": -9.72, "valid_obs": 21, "valid_span": 25, "significant": true }, "geometry": { "type": "Point", "coordinates": [ 179.099648972576659, -8.601560867435767 ] } },
{ "type": "Feature", "properties": { "uid": "ryrr5d0umy", "rate_time": 0.293, "sig_time": 0.104, "se_time": 0.172, "sce": 23.18, "nsm": -1.97, "valid_obs": 21, "valid_span": 25, "significant": false }, "geometry": { "type": "Point", "coordinates": [ 179.100403151308626, -8.601532054488379 ] } },
{ "type": "Feature", "properties": { "uid": "ryrr5d0mgg", "rate_time": -0.314, "sig_time": 0.016, "se_time": 0.119, "sce": 16.99, "nsm": -8.23, "valid_obs": 21, "valid_span": 25, "significant": true }, "geometry": { "type": "Point", "coordinates": [ 179.099628249560993, -8.601290589618051 ] } },
{ "type": "Feature", "properties": { "uid": "ryrr5d0yj8", "rate_time": 0.247, "sig_time": 0.171, "se_time": 0.173, "sce": 20.45, "nsm": -0.65, "valid_obs": 21, "valid_span": 25, "significant": false }, "geometry": { "type": "Point", "coordinates": [ 179.100395548669724, -8.601261046381236 ] } },
{ "type": "Feature", "properties": { "uid": "ryrr5d8d5w", "rate_time": -0.186, "sig_time": 0.445, "se_time": 0.238, "sce": 32.76, "nsm": -6.62, "valid_obs": 21, "valid_span": 25, "significant": false }, "geometry": { "type": "Point", "coordinates": [ 179.099958780896088, -8.599172389811388 ] } },
{ "type": "Feature", "properties": { "uid": "ryrr5d88bb", "rate_time": 0.009, "sig_time": 0.975, "se_time": 0.279, "sce": 51.17, "nsm": -3.22, "valid_obs": 21, "valid_span": 25, "significant": false }, "geometry": { "type": "Point", "coordinates": [ 179.099842030265364, -8.599415571318199 ] } },
{ "type": "Feature", "properties": { "uid": "ryrr5d2zqz", "rate_time": 0.339, "sig_time": 0.293, "se_time": 0.311, "sce": 32.34, "nsm": null, "valid_obs": 18, "valid_span": 23, "significant": false }, "geometry": { "type": "Point", "coordinates": [ 179.10044135104485, -8.59963885752784 ] } },
{ "type": "Feature", "properties": { "uid": "ryrr5d2rqb", "rate_time": 0.24, "sig_time": 0.265, "se_time": 0.209, "sce": 35.22, "nsm": 2.43, "valid_obs": 21, "valid_span": 25, "significant": false }, "geometry": { "type": "Point", "coordinates": [ 179.099756006152973, -8.599672455214618 ] } },
{ "type": "Feature", "properties": { "uid": "ryrr5d2vyh", "rate_time": 0.481, "sig_time": 0.108, "se_time": 0.283, "sce": 29.59, "nsm": null, "valid_obs": 18, "valid_span": 23, "significant": false }, "geometry": { "type": "Point", "coordinates": [ 179.100415066445777, -8.599908758281453 ] } },
{ "type": "Feature", "properties": { "uid": "ryrr5d2mtx", "rate_time": -0.165, "sig_time": 0.065, "se_time": 0.084, "sce": 12.44, "nsm": -3.82, "valid_obs": 21, "valid_span": 25, "significant": false }, "geometry": { "type": "Point", "coordinates": [ 179.099708902143533, -8.599938361890739 ] } },
{ "type": "Feature", "properties": { "uid": "ryrr5d2kjk", "rate_time": -0.225, "sig_time": 0.028, "se_time": 0.094, "sce": 13.28, "nsm": -5.45, "valid_obs": 21, "valid_span": 25, "significant": true }, "geometry": { "type": "Point", "coordinates": [ 179.099693301489026, -8.600208974497848 ] } },
{ "type": "Feature", "properties": { "uid": "ryrr5d26t4", "rate_time": -0.28, "sig_time": 0.012, "se_time": 0.101, "sce": 15.23, "nsm": -6.48, "valid_obs": 21, "valid_span": 25, "significant": true }, "geometry": { "type": "Point", "coordinates": [ 179.099679077367853, -8.60047972611148 ] } },
{ "type": "Feature", "properties": { "uid": "ryrr5d23h2", "rate_time": -0.314, "sig_time": 0.012, "se_time": 0.113, "sce": 16.72, "nsm": -7.47, "valid_obs": 21, "valid_span": 25, "significant": true }, "geometry": { "type": "Point", "coordinates": [ 179.099654728315471, -8.60074978133299 ] } },
{ "type": "Feature", "properties": { "uid": "ryrr5d0zt7", "rate_time": 0.058, "sig_time": 0.801, "se_time": 0.225, "sce": 24.94, "nsm": -6.17, "valid_obs": 21, "valid_span": 25, "significant": false }, "geometry": { "type": "Point", "coordinates": [ 179.100386916478641, -8.600990059167374 ] } },
{ "type": "Feature", "properties": { "uid": "ryrr5d0r7v", "rate_time": -0.312, "sig_time": 0.016, "se_time": 0.118, "sce": 16.91, "nsm": -7.67, "valid_obs": 21, "valid_span": 25, "significant": true }, "geometry": { "type": "Point", "coordinates": [ 179.099630934568296, -8.601019887103968 ] } },
{ "type": "Feature", "properties": { "uid": "ryrqgsf40f", "rate_time": -0.051, "sig_time": 0.778, "se_time": 0.178, "sce": 17.03, "nsm": -1.61, "valid_obs": 21, "valid_span": 25, "significant": false }, "geometry": { "type": "Point", "coordinates": [ 179.101908232384744, -8.630777685804 ] } },
{ "type": "Feature", "properties": { "uid": "ryrqgsg40x", "rate_time": 0.448, "sig_time": 0.001, "se_time": 0.111, "sce": 14.2, "nsm": null, "valid_obs": 19, "valid_span": 23, "significant": true }, "geometry": { "type": "Point", "coordinates": [ 179.103272990611345, -8.630748562199908 ] } },
{ "type": "Feature", "properties": { "uid": "ryrqgscgjp", "rate_time": -0.243, "sig_time": 0.098, "se_time": 0.14, "sce": 15.98, "nsm": -4.87, "valid_obs": 21, "valid_span": 25, "significant": false }, "geometry": { "type": "Point", "coordinates": [ 179.10174167573274, -8.630579371141552 ] } },
{ "type": "Feature", "properties": { "uid": "ryrqgsg5c1", "rate_time": -0.017, "sig_time": 0.889, "se_time": 0.123, "sce": 12.31, "nsm": null, "valid_obs": 19, "valid_span": 23, "significant": false }, "geometry": { "type": "Point", "coordinates": [ 179.103288837670704, -8.63048067934187 ] } },
{ "type": "Feature", "properties": { "uid": "ryrqgscezw", "rate_time": 0.277, "sig_time": 0.275, "se_time": 0.246, "sce": 32.73, "nsm": 20.75, "valid_obs": 21, "valid_span": 25, "significant": false }, "geometry": { "type": "Point", "coordinates": [ 179.101503888278899, -8.630454134003536 ] } },
{ "type": "Feature", "properties": { "uid": "ryrqgscs99", "rate_time": -0.462, "sig_time": 0.007, "se_time": 0.15, "sce": 16.94, "nsm": null, "valid_obs": 19, "valid_span": 23, "significant": true }, "geometry": { "type": "Point", "coordinates": [ 179.101251010331055, -8.630353349951827 ] } },
{ "type": "Feature", "properties": { "uid": "ryrqgscm59", "rate_time": -0.51, "sig_time": 0.001, "se_time": 0.13, "sce": 15.8, "nsm": null, "valid_obs": 19, "valid_span": 23, "significant": true }, "geometry": { "type": "Point", "coordinates": [ 179.100992986572123, -8.630269721267743 ] } },
{ "type": "Feature", "properties": { "uid": "ryrqgsgj67", "rate_time": -0.001, "sig_time": 0.993, "se_time": 0.166, "sce": 19.05, "nsm": null, "valid_obs": 19, "valid_span": 23, "significant": false }, "geometry": { "type": "Point", "coordinates": [ 179.103340921217239, -8.630214643920118 ] } },
{ "type": "Feature", "properties": { "uid": "ryrqgt4uu5", "rate_time": 1.215, "sig_time": 0.0, "se_time": 0.227, "sce": 37.86, "nsm": 19.59, "valid_obs": 21, "valid_span": 25, "significant": true }, "geometry": { "type": "Point", "coordinates": [ 179.103078264836824, -8.62892571410706 ] } },
{ "type": "Feature", "properties": { "uid": "ryrqgt4y1p", "rate_time": 0.819, "sig_time": 0.0, "se_time": 0.185, "sce": 26.37, "nsm": 5.88, "valid_obs": 21, "valid_span": 25, "significant": true }, "geometry": { "type": "Point", "coordinates": [ 179.102946883151077, -8.628691029575956 ] } },
{ "type": "Feature", "properties": { "uid": "ryrqgt4xmn", "rate_time": 0.754, "sig_time": 0.0, "se_time": 0.17, "sce": 25.94, "nsm": 7.35, "valid_obs": 21, "valid_span": 25, "significant": true }, "geometry": { "type": "Point", "coordinates": [ 179.102773801363668, -8.628481840283611 ] } },
{ "type": "Feature", "properties": { "uid": "ryrqgt688u", "rate_time": 0.697, "sig_time": 0.0, "se_time": 0.153, "sce": 23.49, "nsm": 7.68, "valid_obs": 21, "valid_span": 25, "significant": true }, "geometry": { "type": "Point", "coordinates": [ 179.102596532969727, -8.628276096921676 ] } },
{ "type": "Feature", "properties": { "uid": "ryrqgt66n1", "rate_time": 0.742, "sig_time": 0.0, "se_time": 0.153, "sce": 23.41, "nsm": 7.55, "valid_obs": 21, "valid_span": 25, "significant": true }, "geometry": { "type": "Point", "coordinates": [ 179.102472381884411, -8.628035726107106 ] } },
{ "type": "Feature", "properties": { "uid": "ryrqgt677r", "rate_time": 0.648, "sig_time": 0.001, "se_time": 0.157, "sce": 23.0, "nsm": -0.67, "valid_obs": 21, "valid_span": 25, "significant": true }, "geometry": { "type": "Point", "coordinates": [ 179.102357360724596, -8.627789897749723 ] } },
{ "type": "Feature", "properties": { "uid": "ryrqgt6kbs", "rate_time": 0.705, "sig_time": 0.0, "se_time": 0.162, "sce": 25.14, "nsm": 0.6, "valid_obs": 21, "valid_span": 25, "significant": true }, "geometry": { "type": "Point", "coordinates": [ 179.102236540569351, -8.627546888183165 ] } },
{ "type": "Feature", "properties": { "uid": "ryrqgt6nm9", "rate_time": 0.73, "sig_time": 0.0, "se_time": 0.152, "sce": 23.89, "nsm": 2.53, "valid_obs": 21, "valid_span": 25, "significant": true }, "geometry": { "type": "Point", "coordinates": [ 179.102106732521094, -8.627308530149541 ] } },
{ "type": "Feature", "properties": { "uid": "ryrqgt6pd4", "rate_time": 0.702, "sig_time": 0.0, "se_time": 0.149, "sce": 24.21, "nsm": 4.54, "valid_obs": 21, "valid_span": 25, "significant": true }, "geometry": { "type": "Point", "coordinates": [ 179.101955367539233, -8.627084411072728 ] } },
{ "type": "Feature", "properties": { "uid": "ryrqgt9btx", "rate_time": 0.69, "sig_time": 0.0, "se_time": 0.139, "sce": 22.53, "nsm": 3.71, "valid_obs": 21, "valid_span": 25, "significant": true }, "geometry": { "type": "Point", "coordinates": [ 179.101766353539375, -8.626889427923741 ] } },
{ "type": "Feature", "properties": { "uid": "ryrqgt9cc4", "rate_time": 0.565, "sig_time": 0.002, "se_time": 0.155, "sce": 19.7, "nsm": -1.75, "valid_obs": 21, "valid_span": 25, "significant": true }, "geometry": { "type": "Point", "coordinates": [ 179.1015736046661, -8.626698294850895 ] } },
{ "type": "Feature", "properties": { "uid": "ryrqgt9ejs", "rate_time": 0.714, "sig_time": 0.0, "se_time": 0.125, "sce": 21.19, "nsm": 4.06, "valid_obs": 21, "valid_span": 25, "significant": true }, "geometry": { "type": "Point", "coordinates": [ 179.101422533191652, -8.626473745871936 ] } },
{ "type": "Feature", "properties": { "uid": "ryrqgt9sd2", "rate_time": 0.856, "sig_time": 0.0, "se_time": 0.09, "sce": 20.7, "nsm": 13.24, "valid_obs": 21, "valid_span": 25, "significant": true }, "geometry": { "type": "Point", "coordinates": [ 179.101286813349446, -8.626238613033069 ] } },
{ "type": "Feature", "properties": { "uid": "ryrqgt9rk3", "rate_time": 0.865, "sig_time": 0.0, "se_time": 0.156, "sce": 24.36, "nsm": 11.64, "valid_obs": 21, "valid_span": 25, "significant": true }, "geometry": { "type": "Point", "coordinates": [ 179.101027097101564, -8.62576191896127 ] } },
{ "type": "Feature", "properties": { "uid": "ryrqgsf09b", "rate_time": 0.238, "sig_time": 0.064, "se_time": 0.121, "sce": 13.25, "nsm": 2.4, "valid_obs": 21, "valid_span": 25, "significant": false }, "geometry": { "type": "Point", "coordinates": [ 179.101949352827972, -8.631043699016095 ] } },
{ "type": "Feature", "properties": { "uid": "ryrqgsd0d0", "rate_time": 1.721, "sig_time": 0.0, "se_time": 0.209, "sce": 38.74, "nsm": null, "valid_obs": 18, "valid_span": 23, "significant": true }, "geometry": { "type": "Point", "coordinates": [ 179.101953972395307, -8.632418624787521 ] } },
{ "type": "Feature", "properties": { "uid": "ryrqgsdp4c", "rate_time": 0.254, "sig_time": 0.015, "se_time": 0.095, "sce": 14.54, "nsm": 7.08, "valid_obs": 21, "valid_span": 25, "significant": true }, "geometry": { "type": "Point", "coordinates": [ 179.101991168256689, -8.631297724198236 ] } },
{ "type": "Feature", "properties": { "uid": "ryrqgs4puq", "rate_time": 1.836, "sig_time": 0.009, "se_time": 0.615, "sce": 73.31, "nsm": null, "valid_obs": 18, "valid_span": 23, "significant": true }, "geometry": { "type": "Point", "coordinates": [ 179.102053590772272, -8.633888720158211 ] } },
{ "type": "Feature", "properties": { "uid": "ryrqgsdjyf", "rate_time": 0.563, "sig_time": 0.126, "se_time": 0.352, "sce": 47.84, "nsm": 36.5, "valid_obs": 21, "valid_span": 25, "significant": false }, "geometry": { "type": "Point", "coordinates": [ 179.102161566543344, -8.631508827125911 ] } },
{ "type": "Feature", "properties": { "uid": "ryrqgs6rbp", "rate_time": 1.555, "sig_time": 0.0, "se_time": 0.219, "sce": 35.26, "nsm": null, "valid_obs": 18, "valid_span": 23, "significant": true }, "geometry": { "type": "Point", "coordinates": [ 179.10221133473695, -8.632507558657853 ] } },
{ "type": "Feature", "properties": { "uid": "ryrqgs629z", "rate_time": 1.434, "sig_time": 0.012, "se_time": 0.506, "sce": 55.54, "nsm": null, "valid_obs": 18, "valid_span": 23, "significant": true }, "geometry": { "type": "Point", "coordinates": [ 179.102290658425204, -8.633757087672636 ] } },
{ "type": "Feature", "properties": { "uid": "ryrqgsdmkg", "rate_time": -0.529, "sig_time": 0.009, "se_time": 0.181, "sce": 21.87, "nsm": null, "valid_obs": 19, "valid_span": 23, "significant": true }, "geometry": { "type": "Point", "coordinates": [ 179.102420420587237, -8.631589125211629 ] } },
{ "type": "Feature", "properties": { "uid": "ryrqgs6rjx", "rate_time": 1.489, "sig_time": 0.0, "se_time": 0.237, "sce": 37.9, "nsm": null, "valid_obs": 18, "valid_span": 23, "significant": true }, "geometry": { "type": "Point", "coordinates": [ 179.102447151191484, -8.632640604199983 ] } },
{ "type": "Feature", "properties": { "uid": "ryrqgs63rd", "rate_time": 1.259, "sig_time": 0.031, "se_time": 0.532, "sce": 57.04, "nsm": null, "valid_obs": 18, "valid_span": 23, "significant": true }, "geometry": { "type": "Point", "coordinates": [ 179.102540667773695, -8.633650411971761 ] } },
{ "type": "Feature", "properties": { "uid": "ryrqgs6w1f", "rate_time": 1.679, "sig_time": 0.0, "se_time": 0.249, "sce": 40.87, "nsm": null, "valid_obs": 18, "valid_span": 23, "significant": true }, "geometry": { "type": "Point", "coordinates": [ 179.102636870972077, -8.632834735832251 ] } },
{ "type": "Feature", "properties": { "uid": "ryrqgsdsgp", "rate_time": -0.534, "sig_time": 0.02, "se_time": 0.209, "sce": 25.65, "nsm": null, "valid_obs": 19, "valid_span": 23, "significant": true }, "geometry": { "type": "Point", "coordinates": [ 179.102685521479117, -8.631651750506604 ] } },
{ "type": "Feature", "properties": { "uid": "ryrqgsdu2u", "rate_time": 0.035, "sig_time": 0.877, "se_time": 0.225, "sce": 25.06, "nsm": null, "valid_obs": 19, "valid_span": 23, "significant": false }, "geometry": { "type": "Point", "coordinates": [ 179.102938116430266, -8.631751143224442 ] } },
{ "type": "Feature", "properties": { "uid": "ryrqgsg0dn", "rate_time": 0.776, "sig_time": 0.0, "se_time": 0.146, "sce": 20.62, "nsm": null, "valid_obs": 19, "valid_span": 23, "significant": true }, "geometry": { "type": "Point", "coordinates": [ 179.103328343997561, -8.631014020843773 ] } },
{ "type": "Feature", "properties": { "uid": "ryrqgsep5t", "rate_time": 0.941, "sig_time": 0.0, "se_time": 0.131, "sce": 22.0, "nsm": null, "valid_obs": 19, "valid_span": 23, "significant": true }, "geometry": { "type": "Point", "coordinates": [ 179.103394369869562, -8.631277117827086 ] } },
{ "type": "Feature", "properties": { "uid": "ryrr5v6sq5", "rate_time": -1.123, "sig_time": 0.004, "se_time": 0.318, "sce": 32.09, "nsm": null, "valid_obs": 15, "valid_span": 18, "significant": true }, "geometry": { "type": "Point", "coordinates": [ 179.113801476256526, -8.583695689625367 ] } },
{ "type": "Feature", "properties": { "uid": "ryrr5v6uu0", "rate_time": 1.01, "sig_time": 0.401, "se_time": 1.17, "sce": 95.33, "nsm": null, "valid_obs": 18, "valid_span": 21, "significant": false }, "geometry": { "type": "Point", "coordinates": [ 179.114064020839692, -8.583624541255318 ] } },
{ "type": "Feature", "properties": { "uid": "ryrr5v7j4k", "rate_time": 1.901, "sig_time": 0.008, "se_time": 0.646, "sce": 77.7, "nsm": 54.53, "valid_obs": 22, "valid_span": 25, "significant": true }, "geometry": { "type": "Point", "coordinates": [ 179.114328220225417, -8.583561813432301 ] } },
{ "type": "Feature", "properties": { "uid": "ryrr5v7m2e", "rate_time": 1.025, "sig_time": 0.018, "se_time": 0.399, "sce": 50.73, "nsm": 34.44, "valid_obs": 22, "valid_span": 25, "significant": true }, "geometry": { "type": "Point", "coordinates": [ 179.114597646558906, -8.583521536849327 ] } },
{ "type": "Feature", "properties": { "uid": "ryrr5v7mwg", "rate_time": 0.583, "sig_time": 0.046, "se_time": 0.274, "sce": 37.59, "nsm": 23.52, "valid_obs": 22, "valid_span": 25, "significant": true }, "geometry": { "type": "Point", "coordinates": [ 179.114866314819949, -8.583476947445618 ] } },
{ "type": "Feature", "properties": { "uid": "ryrr5v7tvn", "rate_time": 0.317, "sig_time": 0.219, "se_time": 0.249, "sce": 33.26, "nsm": 18.88, "valid_obs": 22, "valid_span": 25, "significant": false }, "geometry": { "type": "Point", "coordinates": [ 179.115132542346146, -8.583419820213464 ] } },
{ "type": "Feature", "properties": { "uid": "ryrr5v7y7h", "rate_time": 0.436, "sig_time": 0.136, "se_time": 0.28, "sce": 36.7, "nsm": 21.83, "valid_obs": 22, "valid_span": 25, "significant": false }, "geometry": { "type": "Point", "coordinates": [ 179.115394128482052, -8.583344315823805 ] } },
{ "type": "Feature", "properties": { "uid": "ryrr5vkncn", "rate_time": 1.193, "sig_time": 0.007, "se_time": 0.394, "sce": 51.87, "nsm": 38.01, "valid_obs": 22, "valid_span": 25, "significant": true }, "geometry": { "type": "Point", "coordinates": [ 179.115649013843921, -8.583249787504428 ] } },
{ "type": "Feature", "properties": { "uid": "ryrr5vkpwu", "rate_time": 2.107, "sig_time": 0.002, "se_time": 0.589, "sce": 71.41, "nsm": 54.67, "valid_obs": 22, "valid_span": 25, "significant": true }, "geometry": { "type": "Point", "coordinates": [ 179.115893873676498, -8.583131277198877 ] } },
{ "type": "Feature", "properties": { "uid": "ryrr5vs2k7", "rate_time": 2.659, "sig_time": 0.002, "se_time": 0.754, "sce": 93.47, "nsm": 72.14, "valid_obs": 22, "valid_span": 25, "significant": true }, "geometry": { "type": "Point", "coordinates": [ 179.116134453639802, -8.583006033075137 ] } },
{ "type": "Feature", "properties": { "uid": "ryrr5vs8f9", "rate_time": 3.194, "sig_time": 0.0, "se_time": 0.769, "sce": 99.01, "nsm": 86.14, "valid_obs": 22, "valid_span": 25, "significant": true }, "geometry": { "type": "Point", "coordinates": [ 179.11639553363662, -8.58292951534629 ] } },
{ "type": "Feature", "properties": { "uid": "ryrr5vs9xg", "rate_time": 2.804, "sig_time": 0.006, "se_time": 0.902, "sce": 92.4, "nsm": null, "valid_obs": 20, "valid_span": 23, "significant": true }, "geometry": { "type": "Point", "coordinates": [ 179.116629199047708, -8.582792097994719 ] } },
{ "type": "Feature", "properties": { "uid": "ryrr5vsft1", "rate_time": 3.752, "sig_time": 0.0, "se_time": 0.815, "sce": 103.13, "nsm": 97.63, "valid_obs": 22, "valid_span": 25, "significant": true }, "geometry": { "type": "Point", "coordinates": [ 179.116848364725087, -8.582631016372517 ] } },
{ "type": "Feature", "properties": { "uid": "ryrr5vtq0u", "rate_time": -0.692, "sig_time": 0.166, "se_time": 0.475, "sce": 47.98, "nsm": null, "valid_obs": 17, "valid_span": 18, "significant": false }, "geometry": { "type": "Point", "coordinates": [ 179.117359890435921, -8.582016235344316 ] } },
{ "type": "Feature", "properties": { "uid": "ryrr5vtrkq", "rate_time": 0.222, "sig_time": 0.658, "se_time": 0.493, "sce": 51.17, "nsm": null, "valid_obs": 18, "valid_span": 23, "significant": false }, "geometry": { "type": "Point", "coordinates": [ 179.11750687248724, -8.581788362328226 ] } },
{ "type": "Feature", "properties": { "uid": "ryrr5vu0yk", "rate_time": 0.604, "sig_time": 0.008, "se_time": 0.207, "sce": 37.12, "nsm": 7.92, "valid_obs": 22, "valid_span": 25, "significant": true }, "geometry": { "type": "Point", "coordinates": [ 179.115878407052804, -8.581541245730852 ] } },
{ "type": "Feature", "properties": { "uid": "ryrr5vu00v", "rate_time": 0.659, "sig_time": 0.0, "se_time": 0.142, "sce": 24.89, "nsm": 16.94, "valid_obs": 21, "valid_span": 25, "significant": true }, "geometry": { "type": "Point", "coordinates": [ 179.115637761598521, -8.581668365160036 ] } },
{ "type": "Feature", "properties": { "uid": "ryrr5vez7n", "rate_time": 0.76, "sig_time": 0.0, "se_time": 0.155, "sce": 26.37, "nsm": null, "valid_obs": 20, "valid_span": 23, "significant": true }, "geometry": { "type": "Point", "coordinates": [ 179.11539320322359, -8.581787766796433 ] } },
{ "type": "Feature", "properties": { "uid": "ryrr5vewvn", "rate_time": 0.908, "sig_time": 0.0, "se_time": 0.179, "sce": 30.97, "nsm": null, "valid_obs": 20, "valid_span": 23, "significant": true }, "geometry": { "type": "Point", "coordinates": [ 179.115138512024458, -8.581875418899703 ] } },
{ "type": "Feature", "properties": { "uid": "ryrr5veqwy", "rate_time": 0.886, "sig_time": 0.0, "se_time": 0.176, "sce": 30.27, "nsm": null, "valid_obs": 20, "valid_span": 23, "significant": true }, "geometry": { "type": "Point", "coordinates": [ 179.11486966286347, -8.581918620913825 ] } },
{ "type": "Feature", "properties": { "uid": "ryrr5veq2c", "rate_time": 0.826, "sig_time": 0.0, "se_time": 0.181, "sce": 27.44, "nsm": null, "valid_obs": 20, "valid_span": 23, "significant": true }, "geometry": { "type": "Point", "coordinates": [ 179.114608984796121, -8.581988274783225 ] } },
{ "type": "Feature", "properties": { "uid": "ryrr5vej7x", "rate_time": 1.155, "sig_time": 0.0, "se_time": 0.216, "sce": 38.42, "nsm": 28.86, "valid_obs": 22, "valid_span": 25, "significant": true }, "geometry": { "type": "Point", "coordinates": [ 179.11437874615325, -8.582125165789105 ] } },
{ "type": "Feature", "properties": { "uid": "ryrr5vdur6", "rate_time": 0.776, "sig_time": 0.004, "se_time": 0.242, "sce": 38.89, "nsm": 7.3, "valid_obs": 22, "valid_span": 25, "significant": true }, "geometry": { "type": "Point", "coordinates": [ 179.114196181162868, -8.582326457339974 ] } },
{ "type": "Feature", "properties": { "uid": "ryrr5vdfy1", "rate_time": 0.364, "sig_time": 0.069, "se_time": 0.189, "sce": 26.34, "nsm": -0.51, "valid_obs": 22, "valid_span": 25, "significant": false }, "geometry": { "type": "Point", "coordinates": [ 179.114145390728368, -8.582588849994384 ] } },
{ "type": "Feature", "properties": { "uid": "ryrr5vdcnz", "rate_time": 0.289, "sig_time": 0.095, "se_time": 0.164, "sce": 21.11, "nsm": 5.55, "valid_obs": 22, "valid_span": 25, "significant": false }, "geometry": { "type": "Point", "coordinates": [ 179.114179125392752, -8.582856523211412 ] } },
{ "type": "Feature", "properties": { "uid": "ryrr5v6kvw", "rate_time": -1.487, "sig_time": 0.002, "se_time": 0.395, "sce": 38.98, "nsm": null, "valid_obs": 15, "valid_span": 18, "significant": true }, "geometry": { "type": "Point", "coordinates": [ 179.113441732954442, -8.583593238216897 ] } },
{ "type": "Feature", "properties": { "uid": "ryrr5v6s5p", "rate_time": -1.025, "sig_time": 0.007, "se_time": 0.321, "sce": 29.33, "nsm": null, "valid_obs": 15, "valid_span": 18, "significant": true }, "geometry": { "type": "Point", "coordinates": [ 179.113677389148165, -8.583717907506834 ] } },
{ "type": "Feature", "properties": { "uid": "ryrr5vstbr", "rate_time": 0.71, "sig_time": 0.0, "se_time": 0.097, "sce": 18.94, "nsm": 15.96, "valid_obs": 16, "valid_span": 25, "significant": true }, "geometry": { "type": "Point", "coordinates": [ 179.116302608691598, -8.582043859677581 ] } },
{ "type": "Feature", "properties": { "uid": "ryrr5vsx6u", "rate_time": 1.744, "sig_time": 0.022, "se_time": 0.687, "sce": 108.97, "nsm": 40.94, "valid_obs": 18, "valid_span": 25, "significant": true }, "geometry": { "type": "Point", "coordinates": [ 179.116408886161963, -8.581798286486075 ] } },
{ "type": "Feature", "properties": { "uid": "ryrrmjjp9t", "rate_time": 6.274, "sig_time": 0.019, "se_time": 2.361, "sce": 272.99, "nsm": null, "valid_obs": 16, "valid_span": 20, "significant": true }, "geometry": { "type": "Point", "coordinates": [ 179.171975632694824, -8.540552036220245 ] } },
{ "type": "Feature", "properties": { "uid": "ryrrmjm0uj", "rate_time": 5.2, "sig_time": 0.023, "se_time": 2.032, "sce": 240.43, "nsm": null, "valid_obs": 16, "valid_span": 20, "significant": true }, "geometry": { "type": "Point", "coordinates": [ 179.172085543640435, -8.540339462064898 ] } },
{ "type": "Feature", "properties": { "uid": "ryrrmjm21h", "rate_time": 4.018, "sig_time": 0.0, "se_time": 0.751, "sce": 91.64, "nsm": null, "valid_obs": 15, "valid_span": 20, "significant": true }, "geometry": { "type": "Point", "coordinates": [ 179.172295083243739, -8.540473306032522 ] } },
{ "type": "Feature", "properties": { "uid": "ryrrmm3nkf", "rate_time": 0.012, "sig_time": 0.943, "se_time": 0.171, "sce": 16.75, "nsm": null, "valid_obs": 17, "valid_span": 20, "significant": false }, "geometry": { "type": "Point", "coordinates": [ 179.177604164599131, -8.539409251181867 ] } },
{ "type": "Feature", "properties": { "uid": "ryrrmm3q7p", "rate_time": 0.056, "sig_time": 0.753, "se_time": 0.174, "sce": 16.47, "nsm": null, "valid_obs": 17, "valid_span": 20, "significant": false }, "geometry": { "type": "Point", "coordinates": [ 179.177875357213168, -8.539384388810758 ] } },
{ "type": "Feature", "properties": { "uid": "ryrrmm97jg", "rate_time": 0.058, "sig_time": 0.551, "se_time": 0.094, "sce": 7.28, "nsm": null, "valid_obs": 15, "valid_span": 20, "significant": false }, "geometry": { "type": "Point", "coordinates": [ 179.177994347405217, -8.538592229976985 ] } },
{ "type": "Feature", "properties": { "uid": "ryrrmm3w97", "rate_time": -0.057, "sig_time": 0.735, "se_time": 0.164, "sce": 17.67, "nsm": null, "valid_obs": 17, "valid_span": 20, "significant": false }, "geometry": { "type": "Point", "coordinates": [ 179.178147005800781, -8.539364118946285 ] } },
{ "type": "Feature", "properties": { "uid": "ryrrmm9eh0", "rate_time": 0.271, "sig_time": 0.018, "se_time": 0.101, "sce": 9.72, "nsm": null, "valid_obs": 15, "valid_span": 20, "significant": true }, "geometry": { "type": "Point", "coordinates": [ 179.178266171257491, -8.538606749884204 ] } },
{ "type": "Feature", "properties": { "uid": "ryrrmm3wzb", "rate_time": -0.127, "sig_time": 0.504, "se_time": 0.185, "sce": 19.01, "nsm": null, "valid_obs": 17, "valid_span": 20, "significant": false }, "geometry": { "type": "Point", "coordinates": [ 179.178418090862237, -8.53933778397551 ] } },
{ "type": "Feature", "properties": { "uid": "ryrrmm9g4e", "rate_time": 0.459, "sig_time": 0.01, "se_time": 0.152, "sce": 15.91, "nsm": null, "valid_obs": 15, "valid_span": 20, "significant": true }, "geometry": { "type": "Point", "coordinates": [ 179.178537899082016, -8.538588968657891 ] } },
{ "type": "Feature", "properties": { "uid": "ryrrmm3yyj", "rate_time": -0.042, "sig_time": 0.844, "se_time": 0.208, "sce": 21.57, "nsm": null, "valid_obs": 17, "valid_span": 20, "significant": false }, "geometry": { "type": "Point", "coordinates": [ 179.178688804664716, -8.539307568358391 ] } },
{ "type": "Feature", "properties": { "uid": "ryrrmm6phq", "rate_time": -0.106, "sig_time": 0.65, "se_time": 0.23, "sce": 24.98, "nsm": null, "valid_obs": 17, "valid_span": 20, "significant": false }, "geometry": { "type": "Point", "coordinates": [ 179.178956884959348, -8.539260977821652 ] } },
{ "type": "Feature", "properties": { "uid": "ryrrmm6rdm", "rate_time": 0.0, "sig_time": 0.998, "se_time": 0.165, "sce": 16.51, "nsm": null, "valid_obs": 17, "valid_span": 20, "significant": false }, "geometry": { "type": "Point", "coordinates": [ 179.179215232977583, -8.539177953830446 ] } },
{ "type": "Feature", "properties": { "uid": "ryrrmmd821", "rate_time": -0.04, "sig_time": 0.788, "se_time": 0.146, "sce": 13.41, "nsm": null, "valid_obs": 17, "valid_span": 20, "significant": false }, "geometry": { "type": "Point", "coordinates": [ 179.17946709106954, -8.539074723821123 ] } },
{ "type": "Feature", "properties": { "uid": "ryrrmmd8y1", "rate_time": 0.035, "sig_time": 0.81, "se_time": 0.143, "sce": 13.44, "nsm": null, "valid_obs": 17, "valid_span": 20, "significant": false }, "geometry": { "type": "Point", "coordinates": [ 179.179724685710511, -8.538988388038842 ] } },
{ "type": "Feature", "properties": { "uid": "ryrrmmdchq", "rate_time": 0.117, "sig_time": 0.74, "se_time": 0.346, "sce": 36.57, "nsm": null, "valid_obs": 17, "valid_span": 20, "significant": false }, "geometry": { "type": "Point", "coordinates": [ 179.179987678116902, -8.538917773194504 ] } },
{ "type": "Feature", "properties": { "uid": "ryrrmme1dm", "rate_time": 0.16, "sig_time": 0.373, "se_time": 0.174, "sce": 16.97, "nsm": null, "valid_obs": 16, "valid_span": 20, "significant": false }, "geometry": { "type": "Point", "coordinates": [ 179.180246798437508, -8.538834899915647 ] } },
{ "type": "Feature", "properties": { "uid": "ryrrmme622", "rate_time": 0.076, "sig_time": 0.607, "se_time": 0.144, "sce": 13.29, "nsm": null, "valid_obs": 16, "valid_span": 20, "significant": false }, "geometry": { "type": "Point", "coordinates": [ 179.180499385205906, -8.538733658463872 ] } },
{ "type": "Feature", "properties": { "uid": "ryrrmme6vy", "rate_time": -0.102, "sig_time": 0.487, "se_time": 0.143, "sce": 13.85, "nsm": null, "valid_obs": 16, "valid_span": 20, "significant": false }, "geometry": { "type": "Point", "coordinates": [ 179.180745160087866, -8.53861712974286 ] } },
{ "type": "Feature", "properties": { "uid": "ryrrmmdvww", "rate_time": 0.15, "sig_time": 0.231, "se_time": 0.121, "sce": 14.44, "nsm": null, "valid_obs": 18, "valid_span": 23, "significant": false }, "geometry": { "type": "Point", "coordinates": [ 179.180090710377272, -8.5381469553052 ] } },
{ "type": "Feature", "properties": { "uid": "ryrrmmens0", "rate_time": 0.386, "sig_time": 0.001, "se_time": 0.1, "sce": 18.62, "nsm": 10.21, "valid_obs": 20, "valid_span": 25, "significant": true }, "geometry": { "type": "Point", "coordinates": [ 179.180321940392218, -8.538004107481775 ] } },
{ "type": "Feature", "properties": { "uid": "ryrrmmer39", "rate_time": 0.23, "sig_time": 0.022, "se_time": 0.092, "sce": 12.86, "nsm": 4.69, "valid_obs": 20, "valid_span": 25, "significant": true }, "geometry": { "type": "Point", "coordinates": [ 179.180560403162815, -8.537873334562155 ] } },
{ "type": "Feature", "properties": { "uid": "ryrrmmg2p2", "rate_time": 0.156, "sig_time": 0.059, "se_time": 0.077, "sce": 10.63, "nsm": 3.27, "valid_obs": 20, "valid_span": 25, "significant": false }, "geometry": { "type": "Point", "coordinates": [ 179.180802366948967, -8.537749051970662 ] } },
{ "type": "Feature", "properties": { "uid": "ryrrmmeeew", "rate_time": -0.258, "sig_time": 0.08, "se_time": 0.137, "sce": 14.5, "nsm": null, "valid_obs": 16, "valid_span": 20, "significant": false }, "geometry": { "type": "Point", "coordinates": [ 179.180983813370347, -8.538486725157085 ] } },
{ "type": "Feature", "properties": { "uid": "ryrrmmg8ub", "rate_time": 0.012, "sig_time": 0.84, "se_time": 0.06, "sce": 9.51, "nsm": -1.51, "valid_obs": 20, "valid_span": 25, "significant": false }, "geometry": { "type": "Point", "coordinates": [ 179.18104187912644, -8.53762110044671 ] } },
{ "type": "Feature", "properties": { "uid": "ryrrmmeu36", "rate_time": -0.335, "sig_time": 0.066, "se_time": 0.168, "sce": 15.22, "nsm": null, "valid_obs": 16, "valid_span": 20, "significant": false }, "geometry": { "type": "Point", "coordinates": [ 179.181235454218296, -8.538382906850474 ] } },
{ "type": "Feature", "properties": { "uid": "ryrrmmgcd6", "rate_time": 0.202, "sig_time": 0.003, "se_time": 0.06, "sce": 10.59, "nsm": 1.38, "valid_obs": 20, "valid_span": 25, "significant": true }, "geometry": { "type": "Point", "coordinates": [ 179.181273284234351, -8.537478469276888 ] } },
{ "type": "Feature", "properties": { "uid": "ryrrmmevp1", "rate_time": -0.489, "sig_time": 0.136, "se_time": 0.31, "sce": 33.67, "nsm": null, "valid_obs": 17, "valid_span": 20, "significant": false }, "geometry": { "type": "Point", "coordinates": [ 179.181476952970769, -8.53825744576957 ] } },
{ "type": "Feature", "properties": { "uid": "ryrrmmgfrc", "rate_time": 0.067, "sig_time": 0.332, "se_time": 0.067, "sce": 9.78, "nsm": -0.08, "valid_obs": 20, "valid_span": 25, "significant": false }, "geometry": { "type": "Point", "coordinates": [ 179.181515350088205, -8.537354200774031 ] } },
{ "type": "Feature", "properties": { "uid": "ryrrmmsjsy", "rate_time": -0.317, "sig_time": 0.24, "se_time": 0.259, "sce": 23.5, "nsm": null, "valid_obs": 17, "valid_span": 20, "significant": false }, "geometry": { "type": "Point", "coordinates": [ 179.18172502471964, -8.538145543532531 ] } },
{ "type": "Feature", "properties": { "uid": "ryrrmmu5jk", "rate_time": 0.099, "sig_time": 0.188, "se_time": 0.072, "sce": 12.3, "nsm": 0.2, "valid_obs": 20, "valid_span": 25, "significant": false }, "geometry": { "type": "Point", "coordinates": [ 179.18174810004507, -8.537213307318275 ] } },
{ "type": "Feature", "properties": { "uid": "ryrrmmsq6m", "rate_time": -0.438, "sig_time": 0.087, "se_time": 0.239, "sce": 26.95, "nsm": null, "valid_obs": 17, "valid_span": 20, "significant": false }, "geometry": { "type": "Point", "coordinates": [ 179.181967474326882, -8.538022185541287 ] } },
{ "type": "Feature", "properties": { "uid": "ryrrmmu7fv", "rate_time": 0.035, "sig_time": 0.699, "se_time": 0.088, "sce": 14.03, "nsm": -0.5, "valid_obs": 20, "valid_span": 25, "significant": false }, "geometry": { "type": "Point", "coordinates": [ 179.181983026963053, -8.537076052731976 ] } },
{ "type": "Feature", "properties": { "uid": "ryrrmmsrpz", "rate_time": -0.288, "sig_time": 0.196, "se_time": 0.213, "sce": 23.58, "nsm": null, "valid_obs": 17, "valid_span": 20, "significant": false }, "geometry": { "type": "Point", "coordinates": [ 179.182200411017192, -8.537881750305921 ] } },
{ "type": "Feature", "properties": { "uid": "ryrrmmusb1", "rate_time": 0.007, "sig_time": 0.93, "se_time": 0.08, "sce": 13.06, "nsm": -1.05, "valid_obs": 20, "valid_span": 25, "significant": false }, "geometry": { "type": "Point", "coordinates": [ 179.182208644562422, -8.536924446725029 ] } },
{ "type": "Feature", "properties": { "uid": "ryrrmmu8jh", "rate_time": -0.265, "sig_time": 0.2, "se_time": 0.198, "sce": 20.92, "nsm": null, "valid_obs": 17, "valid_span": 20, "significant": false }, "geometry": { "type": "Point", "coordinates": [ 179.18242494503869, -8.537728594542743 ] } },
{ "type": "Feature", "properties": { "uid": "ryrrmmuttq", "rate_time": -0.1, "sig_time": 0.128, "se_time": 0.062, "sce": 9.99, "nsm": -4.13, "valid_obs": 20, "valid_span": 25, "significant": false }, "geometry": { "type": "Point", "coordinates": [ 179.182433222540823, -8.536771052098702 ] } },
{ "type": "Feature", "properties": { "uid": "ryrrmmuc45", "rate_time": 0.811, "sig_time": 0.026, "se_time": 0.333, "sce": 45.91, "nsm": null, "valid_obs": 19, "valid_span": 23, "significant": true }, "geometry": { "type": "Point", "coordinates": [ 179.1826395320617, -8.537561823499917 ] } },
{ "type": "Feature", "properties": { "uid": "ryrrmmuyde", "rate_time": -0.127, "sig_time": 0.143, "se_time": 0.083, "sce": 11.56, "nsm": -5.63, "valid_obs": 20, "valid_span": 25, "significant": false }, "geometry": { "type": "Point", "coordinates": [ 179.182657852723338, -8.536617763028548 ] } },
{ "type": "Feature", "properties": { "uid": "ryrrmmufnw", "rate_time": -0.131, "sig_time": 0.412, "se_time": 0.156, "sce": 17.59, "nsm": null, "valid_obs": 19, "valid_span": 23, "significant": false }, "geometry": { "type": "Point", "coordinates": [ 179.182834965465076, -8.537373117868768 ] } },
{ "type": "Feature", "properties": { "uid": "ryrrmmuzx9", "rate_time": -0.166, "sig_time": 0.097, "se_time": 0.095, "sce": 12.59, "nsm": -6.44, "valid_obs": 20, "valid_span": 25, "significant": false }, "geometry": { "type": "Point", "coordinates": [ 179.182876195339304, -8.536455804044669 ] } },
{ "type": "Feature", "properties": { "uid": "ryrrmmv571", "rate_time": -0.264, "sig_time": 0.077, "se_time": 0.14, "sce": 16.82, "nsm": null, "valid_obs": 19, "valid_span": 23, "significant": false }, "geometry": { "type": "Point", "coordinates": [ 179.183028951267886, -8.537182755551564 ] } },
{ "type": "Feature", "properties": { "uid": "ryrrmqj0s8", "rate_time": -0.142, "sig_time": 0.167, "se_time": 0.098, "sce": 12.37, "nsm": -6.89, "valid_obs": 20, "valid_span": 25, "significant": false }, "geometry": { "type": "Point", "coordinates": [ 179.183091492711611, -8.53628996756866 ] } },
{ "type": "Feature", "properties": { "uid": "ryrrmmvhru", "rate_time": -0.194, "sig_time": 0.241, "se_time": 0.16, "sce": 17.31, "nsm": null, "valid_obs": 19, "valid_span": 23, "significant": false }, "geometry": { "type": "Point", "coordinates": [ 179.183226114993232, -8.536995647299122 ] } },
{ "type": "Feature", "properties": { "uid": "ryrrmmducn", "rate_time": 0.313, "sig_time": 0.076, "se_time": 0.165, "sce": 21.25, "nsm": null, "valid_obs": 18, "valid_span": 23, "significant": false }, "geometry": { "type": "Point", "coordinates": [ 179.179849054918833, -8.538272033865411 ] } },
{ "type": "Feature", "properties": { "uid": "ryrrmmd5x1", "rate_time": 0.176, "sig_time": 0.202, "se_time": 0.131, "sce": 13.67, "nsm": null, "valid_obs": 15, "valid_span": 20, "significant": false }, "geometry": { "type": "Point", "coordinates": [ 179.179077411542551, -8.538513474290271 ] } },
{ "type": "Feature", "properties": { "uid": "ryrrmqj393", "rate_time": -0.002, "sig_time": 0.985, "se_time": 0.118, "sce": 17.27, "nsm": -6.76, "valid_obs": 20, "valid_span": 25, "significant": false }, "geometry": { "type": "Point", "coordinates": [ 179.183298596438988, -8.536114010056284 ] } },
{ "type": "Feature", "properties": { "uid": "ryrrmmvmks", "rate_time": -0.295, "sig_time": 0.073, "se_time": 0.155, "sce": 17.69, "nsm": null, "valid_obs": 19, "valid_span": 23, "significant": false }, "geometry": { "type": "Point", "coordinates": [ 179.183438005779379, -8.536825900585077 ] } },
{ "type": "Feature", "properties": { "uid": "ryrrmqj6w6", "rate_time": -0.121, "sig_time": 0.175, "se_time": 0.086, "sce": 13.18, "nsm": -6.4, "valid_obs": 20, "valid_span": 25, "significant": false }, "geometry": { "type": "Point", "coordinates": [ 179.18350474396081, -8.535936834202614 ] } },
{ "type": "Feature", "properties": { "uid": "ryrrmmvw4p", "rate_time": 0.97, "sig_time": 0.022, "se_time": 0.386, "sce": 50.82, "nsm": null, "valid_obs": 19, "valid_span": 23, "significant": true }, "geometry": { "type": "Point", "coordinates": [ 179.183667301080618, -8.536679526735535 ] } },
{ "type": "Feature", "properties": { "uid": "ryrrmqjee4", "rate_time": -0.092, "sig_time": 0.361, "se_time": 0.098, "sce": 13.85, "nsm": -6.71, "valid_obs": 20, "valid_span": 25, "significant": false }, "geometry": { "type": "Point", "coordinates": [ 179.183715498292031, -8.535765034853499 ] } },
{ "type": "Feature", "properties": { "uid": "ryrrmmvxp7", "rate_time": 0.105, "sig_time": 0.647, "se_time": 0.225, "sce": 19.01, "nsm": null, "valid_obs": 17, "valid_span": 20, "significant": false }, "geometry": { "type": "Point", "coordinates": [ 179.183892678760742, -8.536527230961941 ] } },
{ "type": "Feature", "properties": { "uid": "ryrrmqju84", "rate_time": -0.081, "sig_time": 0.415, "se_time": 0.097, "sce": 13.73, "nsm": -6.08, "valid_obs": 20, "valid_span": 25, "significant": false }, "geometry": { "type": "Point", "coordinates": [ 179.183926306517577, -8.535593298154811 ] } },
{ "type": "Feature", "properties": { "uid": "ryrrmqjbh6", "rate_time": 0.005, "sig_time": 0.992, "se_time": 0.47, "sce": 48.28, "nsm": null, "valid_obs": 17, "valid_span": 20, "significant": false }, "geometry": { "type": "Point", "coordinates": [ 179.184108913044838, -8.536362543337512 ] } },
{ "type": "Feature", "properties": { "uid": "ryrrmqjvt0", "rate_time": -0.037, "sig_time": 0.709, "se_time": 0.098, "sce": 14.51, "nsm": -5.65, "valid_obs": 20, "valid_span": 25, "significant": false }, "geometry": { "type": "Point", "coordinates": [ 179.184142967731958, -8.535428935288584 ] } },
{ "type": "Feature", "properties": { "uid": "ryrrmqn116", "rate_time": 0.094, "sig_time": 0.534, "se_time": 0.147, "sce": 13.94, "nsm": null, "valid_obs": 16, "valid_span": 20, "significant": false }, "geometry": { "type": "Point", "coordinates": [ 179.184321514373295, -8.536193011176989 ] } },
{ "type": "Feature", "properties": { "uid": "ryrrmqn4n4", "rate_time": -0.026, "sig_time": 0.882, "se_time": 0.174, "sce": 15.25, "nsm": null, "valid_obs": 16, "valid_span": 20, "significant": false }, "geometry": { "type": "Point", "coordinates": [ 179.184533106395406, -8.53602228706257 ] } },
{ "type": "Feature", "properties": { "uid": "ryrrmqn752", "rate_time": 0.036, "sig_time": 0.858, "se_time": 0.201, "sce": 17.68, "nsm": null, "valid_obs": 16, "valid_span": 20, "significant": false }, "geometry": { "type": "Point", "coordinates": [ 179.184749226906888, -8.535857263901395 ] } },
{ "type": "Feature", "properties": { "uid": "ryrrmqns00", "rate_time": -0.089, "sig_time": 0.666, "se_time": 0.201, "sce": 17.34, "nsm": null, "valid_obs": 16, "valid_span": 20, "significant": false }, "geometry": { "type": "Point", "coordinates": [ 179.184961973595136, -8.53568794193275 ] } },
{ "type": "Feature", "properties": { "uid": "ryrrmqnsvr", "rate_time": -0.295, "sig_time": 0.176, "se_time": 0.207, "sce": 20.12, "nsm": null, "valid_obs": 16, "valid_span": 20, "significant": false }, "geometry": { "type": "Point", "coordinates": [ 179.18517771461336, -8.53552242478716 ] } },
{ "type": "Feature", "properties": { "uid": "ryrrmqnvfk", "rate_time": -0.096, "sig_time": 0.717, "se_time": 0.259, "sce": 24.07, "nsm": null, "valid_obs": 16, "valid_span": 20, "significant": false }, "geometry": { "type": "Point", "coordinates": [ 179.185400552984959, -8.535366721565419 ] } },
{ "type": "Feature", "properties": { "uid": "ryrrmqnyz9", "rate_time": -0.46, "sig_time": 0.112, "se_time": 0.271, "sce": 28.11, "nsm": null, "valid_obs": 16, "valid_span": 20, "significant": false }, "geometry": { "type": "Point", "coordinates": [ 179.185622698114742, -8.535210080911105 ] } },
{ "type": "Feature", "properties": { "uid": "ryrrmqppsy", "rate_time": -0.634, "sig_time": 0.024, "se_time": 0.251, "sce": 29.25, "nsm": null, "valid_obs": 16, "valid_span": 20, "significant": true }, "geometry": { "type": "Point", "coordinates": [ 179.185846778850362, -8.535055892649755 ] } },
{ "type": "Feature", "properties": { "uid": "ryrrmqr29v", "rate_time": -0.732, "sig_time": 0.003, "se_time": 0.208, "sce": 27.3, "nsm": null, "valid_obs": 16, "valid_span": 20, "significant": true }, "geometry": { "type": "Point", "coordinates": [ 179.186062548337247, -8.534890375934951 ] } },
{ "type": "Feature", "properties": { "uid": "ryrrmqr3wt", "rate_time": -0.764, "sig_time": 0.004, "se_time": 0.227, "sce": 29.36, "nsm": null, "valid_obs": 17, "valid_span": 20, "significant": true }, "geometry": { "type": "Point", "coordinates": [ 179.186270945470653, -8.53471586553496 ] } },
{ "type": "Feature", "properties": { "uid": "ryrrmqrdew", "rate_time": -0.474, "sig_time": 0.032, "se_time": 0.2, "sce": 20.96, "nsm": null, "valid_obs": 17, "valid_span": 20, "significant": true }, "geometry": { "type": "Point", "coordinates": [ 179.186477689096222, -8.534539299187328 ] } },
{ "type": "Feature", "properties": { "uid": "ryrrmqrg8t", "rate_time": -0.437, "sig_time": 0.019, "se_time": 0.166, "sce": 18.71, "nsm": null, "valid_obs": 17, "valid_span": 20, "significant": true }, "geometry": { "type": "Point", "coordinates": [ 179.186692849293451, -8.534373732378688 ] } },
{ "type": "Feature", "properties": { "uid": "ryrrmqrpnx", "rate_time": -0.201, "sig_time": 0.2, "se_time": 0.151, "sce": 24.96, "nsm": -0.1, "valid_obs": 20, "valid_span": 25, "significant": false }, "geometry": { "type": "Point", "coordinates": [ 179.185927644210153, -8.533762657343116 ] } },
{ "type": "Feature", "properties": { "uid": "ryrrmqx278", "rate_time": -0.008, "sig_time": 0.954, "se_time": 0.133, "sce": 19.43, "nsm": 1.95, "valid_obs": 20, "valid_span": 25, "significant": false }, "geometry": { "type": "Point", "coordinates": [ 179.186134868960949, -8.533586716935346 ] } },
{ "type": "Feature", "properties": { "uid": "ryrrmqx924", "rate_time": -0.137, "sig_time": 0.207, "se_time": 0.105, "sce": 15.01, "nsm": -5.32, "valid_obs": 20, "valid_span": 25, "significant": false }, "geometry": { "type": "Point", "coordinates": [ 179.186333955766031, -8.533401640143369 ] } },
{ "type": "Feature", "properties": { "uid": "ryrrmqxdkx", "rate_time": 0.049, "sig_time": 0.867, "se_time": 0.287, "sce": 47.29, "nsm": -4.75, "valid_obs": 21, "valid_span": 25, "significant": false }, "geometry": { "type": "Point", "coordinates": [ 179.186522676427188, -8.533206172924725 ] } },
{ "type": "Feature", "properties": { "uid": "ryrrmqxg95", "rate_time": -0.048, "sig_time": 0.695, "se_time": 0.121, "sce": 17.79, "nsm": -2.7, "valid_obs": 21, "valid_span": 25, "significant": false }, "geometry": { "type": "Point", "coordinates": [ 179.186713381594359, -8.533012690916568 ] } },
{ "type": "Feature", "properties": { "uid": "ryrrmqxutt", "rate_time": -0.139, "sig_time": 0.153, "se_time": 0.093, "sce": 14.89, "nsm": -4.43, "valid_obs": 21, "valid_span": 25, "significant": false }, "geometry": { "type": "Point", "coordinates": [ 179.18691400882372, -8.53282935518641 ] } },
{ "type": "Feature", "properties": { "uid": "ryrrmqruqn", "rate_time": -0.252, "sig_time": 0.184, "se_time": 0.181, "sce": 17.24, "nsm": null, "valid_obs": 17, "valid_span": 20, "significant": false }, "geometry": { "type": "Point", "coordinates": [ 179.186928831663749, -8.534238274550573 ] } },
{ "type": "Feature", "properties": { "uid": "ryrrmw8jdt", "rate_time": -0.224, "sig_time": 0.04, "se_time": 0.102, "sce": 15.05, "nsm": -7.57, "valid_obs": 21, "valid_span": 25, "significant": true }, "geometry": { "type": "Point", "coordinates": [ 179.187122901768447, -8.532655314354255 ] } },
{ "type": "Feature", "properties": { "uid": "ryrrmw2j7h", "rate_time": -0.144, "sig_time": 0.444, "se_time": 0.183, "sce": 17.54, "nsm": null, "valid_obs": 17, "valid_span": 20, "significant": false }, "geometry": { "type": "Point", "coordinates": [ 179.187147107823904, -8.534076203050226 ] } },
{ "type": "Feature", "properties": { "uid": "ryrrmw8nxs", "rate_time": -0.255, "sig_time": 0.023, "se_time": 0.103, "sce": 16.57, "nsm": -8.91, "valid_obs": 21, "valid_span": 25, "significant": true }, "geometry": { "type": "Point", "coordinates": [ 179.18733850398911, -8.532489759005198 ] } },
{ "type": "Feature", "properties": { "uid": "ryrrmw2q2h", "rate_time": -0.124, "sig_time": 0.519, "se_time": 0.187, "sce": 17.74, "nsm": null, "valid_obs": 17, "valid_span": 20, "significant": false }, "geometry": { "type": "Point", "coordinates": [ 179.187359587467228, -8.533906599633196 ] } },
{ "type": "Feature", "properties": { "uid": "ryrrmw8rsd", "rate_time": -0.272, "sig_time": 0.009, "se_time": 0.094, "sce": 15.7, "nsm": -7.96, "valid_obs": 21, "valid_span": 25, "significant": true }, "geometry": { "type": "Point", "coordinates": [ 179.187557621463156, -8.532328657379953 ] } },
{ "type": "Feature", "properties": { "uid": "ryrrmw2rkv", "rate_time": -0.09, "sig_time": 0.621, "se_time": 0.179, "sce": 18.0, "nsm": null, "valid_obs": 17, "valid_span": 20, "significant": false }, "geometry": { "type": "Point", "coordinates": [ 179.187566205738221, -8.533729895480805 ] } },
{ "type": "Feature", "properties": { "uid": "ryrrmw883w", "rate_time": -0.205, "sig_time": 0.289, "se_time": 0.187, "sce": 19.85, "nsm": null, "valid_obs": 17, "valid_span": 20, "significant": false }, "geometry": { "type": "Point", "coordinates": [ 179.187771323976818, -8.53355147032844 ] } },
{ "type": "Feature", "properties": { "uid": "ryrrmwb86n", "rate_time": -0.152, "sig_time": 0.093, "se_time": 0.086, "sce": 10.97, "nsm": -5.43, "valid_obs": 21, "valid_span": 25, "significant": false }, "geometry": { "type": "Point", "coordinates": [ 179.187785049191973, -8.532179573458407 ] } },
{ "type": "Feature", "properties": { "uid": "ryrrmw89qx", "rate_time": -0.326, "sig_time": 0.125, "se_time": 0.201, "sce": 19.39, "nsm": null, "valid_obs": 17, "valid_span": 20, "significant": false }, "geometry": { "type": "Point", "coordinates": [ 179.187977746278335, -8.533374607921397 ] } },
{ "type": "Feature", "properties": { "uid": "ryrrmwb9rh", "rate_time": -0.111, "sig_time": 0.3, "se_time": 0.104, "sce": 14.61, "nsm": -4.98, "valid_obs": 21, "valid_span": 25, "significant": false }, "geometry": { "type": "Point", "coordinates": [ 179.188004376098462, -8.532018857597235 ] } },
{ "type": "Feature", "properties": { "uid": "ryrrmw8fe2", "rate_time": -0.259, "sig_time": 0.14, "se_time": 0.166, "sce": 15.14, "nsm": null, "valid_obs": 17, "valid_span": 20, "significant": false }, "geometry": { "type": "Point", "coordinates": [ 179.188186216023382, -8.533200207426143 ] } },
{ "type": "Feature", "properties": { "uid": "ryrrmwbf7y", "rate_time": -0.21, "sig_time": 0.106, "se_time": 0.124, "sce": 17.25, "nsm": -7.05, "valid_obs": 21, "valid_span": 25, "significant": false }, "geometry": { "type": "Point", "coordinates": [ 179.18820741230013, -8.531838085217471 ] } },
{ "type": "Feature", "properties": { "uid": "ryrrmw9580", "rate_time": -0.258, "sig_time": 0.093, "se_time": 0.144, "sce": 13.97, "nsm": null, "valid_obs": 17, "valid_span": 20, "significant": false }, "geometry": { "type": "Point", "coordinates": [ 179.18839348586971, -8.53302431540121 ] } },
{ "type": "Feature", "properties": { "uid": "ryrrmwc586", "rate_time": -0.27, "sig_time": 0.046, "se_time": 0.126, "sce": 16.27, "nsm": -8.99, "valid_obs": 21, "valid_span": 25, "significant": true }, "geometry": { "type": "Point", "coordinates": [ 179.188396109971904, -8.531643051096866 ] } },
{ "type": "Feature", "properties": { "uid": "ryrrmwchu8", "rate_time": -0.252, "sig_time": 0.059, "se_time": 0.126, "sce": 17.79, "nsm": -10.18, "valid_obs": 21, "valid_span": 25, "significant": false }, "geometry": { "type": "Point", "coordinates": [ 179.188578450369931, -8.531441643177912 ] } },
{ "type": "Feature", "properties": { "uid": "ryrrmw9hsf", "rate_time": -0.214, "sig_time": 0.132, "se_time": 0.135, "sce": 14.4, "nsm": null, "valid_obs": 17, "valid_span": 20, "significant": false }, "geometry": { "type": "Point", "coordinates": [ 179.188598014400981, -8.532845241613298 ] } },
{ "type": "Feature", "properties": { "uid": "ryrrmwcmbu", "rate_time": -0.199, "sig_time": 0.144, "se_time": 0.13, "sce": 18.07, "nsm": -10.68, "valid_obs": 21, "valid_span": 25, "significant": false }, "geometry": { "type": "Point", "coordinates": [ 179.188768043643535, -8.531246936361571 ] } },
{ "type": "Feature", "properties": { "uid": "ryrrmw9m9s", "rate_time": -0.297, "sig_time": 0.081, "se_time": 0.159, "sce": 18.6, "nsm": null, "valid_obs": 17, "valid_span": 20, "significant": false }, "geometry": { "type": "Point", "coordinates": [ 179.188798239214208, -8.532661382251405 ] } },
{ "type": "Feature", "properties": { "uid": "ryrrmwcqvu", "rate_time": -0.289, "sig_time": 0.012, "se_time": 0.104, "sce": 14.01, "nsm": -10.85, "valid_obs": 21, "valid_span": 25, "significant": true }, "geometry": { "type": "Point", "coordinates": [ 179.188976598470248, -8.531072774105125 ] } },
{ "type": "Feature", "properties": { "uid": "ryrrmw9qwq", "rate_time": -0.521, "sig_time": 0.017, "se_time": 0.195, "sce": 23.96, "nsm": null, "valid_obs": 17, "valid_span": 20, "significant": true }, "geometry": { "type": "Point", "coordinates": [ 179.189001169908039, -8.532480502306157 ] } },
{ "type": "Feature", "properties": { "uid": "ryrrmwcxft", "rate_time": -0.165, "sig_time": 0.018, "se_time": 0.064, "sce": 7.53, "nsm": -3.11, "valid_obs": 21, "valid_span": 25, "significant": true }, "geometry": { "type": "Point", "coordinates": [ 179.189186217016498, -8.530899654449867 ] } },
{ "type": "Feature", "properties": { "uid": "ryrrmw9xep", "rate_time": -0.438, "sig_time": 0.145, "se_time": 0.284, "sce": 31.32, "nsm": null, "valid_obs": 17, "valid_span": 20, "significant": false }, "geometry": { "type": "Point", "coordinates": [ 179.18920621906085, -8.532301993838059 ] } },
{ "type": "Feature", "properties": { "uid": "ryrrmx18zq", "rate_time": 0.084, "sig_time": 0.296, "se_time": 0.078, "sce": 8.75, "nsm": 7.19, "valid_obs": 21, "valid_span": 25, "significant": false }, "geometry": { "type": "Point", "coordinates": [ 179.189390973036524, -8.530720854890426 ] } },
{ "type": "Feature", "properties": { "uid": "ryrrmwc8zb", "rate_time": -0.129, "sig_time": 0.554, "se_time": 0.212, "sce": 21.75, "nsm": null, "valid_obs": 17, "valid_span": 20, "significant": false }, "geometry": { "type": "Point", "coordinates": [ 179.189411874944113, -8.532124175290242 ] } },
{ "type": "Feature", "properties": { "uid": "ryrrmx1fh0", "rate_time": 0.121, "sig_time": 0.171, "se_time": 0.085, "sce": 12.78, "nsm": 7.35, "valid_obs": 21, "valid_span": 25, "significant": false }, "geometry": { "type": "Point", "coordinates": [ 179.189591080644163, -8.530536875153016 ] } },
{ "type": "Feature", "properties": { "uid": "ryrrmwccu9", "rate_time": -0.143, "sig_time": 0.401, "se_time": 0.165, "sce": 18.8, "nsm": null, "valid_obs": 17, "valid_span": 20, "significant": false }, "geometry": { "type": "Point", "coordinates": [ 179.189617270587036, -8.531946063734798 ] } },
{ "type": "Feature", "properties": { "uid": "ryrrmx450e", "rate_time": 0.231, "sig_time": 0.009, "se_time": 0.079, "sce": 15.28, "nsm": 7.73, "valid_obs": 21, "valid_span": 25, "significant": true }, "geometry": { "type": "Point", "coordinates": [ 179.189788078881463, -8.530349614872771 ] } },
{ "type": "Feature", "properties": { "uid": "ryrrmwf4cd", "rate_time": 0.117, "sig_time": 0.476, "se_time": 0.16, "sce": 17.24, "nsm": null, "valid_obs": 17, "valid_span": 20, "significant": false }, "geometry": { "type": "Point", "coordinates": [ 179.189827435511063, -8.531773576250268 ] } },
{ "type": "Feature", "properties": { "uid": "ryrrmx4hjn", "rate_time": 0.78, "sig_time": 0.0, "se_time": 0.064, "sce": 22.69, "nsm": 17.28, "valid_obs": 21, "valid_span": 25, "significant": true }, "geometry": { "type": "Point", "coordinates": [ 179.189982672760607, -8.530159893114533 ] } },
{ "type": "Feature", "properties": { "uid": "ryrrmwf5y6", "rate_time": 0.074, "sig_time": 0.455, "se_time": 0.096, "sce": 8.56, "nsm": null, "valid_obs": 16, "valid_span": 18, "significant": false }, "geometry": { "type": "Point", "coordinates": [ 179.190035241535611, -8.53159831039034 ] } },
{ "type": "Feature", "properties": { "uid": "ryrrmx4m3e", "rate_time": 1.15, "sig_time": 0.0, "se_time": 0.071, "sce": 26.3, "nsm": 24.32, "valid_obs": 21, "valid_span": 25, "significant": true }, "geometry": { "type": "Point", "coordinates": [ 179.190172203255287, -8.529965129313556 ] } },
{ "type": "Feature", "properties": { "uid": "ryrrmwfkg3", "rate_time": 0.23, "sig_time": 0.066, "se_time": 0.115, "sce": 10.02, "nsm": null, "valid_obs": 16, "valid_span": 18, "significant": false }, "geometry": { "type": "Point", "coordinates": [ 179.190249495358387, -8.531431198887864 ] } },
{ "type": "Feature", "properties": { "uid": "ryrrmwft8w", "rate_time": 0.909, "sig_time": 0.018, "se_time": 0.339, "sce": 36.91, "nsm": null, "valid_obs": 16, "valid_span": 18, "significant": true }, "geometry": { "type": "Point", "coordinates": [ 179.190473317697126, -8.531276661826636 ] } },
{ "type": "Feature", "properties": { "uid": "ryrrmwfwtt", "rate_time": 0.28, "sig_time": 0.013, "se_time": 0.098, "sce": 8.56, "nsm": null, "valid_obs": 15, "valid_span": 17, "significant": true }, "geometry": { "type": "Point", "coordinates": [ 179.190688506885238, -8.531110459611741 ] } },
{ "type": "Feature", "properties": { "uid": "ryrrmwfzdw", "rate_time": -0.003, "sig_time": 0.988, "se_time": 0.225, "sce": 13.66, "nsm": null, "valid_obs": 15, "valid_span": 17, "significant": false }, "geometry": { "type": "Point", "coordinates": [ 179.190897740749534, -8.530936882042177 ] } },
{ "type": "Feature", "properties": { "uid": "ryrrmx4bxr", "rate_time": 0.175, "sig_time": 0.217, "se_time": 0.135, "sce": 10.0, "nsm": null, "valid_obs": 15, "valid_span": 17, "significant": false }, "geometry": { "type": "Point", "coordinates": [ 179.191103351364205, -8.530759230446282 ] } },
{ "type": "Feature", "properties": { "uid": "ryrrmx51sq", "rate_time": -0.096, "sig_time": 0.694, "se_time": 0.239, "sce": 17.57, "nsm": null, "valid_obs": 15, "valid_span": 17, "significant": false }, "geometry": { "type": "Point", "coordinates": [ 179.191316630382374, -8.53059067895089 ] } },
{ "type": "Feature", "properties": { "uid": "ryrrmx5yth", "rate_time": 0.261, "sig_time": 0.297, "se_time": 0.243, "sce": 24.46, "nsm": null, "valid_obs": 18, "valid_span": 21, "significant": false }, "geometry": { "type": "Point", "coordinates": [ 179.192377206396202, -8.529741367937087 ] } },
{ "type": "Feature", "properties": { "uid": "ryrrmxhpd5", "rate_time": 0.087, "sig_time": 0.668, "se_time": 0.199, "sce": 20.32, "nsm": null, "valid_obs": 18, "valid_span": 21, "significant": false }, "geometry": { "type": "Point", "coordinates": [ 179.192593539075403, -8.529576648945014 ] } },
{ "type": "Feature", "properties": { "uid": "ryrrmxk0wu", "rate_time": -0.22, "sig_time": 0.282, "se_time": 0.198, "sce": 26.95, "nsm": null, "valid_obs": 18, "valid_span": 21, "significant": false }, "geometry": { "type": "Point", "coordinates": [ 179.192802698743435, -8.529403031613345 ] } },
{ "type": "Feature", "properties": { "uid": "ryrrmxkete", "rate_time": -0.156, "sig_time": 0.41, "se_time": 0.185, "sce": 20.9, "nsm": null, "valid_obs": 19, "valid_span": 23, "significant": false }, "geometry": { "type": "Point", "coordinates": [ 179.19343700093475, -8.528890260748495 ] } },
{ "type": "Feature", "properties": { "uid": "ryrrmxkudd", "rate_time": -0.297, "sig_time": 0.101, "se_time": 0.171, "sce": 20.42, "nsm": null, "valid_obs": 19, "valid_span": 23, "significant": false }, "geometry": { "type": "Point", "coordinates": [ 179.193652732055938, -8.528724859618354 ] } },
{ "type": "Feature", "properties": { "uid": "ryrrmxwx1y", "rate_time": 1.251, "sig_time": 0.0, "se_time": 0.287, "sce": 39.81, "nsm": 28.68, "valid_obs": 22, "valid_span": 25, "significant": true }, "geometry": { "type": "Point", "coordinates": [ 179.196023000057949, -8.526902086016959 ] } },
{ "type": "Feature", "properties": { "uid": "ryrrmxy8ph", "rate_time": 0.441, "sig_time": 0.008, "se_time": 0.151, "sce": 20.93, "nsm": 12.48, "valid_obs": 22, "valid_span": 25, "significant": true }, "geometry": { "type": "Point", "coordinates": [ 179.196243000336722, -8.526742308494873 ] } },
{ "type": "Feature", "properties": { "uid": "ryrrmxych2", "rate_time": 0.617, "sig_time": 0.001, "se_time": 0.154, "sce": 21.27, "nsm": 16.43, "valid_obs": 22, "valid_span": 25, "significant": true }, "geometry": { "type": "Point", "coordinates": [ 179.196466769170655, -8.526587679723818 ] } },
{ "type": "Feature", "properties": { "uid": "ryrrmxz1cs", "rate_time": 0.787, "sig_time": 0.0, "se_time": 0.129, "sce": 23.41, "nsm": 18.33, "valid_obs": 22, "valid_span": 25, "significant": true }, "geometry": { "type": "Point", "coordinates": [ 179.196694540365883, -8.526438975149564 ] } },
{ "type": "Feature", "properties": { "uid": "ryrrmxz4yd", "rate_time": 0.526, "sig_time": 0.061, "se_time": 0.265, "sce": 42.7, "nsm": 13.37, "valid_obs": 22, "valid_span": 25, "significant": false }, "geometry": { "type": "Point", "coordinates": [ 179.196913848948839, -8.526278142408334 ] } },
{ "type": "Feature", "properties": { "uid": "ryrrmxz7ez", "rate_time": 0.49, "sig_time": 0.002, "se_time": 0.136, "sce": 23.96, "nsm": 11.82, "valid_obs": 21, "valid_span": 25, "significant": true }, "geometry": { "type": "Point", "coordinates": [ 179.197136377143551, -8.526121758573533 ] } },
{ "type": "Feature", "properties": { "uid": "ryrrmxzs9h", "rate_time": 0.623, "sig_time": 0.005, "se_time": 0.194, "sce": 39.7, "nsm": 15.08, "valid_obs": 21, "valid_span": 25, "significant": true }, "geometry": { "type": "Point", "coordinates": [ 179.197360900411041, -8.525968258073931 ] } },
{ "type": "Feature", "properties": { "uid": "ryrrmxztw2", "rate_time": 0.621, "sig_time": 0.005, "se_time": 0.193, "sce": 31.06, "nsm": 22.59, "valid_obs": 20, "valid_span": 25, "significant": true }, "geometry": { "type": "Point", "coordinates": [ 179.197586115645208, -8.525815773472605 ] } },
{ "type": "Feature", "properties": { "uid": "ryrrmxzy7w", "rate_time": 0.759, "sig_time": 0.015, "se_time": 0.279, "sce": 32.74, "nsm": null, "valid_obs": 18, "valid_span": 21, "significant": true }, "geometry": { "type": "Point", "coordinates": [ 179.197806745647028, -8.525656787166662 ] } },
{ "type": "Feature", "properties": { "uid": "ryrrmzbp2g", "rate_time": 1.074, "sig_time": 0.006, "se_time": 0.341, "sce": 39.78, "nsm": null, "valid_obs": 18, "valid_span": 21, "significant": true }, "geometry": { "type": "Point", "coordinates": [ 179.198031039523102, -8.525502915330055 ] } },
{ "type": "Feature", "properties": { "uid": "ryrrtb00nn", "rate_time": 1.092, "sig_time": 0.003, "se_time": 0.306, "sce": 36.3, "nsm": null, "valid_obs": 18, "valid_span": 21, "significant": true }, "geometry": { "type": "Point", "coordinates": [ 179.198260668734122, -8.525357092924223 ] } },
{ "type": "Feature", "properties": { "uid": "ryrrmxgbyc", "rate_time": 1.622, "sig_time": 0.001, "se_time": 0.389, "sce": 30.04, "nsm": null, "valid_obs": 16, "valid_span": 18, "significant": true }, "geometry": { "type": "Point", "coordinates": [ 179.192451468176955, -8.526626424869262 ] } },
{ "type": "Feature", "properties": { "uid": "ryrrmxez7t", "rate_time": 1.544, "sig_time": 0.0, "se_time": 0.297, "sce": 27.52, "nsm": null, "valid_obs": 16, "valid_span": 18, "significant": true }, "geometry": { "type": "Point", "coordinates": [ 179.192314346989207, -8.526860722892593 ] } },
{ "type": "Feature", "properties": { "uid": "ryrrmxestq", "rate_time": 1.592, "sig_time": 0.0, "se_time": 0.315, "sce": 34.32, "nsm": null, "valid_obs": 16, "valid_span": 18, "significant": true }, "geometry": { "type": "Point", "coordinates": [ 179.192047228172299, -8.527331979615889 ] } },
{ "type": "Feature", "properties": { "uid": "ryrrmxee3t", "rate_time": 1.262, "sig_time": 0.0, "se_time": 0.257, "sce": 23.66, "nsm": null, "valid_obs": 16, "valid_span": 18, "significant": true }, "geometry": { "type": "Point", "coordinates": [ 179.19188564796309, -8.527550221380956 ] } },
{ "type": "Feature", "properties": { "uid": "ryrrmxe6n5", "rate_time": 1.469, "sig_time": 0.0, "se_time": 0.279, "sce": 26.32, "nsm": null, "valid_obs": 16, "valid_span": 18, "significant": true }, "geometry": { "type": "Point", "coordinates": [ 179.191732853343495, -8.527774080886976 ] } },
{ "type": "Feature", "properties": { "uid": "ryrrmxe2dz", "rate_time": 1.477, "sig_time": 0.0, "se_time": 0.26, "sce": 27.01, "nsm": null, "valid_obs": 16, "valid_span": 18, "significant": true }, "geometry": { "type": "Point", "coordinates": [ 179.191601214045988, -8.528011374760657 ] } },
{ "type": "Feature", "properties": { "uid": "ryrrmx7r23", "rate_time": 1.35, "sig_time": 0.0, "se_time": 0.27, "sce": 26.43, "nsm": null, "valid_obs": 16, "valid_span": 18, "significant": true }, "geometry": { "type": "Point", "coordinates": [ 179.19148632174273, -8.528257142770036 ] } },
{ "type": "Feature", "properties": { "uid": "ryrrt9phdt", "rate_time": 0.722, "sig_time": 0.002, "se_time": 0.201, "sce": 27.88, "nsm": 18.24, "valid_obs": 21, "valid_span": 25, "significant": true }, "geometry": { "type": "Point", "coordinates": [ 179.196737871187736, -8.5190959409563 ] } },
{ "type": "Feature", "properties": { "uid": "ryrrt9pnjd", "rate_time": 0.917, "sig_time": 0.0, "se_time": 0.176, "sce": 27.23, "nsm": 21.37, "valid_obs": 21, "valid_span": 25, "significant": true }, "geometry": { "type": "Point", "coordinates": [ 179.196861438131123, -8.518855972004079 ] } },
{ "type": "Feature", "properties": { "uid": "ryrrt9pr35", "rate_time": 0.498, "sig_time": 0.002, "se_time": 0.141, "sce": 15.61, "nsm": 11.47, "valid_obs": 21, "valid_span": 25, "significant": true }, "geometry": { "type": "Point", "coordinates": [ 179.197015520294059, -8.518632559872961 ] } },
{ "type": "Feature", "properties": { "uid": "ryrrt9r2su", "rate_time": 0.606, "sig_time": 0.0, "se_time": 0.125, "sce": 18.4, "nsm": 10.4, "valid_obs": 21, "valid_span": 25, "significant": true }, "geometry": { "type": "Point", "coordinates": [ 179.197179152586216, -8.518415780569219 ] } },
{ "type": "Feature", "properties": { "uid": "ryrrt9r9bs", "rate_time": 1.364, "sig_time": 0.0, "se_time": 0.162, "sce": 32.3, "nsm": 25.87, "valid_obs": 21, "valid_span": 25, "significant": true }, "geometry": { "type": "Point", "coordinates": [ 179.197341477971491, -8.518198026599345 ] } },
{ "type": "Feature", "properties": { "uid": "ryrrt8t3n0", "rate_time": 3.143, "sig_time": 0.0, "se_time": 0.278, "sce": 69.55, "nsm": 69.55, "valid_obs": 21, "valid_span": 25, "significant": true }, "geometry": { "type": "Point", "coordinates": [ 179.194487684646361, -8.522468033872467 ] } },
{ "type": "Feature", "properties": { "uid": "ryrrt8t20u", "rate_time": 3.132, "sig_time": 0.0, "se_time": 0.343, "sce": 68.3, "nsm": 68.3, "valid_obs": 21, "valid_span": 25, "significant": true }, "geometry": { "type": "Point", "coordinates": [ 179.19426156004846, -8.522618790526611 ] } },
{ "type": "Feature", "properties": { "uid": "ryrrt8mp5y", "rate_time": 3.82, "sig_time": 0.0, "se_time": 0.52, "sce": 77.92, "nsm": 77.7, "valid_obs": 21, "valid_span": 25, "significant": true }, "geometry": { "type": "Point", "coordinates": [ 179.194045300762582, -8.522783237296315 ] } },
{ "type": "Feature", "properties": { "uid": "ryrrt8kyp6", "rate_time": 4.647, "sig_time": 0.0, "se_time": 0.633, "sce": 92.66, "nsm": 90.65, "valid_obs": 21, "valid_span": 25, "significant": true }, "geometry": { "type": "Point", "coordinates": [ 179.193854618437797, -8.522973279828918 ] } },
{ "type": "Feature", "properties": { "uid": "ryrrt8hmv9", "rate_time": 5.832, "sig_time": 0.0, "se_time": 0.759, "sce": 121.6, "nsm": 106.65, "valid_obs": 21, "valid_span": 25, "significant": true }, "geometry": { "type": "Point", "coordinates": [ 179.193086426528396, -8.524397362371847 ] } },
{ "type": "Feature", "properties": { "uid": "ryrrt8hk9j", "rate_time": 6.649, "sig_time": 0.0, "se_time": 0.648, "sce": 138.39, "nsm": 128.07, "valid_obs": 21, "valid_span": 25, "significant": true }, "geometry": { "type": "Point", "coordinates": [ 179.192894724228552, -8.524589171603715 ] } },
{ "type": "Feature", "properties": { "uid": "ryrrt8h5gc", "rate_time": 7.431, "sig_time": 0.0, "se_time": 0.576, "sce": 158.8, "nsm": 152.43, "valid_obs": 21, "valid_span": 25, "significant": true }, "geometry": { "type": "Point", "coordinates": [ 179.192676537554917, -8.524739632158102 ] } },
{ "type": "Feature", "properties": { "uid": "ryrrt8h43e", "rate_time": 7.634, "sig_time": 0.001, "se_time": 2.05, "sce": 409.82, "nsm": 166.5, "valid_obs": 22, "valid_span": 25, "significant": true }, "geometry": { "type": "Point", "coordinates": [ 179.192576601848231, -8.524984342027716 ] } },
{ "type": "Feature", "properties": { "uid": "ryrrtc8k3s", "rate_time": 1.34, "sig_time": 0.0, "se_time": 0.169, "sce": 27.3, "nsm": 22.47, "valid_obs": 21, "valid_span": 25, "significant": true }, "geometry": { "type": "Point", "coordinates": [ 179.198410215992851, -8.516398343870048 ] } },
{ "type": "Feature", "properties": { "uid": "ryrrtc8mgs", "rate_time": 0.726, "sig_time": 0.0, "se_time": 0.117, "sce": 21.24, "nsm": 12.48, "valid_obs": 21, "valid_span": 25, "significant": true }, "geometry": { "type": "Point", "coordinates": [ 179.198496198749353, -8.516141148489634 ] } },
{ "type": "Feature", "properties": { "uid": "ryrrtc8rmf", "rate_time": 0.072, "sig_time": 0.427, "se_time": 0.089, "sce": 12.34, "nsm": 0.31, "valid_obs": 21, "valid_span": 25, "significant": false }, "geometry": { "type": "Point", "coordinates": [ 179.198597339301955, -8.515890831113815 ] } },
{ "type": "Feature", "properties": { "uid": "ryrrtcb88z", "rate_time": -0.103, "sig_time": 0.258, "se_time": 0.088, "sce": 10.78, "nsm": -5.64, "valid_obs": 21, "valid_span": 25, "significant": false }, "geometry": { "type": "Point", "coordinates": [ 179.198719820436338, -8.515649000348629 ] } },
{ "type": "Feature", "properties": { "uid": "ryrrtf4244", "rate_time": -0.296, "sig_time": 0.098, "se_time": 0.167, "sce": 10.51, "nsm": null, "valid_obs": 16, "valid_span": 18, "significant": false }, "geometry": { "type": "Point", "coordinates": [ 179.201174465197312, -8.514392887218602 ] } },
{ "type": "Feature", "properties": { "uid": "ryrrtf0b34", "rate_time": 0.01, "sig_time": 0.932, "se_time": 0.111, "sce": 16.12, "nsm": -4.67, "valid_obs": 21, "valid_span": 25, "significant": false }, "geometry": { "type": "Point", "coordinates": [ 179.199071504334796, -8.514349074258313 ] } },
{ "type": "Feature", "properties": { "uid": "ryrrtf41x8", "rate_time": -0.279, "sig_time": 0.147, "se_time": 0.182, "sce": 13.12, "nsm": null, "valid_obs": 16, "valid_span": 18, "significant": false }, "geometry": { "type": "Point", "coordinates": [ 179.201067561909582, -8.514143569608677 ] } },
{ "type": "Feature", "properties": { "uid": "ryrrtf0cf7", "rate_time": 0.285, "sig_time": 0.015, "se_time": 0.106, "sce": 14.97, "nsm": 2.08, "valid_obs": 21, "valid_span": 25, "significant": true }, "geometry": { "type": "Point", "coordinates": [ 179.199131518627581, -8.514084704514913 ] } },
{ "type": "Feature", "properties": { "uid": "ryrrtf44uy", "rate_time": -0.467, "sig_time": 0.028, "se_time": 0.191, "sce": 13.78, "nsm": null, "valid_obs": 16, "valid_span": 18, "significant": true }, "geometry": { "type": "Point", "coordinates": [ 179.200953428334742, -8.513897446393958 ] } },
{ "type": "Feature", "properties": { "uid": "ryrrtf0g6q", "rate_time": 0.543, "sig_time": 0.0, "se_time": 0.128, "sce": 18.95, "nsm": 9.38, "valid_obs": 21, "valid_span": 25, "significant": true }, "geometry": { "type": "Point", "coordinates": [ 179.199131549640953, -8.513813761364158 ] } },
{ "type": "Feature", "properties": { "uid": "ryrrtf4h6t", "rate_time": -0.492, "sig_time": 0.033, "se_time": 0.208, "sce": 14.29, "nsm": null, "valid_obs": 16, "valid_span": 18, "significant": true }, "geometry": { "type": "Point", "coordinates": [ 179.200854182576535, -8.513645424947068 ] } },
{ "type": "Feature", "properties": { "uid": "ryrrtf0ubw", "rate_time": 0.1, "sig_time": 0.048, "se_time": 0.047, "sce": 6.5, "nsm": 1.38, "valid_obs": 21, "valid_span": 25, "significant": true }, "geometry": { "type": "Point", "coordinates": [ 179.199052349044763, -8.513554500083416 ] } },
{ "type": "Feature", "properties": { "uid": "ryrrtf4jbt", "rate_time": -0.385, "sig_time": 0.158, "se_time": 0.258, "sce": 18.15, "nsm": null, "valid_obs": 16, "valid_span": 18, "significant": false }, "geometry": { "type": "Point", "coordinates": [ 179.200767259473281, -8.513388441527903 ] } },
{ "type": "Feature", "properties": { "uid": "ryrrtf0wqz", "rate_time": 0.158, "sig_time": 0.112, "se_time": 0.095, "sce": 13.38, "nsm": 0.11, "valid_obs": 21, "valid_span": 25, "significant": false }, "geometry": { "type": "Point", "coordinates": [ 179.198980503383808, -8.513292943146013 ] } },
{ "type": "Feature", "properties": { "uid": "ryrrtf1zq5", "rate_time": -0.114, "sig_time": 0.733, "se_time": 0.326, "sce": 22.37, "nsm": null, "valid_obs": 16, "valid_span": 18, "significant": false }, "geometry": { "type": "Point", "coordinates": [ 179.200660948738459, -8.513139670610469 ] } },
{ "type": "Feature", "properties": { "uid": "ryrrtf0xum", "rate_time": 0.314, "sig_time": 0.067, "se_time": 0.162, "sce": 23.22, "nsm": -0.75, "valid_obs": 21, "valid_span": 25, "significant": false }, "geometry": { "type": "Point", "coordinates": [ 179.198869187405222, -8.513045692959066 ] } },
{ "type": "Feature", "properties": { "uid": "ryrrtf3bg3", "rate_time": -0.268, "sig_time": 0.198, "se_time": 0.198, "sce": 13.31, "nsm": null, "valid_obs": 16, "valid_span": 18, "significant": false }, "geometry": { "type": "Point", "coordinates": [ 179.200550465579624, -8.512892203416531 ] } },
{ "type": "Feature", "properties": { "uid": "ryrrtf2936", "rate_time": 0.082, "sig_time": 0.508, "se_time": 0.122, "sce": 16.15, "nsm": -4.88, "valid_obs": 21, "valid_span": 25, "significant": false }, "geometry": { "type": "Point", "coordinates": [ 179.198748694440042, -8.512803085906461 ] } },
{ "type": "Feature", "properties": { "uid": "ryrrtf3f30", "rate_time": 0.142, "sig_time": 0.563, "se_time": 0.24, "sce": 21.0, "nsm": null, "valid_obs": 16, "valid_span": 18, "significant": false }, "geometry": { "type": "Point", "coordinates": [ 179.200450081701888, -8.512640247794659 ] } },
{ "type": "Feature", "properties": { "uid": "ryrrtf26z1", "rate_time": -0.238, "sig_time": 0.159, "se_time": 0.162, "sce": 26.83, "nsm": -8.49, "valid_obs": 21, "valid_span": 25, "significant": false }, "geometry": { "type": "Point", "coordinates": [ 179.198646018398392, -8.512551933970244 ] } },
{ "type": "Feature", "properties": { "uid": "ryrrtb0357", "rate_time": 1.121, "sig_time": 0.002, "se_time": 0.304, "sce": 35.9, "nsm": null, "valid_obs": 18, "valid_span": 21, "significant": true }, "geometry": { "type": "Point", "coordinates": [ 179.198481461595605, -8.525198603718053 ] } },
{ "type": "Feature", "properties": { "uid": "ryrrtb0d05", "rate_time": 1.366, "sig_time": 0.003, "se_time": 0.388, "sce": 43.8, "nsm": null, "valid_obs": 18, "valid_span": 21, "significant": true }, "geometry": { "type": "Point", "coordinates": [ 179.198693600183589, -8.525028508113191 ] } },
{ "type": "Feature", "properties": { "uid": "ryrrtb0ej5", "rate_time": 1.484, "sig_time": 0.0, "se_time": 0.33, "sce": 43.15, "nsm": 37.39, "valid_obs": 19, "valid_span": 25, "significant": true }, "geometry": { "type": "Point", "coordinates": [ 179.198903893646616, -8.524856174435236 ] } },
{ "type": "Feature", "properties": { "uid": "ryrrtb0u1u", "rate_time": 1.468, "sig_time": 0.0, "se_time": 0.271, "sce": 43.18, "nsm": 31.73, "valid_obs": 21, "valid_span": 25, "significant": true }, "geometry": { "type": "Point", "coordinates": [ 179.199111050907248, -8.524680097712823 ] } },
{ "type": "Feature", "properties": { "uid": "ryrrtb0vp0", "rate_time": 1.309, "sig_time": 0.0, "se_time": 0.239, "sce": 36.6, "nsm": 32.96, "valid_obs": 21, "valid_span": 25, "significant": true }, "geometry": { "type": "Point", "coordinates": [ 179.199337222216343, -8.524529325486995 ] } },
{ "type": "Feature", "properties": { "uid": "ryrrtb1jum", "rate_time": 1.864, "sig_time": 0.0, "se_time": 0.314, "sce": 50.81, "nsm": 47.86, "valid_obs": 21, "valid_span": 25, "significant": true }, "geometry": { "type": "Point", "coordinates": [ 179.199561389193462, -8.524375344948526 ] } },
{ "type": "Feature", "properties": { "uid": "ryrrtb1qck", "rate_time": 0.94, "sig_time": 0.001, "se_time": 0.239, "sce": 24.22, "nsm": null, "valid_obs": 17, "valid_span": 20, "significant": true }, "geometry": { "type": "Point", "coordinates": [ 179.199776726312933, -8.524209785364635 ] } },
{ "type": "Feature", "properties": { "uid": "ryrrtbg3hu", "rate_time": 2.106, "sig_time": 0.0, "se_time": 0.356, "sce": 54.77, "nsm": 49.81, "valid_obs": 19, "valid_span": 25, "significant": true }, "geometry": { "type": "Point", "coordinates": [ 179.202673103636215, -8.521076074605491 ] } },
{ "type": "Feature", "properties": { "uid": "ryrrtbg6x7", "rate_time": 1.575, "sig_time": 0.022, "se_time": 0.61, "sce": 49.58, "nsm": null, "valid_obs": 16, "valid_span": 18, "significant": true }, "geometry": { "type": "Point", "coordinates": [ 179.202773981752642, -8.520824437814445 ] } },
{ "type": "Feature", "properties": { "uid": "ryrrtbgtdj", "rate_time": 2.143, "sig_time": 0.0, "se_time": 0.454, "sce": 65.5, "nsm": 59.39, "valid_obs": 19, "valid_span": 25, "significant": true }, "geometry": { "type": "Point", "coordinates": [ 179.202896371673631, -8.520296088827438 ] } },
{ "type": "Feature", "properties": { "uid": "ryrrtbgx5r", "rate_time": 0.305, "sig_time": 0.429, "se_time": 0.374, "sce": 23.59, "nsm": null, "valid_obs": 16, "valid_span": 18, "significant": false }, "geometry": { "type": "Point", "coordinates": [ 179.202946491738771, -8.520029616529083 ] } },
{ "type": "Feature", "properties": { "uid": "ryrrtc58g9", "rate_time": 0.499, "sig_time": 0.187, "se_time": 0.359, "sce": 24.45, "nsm": null, "valid_obs": 16, "valid_span": 18, "significant": false }, "geometry": { "type": "Point", "coordinates": [ 179.202961359898211, -8.519758893104063 ] } },
{ "type": "Feature", "properties": { "uid": "ryrrtc5d7h", "rate_time": 0.562, "sig_time": 0.157, "se_time": 0.376, "sce": 27.23, "nsm": null, "valid_obs": 16, "valid_span": 18, "significant": false }, "geometry": { "type": "Point", "coordinates": [ 179.202934784666439, -8.519489028911416 ] } },
{ "type": "Feature", "properties": { "uid": "ryrrtc5ect", "rate_time": 0.103, "sig_time": 0.734, "se_time": 0.298, "sce": 20.07, "nsm": null, "valid_obs": 16, "valid_span": 18, "significant": false }, "geometry": { "type": "Point", "coordinates": [ 179.202874209956377, -8.519224966413901 ] } },
{ "type": "Feature", "properties": { "uid": "ryrrtc5t2z", "rate_time": -0.08, "sig_time": 0.707, "se_time": 0.21, "sce": 18.62, "nsm": null, "valid_obs": 16, "valid_span": 18, "significant": false }, "geometry": { "type": "Point", "coordinates": [ 179.20284505655755, -8.518955425455477 ] } },
{ "type": "Feature", "properties": { "uid": "ryrrkgyh4w", "rate_time": 0.359, "sig_time": 0.006, "se_time": 0.116, "sce": 19.0, "nsm": 6.66, "valid_obs": 20, "valid_span": 25, "significant": true }, "geometry": { "type": "Point", "coordinates": [ 179.162408009158753, -8.548017398476476 ] } },
{ "type": "Feature", "properties": { "uid": "ryrrkun47x", "rate_time": 0.107, "sig_time": 0.23, "se_time": 0.086, "sce": 10.94, "nsm": -4.3, "valid_obs": 21, "valid_span": 25, "significant": false }, "geometry": { "type": "Point", "coordinates": [ 179.162444424120594, -8.546936709901438 ] } },
{ "type": "Feature", "properties": { "uid": "ryrrkgym01", "rate_time": 0.27, "sig_time": 0.03, "se_time": 0.115, "sce": 18.16, "nsm": 5.99, "valid_obs": 20, "valid_span": 25, "significant": true }, "geometry": { "type": "Point", "coordinates": [ 179.162636995442597, -8.547870568617835 ] } },
{ "type": "Feature", "properties": { "uid": "ryrrkun730", "rate_time": 0.207, "sig_time": 0.034, "se_time": 0.091, "sce": 11.62, "nsm": -2.88, "valid_obs": 21, "valid_span": 25, "significant": true }, "geometry": { "type": "Point", "coordinates": [ 179.162681863868897, -8.546803858875538 ] } },
{ "type": "Feature", "properties": { "uid": "ryrrkgymvm", "rate_time": 0.195, "sig_time": 0.151, "se_time": 0.13, "sce": 18.71, "nsm": 4.0, "valid_obs": 20, "valid_span": 25, "significant": false }, "geometry": { "type": "Point", "coordinates": [ 179.162865193992843, -8.547722532122799 ] } },
{ "type": "Feature", "properties": { "uid": "ryrrkun7yv", "rate_time": 0.245, "sig_time": 0.021, "se_time": 0.097, "sce": 13.27, "nsm": -1.42, "valid_obs": 21, "valid_span": 25, "significant": true }, "geometry": { "type": "Point", "coordinates": [ 179.162929337348714, -8.546691104211279 ] } },
{ "type": "Feature", "properties": { "uid": "ryrrkgywdx", "rate_time": 0.187, "sig_time": 0.222, "se_time": 0.148, "sce": 21.75, "nsm": 3.44, "valid_obs": 20, "valid_span": 25, "significant": false }, "geometry": { "type": "Point", "coordinates": [ 179.163096324116111, -8.547579646426287 ] } },
{ "type": "Feature", "properties": { "uid": "ryrrkunssd", "rate_time": 0.265, "sig_time": 0.028, "se_time": 0.111, "sce": 14.14, "nsm": 0.37, "valid_obs": 21, "valid_span": 25, "significant": true }, "geometry": { "type": "Point", "coordinates": [ 179.163177344066639, -8.54657904466541 ] } },
{ "type": "Feature", "properties": { "uid": "ryrrkgyz2r", "rate_time": 0.147, "sig_time": 0.22, "se_time": 0.115, "sce": 19.47, "nsm": 2.21, "valid_obs": 20, "valid_span": 25, "significant": false }, "geometry": { "type": "Point", "coordinates": [ 179.163337551894074, -8.547453764268209 ] } },
{ "type": "Feature", "properties": { "uid": "ryrrkunv4q", "rate_time": 0.224, "sig_time": 0.048, "se_time": 0.106, "sce": 13.29, "nsm": 0.05, "valid_obs": 21, "valid_span": 25, "significant": true }, "geometry": { "type": "Point", "coordinates": [ 179.163427178108492, -8.546471017367567 ] } },
{ "type": "Feature", "properties": { "uid": "ryrrkunbmb", "rate_time": 0.059, "sig_time": 0.539, "se_time": 0.095, "sce": 14.83, "nsm": 1.78, "valid_obs": 20, "valid_span": 25, "significant": false }, "geometry": { "type": "Point", "coordinates": [ 179.163572773451079, -8.547316982471067 ] } },
{ "type": "Feature", "properties": { "uid": "ryrrkupjbh", "rate_time": 0.164, "sig_time": 0.257, "se_time": 0.141, "sce": 17.27, "nsm": -0.48, "valid_obs": 21, "valid_span": 25, "significant": false }, "geometry": { "type": "Point", "coordinates": [ 179.16366998697535, -8.546349805241423 ] } },
{ "type": "Feature", "properties": { "uid": "ryrrkup156", "rate_time": -0.067, "sig_time": 0.476, "se_time": 0.092, "sce": 12.82, "nsm": 1.82, "valid_obs": 20, "valid_span": 25, "significant": false }, "geometry": { "type": "Point", "coordinates": [ 179.163806623523413, -8.547177888274742 ] } },
{ "type": "Feature", "properties": { "uid": "ryrrkupnv2", "rate_time": 0.602, "sig_time": 0.0, "se_time": 0.091, "sce": 17.71, "nsm": 8.47, "valid_obs": 21, "valid_span": 25, "significant": true }, "geometry": { "type": "Point", "coordinates": [ 179.163899518233279, -8.546203810937651 ] } },
{ "type": "Feature", "properties": { "uid": "ryrrkup3br", "rate_time": -0.246, "sig_time": 0.014, "se_time": 0.09, "sce": 14.83, "nsm": -0.57, "valid_obs": 20, "valid_span": 25, "significant": true }, "geometry": { "type": "Point", "coordinates": [ 179.16403002400412, -8.547022954013531 ] } },
{ "type": "Feature", "properties": { "uid": "ryrrkup6vt", "rate_time": -0.19, "sig_time": 0.118, "se_time": 0.116, "sce": 18.07, "nsm": 0.46, "valid_obs": 20, "valid_span": 25, "significant": false }, "geometry": { "type": "Point", "coordinates": [ 179.164247970710477, -8.546860353090954 ] } },
{ "type": "Feature", "properties": { "uid": "ryrrkupefs", "rate_time": -0.21, "sig_time": 0.111, "se_time": 0.126, "sce": 21.23, "nsm": -0.42, "valid_obs": 20, "valid_span": 25, "significant": false }, "geometry": { "type": "Point", "coordinates": [ 179.164466168093753, -8.546698022619582 ] } },
{ "type": "Feature", "properties": { "uid": "ryrrkur9sm", "rate_time": 0.885, "sig_time": 0.0, "se_time": 0.135, "sce": 17.52, "nsm": null, "valid_obs": 17, "valid_span": 20, "significant": true }, "geometry": { "type": "Point", "coordinates": [ 179.164541508886032, -8.545702948439445 ] } },
{ "type": "Feature", "properties": { "uid": "ryrrkupszd", "rate_time": -0.181, "sig_time": 0.196, "se_time": 0.135, "sce": 22.23, "nsm": 1.3, "valid_obs": 20, "valid_span": 25, "significant": false }, "geometry": { "type": "Point", "coordinates": [ 179.164683303163315, -8.546534690660264 ] } },
{ "type": "Feature", "properties": { "uid": "ryrrkupvuj", "rate_time": -0.181, "sig_time": 0.203, "se_time": 0.137, "sce": 22.22, "nsm": 1.31, "valid_obs": 20, "valid_span": 25, "significant": false }, "geometry": { "type": "Point", "coordinates": [ 179.164877067839029, -8.546344082990419 ] } },
{ "type": "Feature", "properties": { "uid": "ryrrmh0p0n", "rate_time": -0.039, "sig_time": 0.79, "se_time": 0.145, "sce": 21.95, "nsm": 0.55, "valid_obs": 20, "valid_span": 25, "significant": false }, "geometry": { "type": "Point", "coordinates": [ 179.165039120725339, -8.546127735568138 ] } },
{ "type": "Feature", "properties": { "uid": "ryrrmh2hde", "rate_time": 1.118, "sig_time": 0.013, "se_time": 0.408, "sce": 59.44, "nsm": 59.44, "valid_obs": 21, "valid_span": 25, "significant": true }, "geometry": { "type": "Point", "coordinates": [ 179.165151700711903, -8.545199412142779 ] } },
{ "type": "Feature", "properties": { "uid": "ryrrmh20e3", "rate_time": -0.186, "sig_time": 0.156, "se_time": 0.126, "sce": 17.55, "nsm": -4.03, "valid_obs": 20, "valid_span": 25, "significant": false }, "geometry": { "type": "Point", "coordinates": [ 179.165182019720021, -8.54589694566622 ] } },
{ "type": "Feature", "properties": { "uid": "ryrrmh21vz", "rate_time": 0.217, "sig_time": 0.155, "se_time": 0.146, "sce": 21.78, "nsm": 14.85, "valid_obs": 20, "valid_span": 25, "significant": false }, "geometry": { "type": "Point", "coordinates": [ 179.165287804978647, -8.545650770227573 ] } },
{ "type": "Feature", "properties": { "uid": "ryrrmh25tb", "rate_time": 0.739, "sig_time": 0.017, "se_time": 0.282, "sce": 41.3, "nsm": 40.12, "valid_obs": 20, "valid_span": 25, "significant": true }, "geometry": { "type": "Point", "coordinates": [ 179.165288665288699, -8.545388561218724 ] } },
{ "type": "Feature", "properties": { "uid": "ryrrkge12u", "rate_time": 2.419, "sig_time": 0.009, "se_time": 0.833, "sce": 100.4, "nsm": 67.65, "valid_obs": 21, "valid_span": 25, "significant": true }, "geometry": { "type": "Point", "coordinates": [ 179.158212668594047, -8.549873336688361 ] } },
{ "type": "Feature", "properties": { "uid": "ryrrkge1p5", "rate_time": 2.566, "sig_time": 0.0, "se_time": 0.539, "sce": 64.02, "nsm": 53.38, "valid_obs": 20, "valid_span": 25, "significant": true }, "geometry": { "type": "Point", "coordinates": [ 179.158481039149081, -8.549919759144668 ] } },
{ "type": "Feature", "properties": { "uid": "ryrrkge2vq", "rate_time": -2.516, "sig_time": 0.0, "se_time": 0.419, "sce": 70.61, "nsm": -51.84, "valid_obs": 21, "valid_span": 25, "significant": true }, "geometry": { "type": "Point", "coordinates": [ 179.158751084640159, -8.549945799320852 ] } },
{ "type": "Feature", "properties": { "uid": "ryrrkges0r", "rate_time": 0.283, "sig_time": 0.002, "se_time": 0.079, "sce": 11.92, "nsm": 4.44, "valid_obs": 20, "valid_span": 25, "significant": true }, "geometry": { "type": "Point", "coordinates": [ 179.158876194697513, -8.5493826430738 ] } },
{ "type": "Feature", "properties": { "uid": "ryrrkge95w", "rate_time": -2.59, "sig_time": 0.0, "se_time": 0.323, "sce": 70.71, "nsm": -55.28, "valid_obs": 21, "valid_span": 25, "significant": true }, "geometry": { "type": "Point", "coordinates": [ 179.15901667002413, -8.549904324517421 ] } },
{ "type": "Feature", "properties": { "uid": "ryrrkgesy6", "rate_time": 0.023, "sig_time": 0.911, "se_time": 0.2, "sce": 35.15, "nsm": 4.29, "valid_obs": 21, "valid_span": 25, "significant": false }, "geometry": { "type": "Point", "coordinates": [ 179.159128460295136, -8.549282116160519 ] } },
{ "type": "Feature", "properties": { "uid": "ryrrkgef41", "rate_time": -2.337, "sig_time": 0.0, "se_time": 0.296, "sce": 61.62, "nsm": -51.26, "valid_obs": 21, "valid_span": 25, "significant": true }, "geometry": { "type": "Point", "coordinates": [ 179.159290752141459, -8.549759755833199 ] } },
{ "type": "Feature", "properties": { "uid": "ryrrkgevkh", "rate_time": 0.12, "sig_time": 0.122, "se_time": 0.074, "sce": 13.91, "nsm": 2.87, "valid_obs": 21, "valid_span": 25, "significant": false }, "geometry": { "type": "Point", "coordinates": [ 179.159381162826378, -8.549182085019385 ] } },
{ "type": "Feature", "properties": { "uid": "ryrrkgs4bk", "rate_time": -1.124, "sig_time": 0.0, "se_time": 0.141, "sce": 30.19, "nsm": -24.57, "valid_obs": 21, "valid_span": 25, "significant": true }, "geometry": { "type": "Point", "coordinates": [ 179.159561977070553, -8.549611710619789 ] } },
{ "type": "Feature", "properties": { "uid": "ryrrkgsn32", "rate_time": 0.034, "sig_time": 0.7, "se_time": 0.087, "sce": 14.13, "nsm": 3.12, "valid_obs": 21, "valid_span": 25, "significant": false }, "geometry": { "type": "Point", "coordinates": [ 179.159607859315344, -8.549036647168229 ] } },
{ "type": "Feature", "properties": { "uid": "ryrrkgs5tu", "rate_time": -0.719, "sig_time": 0.007, "se_time": 0.239, "sce": 40.46, "nsm": -16.25, "valid_obs": 21, "valid_span": 25, "significant": true }, "geometry": { "type": "Point", "coordinates": [ 179.159802908323201, -8.549485319502111 ] } },
{ "type": "Feature", "properties": { "uid": "ryrrkgspnq", "rate_time": 0.117, "sig_time": 0.169, "se_time": 0.082, "sce": 14.71, "nsm": 3.24, "valid_obs": 21, "valid_span": 25, "significant": false }, "geometry": { "type": "Point", "coordinates": [ 179.15982406520942, -8.548871916930324 ] } },
{ "type": "Feature", "properties": { "uid": "ryrrkgu25r", "rate_time": 0.151, "sig_time": 0.028, "se_time": 0.064, "sce": 11.7, "nsm": 4.13, "valid_obs": 21, "valid_span": 25, "significant": true }, "geometry": { "type": "Point", "coordinates": [ 179.16003363465768, -8.548698669356344 ] } },
{ "type": "Feature", "properties": { "uid": "ryrrkgsk7c", "rate_time": -0.417, "sig_time": 0.229, "se_time": 0.335, "sce": 56.86, "nsm": -11.87, "valid_obs": 21, "valid_span": 25, "significant": false }, "geometry": { "type": "Point", "coordinates": [ 179.160051396817408, -8.549374345495837 ] } },
{ "type": "Feature", "properties": { "uid": "ryrrkgu920", "rate_time": 0.228, "sig_time": 0.014, "se_time": 0.084, "sce": 12.79, "nsm": 5.8, "valid_obs": 21, "valid_span": 25, "significant": true }, "geometry": { "type": "Point", "coordinates": [ 179.160237865537511, -8.548519224234493 ] } },
{ "type": "Feature", "properties": { "uid": "ryrrkgst1h", "rate_time": -0.71, "sig_time": 0.0, "se_time": 0.127, "sce": 26.03, "nsm": -12.48, "valid_obs": 20, "valid_span": 25, "significant": true }, "geometry": { "type": "Point", "coordinates": [ 179.160280556506819, -8.549227717886581 ] } },
{ "type": "Feature", "properties": { "uid": "ryrrkgudm0", "rate_time": 0.301, "sig_time": 0.001, "se_time": 0.078, "sce": 15.58, "nsm": 5.84, "valid_obs": 21, "valid_span": 25, "significant": true }, "geometry": { "type": "Point", "coordinates": [ 179.160448776732238, -8.54834774369689 ] } },
{ "type": "Feature", "properties": { "uid": "ryrrkgstyw", "rate_time": -0.688, "sig_time": 0.0, "se_time": 0.109, "sce": 24.43, "nsm": -11.13, "valid_obs": 20, "valid_span": 25, "significant": true }, "geometry": { "type": "Point", "coordinates": [ 179.160515138399148, -8.549089933358253 ] } },
{ "type": "Feature", "properties": { "uid": "ryrrkgug4p", "rate_time": 0.247, "sig_time": 0.0, "se_time": 0.039, "sce": 8.05, "nsm": 4.31, "valid_obs": 21, "valid_span": 25, "significant": true }, "geometry": { "type": "Point", "coordinates": [ 179.160662410864376, -8.548179624744218 ] } },
{ "type": "Feature", "properties": { "uid": "ryrrkgsysp", "rate_time": -0.541, "sig_time": 0.0, "se_time": 0.086, "sce": 17.59, "nsm": -7.63, "valid_obs": 20, "valid_span": 25, "significant": true }, "geometry": { "type": "Point", "coordinates": [ 179.160750458235555, -8.548953393554639 ] } },
{ "type": "Feature", "properties": { "uid": "ryrrkguupj", "rate_time": -0.003, "sig_time": 0.964, "se_time": 0.066, "sce": 8.5, "nsm": -1.58, "valid_obs": 21, "valid_span": 25, "significant": false }, "geometry": { "type": "Point", "coordinates": [ 179.160882954167448, -8.54802046797723 ] } },
{ "type": "Feature", "properties": { "uid": "ryrrkgtp98", "rate_time": -0.32, "sig_time": 0.002, "se_time": 0.09, "sce": 15.77, "nsm": -4.62, "valid_obs": 20, "valid_span": 25, "significant": true }, "geometry": { "type": "Point", "coordinates": [ 179.160987614869214, -8.548819958239745 ] } },
{ "type": "Feature", "properties": { "uid": "ryrrkgvjhh", "rate_time": 0.065, "sig_time": 0.35, "se_time": 0.067, "sce": 8.97, "nsm": -3.88, "valid_obs": 21, "valid_span": 25, "significant": false }, "geometry": { "type": "Point", "coordinates": [ 179.161097492398994, -8.547853373531206 ] } },
{ "type": "Feature", "properties": { "uid": "ryrrkgv0r1", "rate_time": -0.142, "sig_time": 0.235, "se_time": 0.116, "sce": 19.11, "nsm": -2.4, "valid_obs": 20, "valid_span": 25, "significant": false }, "geometry": { "type": "Point", "coordinates": [ 179.161223982518351, -8.5486851634345 ] } },
{ "type": "Feature", "properties": { "uid": "ryrrkgvq15", "rate_time": 0.015, "sig_time": 0.845, "se_time": 0.078, "sce": 9.72, "nsm": -4.34, "valid_obs": 21, "valid_span": 25, "significant": false }, "geometry": { "type": "Point", "coordinates": [ 179.161312150886033, -8.547686415799198 ] } },
{ "type": "Feature", "properties": { "uid": "ryrrkgv3hd", "rate_time": -0.095, "sig_time": 0.515, "se_time": 0.143, "sce": 22.13, "nsm": -1.68, "valid_obs": 20, "valid_span": 25, "significant": false }, "geometry": { "type": "Point", "coordinates": [ 179.161460090929069, -8.548549919383492 ] } },
{ "type": "Feature", "properties": { "uid": "ryrrkgvrn4", "rate_time": -0.032, "sig_time": 0.737, "se_time": 0.093, "sce": 11.5, "nsm": -5.05, "valid_obs": 21, "valid_span": 25, "significant": false }, "geometry": { "type": "Point", "coordinates": [ 179.161529969220936, -8.547523595236518 ] } },
{ "type": "Feature", "properties": { "uid": "ryrrkgv9f5", "rate_time": -0.062, "sig_time": 0.706, "se_time": 0.162, "sce": 22.15, "nsm": -1.42, "valid_obs": 20, "valid_span": 25, "significant": false }, "geometry": { "type": "Point", "coordinates": [ 179.161698680430391, -8.548419149440226 ] } },
{ "type": "Feature", "properties": { "uid": "ryrrkgvxgr", "rate_time": -0.084, "sig_time": 0.432, "se_time": 0.105, "sce": 13.87, "nsm": -6.26, "valid_obs": 21, "valid_span": 25, "significant": false }, "geometry": { "type": "Point", "coordinates": [ 179.161749820693558, -8.547363644393675 ] } },
{ "type": "Feature", "properties": { "uid": "ryrrkgvdxb", "rate_time": 0.123, "sig_time": 0.387, "se_time": 0.139, "sce": 20.15, "nsm": 1.31, "valid_obs": 20, "valid_span": 25, "significant": false }, "geometry": { "type": "Point", "coordinates": [ 179.161944726105276, -8.54830274973256 ] } },
{ "type": "Feature", "properties": { "uid": "ryrrkujbbe", "rate_time": -0.106, "sig_time": 0.28, "se_time": 0.095, "sce": 13.75, "nsm": -7.12, "valid_obs": 21, "valid_span": 25, "significant": false }, "geometry": { "type": "Point", "coordinates": [ 179.16197904466938, -8.547217163413512 ] } },
{ "type": "Feature", "properties": { "uid": "ryrrkgvgm7", "rate_time": 0.258, "sig_time": 0.048, "se_time": 0.122, "sce": 18.54, "nsm": 3.94, "valid_obs": 20, "valid_span": 25, "significant": true }, "geometry": { "type": "Point", "coordinates": [ 179.162177395983633, -8.548161749970001 ] } },
{ "type": "Feature", "properties": { "uid": "ryrrkujctz", "rate_time": 0.018, "sig_time": 0.846, "se_time": 0.091, "sce": 12.59, "nsm": -5.3, "valid_obs": 21, "valid_span": 25, "significant": false }, "geometry": { "type": "Point", "coordinates": [ 179.16220428436182, -8.547064644070577 ] } },
{ "type": "Feature", "properties": { "uid": "ryrrkgdfrw", "rate_time": 1.99, "sig_time": 0.019, "se_time": 0.779, "sce": 105.01, "nsm": 61.91, "valid_obs": 21, "valid_span": 25, "significant": true }, "geometry": { "type": "Point", "coordinates": [ 179.158161590501066, -8.54968701533312 ] } },
{ "type": "Feature", "properties": { "uid": "ryrrkdhn1v", "rate_time": -0.239, "sig_time": 0.124, "se_time": 0.149, "sce": 30.01, "nsm": 2.54, "valid_obs": 21, "valid_span": 25, "significant": false }, "geometry": { "type": "Point", "coordinates": [ 179.148643460855737, -8.557291685275237 ] } },
{ "type": "Feature", "properties": { "uid": "ryrrkdhpnv", "rate_time": -0.293, "sig_time": 0.085, "se_time": 0.161, "sce": 32.3, "nsm": -0.94, "valid_obs": 21, "valid_span": 25, "significant": false }, "geometry": { "type": "Point", "coordinates": [ 179.148853539460333, -8.557119069924678 ] } },
{ "type": "Feature", "properties": { "uid": "ryrrkdk25w", "rate_time": -0.322, "sig_time": 0.088, "se_time": 0.179, "sce": 30.3, "nsm": 0.69, "valid_obs": 21, "valid_span": 25, "significant": false }, "geometry": { "type": "Point", "coordinates": [ 179.149059158214385, -8.556941242314519 ] } },
{ "type": "Feature", "properties": { "uid": "ryrrkdk921", "rate_time": -0.227, "sig_time": 0.284, "se_time": 0.206, "sce": 31.43, "nsm": 0.66, "valid_obs": 21, "valid_span": 25, "significant": false }, "geometry": { "type": "Point", "coordinates": [ 179.149256792247257, -8.556754648534532 ] } },
{ "type": "Feature", "properties": { "uid": "ryrrkdkdkt", "rate_time": -0.423, "sig_time": 0.029, "se_time": 0.179, "sce": 28.15, "nsm": -0.25, "valid_obs": 21, "valid_span": 25, "significant": true }, "geometry": { "type": "Point", "coordinates": [ 179.149448540635547, -8.556562036685573 ] } },
{ "type": "Feature", "properties": { "uid": "ryrrkdkg91", "rate_time": -0.532, "sig_time": 0.008, "se_time": 0.18, "sce": 27.62, "nsm": -2.65, "valid_obs": 21, "valid_span": 25, "significant": true }, "geometry": { "type": "Point", "coordinates": [ 179.149636806370125, -8.556366044400205 ] } },
{ "type": "Feature", "properties": { "uid": "ryrrkdkutr", "rate_time": -0.651, "sig_time": 0.136, "se_time": 0.419, "sce": 72.94, "nsm": -4.32, "valid_obs": 22, "valid_span": 25, "significant": false }, "geometry": { "type": "Point", "coordinates": [ 179.149820357231988, -8.556165680855662 ] } },
{ "type": "Feature", "properties": { "uid": "ryrrkd7tr1", "rate_time": 0.093, "sig_time": 0.43, "se_time": 0.116, "sce": 14.57, "nsm": -1.64, "valid_obs": 22, "valid_span": 25, "significant": false }, "geometry": { "type": "Point", "coordinates": [ 179.148181437665926, -8.556066899761102 ] } },
{ "type": "Feature", "properties": { "uid": "ryrrkd7vv1", "rate_time": 0.34, "sig_time": 0.03, "se_time": 0.145, "sce": 16.96, "nsm": 5.3, "valid_obs": 22, "valid_span": 25, "significant": true }, "geometry": { "type": "Point", "coordinates": [ 179.148440299413437, -8.555982692689682 ] } },
{ "type": "Feature", "properties": { "uid": "ryrrkdmjcq", "rate_time": -0.946, "sig_time": 0.007, "se_time": 0.315, "sce": 51.04, "nsm": -7.26, "valid_obs": 22, "valid_span": 25, "significant": true }, "geometry": { "type": "Point", "coordinates": [ 179.149992248718036, -8.555955393187748 ] } },
{ "type": "Feature", "properties": { "uid": "ryrrkdkn7h", "rate_time": 0.283, "sig_time": 0.062, "se_time": 0.143, "sce": 15.03, "nsm": 5.71, "valid_obs": 22, "valid_span": 25, "significant": false }, "geometry": { "type": "Point", "coordinates": [ 179.148692390631282, -8.555880889230437 ] } },
{ "type": "Feature", "properties": { "uid": "ryrrkdkr0b", "rate_time": 0.155, "sig_time": 0.105, "se_time": 0.091, "sce": 11.36, "nsm": 4.68, "valid_obs": 22, "valid_span": 25, "significant": false }, "geometry": { "type": "Point", "coordinates": [ 179.148941124361244, -8.555770563134795 ] } },
{ "type": "Feature", "properties": { "uid": "ryrrkdmpk9", "rate_time": -1.502, "sig_time": 0.0, "se_time": 0.332, "sce": 51.67, "nsm": -15.37, "valid_obs": 22, "valid_span": 25, "significant": true }, "geometry": { "type": "Point", "coordinates": [ 179.150130792189628, -8.555724023269002 ] } },
{ "type": "Feature", "properties": { "uid": "ryrrkds9zf", "rate_time": 0.233, "sig_time": 0.01, "se_time": 0.08, "sce": 9.1, "nsm": null, "valid_obs": 18, "valid_span": 20, "significant": true }, "geometry": { "type": "Point", "coordinates": [ 179.149580610327575, -8.5552870396016 ] } },
{ "type": "Feature", "properties": { "uid": "ryrrkdsg5n", "rate_time": 0.743, "sig_time": 0.017, "se_time": 0.277, "sce": 32.05, "nsm": null, "valid_obs": 18, "valid_span": 20, "significant": true }, "geometry": { "type": "Point", "coordinates": [ 179.149719841629377, -8.555053958621363 ] } },
{ "type": "Feature", "properties": { "uid": "ryrrkdt5u2", "rate_time": 1.197, "sig_time": 0.13, "se_time": 0.751, "sce": 71.82, "nsm": null, "valid_obs": 18, "valid_span": 20, "significant": false }, "geometry": { "type": "Point", "coordinates": [ 179.150117155559599, -8.554956059612987 ] } },
{ "type": "Feature", "properties": { "uid": "ryrrkdsupz", "rate_time": 1.357, "sig_time": 0.052, "se_time": 0.646, "sce": 60.47, "nsm": null, "valid_obs": 18, "valid_span": 20, "significant": false }, "geometry": { "type": "Point", "coordinates": [ 179.149926786743237, -8.554878595916087 ] } },
{ "type": "Feature", "properties": { "uid": "ryrrkd75mt", "rate_time": 0.105, "sig_time": 0.349, "se_time": 0.11, "sce": 16.2, "nsm": -0.8, "valid_obs": 22, "valid_span": 25, "significant": false }, "geometry": { "type": "Point", "coordinates": [ 179.1474319469215, -8.556389631387486 ] } },
{ "type": "Feature", "properties": { "uid": "ryrrkd748p", "rate_time": 0.224, "sig_time": 0.073, "se_time": 0.118, "sce": 17.82, "nsm": -0.29, "valid_obs": 22, "valid_span": 25, "significant": false }, "geometry": { "type": "Point", "coordinates": [ 179.147187236987094, -8.556508726498361 ] } },
{ "type": "Feature", "properties": { "uid": "ryrrkd6cfr", "rate_time": 0.22, "sig_time": 0.079, "se_time": 0.118, "sce": 18.46, "nsm": 1.45, "valid_obs": 22, "valid_span": 25, "significant": false }, "geometry": { "type": "Point", "coordinates": [ 179.146945732707394, -8.55663386155266 ] } },
{ "type": "Feature", "properties": { "uid": "ryrrkd69hy", "rate_time": 0.102, "sig_time": 0.46, "se_time": 0.135, "sce": 19.5, "nsm": -2.29, "valid_obs": 22, "valid_span": 25, "significant": false }, "geometry": { "type": "Point", "coordinates": [ 179.146711646617774, -8.556772105693 ] } },
{ "type": "Feature", "properties": { "uid": "ryrrkd62x1", "rate_time": 0.22, "sig_time": 0.094, "se_time": 0.125, "sce": 22.7, "nsm": 1.03, "valid_obs": 22, "valid_span": 25, "significant": false }, "geometry": { "type": "Point", "coordinates": [ 179.146462674406962, -8.5568821826177 ] } },
{ "type": "Feature", "properties": { "uid": "ryrrkd4rck", "rate_time": 0.313, "sig_time": 0.079, "se_time": 0.169, "sce": 30.98, "nsm": -0.48, "valid_obs": 22, "valid_span": 25, "significant": false }, "geometry": { "type": "Point", "coordinates": [ 179.146214147260224, -8.556992632697133 ] } },
{ "type": "Feature", "properties": { "uid": "ryrrkd4p5t", "rate_time": 0.472, "sig_time": 0.019, "se_time": 0.186, "sce": 35.11, "nsm": 2.29, "valid_obs": 22, "valid_span": 25, "significant": true }, "geometry": { "type": "Point", "coordinates": [ 179.145972815277815, -8.557118444421887 ] } },
{ "type": "Feature", "properties": { "uid": "ryrrkd1yq2", "rate_time": 0.487, "sig_time": 0.021, "se_time": 0.194, "sce": 35.3, "nsm": 4.35, "valid_obs": 22, "valid_span": 25, "significant": true }, "geometry": { "type": "Point", "coordinates": [ 179.145748582811478, -8.557271516816908 ] } },
{ "type": "Feature", "properties": { "uid": "ryrrkd1v37", "rate_time": 0.51, "sig_time": 0.008, "se_time": 0.175, "sce": 31.91, "nsm": 6.54, "valid_obs": 22, "valid_span": 25, "significant": true }, "geometry": { "type": "Point", "coordinates": [ 179.145529155689502, -8.557432125992564 ] } },
{ "type": "Feature", "properties": { "uid": "ryrrkd1ss0", "rate_time": 0.467, "sig_time": 0.007, "se_time": 0.155, "sce": 28.07, "nsm": 6.83, "valid_obs": 22, "valid_span": 25, "significant": true }, "geometry": { "type": "Point", "coordinates": [ 179.145298104034595, -8.557573382038939 ] } },
{ "type": "Feature", "properties": { "uid": "ryrrkd17yp", "rate_time": 0.283, "sig_time": 0.05, "se_time": 0.136, "sce": 24.85, "nsm": 2.84, "valid_obs": 22, "valid_span": 25, "significant": false }, "geometry": { "type": "Point", "coordinates": [ 179.145043681152032, -8.557664921322464 ] } },
{ "type": "Feature", "properties": { "uid": "ryrrkd15xz", "rate_time": 0.136, "sig_time": 0.269, "se_time": 0.12, "sce": 18.7, "nsm": 0.5, "valid_obs": 22, "valid_span": 25, "significant": false }, "geometry": { "type": "Point", "coordinates": [ 179.144775079837615, -8.557708602588828 ] } },
{ "type": "Feature", "properties": { "uid": "ryrrkd153b", "rate_time": 0.045, "sig_time": 0.708, "se_time": 0.119, "sce": 13.76, "nsm": -2.63, "valid_obs": 22, "valid_span": 25, "significant": false }, "geometry": { "type": "Point", "coordinates": [ 179.144517083181569, -8.557789156924027 ] } },
{ "type": "Feature", "properties": { "uid": "ryrrkd0fkm", "rate_time": -0.039, "sig_time": 0.72, "se_time": 0.106, "sce": 12.33, "nsm": -2.98, "valid_obs": 22, "valid_span": 25, "significant": false }, "geometry": { "type": "Point", "coordinates": [ 179.144285082500517, -8.557931304061103 ] } },
{ "type": "Feature", "properties": { "uid": "ryrrkd09x5", "rate_time": -0.051, "sig_time": 0.661, "se_time": 0.115, "sce": 11.95, "nsm": -2.97, "valid_obs": 22, "valid_span": 25, "significant": false }, "geometry": { "type": "Point", "coordinates": [ 179.144054098824711, -8.558074964448448 ] } },
{ "type": "Feature", "properties": { "uid": "ryrrk3ycc5", "rate_time": 0.129, "sig_time": 0.116, "se_time": 0.078, "sce": 11.4, "nsm": -1.4, "valid_obs": 22, "valid_span": 25, "significant": false }, "geometry": { "type": "Point", "coordinates": [ 179.141399046015891, -8.55940230423219 ] } },
{ "type": "Feature", "properties": { "uid": "ryrrk3wgem", "rate_time": -0.004, "sig_time": 0.989, "se_time": 0.323, "sce": 20.53, "nsm": null, "valid_obs": 15, "valid_span": 16, "significant": false }, "geometry": { "type": "Point", "coordinates": [ 179.141492801480837, -8.560466182125058 ] } },
{ "type": "Feature", "properties": { "uid": "ryrrk3yfws", "rate_time": 0.173, "sig_time": 0.093, "se_time": 0.098, "sce": 15.32, "nsm": -0.1, "valid_obs": 22, "valid_span": 25, "significant": false }, "geometry": { "type": "Point", "coordinates": [ 179.141636688432556, -8.559269807896429 ] } },
{ "type": "Feature", "properties": { "uid": "ryrrk3z5kn", "rate_time": 0.213, "sig_time": 0.058, "se_time": 0.106, "sce": 14.95, "nsm": 0.13, "valid_obs": 22, "valid_span": 25, "significant": false }, "geometry": { "type": "Point", "coordinates": [ 179.141871106376783, -8.559131815068667 ] } },
{ "type": "Feature", "properties": { "uid": "ryrrk3xhyz", "rate_time": -1.062, "sig_time": 0.114, "se_time": 0.629, "sce": 59.12, "nsm": null, "valid_obs": 16, "valid_span": 17, "significant": false }, "geometry": { "type": "Point", "coordinates": [ 179.141985916004899, -8.560238548781856 ] } },
{ "type": "Feature", "properties": { "uid": "ryrrk3zk1u", "rate_time": 0.116, "sig_time": 0.251, "se_time": 0.098, "sce": 12.71, "nsm": -0.11, "valid_obs": 22, "valid_span": 25, "significant": false }, "geometry": { "type": "Point", "coordinates": [ 179.142115791381229, -8.559012585528782 ] } },
{ "type": "Feature", "properties": { "uid": "ryrrk3xmsr", "rate_time": 0.27, "sig_time": 0.45, "se_time": 0.347, "sce": 28.51, "nsm": null, "valid_obs": 16, "valid_span": 17, "significant": false }, "geometry": { "type": "Point", "coordinates": [ 179.142227106293291, -8.560113601726732 ] } },
{ "type": "Feature", "properties": { "uid": "ryrrk3zkzp", "rate_time": 0.087, "sig_time": 0.416, "se_time": 0.105, "sce": 13.13, "nsm": -0.89, "valid_obs": 22, "valid_span": 25, "significant": false }, "geometry": { "type": "Point", "coordinates": [ 179.142344981985332, -8.55886605500301 ] } },
{ "type": "Feature", "properties": { "uid": "ryrrk3xw66", "rate_time": -0.603, "sig_time": 0.044, "se_time": 0.273, "sce": 19.55, "nsm": null, "valid_obs": 16, "valid_span": 17, "significant": true }, "geometry": { "type": "Point", "coordinates": [ 179.142478408175521, -8.560008933093185 ] } },
{ "type": "Feature", "properties": { "uid": "ryrrk3ztuk", "rate_time": 0.036, "sig_time": 0.764, "se_time": 0.117, "sce": 15.93, "nsm": -1.86, "valid_obs": 22, "valid_span": 25, "significant": false }, "geometry": { "type": "Point", "coordinates": [ 179.142567496862085, -8.558709632400733 ] } },
{ "type": "Feature", "properties": { "uid": "ryrrk3xybn", "rate_time": -0.784, "sig_time": 0.019, "se_time": 0.297, "sce": 21.41, "nsm": null, "valid_obs": 16, "valid_span": 17, "significant": true }, "geometry": { "type": "Point", "coordinates": [ 179.142728234790212, -8.559901053111082 ] } },
{ "type": "Feature", "properties": { "uid": "ryrrk3zyc9", "rate_time": 0.077, "sig_time": 0.512, "se_time": 0.116, "sce": 16.88, "nsm": -0.53, "valid_obs": 22, "valid_span": 25, "significant": false }, "geometry": { "type": "Point", "coordinates": [ 179.142791945625902, -8.558556398947569 ] } },
{ "type": "Feature", "properties": { "uid": "ryrrk3xztu", "rate_time": -0.757, "sig_time": 0.031, "se_time": 0.315, "sce": 26.98, "nsm": null, "valid_obs": 16, "valid_span": 17, "significant": true }, "geometry": { "type": "Point", "coordinates": [ 179.142975325702935, -8.559787181344795 ] } },
{ "type": "Feature", "properties": { "uid": "ryrrk3zzx0", "rate_time": 0.238, "sig_time": 0.095, "se_time": 0.136, "sce": 16.44, "nsm": 5.39, "valid_obs": 22, "valid_span": 25, "significant": false }, "geometry": { "type": "Point", "coordinates": [ 179.143034064029166, -8.558434905789627 ] } },
{ "type": "Feature", "properties": { "uid": "ryrrk9b07k", "rate_time": -0.303, "sig_time": 0.233, "se_time": 0.242, "sce": 17.72, "nsm": null, "valid_obs": 15, "valid_span": 17, "significant": false }, "geometry": { "type": "Point", "coordinates": [ 179.14321293523497, -8.559654531454928 ] } },
{ "type": "Feature", "properties": { "uid": "ryrrk9bpvr", "rate_time": 0.391, "sig_time": 0.002, "se_time": 0.108, "sce": 16.53, "nsm": 7.35, "valid_obs": 22, "valid_span": 25, "significant": true }, "geometry": { "type": "Point", "coordinates": [ 179.143293329194165, -8.558352907180399 ] } },
{ "type": "Feature", "properties": { "uid": "ryrrk9b311", "rate_time": -0.379, "sig_time": 0.068, "se_time": 0.19, "sce": 15.48, "nsm": null, "valid_obs": 15, "valid_span": 17, "significant": false }, "geometry": { "type": "Point", "coordinates": [ 179.143461154216112, -8.559542775627575 ] } },
{ "type": "Feature", "properties": { "uid": "ryrrkd0276", "rate_time": 0.253, "sig_time": 0.01, "se_time": 0.089, "sce": 14.04, "nsm": 2.65, "valid_obs": 22, "valid_span": 25, "significant": true }, "geometry": { "type": "Point", "coordinates": [ 179.143558554850443, -8.55829150770805 ] } },
{ "type": "Feature", "properties": { "uid": "ryrrk9b3yb", "rate_time": 0.435, "sig_time": 0.409, "se_time": 0.51, "sce": 43.5, "nsm": null, "valid_obs": 15, "valid_span": 17, "significant": false }, "geometry": { "type": "Point", "coordinates": [ 179.143704853666065, -8.559421610557877 ] } },
{ "type": "Feature", "properties": { "uid": "ryrrkd08c6", "rate_time": 0.018, "sig_time": 0.867, "se_time": 0.108, "sce": 14.71, "nsm": -1.75, "valid_obs": 22, "valid_span": 25, "significant": false }, "geometry": { "type": "Point", "coordinates": [ 179.143815524437485, -8.558205256181303 ] } },
{ "type": "Feature", "properties": { "uid": "ryrrk9bdke", "rate_time": 2.138, "sig_time": 0.002, "se_time": 0.567, "sce": 48.88, "nsm": null, "valid_obs": 18, "valid_span": 20, "significant": true }, "geometry": { "type": "Point", "coordinates": [ 179.143955844577505, -8.559316413453427 ] } },
{ "type": "Feature", "properties": { "uid": "ryrrk9c583", "rate_time": -0.163, "sig_time": 0.185, "se_time": 0.118, "sce": 12.52, "nsm": null, "valid_obs": 18, "valid_span": 20, "significant": false }, "geometry": { "type": "Point", "coordinates": [ 179.144460418306863, -8.559111972674156 ] } },
{ "type": "Feature", "properties": { "uid": "ryrrk9chn6", "rate_time": -0.231, "sig_time": 0.05, "se_time": 0.109, "sce": 12.94, "nsm": null, "valid_obs": 18, "valid_span": 20, "significant": false }, "geometry": { "type": "Point", "coordinates": [ 179.144718437243824, -8.559025229923966 ] } },
{ "type": "Feature", "properties": { "uid": "ryrrk9cks8", "rate_time": 0.471, "sig_time": 0.026, "se_time": 0.196, "sce": 25.3, "nsm": 15.15, "valid_obs": 22, "valid_span": 25, "significant": true }, "geometry": { "type": "Point", "coordinates": [ 179.144979067873408, -8.558946310424853 ] } },
{ "type": "Feature", "properties": { "uid": "ryrrk9csft", "rate_time": -0.512, "sig_time": 0.0, "se_time": 0.123, "sce": 18.84, "nsm": -4.92, "valid_obs": 22, "valid_span": 25, "significant": true }, "geometry": { "type": "Point", "coordinates": [ 179.145242349463246, -8.558877164849129 ] } },
{ "type": "Feature", "properties": { "uid": "ryrrk9cv0v", "rate_time": -0.704, "sig_time": 0.0, "se_time": 0.125, "sce": 20.95, "nsm": -5.18, "valid_obs": 22, "valid_span": 25, "significant": true }, "geometry": { "type": "Point", "coordinates": [ 179.145510775939044, -8.558836850496489 ] } },
{ "type": "Feature", "properties": { "uid": "ryrrk9cvr2", "rate_time": -0.689, "sig_time": 0.001, "se_time": 0.18, "sce": 27.99, "nsm": -0.18, "valid_obs": 22, "valid_span": 25, "significant": true }, "geometry": { "type": "Point", "coordinates": [ 179.145782388615089, -8.558816569020296 ] } },
{ "type": "Feature", "properties": { "uid": "ryrrk9fjt7", "rate_time": -0.596, "sig_time": 0.008, "se_time": 0.204, "sce": 30.94, "nsm": 2.46, "valid_obs": 22, "valid_span": 25, "significant": true }, "geometry": { "type": "Point", "coordinates": [ 179.146045827519259, -8.55875814969678 ] } },
{ "type": "Feature", "properties": { "uid": "ryrrk9fq71", "rate_time": -0.655, "sig_time": 0.007, "se_time": 0.217, "sce": 27.96, "nsm": 11.06, "valid_obs": 22, "valid_span": 25, "significant": true }, "geometry": { "type": "Point", "coordinates": [ 179.146290553090495, -8.558641847243809 ] } },
{ "type": "Feature", "properties": { "uid": "ryrrk9fx09", "rate_time": 1.29, "sig_time": 0.019, "se_time": 0.505, "sce": 63.03, "nsm": 40.97, "valid_obs": 22, "valid_span": 25, "significant": true }, "geometry": { "type": "Point", "coordinates": [ 179.146530841981701, -8.558515530456804 ] } },
{ "type": "Feature", "properties": { "uid": "ryrrk3weh7", "rate_time": 2.307, "sig_time": 0.0, "se_time": 0.482, "sce": 80.84, "nsm": 71.9, "valid_obs": 22, "valid_span": 25, "significant": true }, "geometry": { "type": "Point", "coordinates": [ 179.141196070683264, -8.560563066259183 ] } },
{ "type": "Feature", "properties": { "uid": "ryrrk3y8uj", "rate_time": 0.063, "sig_time": 0.471, "se_time": 0.086, "sce": 12.72, "nsm": -3.46, "valid_obs": 22, "valid_span": 25, "significant": false }, "geometry": { "type": "Point", "coordinates": [ 179.141183522438553, -8.559566786287824 ] } },
{ "type": "Feature", "properties": { "uid": "ryrrk3wx8p", "rate_time": -0.074, "sig_time": 0.499, "se_time": 0.107, "sce": 17.27, "nsm": -5.23, "valid_obs": 22, "valid_span": 25, "significant": false }, "geometry": { "type": "Point", "coordinates": [ 179.141015205495904, -8.559765988778455 ] } },
{ "type": "Feature", "properties": { "uid": "ryrrk3wqpq", "rate_time": -0.351, "sig_time": 0.011, "se_time": 0.124, "sce": 17.78, "nsm": -8.95, "valid_obs": 22, "valid_span": 25, "significant": true }, "geometry": { "type": "Point", "coordinates": [ 179.140978205783142, -8.560032865436417 ] } },
{ "type": "Feature", "properties": { "uid": "ryrrk3w7q2", "rate_time": 1.427, "sig_time": 0.034, "se_time": 0.628, "sce": 89.38, "nsm": 62.4, "valid_obs": 22, "valid_span": 25, "significant": true }, "geometry": { "type": "Point", "coordinates": [ 179.140939621541918, -8.560535720237842 ] } },
{ "type": "Feature", "properties": { "uid": "ryrrk3w1v7", "rate_time": 2.06, "sig_time": 0.051, "se_time": 0.988, "sce": 113.33, "nsm": 98.44, "valid_obs": 21, "valid_span": 25, "significant": false }, "geometry": { "type": "Point", "coordinates": [ 179.140545418138345, -8.560777549752769 ] } },
{ "type": "Feature", "properties": { "uid": "ryrrk29ysn", "rate_time": -0.474, "sig_time": 0.054, "se_time": 0.228, "sce": 24.84, "nsm": null, "valid_obs": 18, "valid_span": 20, "significant": false }, "geometry": { "type": "Point", "coordinates": [ 179.134661081331274, -8.565440627488149 ] } },
{ "type": "Feature", "properties": { "uid": "ryrrk2dp3f", "rate_time": -0.772, "sig_time": 0.007, "se_time": 0.251, "sce": 26.17, "nsm": null, "valid_obs": 18, "valid_span": 20, "significant": true }, "geometry": { "type": "Point", "coordinates": [ 179.134911324985154, -8.565333606319644 ] } },
{ "type": "Feature", "properties": { "uid": "ryrrk2fw3w", "rate_time": 0.232, "sig_time": 0.143, "se_time": 0.15, "sce": 10.2, "nsm": null, "valid_obs": 16, "valid_span": 17, "significant": false }, "geometry": { "type": "Point", "coordinates": [ 179.13557885897913, -8.564107438195736 ] } },
{ "type": "Feature", "properties": { "uid": "ryrrk2fdys", "rate_time": -2.948, "sig_time": 0.0, "se_time": 0.401, "sce": 59.97, "nsm": null, "valid_obs": 18, "valid_span": 20, "significant": true }, "geometry": { "type": "Point", "coordinates": [ 179.135800298779742, -8.564720909788194 ] } },
{ "type": "Feature", "properties": { "uid": "ryrrk2gpch", "rate_time": 1.174, "sig_time": 0.019, "se_time": 0.444, "sce": 43.7, "nsm": null, "valid_obs": 16, "valid_span": 17, "significant": true }, "geometry": { "type": "Point", "coordinates": [ 179.136253090532563, -8.563863378878468 ] } },
{ "type": "Feature", "properties": { "uid": "ryrrk2gn6v", "rate_time": -1.195, "sig_time": 0.174, "se_time": 0.84, "sce": 91.85, "nsm": null, "valid_obs": 18, "valid_span": 20, "significant": false }, "geometry": { "type": "Point", "coordinates": [ 179.136319067758308, -8.564112068329568 ] } },
{ "type": "Feature", "properties": { "uid": "ryrrk0wd41", "rate_time": -1.083, "sig_time": 0.041, "se_time": 0.482, "sce": 34.6, "nsm": null, "valid_obs": 16, "valid_span": 17, "significant": true }, "geometry": { "type": "Point", "coordinates": [ 179.13011404202237, -8.566236792781076 ] } },
{ "type": "Feature", "properties": { "uid": "ryrrk0w9zg", "rate_time": -0.946, "sig_time": 0.064, "se_time": 0.47, "sce": 36.12, "nsm": null, "valid_obs": 16, "valid_span": 17, "significant": false }, "geometry": { "type": "Point", "coordinates": [ 179.130361040717844, -8.566269865405236 ] } },
{ "type": "Feature", "properties": { "uid": "ryrrk0wcch", "rate_time": -0.948, "sig_time": 0.054, "se_time": 0.45, "sce": 35.78, "nsm": null, "valid_obs": 16, "valid_span": 17, "significant": false }, "geometry": { "type": "Point", "coordinates": [ 179.130410623008487, -8.566264371555075 ] } },
{ "type": "Feature", "properties": { "uid": "ryrrk0wfr1", "rate_time": -0.987, "sig_time": 0.03, "se_time": 0.409, "sce": 32.77, "nsm": null, "valid_obs": 16, "valid_span": 17, "significant": true }, "geometry": { "type": "Point", "coordinates": [ 179.130673492770654, -8.566194404486572 ] } },
{ "type": "Feature", "properties": { "uid": "ryrrk0x4tm", "rate_time": -0.726, "sig_time": 0.053, "se_time": 0.343, "sce": 25.3, "nsm": null, "valid_obs": 16, "valid_span": 17, "significant": false }, "geometry": { "type": "Point", "coordinates": [ 179.130938576037494, -8.566132097819581 ] } },
{ "type": "Feature", "properties": { "uid": "ryrrk0z807", "rate_time": -0.124, "sig_time": 0.282, "se_time": 0.111, "sce": 9.86, "nsm": null, "valid_obs": 18, "valid_span": 20, "significant": false }, "geometry": { "type": "Point", "coordinates": [ 179.131410336305805, -8.565198974159518 ] } },
{ "type": "Feature", "properties": { "uid": "ryrrk0z8w7", "rate_time": -0.054, "sig_time": 0.592, "se_time": 0.098, "sce": 9.06, "nsm": null, "valid_obs": 18, "valid_span": 20, "significant": false }, "geometry": { "type": "Point", "coordinates": [ 179.131668064003748, -8.565111483266881 ] } },
{ "type": "Feature", "properties": { "uid": "ryrrk0xezw", "rate_time": -0.772, "sig_time": 0.025, "se_time": 0.311, "sce": 27.15, "nsm": null, "valid_obs": 18, "valid_span": 20, "significant": true }, "geometry": { "type": "Point", "coordinates": [ 179.131723969461405, -8.565908781462147 ] } },
{ "type": "Feature", "properties": { "uid": "ryrrk0zch3", "rate_time": 0.435, "sig_time": 0.025, "se_time": 0.179, "sce": 22.27, "nsm": null, "valid_obs": 20, "valid_span": 23, "significant": true }, "geometry": { "type": "Point", "coordinates": [ 179.131929129569158, -8.565034074626071 ] } },
{ "type": "Feature", "properties": { "uid": "ryrrk0xumf", "rate_time": -0.598, "sig_time": 0.058, "se_time": 0.293, "sce": 25.0, "nsm": null, "valid_obs": 18, "valid_span": 20, "significant": false }, "geometry": { "type": "Point", "coordinates": [ 179.131989178688684, -8.565847282228413 ] } },
{ "type": "Feature", "properties": { "uid": "ryrrk2b16x", "rate_time": 0.335, "sig_time": 0.068, "se_time": 0.172, "sce": 18.53, "nsm": null, "valid_obs": 20, "valid_span": 23, "significant": false }, "geometry": { "type": "Point", "coordinates": [ 179.132192170535461, -8.564963535558572 ] } },
{ "type": "Feature", "properties": { "uid": "ryrrk28hsh", "rate_time": -0.52, "sig_time": 0.06, "se_time": 0.258, "sce": 22.96, "nsm": null, "valid_obs": 18, "valid_span": 20, "significant": false }, "geometry": { "type": "Point", "coordinates": [ 179.132255996293168, -8.565792494625144 ] } },
{ "type": "Feature", "properties": { "uid": "ryrrk2b3bg", "rate_time": 0.393, "sig_time": 0.067, "se_time": 0.202, "sce": 24.69, "nsm": null, "valid_obs": 20, "valid_span": 23, "significant": false }, "geometry": { "type": "Point", "coordinates": [ 179.132456620578836, -8.564898455449756 ] } },
{ "type": "Feature", "properties": { "uid": "ryrrk28kfr", "rate_time": 0.746, "sig_time": 0.154, "se_time": 0.502, "sce": 58.11, "nsm": null, "valid_obs": 20, "valid_span": 23, "significant": false }, "geometry": { "type": "Point", "coordinates": [ 179.132521344445308, -8.565731268519315 ] } },
{ "type": "Feature", "properties": { "uid": "ryrrk2b6ph", "rate_time": 0.402, "sig_time": 0.045, "se_time": 0.186, "sce": 24.46, "nsm": null, "valid_obs": 20, "valid_span": 23, "significant": true }, "geometry": { "type": "Point", "coordinates": [ 179.132724799958311, -8.564850730682005 ] } },
{ "type": "Feature", "properties": { "uid": "ryrrk28t28", "rate_time": 0.041, "sig_time": 0.918, "se_time": 0.393, "sce": 59.24, "nsm": 41.82, "valid_obs": 21, "valid_span": 25, "significant": false }, "geometry": { "type": "Point", "coordinates": [ 179.132789643626978, -8.565687285568343 ] } },
{ "type": "Feature", "properties": { "uid": "ryrrk2bdmk", "rate_time": 0.534, "sig_time": 0.006, "se_time": 0.17, "sce": 23.42, "nsm": null, "valid_obs": 20, "valid_span": 23, "significant": true }, "geometry": { "type": "Point", "coordinates": [ 179.132993156003835, -8.564803989100305 ] } },
{ "type": "Feature", "properties": { "uid": "ryrrk28tqg", "rate_time": -0.55, "sig_time": 0.003, "se_time": 0.162, "sce": 21.89, "nsm": -13.63, "valid_obs": 21, "valid_span": 25, "significant": true }, "geometry": { "type": "Point", "coordinates": [ 179.133061168892056, -8.565666745855507 ] } },
{ "type": "Feature", "properties": { "uid": "ryrrk2bfes", "rate_time": 0.721, "sig_time": 0.002, "se_time": 0.2, "sce": 27.02, "nsm": null, "valid_obs": 20, "valid_span": 23, "significant": true }, "geometry": { "type": "Point", "coordinates": [ 179.133261964187909, -8.564760305371633 ] } },
{ "type": "Feature", "properties": { "uid": "ryrrk28vmn", "rate_time": -0.455, "sig_time": 0.005, "se_time": 0.144, "sce": 22.09, "nsm": -6.67, "valid_obs": 21, "valid_span": 25, "significant": true }, "geometry": { "type": "Point", "coordinates": [ 179.133333249409787, -8.565652871606979 ] } },
{ "type": "Feature", "properties": { "uid": "ryrrk2c4cf", "rate_time": 0.856, "sig_time": 0.003, "se_time": 0.25, "sce": 30.36, "nsm": null, "valid_obs": 20, "valid_span": 23, "significant": true }, "geometry": { "type": "Point", "coordinates": [ 179.133532676571008, -8.564731168729923 ] } },
{ "type": "Feature", "properties": { "uid": "ryrrk29j7x", "rate_time": -0.446, "sig_time": 0.005, "se_time": 0.141, "sce": 20.62, "nsm": -5.27, "valid_obs": 21, "valid_span": 25, "significant": true }, "geometry": { "type": "Point", "coordinates": [ 179.133605541200296, -8.565649109786431 ] } },
{ "type": "Feature", "properties": { "uid": "ryrrk2c6bj", "rate_time": 0.878, "sig_time": 0.003, "se_time": 0.257, "sce": 31.78, "nsm": null, "valid_obs": 20, "valid_span": 23, "significant": true }, "geometry": { "type": "Point", "coordinates": [ 179.133804709124149, -8.564717105184894 ] } },
{ "type": "Feature", "properties": { "uid": "ryrrk29m3z", "rate_time": -0.458, "sig_time": 0.004, "se_time": 0.14, "sce": 17.27, "nsm": -4.27, "valid_obs": 21, "valid_span": 25, "significant": true }, "geometry": { "type": "Point", "coordinates": [ 179.133877970480427, -8.565649136539506 ] } },
{ "type": "Feature", "properties": { "uid": "ryrrk2c6yx", "rate_time": 0.7, "sig_time": 0.006, "se_time": 0.227, "sce": 27.24, "nsm": null, "valid_obs": 20, "valid_span": 23, "significant": true }, "geometry": { "type": "Point", "coordinates": [ 179.134076709940103, -8.564703577317191 ] } },
{ "type": "Feature", "properties": { "uid": "ryrrk29t8j", "rate_time": 0.43, "sig_time": 0.117, "se_time": 0.262, "sce": 30.6, "nsm": 19.51, "valid_obs": 21, "valid_span": 25, "significant": false }, "geometry": { "type": "Point", "coordinates": [ 179.134147249988104, -8.565616378044577 ] } },
{ "type": "Feature", "properties": { "uid": "ryrrk2cehz", "rate_time": 0.979, "sig_time": 0.005, "se_time": 0.305, "sce": 41.54, "nsm": null, "valid_obs": 20, "valid_span": 23, "significant": true }, "geometry": { "type": "Point", "coordinates": [ 179.134345139357578, -8.564663437979659 ] } },
{ "type": "Feature", "properties": { "uid": "ryrrk29wn7", "rate_time": -0.427, "sig_time": 0.048, "se_time": 0.199, "sce": 20.76, "nsm": null, "valid_obs": 18, "valid_span": 20, "significant": true }, "geometry": { "type": "Point", "coordinates": [ 179.134408297342532, -8.565541252988398 ] } },
{ "type": "Feature", "properties": { "uid": "ryrrk0w7rz", "rate_time": 1.719, "sig_time": 0.0, "se_time": 0.369, "sce": 36.14, "nsm": null, "valid_obs": 16, "valid_span": 17, "significant": true }, "geometry": { "type": "Point", "coordinates": [ 179.130012867216891, -8.565990931521116 ] } },
{ "type": "Feature", "properties": { "uid": "ryrr5vv2yq", "rate_time": -0.325, "sig_time": 0.401, "se_time": 0.376, "sce": 35.89, "nsm": null, "valid_obs": 18, "valid_span": 23, "significant": false }, "geometry": { "type": "Point", "coordinates": [ 179.117591895275382, -8.581530728387655 ] } },
{ "type": "Feature", "properties": { "uid": "ryrr5vvx5s", "rate_time": -0.199, "sig_time": 0.641, "se_time": 0.419, "sce": 70.42, "nsm": -11.5, "valid_obs": 22, "valid_span": 25, "significant": false }, "geometry": { "type": "Point", "coordinates": [ 179.117819639668198, -8.58047230701723 ] } },
{ "type": "Feature", "properties": { "uid": "ryrr5yj8tk", "rate_time": -0.255, "sig_time": 0.372, "se_time": 0.279, "sce": 44.32, "nsm": -8.42, "valid_obs": 21, "valid_span": 25, "significant": false }, "geometry": { "type": "Point", "coordinates": [ 179.117892629919453, -8.580211075971702 ] } },
{ "type": "Feature", "properties": { "uid": "ryrr5yjdpf", "rate_time": -0.161, "sig_time": 0.588, "se_time": 0.292, "sce": 45.65, "nsm": -6.88, "valid_obs": 21, "valid_span": 25, "significant": false }, "geometry": { "type": "Point", "coordinates": [ 179.118001635123193, -8.579963116703938 ] } },
{ "type": "Feature", "properties": { "uid": "ryrr5yj75v", "rate_time": -0.167, "sig_time": 0.316, "se_time": 0.162, "sce": 18.37, "nsm": -4.04, "valid_obs": 21, "valid_span": 25, "significant": false }, "geometry": { "type": "Point", "coordinates": [ 179.117485284105584, -8.579775455876009 ] } },
{ "type": "Feature", "properties": { "uid": "ryrr5yjgdb", "rate_time": -0.389, "sig_time": 0.075, "se_time": 0.207, "sce": 25.63, "nsm": -8.71, "valid_obs": 21, "valid_span": 25, "significant": false }, "geometry": { "type": "Point", "coordinates": [ 179.118122376082198, -8.579720025469763 ] } },
{ "type": "Feature", "properties": { "uid": "ryrr5yjkwh", "rate_time": -0.14, "sig_time": 0.463, "se_time": 0.187, "sce": 22.2, "nsm": -2.45, "valid_obs": 21, "valid_span": 25, "significant": false }, "geometry": { "type": "Point", "coordinates": [ 179.117584856623182, -8.57952392515798 ] } },
{ "type": "Feature", "properties": { "uid": "ryrr5yjuvm", "rate_time": -0.639, "sig_time": 0.003, "se_time": 0.191, "sce": 29.66, "nsm": -16.91, "valid_obs": 21, "valid_span": 25, "significant": true }, "geometry": { "type": "Point", "coordinates": [ 179.118238862265599, -8.579474922657173 ] } },
{ "type": "Feature", "properties": { "uid": "ryrr5yjw0k", "rate_time": 0.143, "sig_time": 0.392, "se_time": 0.163, "sce": 25.3, "nsm": 11.26, "valid_obs": 21, "valid_span": 25, "significant": false }, "geometry": { "type": "Point", "coordinates": [ 179.117675357796799, -8.579269188595017 ] } },
{ "type": "Feature", "properties": { "uid": "ryrr5yjyrt", "rate_time": -1.133, "sig_time": 0.003, "se_time": 0.327, "sce": 49.5, "nsm": -44.64, "valid_obs": 21, "valid_span": 25, "significant": true }, "geometry": { "type": "Point", "coordinates": [ 179.118330756127023, -8.579221054331523 ] } },
{ "type": "Feature", "properties": { "uid": "ryrr5yjxe2", "rate_time": -0.263, "sig_time": 0.044, "se_time": 0.121, "sce": 16.19, "nsm": null, "valid_obs": 19, "valid_span": 23, "significant": true }, "geometry": { "type": "Point", "coordinates": [ 179.117810361384102, -8.579034668566658 ] } },
{ "type": "Feature", "properties": { "uid": "ryrr5ym8vy", "rate_time": -0.086, "sig_time": 0.533, "se_time": 0.136, "sce": 15.32, "nsm": null, "valid_obs": 19, "valid_span": 23, "significant": false }, "geometry": { "type": "Point", "coordinates": [ 179.117913514059296, -8.578784531962981 ] } },
{ "type": "Feature", "properties": { "uid": "ryrr5ywtuf", "rate_time": -0.29, "sig_time": 0.338, "se_time": 0.293, "sce": 23.38, "nsm": null, "valid_obs": 17, "valid_span": 20, "significant": false }, "geometry": { "type": "Point", "coordinates": [ 179.119247748220204, -8.576576821783318 ] } },
{ "type": "Feature", "properties": { "uid": "ryrr5ywwbk", "rate_time": 0.147, "sig_time": 0.651, "se_time": 0.319, "sce": 22.85, "nsm": null, "valid_obs": 17, "valid_span": 20, "significant": false }, "geometry": { "type": "Point", "coordinates": [ 179.119053044525657, -8.576395440061173 ] } },
{ "type": "Feature", "properties": { "uid": "ryrr5yj39r", "rate_time": -0.138, "sig_time": 0.262, "se_time": 0.12, "sce": 14.84, "nsm": -4.72, "valid_obs": 21, "valid_span": 25, "significant": false }, "geometry": { "type": "Point", "coordinates": [ 179.117373199509927, -8.580022591260215 ] } },
{ "type": "Feature", "properties": { "uid": "ryrr5yj0q6", "rate_time": -0.028, "sig_time": 0.923, "se_time": 0.286, "sce": 49.43, "nsm": -4.08, "valid_obs": 22, "valid_span": 25, "significant": false }, "geometry": { "type": "Point", "coordinates": [ 179.117249220128258, -8.580263491247853 ] } },
{ "type": "Feature", "properties": { "uid": "ryrr5vvp4b", "rate_time": 0.229, "sig_time": 0.281, "se_time": 0.207, "sce": 30.18, "nsm": -2.91, "valid_obs": 22, "valid_span": 25, "significant": false }, "geometry": { "type": "Point", "coordinates": [ 179.117102288348974, -8.580491722128682 ] } },
{ "type": "Feature", "properties": { "uid": "ryrr5vuvxr", "rate_time": 0.334, "sig_time": 0.304, "se_time": 0.317, "sce": 45.52, "nsm": -2.77, "valid_obs": 22, "valid_span": 25, "significant": false }, "geometry": { "type": "Point", "coordinates": [ 179.116944240923402, -8.58071260854175 ] } },
{ "type": "Feature", "properties": { "uid": "ryrr5vuudg", "rate_time": 0.076, "sig_time": 0.786, "se_time": 0.276, "sce": 35.93, "nsm": -2.01, "valid_obs": 22, "valid_span": 25, "significant": false }, "geometry": { "type": "Point", "coordinates": [ 179.116752124193283, -8.580904777362885 ] } },
{ "type": "Feature", "properties": { "uid": "ryrr5vuew0", "rate_time": 0.012, "sig_time": 0.96, "se_time": 0.231, "sce": 27.12, "nsm": -1.29, "valid_obs": 22, "valid_span": 25, "significant": false }, "geometry": { "type": "Point", "coordinates": [ 179.116553378629533, -8.58108976173396 ] } },
{ "type": "Feature", "properties": { "uid": "ryrr5vud93", "rate_time": 0.143, "sig_time": 0.553, "se_time": 0.237, "sce": 27.87, "nsm": 0.34, "valid_obs": 22, "valid_span": 25, "significant": false }, "geometry": { "type": "Point", "coordinates": [ 179.116341867069963, -8.58126060631602 ] } },
{ "type": "Feature", "properties": { "uid": "ryrr5vu3s5", "rate_time": 0.19, "sig_time": 0.407, "se_time": 0.225, "sce": 27.21, "nsm": 1.45, "valid_obs": 22, "valid_span": 25, "significant": false }, "geometry": { "type": "Point", "coordinates": [ 179.116121300427608, -8.581419795902219 ] } }
]
}
