{
"type": "FeatureCollection",
"name": "transects_tarawa",
"crs": { "type": "name", "properties": { "name": "urn:ogc:def:crs:OGC:1.3:CRS84" } },
"features": [
{ "type": "Feature", "properties": { "uid": "xb5p94uecw", "rate_time": -1.12, "sig_time": 0.008, "se_time": 0.359, "sce": 32.47, "nsm": null, "valid_obs": 15, "valid_span": 21, "significant": true }, "geometry": { "type": "Point", "coordinates": [ 173.018940595106841, 1.334145559722066 ] } },
{ "type": "Feature", "properties": { "uid": "xb5p94usps", "rate_time": -0.212, "sig_time": 0.331, "se_time": 0.21, "sce": 15.97, "nsm": null, "valid_obs": 15, "valid_span": 21, "significant": false }, "geometry": { "type": "Point", "coordinates": [ 173.019205952815696, 1.33417710179561 ] } },
{ "type": "Feature", "properties": { "uid": "xb5p94uumu", "rate_time": -0.323, "sig_time": 0.019, "se_time": 0.12, "sce": 10.5, "nsm": null, "valid_obs": 15, "valid_span": 21, "significant": true }, "geometry": { "type": "Point", "coordinates": [ 173.019471299251052, 1.334221480167957 ] } },
{ "type": "Feature", "properties": { "uid": "xb5p94vj5k", "rate_time": -0.434, "sig_time": 0.0, "se_time": 0.087, "sce": 11.58, "nsm": null, "valid_obs": 15, "valid_span": 21, "significant": true }, "geometry": { "type": "Point", "coordinates": [ 173.019704786790072, 1.334348970373623 ] } },
{ "type": "Feature", "properties": { "uid": "xb5p94vmbw", "rate_time": -0.284, "sig_time": 0.3, "se_time": 0.263, "sce": 25.74, "nsm": null, "valid_obs": 15, "valid_span": 21, "significant": false }, "geometry": { "type": "Point", "coordinates": [ 173.019935507554436, 1.334488085749268 ] } },
{ "type": "Feature", "properties": { "uid": "xb5p9k7jne", "rate_time": -0.359, "sig_time": 0.148, "se_time": 0.233, "sce": 23.73, "nsm": null, "valid_obs": 15, "valid_span": 22, "significant": false }, "geometry": { "type": "Point", "coordinates": [ 173.028081282428019, 1.342581667044617 ] } },
{ "type": "Feature", "properties": { "uid": "xb5p9k7h1q", "rate_time": -0.41, "sig_time": 0.005, "se_time": 0.12, "sce": 12.63, "nsm": null, "valid_obs": 15, "valid_span": 22, "significant": true }, "geometry": { "type": "Point", "coordinates": [ 173.027858802459662, 1.342428662891405 ] } },
{ "type": "Feature", "properties": { "uid": "xb5p9k6gk5", "rate_time": -0.451, "sig_time": 0.009, "se_time": 0.149, "sce": 14.6, "nsm": null, "valid_obs": 15, "valid_span": 22, "significant": true }, "geometry": { "type": "Point", "coordinates": [ 173.02763059086115, 1.342284374335726 ] } },
{ "type": "Feature", "properties": { "uid": "xb5p9k6ded", "rate_time": -0.207, "sig_time": 0.101, "se_time": 0.118, "sce": 12.85, "nsm": null, "valid_obs": 15, "valid_span": 22, "significant": false }, "geometry": { "type": "Point", "coordinates": [ 173.027272281300441, 1.342148072068468 ] } },
{ "type": "Feature", "properties": { "uid": "xb5p9k66js", "rate_time": 0.505, "sig_time": 0.083, "se_time": 0.269, "sce": 31.86, "nsm": null, "valid_obs": 15, "valid_span": 22, "significant": false }, "geometry": { "type": "Point", "coordinates": [ 173.027014501515907, 1.34207084405805 ] } },
{ "type": "Feature", "properties": { "uid": "xb708vjte5", "rate_time": 0.507, "sig_time": 0.384, "se_time": 0.562, "sce": 43.07, "nsm": null, "valid_obs": 15, "valid_span": 21, "significant": false }, "geometry": { "type": "Point", "coordinates": [ 173.009391494482998, 1.522571817131991 ] } },
{ "type": "Feature", "properties": { "uid": "xb708vjy29", "rate_time": -0.505, "sig_time": 0.399, "se_time": 0.578, "sce": 43.08, "nsm": null, "valid_obs": 15, "valid_span": 21, "significant": false }, "geometry": { "type": "Point", "coordinates": [ 173.009627227368412, 1.52268826090922 ] } },
{ "type": "Feature", "properties": { "uid": "xb708vjq8b", "rate_time": -0.846, "sig_time": 0.047, "se_time": 0.386, "sce": 27.21, "nsm": null, "valid_obs": 15, "valid_span": 21, "significant": true }, "geometry": { "type": "Point", "coordinates": [ 173.008958151188352, 1.522724977521616 ] } },
{ "type": "Feature", "properties": { "uid": "xb708vjrmz", "rate_time": -0.093, "sig_time": 0.816, "se_time": 0.393, "sce": 29.6, "nsm": null, "valid_obs": 15, "valid_span": 21, "significant": false }, "geometry": { "type": "Point", "coordinates": [ 173.009172018709251, 1.522889888176453 ] } },
{ "type": "Feature", "properties": { "uid": "xb5p86ncqe", "rate_time": -0.592, "sig_time": 0.469, "se_time": 0.793, "sce": 91.87, "nsm": null, "valid_obs": 15, "valid_span": 22, "significant": false }, "geometry": { "type": "Point", "coordinates": [ 172.989289572217928, 1.329576489454502 ] } },
{ "type": "Feature", "properties": { "uid": "xb5p86p0ue", "rate_time": -0.785, "sig_time": 0.275, "se_time": 0.689, "sce": 69.99, "nsm": null, "valid_obs": 15, "valid_span": 22, "significant": false }, "geometry": { "type": "Point", "coordinates": [ 172.989545143640555, 1.329490545105265 ] } },
{ "type": "Feature", "properties": { "uid": "xb4zwym7qv", "rate_time": -0.961, "sig_time": 0.028, "se_time": 0.388, "sce": 28.66, "nsm": null, "valid_obs": 15, "valid_span": 21, "significant": true }, "geometry": { "type": "Point", "coordinates": [ 172.921325925821606, 1.353277461188318 ] } },
{ "type": "Feature", "properties": { "uid": "xb4zwymemp", "rate_time": -0.296, "sig_time": 0.003, "se_time": 0.082, "sce": 8.27, "nsm": null, "valid_obs": 15, "valid_span": 21, "significant": true }, "geometry": { "type": "Point", "coordinates": [ 172.921595215575366, 1.353288468055236 ] } },
{ "type": "Feature", "properties": { "uid": "xb4zwymge6", "rate_time": -0.263, "sig_time": 0.016, "se_time": 0.095, "sce": 8.59, "nsm": null, "valid_obs": 15, "valid_span": 21, "significant": true }, "geometry": { "type": "Point", "coordinates": [ 172.921863900733683, 1.35330761208248 ] } },
{ "type": "Feature", "properties": { "uid": "xb4zwyq5c9", "rate_time": -0.313, "sig_time": 0.033, "se_time": 0.131, "sce": 11.56, "nsm": null, "valid_obs": 15, "valid_span": 21, "significant": true }, "geometry": { "type": "Point", "coordinates": [ 172.922130762961956, 1.35334459383166 ] } },
{ "type": "Feature", "properties": { "uid": "xb4zwyqhpg", "rate_time": -0.827, "sig_time": 0.038, "se_time": 0.359, "sce": 34.1, "nsm": null, "valid_obs": 15, "valid_span": 21, "significant": true }, "geometry": { "type": "Point", "coordinates": [ 172.922395633259811, 1.353394412494211 ] } },
{ "type": "Feature", "properties": { "uid": "xb4zxqf87f", "rate_time": -0.625, "sig_time": 0.337, "se_time": 0.627, "sce": 46.99, "nsm": null, "valid_obs": 15, "valid_span": 21, "significant": false }, "geometry": { "type": "Point", "coordinates": [ 172.939389101328032, 1.355494167188518 ] } },
{ "type": "Feature", "properties": { "uid": "xb4zxqdz9t", "rate_time": 0.214, "sig_time": 0.458, "se_time": 0.279, "sce": 18.0, "nsm": null, "valid_obs": 15, "valid_span": 21, "significant": false }, "geometry": { "type": "Point", "coordinates": [ 172.939632658720882, 1.355379807503257 ] } },
{ "type": "Feature", "properties": { "uid": "xb4zxqdzpk", "rate_time": 0.418, "sig_time": 0.102, "se_time": 0.238, "sce": 16.47, "nsm": null, "valid_obs": 15, "valid_span": 21, "significant": false }, "geometry": { "type": "Point", "coordinates": [ 172.939886842271619, 1.355289893416341 ] } },
{ "type": "Feature", "properties": { "uid": "xb4zxqentk", "rate_time": 0.587, "sig_time": 0.053, "se_time": 0.275, "sce": 18.96, "nsm": null, "valid_obs": 15, "valid_span": 21, "significant": false }, "geometry": { "type": "Point", "coordinates": [ 172.940142588799404, 1.355204702423817 ] } },
{ "type": "Feature", "properties": { "uid": "xb4zxqeq5k", "rate_time": 0.495, "sig_time": 0.008, "se_time": 0.159, "sce": 12.0, "nsm": null, "valid_obs": 15, "valid_span": 21, "significant": true }, "geometry": { "type": "Point", "coordinates": [ 172.940397826448901, 1.355121464102492 ] } },
{ "type": "Feature", "properties": { "uid": "xb4zxqetc6", "rate_time": 0.503, "sig_time": 0.004, "se_time": 0.143, "sce": 14.41, "nsm": null, "valid_obs": 15, "valid_span": 21, "significant": true }, "geometry": { "type": "Point", "coordinates": [ 172.940660812488034, 1.355064500406751 ] } },
{ "type": "Feature", "properties": { "uid": "xb4zxqetr2", "rate_time": 0.581, "sig_time": 0.04, "se_time": 0.254, "sce": 18.03, "nsm": null, "valid_obs": 15, "valid_span": 21, "significant": true }, "geometry": { "type": "Point", "coordinates": [ 172.940910772061102, 1.354967309878049 ] } },
{ "type": "Feature", "properties": { "uid": "xb4zxqeuk7", "rate_time": 0.755, "sig_time": 0.038, "se_time": 0.328, "sce": 23.62, "nsm": null, "valid_obs": 15, "valid_span": 21, "significant": true }, "geometry": { "type": "Point", "coordinates": [ 172.941133101359725, 1.354814069991218 ] } },
{ "type": "Feature", "properties": { "uid": "xb4zxqs537", "rate_time": 0.678, "sig_time": 0.039, "se_time": 0.296, "sce": 22.81, "nsm": null, "valid_obs": 15, "valid_span": 21, "significant": true }, "geometry": { "type": "Point", "coordinates": [ 172.941342484502655, 1.354643340544164 ] } },
{ "type": "Feature", "properties": { "uid": "xb5pdnzybx", "rate_time": -0.2, "sig_time": 0.377, "se_time": 0.22, "sce": 26.06, "nsm": null, "valid_obs": 16, "valid_span": 21, "significant": false }, "geometry": { "type": "Point", "coordinates": [ 173.067307787266515, 1.356634948005895 ] } },
{ "type": "Feature", "properties": { "uid": "xb5pdnzzqe", "rate_time": -0.356, "sig_time": 0.37, "se_time": 0.385, "sce": 45.87, "nsm": null, "valid_obs": 17, "valid_span": 21, "significant": false }, "geometry": { "type": "Point", "coordinates": [ 173.067568358957288, 1.356704165244428 ] } },
{ "type": "Feature", "properties": { "uid": "xb5pdqbpu8", "rate_time": -0.481, "sig_time": 0.017, "se_time": 0.18, "sce": 20.59, "nsm": null, "valid_obs": 17, "valid_span": 21, "significant": true }, "geometry": { "type": "Point", "coordinates": [ 173.067828614943494, 1.356773967276652 ] } },
{ "type": "Feature", "properties": { "uid": "xb5pdr024u", "rate_time": -0.614, "sig_time": 0.001, "se_time": 0.145, "sce": 16.5, "nsm": null, "valid_obs": 17, "valid_span": 21, "significant": true }, "geometry": { "type": "Point", "coordinates": [ 173.068090863161189, 1.356834842225408 ] } },
{ "type": "Feature", "properties": { "uid": "xb5pdr081n", "rate_time": -0.655, "sig_time": 0.0, "se_time": 0.127, "sce": 15.7, "nsm": null, "valid_obs": 17, "valid_span": 21, "significant": true }, "geometry": { "type": "Point", "coordinates": [ 173.06835963381738, 1.356848131316428 ] } },
{ "type": "Feature", "properties": { "uid": "xb5pdr08p2", "rate_time": -0.569, "sig_time": 0.0, "se_time": 0.119, "sce": 13.55, "nsm": null, "valid_obs": 17, "valid_span": 21, "significant": true }, "geometry": { "type": "Point", "coordinates": [ 173.068627157026498, 1.356815333097137 ] } },
{ "type": "Feature", "properties": { "uid": "xb5pdqbzve", "rate_time": -0.394, "sig_time": 0.01, "se_time": 0.134, "sce": 17.54, "nsm": null, "valid_obs": 17, "valid_span": 21, "significant": true }, "geometry": { "type": "Point", "coordinates": [ 173.068894499247904, 1.356788790149507 ] } },
{ "type": "Feature", "properties": { "uid": "xb5pdr105s", "rate_time": -0.444, "sig_time": 0.004, "se_time": 0.132, "sce": 16.54, "nsm": null, "valid_obs": 17, "valid_span": 21, "significant": true }, "geometry": { "type": "Point", "coordinates": [ 173.069159475506211, 1.356837707064493 ] } },
{ "type": "Feature", "properties": { "uid": "xb5pdpr9t3", "rate_time": 0.181, "sig_time": 0.321, "se_time": 0.176, "sce": 19.69, "nsm": null, "valid_obs": 18, "valid_span": 21, "significant": false }, "geometry": { "type": "Point", "coordinates": [ 173.067170646227424, 1.358450003030352 ] } },
{ "type": "Feature", "properties": { "uid": "xb5pdprfhh", "rate_time": -0.128, "sig_time": 0.38, "se_time": 0.141, "sce": 16.8, "nsm": null, "valid_obs": 18, "valid_span": 21, "significant": false }, "geometry": { "type": "Point", "coordinates": [ 173.067459100904557, 1.358549726832151 ] } },
{ "type": "Feature", "properties": { "uid": "xb5pdr24cb", "rate_time": 0.007, "sig_time": 0.951, "se_time": 0.116, "sce": 13.91, "nsm": null, "valid_obs": 18, "valid_span": 21, "significant": false }, "geometry": { "type": "Point", "coordinates": [ 173.067706199240263, 1.358657477047039 ] } },
{ "type": "Feature", "properties": { "uid": "xb5pdr25rb", "rate_time": 0.101, "sig_time": 0.277, "se_time": 0.09, "sce": 9.32, "nsm": null, "valid_obs": 18, "valid_span": 21, "significant": false }, "geometry": { "type": "Point", "coordinates": [ 173.067960362878466, 1.358747658250334 ] } },
{ "type": "Feature", "properties": { "uid": "xb5pdr27vs", "rate_time": 0.515, "sig_time": 0.021, "se_time": 0.202, "sce": 31.64, "nsm": null, "valid_obs": 19, "valid_span": 22, "significant": true }, "geometry": { "type": "Point", "coordinates": [ 173.068208793634597, 1.358851871530435 ] } },
{ "type": "Feature", "properties": { "uid": "xb5pdr2s7r", "rate_time": 0.193, "sig_time": 0.003, "se_time": 0.055, "sce": 6.79, "nsm": null, "valid_obs": 19, "valid_span": 22, "significant": true }, "geometry": { "type": "Point", "coordinates": [ 173.06845722882241, 1.358956216078536 ] } },
{ "type": "Feature", "properties": { "uid": "xb5pdr2ucm", "rate_time": 0.252, "sig_time": 0.0, "se_time": 0.057, "sce": 7.88, "nsm": null, "valid_obs": 19, "valid_span": 22, "significant": true }, "geometry": { "type": "Point", "coordinates": [ 173.068715917890188, 1.359028981482086 ] } },
{ "type": "Feature", "properties": { "uid": "xb5pdr2vpd", "rate_time": 0.266, "sig_time": 0.003, "se_time": 0.077, "sce": 10.42, "nsm": null, "valid_obs": 19, "valid_span": 22, "significant": true }, "geometry": { "type": "Point", "coordinates": [ 173.068982929986333, 1.359056916260458 ] } },
{ "type": "Feature", "properties": { "uid": "xb5pdr3jjg", "rate_time": 0.358, "sig_time": 0.002, "se_time": 0.099, "sce": 13.34, "nsm": null, "valid_obs": 19, "valid_span": 22, "significant": true }, "geometry": { "type": "Point", "coordinates": [ 173.06925235677619, 1.359060115096018 ] } },
{ "type": "Feature", "properties": { "uid": "xb5pdr3mk1", "rate_time": 0.324, "sig_time": 0.007, "se_time": 0.107, "sce": 12.8, "nsm": null, "valid_obs": 19, "valid_span": 22, "significant": true }, "geometry": { "type": "Point", "coordinates": [ 173.069518351799303, 1.359093070165292 ] } },
{ "type": "Feature", "properties": { "uid": "xb704rcfzk", "rate_time": -0.013, "sig_time": 0.958, "se_time": 0.251, "sce": 19.73, "nsm": null, "valid_obs": 18, "valid_span": 21, "significant": false }, "geometry": { "type": "Point", "coordinates": [ 173.070342369509149, 1.449316413151681 ] } },
{ "type": "Feature", "properties": { "uid": "xb704rcf40", "rate_time": -0.01, "sig_time": 0.966, "se_time": 0.23, "sce": 19.18, "nsm": null, "valid_obs": 18, "valid_span": 21, "significant": false }, "geometry": { "type": "Point", "coordinates": [ 173.070123864922465, 1.449169796632725 ] } },
{ "type": "Feature", "properties": { "uid": "xb704rc9u4", "rate_time": 0.073, "sig_time": 0.725, "se_time": 0.204, "sce": 18.1, "nsm": null, "valid_obs": 18, "valid_span": 21, "significant": false }, "geometry": { "type": "Point", "coordinates": [ 173.069863663321883, 1.449135171931059 ] } },
{ "type": "Feature", "properties": { "uid": "xb704rc6q1", "rate_time": 0.113, "sig_time": 0.49, "se_time": 0.16, "sce": 15.03, "nsm": null, "valid_obs": 18, "valid_span": 21, "significant": false }, "geometry": { "type": "Point", "coordinates": [ 173.069611271532949, 1.44921399215741 ] } },
{ "type": "Feature", "properties": { "uid": "xb704rc73d", "rate_time": 0.421, "sig_time": 0.138, "se_time": 0.27, "sce": 36.89, "nsm": null, "valid_obs": 19, "valid_span": 22, "significant": false }, "geometry": { "type": "Point", "coordinates": [ 173.06941864006194, 1.449394597124221 ] } },
{ "type": "Feature", "properties": { "uid": "xb704rchwm", "rate_time": -0.039, "sig_time": 0.746, "se_time": 0.119, "sce": 11.79, "nsm": null, "valid_obs": 19, "valid_span": 22, "significant": false }, "geometry": { "type": "Point", "coordinates": [ 173.06927172470759, 1.4496218302432 ] } },
{ "type": "Feature", "properties": { "uid": "xb5pdr3tcc", "rate_time": 0.278, "sig_time": 0.015, "se_time": 0.103, "sce": 11.24, "nsm": null, "valid_obs": 19, "valid_span": 22, "significant": true }, "geometry": { "type": "Point", "coordinates": [ 173.069772012827457, 1.359180410996945 ] } },
{ "type": "Feature", "properties": { "uid": "xb704mqp3d", "rate_time": -0.272, "sig_time": 0.069, "se_time": 0.139, "sce": 15.31, "nsm": null, "valid_obs": 18, "valid_span": 22, "significant": false }, "geometry": { "type": "Point", "coordinates": [ 173.07593803671864, 1.436344524963618 ] } },
{ "type": "Feature", "properties": { "uid": "xb704q9ygx", "rate_time": -0.497, "sig_time": 0.182, "se_time": 0.355, "sce": 45.4, "nsm": null, "valid_obs": 17, "valid_span": 21, "significant": false }, "geometry": { "type": "Point", "coordinates": [ 173.070190914503229, 1.44315633404796 ] } },
{ "type": "Feature", "properties": { "uid": "xb704qdr6b", "rate_time": -1.578, "sig_time": 0.0, "se_time": 0.295, "sce": 51.56, "nsm": null, "valid_obs": 18, "valid_span": 22, "significant": true }, "geometry": { "type": "Point", "coordinates": [ 173.070837934462503, 1.443203649513146 ] } },
{ "type": "Feature", "properties": { "uid": "xb704mmygx", "rate_time": -0.273, "sig_time": 0.068, "se_time": 0.14, "sce": 15.59, "nsm": null, "valid_obs": 18, "valid_span": 22, "significant": false }, "geometry": { "type": "Point", "coordinates": [ 173.075674561570111, 1.436288362777842 ] } },
{ "type": "Feature", "properties": { "uid": "xb704qk6gt", "rate_time": -0.554, "sig_time": 0.001, "se_time": 0.143, "sce": 21.44, "nsm": null, "valid_obs": 19, "valid_span": 22, "significant": true }, "geometry": { "type": "Point", "coordinates": [ 173.073613679030927, 1.441081275507417 ] } },
{ "type": "Feature", "properties": { "uid": "xb704q5yps", "rate_time": 1.42, "sig_time": 0.0, "se_time": 0.298, "sce": 43.48, "nsm": null, "valid_obs": 19, "valid_span": 22, "significant": true }, "geometry": { "type": "Point", "coordinates": [ 173.073103886336384, 1.440265517406371 ] } },
{ "type": "Feature", "properties": { "uid": "xb704q55vz", "rate_time": -1.523, "sig_time": 0.003, "se_time": 0.448, "sce": 73.48, "nsm": null, "valid_obs": 19, "valid_span": 22, "significant": true }, "geometry": { "type": "Point", "coordinates": [ 173.071998362952115, 1.439893158369548 ] } },
{ "type": "Feature", "properties": { "uid": "xb704mfxu1", "rate_time": -0.747, "sig_time": 0.131, "se_time": 0.468, "sce": 56.39, "nsm": null, "valid_obs": 17, "valid_span": 21, "significant": false }, "geometry": { "type": "Point", "coordinates": [ 173.071241634545373, 1.439172126897607 ] } },
{ "type": "Feature", "properties": { "uid": "xb704q9v94", "rate_time": -0.36, "sig_time": 0.144, "se_time": 0.233, "sce": 27.43, "nsm": null, "valid_obs": 17, "valid_span": 21, "significant": false }, "geometry": { "type": "Point", "coordinates": [ 173.070077139140011, 1.442910673657633 ] } },
{ "type": "Feature", "properties": { "uid": "xb704qkkkp", "rate_time": -0.702, "sig_time": 0.002, "se_time": 0.195, "sce": 28.9, "nsm": null, "valid_obs": 19, "valid_span": 22, "significant": true }, "geometry": { "type": "Point", "coordinates": [ 173.073643045897057, 1.441350899199799 ] } },
{ "type": "Feature", "properties": { "uid": "xb704qk36f", "rate_time": -0.043, "sig_time": 0.617, "se_time": 0.085, "sce": 9.08, "nsm": null, "valid_obs": 19, "valid_span": 22, "significant": false }, "geometry": { "type": "Point", "coordinates": [ 173.073583519419316, 1.440811846420069 ] } },
{ "type": "Feature", "properties": { "uid": "xb704mmwmb", "rate_time": -0.327, "sig_time": 0.032, "se_time": 0.139, "sce": 14.59, "nsm": null, "valid_obs": 18, "valid_span": 22, "significant": true }, "geometry": { "type": "Point", "coordinates": [ 173.075435714609739, 1.436163377255693 ] } },
{ "type": "Feature", "properties": { "uid": "xb704mmt2t", "rate_time": -0.413, "sig_time": 0.035, "se_time": 0.18, "sce": 19.07, "nsm": null, "valid_obs": 18, "valid_span": 22, "significant": true }, "geometry": { "type": "Point", "coordinates": [ 173.075205561355403, 1.436022248053771 ] } },
{ "type": "Feature", "properties": { "uid": "xb704pnv45", "rate_time": 31.257, "sig_time": 0.001, "se_time": 7.209, "sce": 723.5, "nsm": null, "valid_obs": 16, "valid_span": 22, "significant": true }, "geometry": { "type": "Point", "coordinates": [ 173.065998705556098, 1.445581295387554 ] } },
{ "type": "Feature", "properties": { "uid": "xb704qdetq", "rate_time": -0.01, "sig_time": 0.952, "se_time": 0.172, "sce": 16.41, "nsm": null, "valid_obs": 19, "valid_span": 22, "significant": false }, "geometry": { "type": "Point", "coordinates": [ 173.071288086514954, 1.442591322359331 ] } },
{ "type": "Feature", "properties": { "uid": "xb704qdu75", "rate_time": -0.023, "sig_time": 0.923, "se_time": 0.233, "sce": 22.17, "nsm": null, "valid_obs": 19, "valid_span": 22, "significant": false }, "geometry": { "type": "Point", "coordinates": [ 173.071533462153496, 1.442703248875534 ] } },
{ "type": "Feature", "properties": { "uid": "xb704qg5pe", "rate_time": -0.578, "sig_time": 0.284, "se_time": 0.522, "sce": 68.8, "nsm": null, "valid_obs": 19, "valid_span": 22, "significant": false }, "geometry": { "type": "Point", "coordinates": [ 173.072079395246533, 1.443861006766437 ] } },
{ "type": "Feature", "properties": { "uid": "xb704qgk8u", "rate_time": -0.273, "sig_time": 0.246, "se_time": 0.227, "sce": 22.85, "nsm": null, "valid_obs": 18, "valid_span": 22, "significant": false }, "geometry": { "type": "Point", "coordinates": [ 173.07213259245691, 1.444126542945627 ] } },
{ "type": "Feature", "properties": { "uid": "xb704qgq5h", "rate_time": -0.248, "sig_time": 0.081, "se_time": 0.133, "sce": 14.83, "nsm": null, "valid_obs": 18, "valid_span": 22, "significant": false }, "geometry": { "type": "Point", "coordinates": [ 173.072219370884909, 1.444383269537235 ] } },
{ "type": "Feature", "properties": { "uid": "xb704qgrt7", "rate_time": -0.177, "sig_time": 0.094, "se_time": 0.099, "sce": 12.29, "nsm": null, "valid_obs": 18, "valid_span": 22, "significant": false }, "geometry": { "type": "Point", "coordinates": [ 173.072319481205369, 1.444635092316214 ] } },
{ "type": "Feature", "properties": { "uid": "xb704r53pc", "rate_time": -0.168, "sig_time": 0.25, "se_time": 0.141, "sce": 13.64, "nsm": null, "valid_obs": 18, "valid_span": 22, "significant": false }, "geometry": { "type": "Point", "coordinates": [ 173.072429533099523, 1.444882687396479 ] } },
{ "type": "Feature", "properties": { "uid": "xb704r5d77", "rate_time": -0.282, "sig_time": 0.052, "se_time": 0.135, "sce": 16.2, "nsm": null, "valid_obs": 18, "valid_span": 22, "significant": false }, "geometry": { "type": "Point", "coordinates": [ 173.072578613560211, 1.445108321166047 ] } },
{ "type": "Feature", "properties": { "uid": "xb704r5vzr", "rate_time": -0.191, "sig_time": 0.326, "se_time": 0.188, "sce": 18.32, "nsm": null, "valid_obs": 17, "valid_span": 21, "significant": false }, "geometry": { "type": "Point", "coordinates": [ 173.073089830508536, 1.445730986263749 ] } },
{ "type": "Feature", "properties": { "uid": "xb704rk3dg", "rate_time": -0.014, "sig_time": 0.947, "se_time": 0.206, "sce": 16.69, "nsm": null, "valid_obs": 18, "valid_span": 21, "significant": false }, "geometry": { "type": "Point", "coordinates": [ 173.073585821122066, 1.446353115217851 ] } },
{ "type": "Feature", "properties": { "uid": "xb704rk7j4", "rate_time": -0.357, "sig_time": 0.194, "se_time": 0.263, "sce": 24.4, "nsm": null, "valid_obs": 18, "valid_span": 21, "significant": false }, "geometry": { "type": "Point", "coordinates": [ 173.073686349493499, 1.446604630466086 ] } },
{ "type": "Feature", "properties": { "uid": "xb704r1syz", "rate_time": -1.653, "sig_time": 0.002, "se_time": 0.438, "sce": 48.59, "nsm": null, "valid_obs": 17, "valid_span": 21, "significant": true }, "geometry": { "type": "Point", "coordinates": [ 173.069985304826929, 1.445560277231612 ] } },
{ "type": "Feature", "properties": { "uid": "xb704r1y66", "rate_time": -1.651, "sig_time": 0.0, "se_time": 0.37, "sce": 44.21, "nsm": null, "valid_obs": 17, "valid_span": 21, "significant": true }, "geometry": { "type": "Point", "coordinates": [ 173.07013039705646, 1.445788567573876 ] } },
{ "type": "Feature", "properties": { "uid": "xb704r1zw5", "rate_time": -1.087, "sig_time": 0.002, "se_time": 0.289, "sce": 34.82, "nsm": null, "valid_obs": 17, "valid_span": 21, "significant": true }, "geometry": { "type": "Point", "coordinates": [ 173.070290195030196, 1.446006846895693 ] } },
{ "type": "Feature", "properties": { "uid": "xb704r60cs", "rate_time": -0.748, "sig_time": 0.015, "se_time": 0.271, "sce": 29.41, "nsm": null, "valid_obs": 17, "valid_span": 21, "significant": true }, "geometry": { "type": "Point", "coordinates": [ 173.07044513533026, 1.446228689126994 ] } },
{ "type": "Feature", "properties": { "uid": "xb704r64jm", "rate_time": -0.751, "sig_time": 0.041, "se_time": 0.337, "sce": 35.9, "nsm": null, "valid_obs": 17, "valid_span": 21, "significant": true }, "geometry": { "type": "Point", "coordinates": [ 173.070605596335071, 1.446446526087968 ] } },
{ "type": "Feature", "properties": { "uid": "xb704r673k", "rate_time": -0.933, "sig_time": 0.028, "se_time": 0.383, "sce": 43.84, "nsm": null, "valid_obs": 17, "valid_span": 21, "significant": true }, "geometry": { "type": "Point", "coordinates": [ 173.07077335454909, 1.446658807011432 ] } },
{ "type": "Feature", "properties": { "uid": "xb704r6kt8", "rate_time": -0.987, "sig_time": 0.008, "se_time": 0.32, "sce": 36.32, "nsm": null, "valid_obs": 17, "valid_span": 21, "significant": true }, "geometry": { "type": "Point", "coordinates": [ 173.070960885487921, 1.446850660638089 ] } },
{ "type": "Feature", "properties": { "uid": "xb704pm7e2", "rate_time": 25.033, "sig_time": 0.002, "se_time": 6.703, "sce": 798.63, "nsm": null, "valid_obs": 16, "valid_span": 22, "significant": true }, "geometry": { "type": "Point", "coordinates": [ 173.064000535474293, 1.446678624480523 ] } },
{ "type": "Feature", "properties": { "uid": "xb704pmepf", "rate_time": 21.673, "sig_time": 0.005, "se_time": 6.486, "sce": 627.25, "nsm": null, "valid_obs": 16, "valid_span": 22, "significant": true }, "geometry": { "type": "Point", "coordinates": [ 173.064530850475165, 1.446603218108236 ] } },
{ "type": "Feature", "properties": { "uid": "xb704pmfmw", "rate_time": 25.113, "sig_time": 0.002, "se_time": 6.576, "sce": 714.25, "nsm": null, "valid_obs": 16, "valid_span": 22, "significant": true }, "geometry": { "type": "Point", "coordinates": [ 173.064775632783778, 1.446499055249479 ] } },
{ "type": "Feature", "properties": { "uid": "xb704pq1g1", "rate_time": 24.039, "sig_time": 0.003, "se_time": 6.567, "sce": 665.02, "nsm": null, "valid_obs": 16, "valid_span": 22, "significant": true }, "geometry": { "type": "Point", "coordinates": [ 173.065015238439429, 1.446383601351872 ] } },
{ "type": "Feature", "properties": { "uid": "xb704rm74p", "rate_time": -0.211, "sig_time": 0.693, "se_time": 0.523, "sce": 61.16, "nsm": null, "valid_obs": 17, "valid_span": 22, "significant": false }, "geometry": { "type": "Point", "coordinates": [ 173.074923551549489, 1.446629707997589 ] } },
{ "type": "Feature", "properties": { "uid": "xb704rm7zf", "rate_time": -0.38, "sig_time": 0.257, "se_time": 0.323, "sce": 32.54, "nsm": null, "valid_obs": 17, "valid_span": 22, "significant": false }, "geometry": { "type": "Point", "coordinates": [ 173.075172706382403, 1.446731823267326 ] } },
{ "type": "Feature", "properties": { "uid": "xb704rkkx3", "rate_time": -0.619, "sig_time": 0.103, "se_time": 0.358, "sce": 30.22, "nsm": null, "valid_obs": 18, "valid_span": 21, "significant": false }, "geometry": { "type": "Point", "coordinates": [ 173.073781534700373, 1.446858126253037 ] } },
{ "type": "Feature", "properties": { "uid": "xb704rmst6", "rate_time": -0.346, "sig_time": 0.297, "se_time": 0.32, "sce": 30.65, "nsm": null, "valid_obs": 17, "valid_span": 22, "significant": false }, "geometry": { "type": "Point", "coordinates": [ 173.075407786710684, 1.446863685456435 ] } },
{ "type": "Feature", "properties": { "uid": "xb704rmhbg", "rate_time": 0.208, "sig_time": 0.808, "se_time": 0.841, "sce": 110.38, "nsm": null, "valid_obs": 18, "valid_span": 22, "significant": false }, "geometry": { "type": "Point", "coordinates": [ 173.074532778454824, 1.446908370786036 ] } },
{ "type": "Feature", "properties": { "uid": "xb704r6t6u", "rate_time": -0.86, "sig_time": 0.003, "se_time": 0.239, "sce": 25.35, "nsm": null, "valid_obs": 17, "valid_span": 21, "significant": true }, "geometry": { "type": "Point", "coordinates": [ 173.071184260989639, 1.447001964820554 ] } },
{ "type": "Feature", "properties": { "uid": "xb704rktft", "rate_time": -0.563, "sig_time": 0.175, "se_time": 0.396, "sce": 36.92, "nsm": null, "valid_obs": 18, "valid_span": 21, "significant": false }, "geometry": { "type": "Point", "coordinates": [ 173.073920008881657, 1.447090188781764 ] } },
{ "type": "Feature", "properties": { "uid": "xb704r6y0q", "rate_time": -0.775, "sig_time": 0.001, "se_time": 0.195, "sce": 22.11, "nsm": null, "valid_obs": 17, "valid_span": 21, "significant": true }, "geometry": { "type": "Point", "coordinates": [ 173.071416621162172, 1.447139382266592 ] } },
{ "type": "Feature", "properties": { "uid": "xb704r6yvx", "rate_time": -0.685, "sig_time": 0.001, "se_time": 0.156, "sce": 19.53, "nsm": null, "valid_obs": 17, "valid_span": 21, "significant": true }, "geometry": { "type": "Point", "coordinates": [ 173.071649712198223, 1.447275535011788 ] } },
{ "type": "Feature", "properties": { "uid": "xb704rkxne", "rate_time": -0.515, "sig_time": 0.27, "se_time": 0.45, "sce": 33.98, "nsm": null, "valid_obs": 17, "valid_span": 21, "significant": false }, "geometry": { "type": "Point", "coordinates": [ 173.074091709386096, 1.447295535737723 ] } },
{ "type": "Feature", "properties": { "uid": "xb704r7pfg", "rate_time": -0.662, "sig_time": 0.053, "se_time": 0.317, "sce": 41.22, "nsm": null, "valid_obs": 18, "valid_span": 21, "significant": false }, "geometry": { "type": "Point", "coordinates": [ 173.071874386269712, 1.447425338592564 ] } },
{ "type": "Feature", "properties": { "uid": "xb704re28e", "rate_time": -0.724, "sig_time": 0.002, "se_time": 0.2, "sce": 20.86, "nsm": null, "valid_obs": 18, "valid_span": 21, "significant": true }, "geometry": { "type": "Point", "coordinates": [ 173.072112113431047, 1.447552537808237 ] } },
{ "type": "Feature", "properties": { "uid": "xb704re3q4", "rate_time": -0.803, "sig_time": 0.006, "se_time": 0.252, "sce": 25.08, "nsm": null, "valid_obs": 18, "valid_span": 21, "significant": true }, "geometry": { "type": "Point", "coordinates": [ 173.07235203474977, 1.447676030249891 ] } },
{ "type": "Feature", "properties": { "uid": "xb704re9gv", "rate_time": -0.732, "sig_time": 0.015, "se_time": 0.268, "sce": 24.91, "nsm": null, "valid_obs": 18, "valid_span": 21, "significant": true }, "geometry": { "type": "Point", "coordinates": [ 173.072600788716898, 1.447777637177434 ] } },
{ "type": "Feature", "properties": { "uid": "xb704ref3u", "rate_time": -0.713, "sig_time": 0.043, "se_time": 0.325, "sce": 28.37, "nsm": null, "valid_obs": 18, "valid_span": 21, "significant": true }, "geometry": { "type": "Point", "coordinates": [ 173.072858199924866, 1.447857975484844 ] } },
{ "type": "Feature", "properties": { "uid": "xb704regp9", "rate_time": -0.645, "sig_time": 0.071, "se_time": 0.333, "sce": 28.47, "nsm": null, "valid_obs": 18, "valid_span": 21, "significant": false }, "geometry": { "type": "Point", "coordinates": [ 173.073100742247476, 1.447972842414123 ] } },
{ "type": "Feature", "properties": { "uid": "xb704rs5uw", "rate_time": -0.406, "sig_time": 0.229, "se_time": 0.325, "sce": 24.98, "nsm": null, "valid_obs": 18, "valid_span": 21, "significant": false }, "geometry": { "type": "Point", "coordinates": [ 173.073321853324131, 1.448125817428941 ] } },
{ "type": "Feature", "properties": { "uid": "xb704rsjrc", "rate_time": -0.452, "sig_time": 0.143, "se_time": 0.293, "sce": 25.03, "nsm": null, "valid_obs": 18, "valid_span": 21, "significant": false }, "geometry": { "type": "Point", "coordinates": [ 173.073458341596876, 1.448357761082055 ] } },
{ "type": "Feature", "properties": { "uid": "xb704rsqc4", "rate_time": -0.413, "sig_time": 0.195, "se_time": 0.305, "sce": 26.2, "nsm": null, "valid_obs": 18, "valid_span": 21, "significant": false }, "geometry": { "type": "Point", "coordinates": [ 173.073508551656232, 1.448619755412064 ] } },
{ "type": "Feature", "properties": { "uid": "xb704ru225", "rate_time": -0.316, "sig_time": 0.199, "se_time": 0.236, "sce": 21.56, "nsm": null, "valid_obs": 18, "valid_span": 21, "significant": false }, "geometry": { "type": "Point", "coordinates": [ 173.073470809888335, 1.448885790026845 ] } },
{ "type": "Feature", "properties": { "uid": "xb704ru1y5", "rate_time": -0.228, "sig_time": 0.254, "se_time": 0.193, "sce": 18.5, "nsm": null, "valid_obs": 18, "valid_span": 21, "significant": false }, "geometry": { "type": "Point", "coordinates": [ 173.073387871366236, 1.449143390290473 ] } },
{ "type": "Feature", "properties": { "uid": "xb704ru55p", "rate_time": -0.181, "sig_time": 0.359, "se_time": 0.192, "sce": 18.08, "nsm": null, "valid_obs": 18, "valid_span": 21, "significant": false }, "geometry": { "type": "Point", "coordinates": [ 173.073253997117718, 1.449375844937371 ] } },
{ "type": "Feature", "properties": { "uid": "xb704rguq3", "rate_time": -0.078, "sig_time": 0.591, "se_time": 0.143, "sce": 14.68, "nsm": null, "valid_obs": 18, "valid_span": 21, "significant": false }, "geometry": { "type": "Point", "coordinates": [ 173.073055333344627, 1.449557698858462 ] } },
{ "type": "Feature", "properties": { "uid": "xb704rgv0b", "rate_time": -0.131, "sig_time": 0.514, "se_time": 0.196, "sce": 18.79, "nsm": null, "valid_obs": 18, "valid_span": 21, "significant": false }, "geometry": { "type": "Point", "coordinates": [ 173.072817761951541, 1.449684049080018 ] } },
{ "type": "Feature", "properties": { "uid": "xb704rgtgv", "rate_time": -0.076, "sig_time": 0.719, "se_time": 0.207, "sce": 16.97, "nsm": null, "valid_obs": 18, "valid_span": 21, "significant": false }, "geometry": { "type": "Point", "coordinates": [ 173.072598257052221, 1.44983757166246 ] } },
{ "type": "Feature", "properties": { "uid": "xb704rgrp2", "rate_time": -0.104, "sig_time": 0.43, "se_time": 0.129, "sce": 10.83, "nsm": null, "valid_obs": 18, "valid_span": 21, "significant": false }, "geometry": { "type": "Point", "coordinates": [ 173.072408292115398, 1.450028245419382 ] } },
{ "type": "Feature", "properties": { "uid": "xb7062527f", "rate_time": 0.023, "sig_time": 0.826, "se_time": 0.104, "sce": 7.26, "nsm": null, "valid_obs": 18, "valid_span": 21, "significant": false }, "geometry": { "type": "Point", "coordinates": [ 173.072254366029682, 1.450250868448364 ] } },
{ "type": "Feature", "properties": { "uid": "xb706251xf", "rate_time": -0.094, "sig_time": 0.505, "se_time": 0.138, "sce": 15.06, "nsm": null, "valid_obs": 19, "valid_span": 22, "significant": false }, "geometry": { "type": "Point", "coordinates": [ 173.072088475461214, 1.450464215428578 ] } },
{ "type": "Feature", "properties": { "uid": "xb706254ew", "rate_time": 0.077, "sig_time": 0.599, "se_time": 0.145, "sce": 11.61, "nsm": null, "valid_obs": 19, "valid_span": 22, "significant": false }, "geometry": { "type": "Point", "coordinates": [ 173.071901604364456, 1.450656667329136 ] } },
{ "type": "Feature", "properties": { "uid": "xb70624gmc", "rate_time": 0.008, "sig_time": 0.967, "se_time": 0.189, "sce": 14.64, "nsm": null, "valid_obs": 19, "valid_span": 22, "significant": false }, "geometry": { "type": "Point", "coordinates": [ 173.071652037166444, 1.450759066292464 ] } },
{ "type": "Feature", "properties": { "uid": "xb70624erx", "rate_time": 0.108, "sig_time": 0.723, "se_time": 0.299, "sce": 25.09, "nsm": null, "valid_obs": 19, "valid_span": 22, "significant": false }, "geometry": { "type": "Point", "coordinates": [ 173.071384840085955, 1.450794267012484 ] } },
{ "type": "Feature", "properties": { "uid": "xb5pdr3wrv", "rate_time": 0.238, "sig_time": 0.015, "se_time": 0.088, "sce": 9.13, "nsm": null, "valid_obs": 19, "valid_span": 22, "significant": true }, "geometry": { "type": "Point", "coordinates": [ 173.070020207712446, 1.359284828320287 ] } },
{ "type": "Feature", "properties": { "uid": "xb5pdr3yvf", "rate_time": 0.058, "sig_time": 0.526, "se_time": 0.09, "sce": 9.72, "nsm": null, "valid_obs": 19, "valid_span": 22, "significant": false }, "geometry": { "type": "Point", "coordinates": [ 173.070279527061246, 1.359357821003252 ] } },
{ "type": "Feature", "properties": { "uid": "xb5pdr6p5u", "rate_time": -0.148, "sig_time": 0.14, "se_time": 0.095, "sce": 10.01, "nsm": null, "valid_obs": 19, "valid_span": 22, "significant": false }, "geometry": { "type": "Point", "coordinates": [ 173.070543446632257, 1.359412478012859 ] } },
{ "type": "Feature", "properties": { "uid": "xb5pdr6r6p", "rate_time": -0.215, "sig_time": 0.017, "se_time": 0.081, "sce": 9.64, "nsm": null, "valid_obs": 19, "valid_span": 22, "significant": true }, "geometry": { "type": "Point", "coordinates": [ 173.070806261752523, 1.359471834230014 ] } },
{ "type": "Feature", "properties": { "uid": "xb5pdr6xb1", "rate_time": -0.437, "sig_time": 0.006, "se_time": 0.14, "sce": 21.15, "nsm": null, "valid_obs": 19, "valid_span": 22, "significant": true }, "geometry": { "type": "Point", "coordinates": [ 173.071070626051977, 1.359522270575806 ] } },
{ "type": "Feature", "properties": { "uid": "xb5pdre4vu", "rate_time": 0.092, "sig_time": 0.122, "se_time": 0.056, "sce": 5.82, "nsm": null, "valid_obs": 18, "valid_span": 21, "significant": false }, "geometry": { "type": "Point", "coordinates": [ 173.071994074001225, 1.360055507536673 ] } },
{ "type": "Feature", "properties": { "uid": "xb5pdre77s", "rate_time": 0.057, "sig_time": 0.397, "se_time": 0.065, "sce": 6.16, "nsm": null, "valid_obs": 18, "valid_span": 21, "significant": false }, "geometry": { "type": "Point", "coordinates": [ 173.072250097005025, 1.360140099506198 ] } },
{ "type": "Feature", "properties": { "uid": "xb5pdreecw", "rate_time": -0.04, "sig_time": 0.556, "se_time": 0.067, "sce": 6.43, "nsm": null, "valid_obs": 18, "valid_span": 21, "significant": false }, "geometry": { "type": "Point", "coordinates": [ 173.072500294429886, 1.360238990728251 ] } },
{ "type": "Feature", "properties": { "uid": "xb5pdresx6", "rate_time": 0.351, "sig_time": 0.21, "se_time": 0.269, "sce": 33.96, "nsm": null, "valid_obs": 18, "valid_span": 21, "significant": false }, "geometry": { "type": "Point", "coordinates": [ 173.072747680112258, 1.360345379619287 ] } },
{ "type": "Feature", "properties": { "uid": "xb5pdr5uz7", "rate_time": -0.173, "sig_time": 0.232, "se_time": 0.139, "sce": 14.76, "nsm": null, "valid_obs": 17, "valid_span": 21, "significant": false }, "geometry": { "type": "Point", "coordinates": [ 173.073097178443106, 1.357646934037343 ] } },
{ "type": "Feature", "properties": { "uid": "xb5pdrhjj9", "rate_time": 0.23, "sig_time": 0.403, "se_time": 0.268, "sce": 37.15, "nsm": null, "valid_obs": 18, "valid_span": 22, "significant": false }, "geometry": { "type": "Point", "coordinates": [ 173.073365065297565, 1.357675678005713 ] } },
{ "type": "Feature", "properties": { "uid": "xb5pdrhm7b", "rate_time": -0.055, "sig_time": 0.663, "se_time": 0.124, "sce": 10.27, "nsm": null, "valid_obs": 18, "valid_span": 22, "significant": false }, "geometry": { "type": "Point", "coordinates": [ 173.073631641097961, 1.357714092077358 ] } },
{ "type": "Feature", "properties": { "uid": "xb5pdrht9v", "rate_time": -0.049, "sig_time": 0.66, "se_time": 0.11, "sce": 10.24, "nsm": null, "valid_obs": 18, "valid_span": 22, "significant": false }, "geometry": { "type": "Point", "coordinates": [ 173.073891719056519, 1.357783010866526 ] } },
{ "type": "Feature", "properties": { "uid": "xb5pdrhyvm", "rate_time": -0.379, "sig_time": 0.184, "se_time": 0.273, "sce": 40.09, "nsm": null, "valid_obs": 18, "valid_span": 22, "significant": false }, "geometry": { "type": "Point", "coordinates": [ 173.074385289189848, 1.357997451863125 ] } },
{ "type": "Feature", "properties": { "uid": "xb5pdrjp7m", "rate_time": -0.237, "sig_time": 0.185, "se_time": 0.171, "sce": 16.47, "nsm": null, "valid_obs": 17, "valid_span": 21, "significant": false }, "geometry": { "type": "Point", "coordinates": [ 173.074639908773037, 1.358086149142562 ] } },
{ "type": "Feature", "properties": { "uid": "xb5pdrjrcq", "rate_time": -0.273, "sig_time": 0.132, "se_time": 0.172, "sce": 15.25, "nsm": null, "valid_obs": 17, "valid_span": 21, "significant": false }, "geometry": { "type": "Point", "coordinates": [ 173.074894389446399, 1.358175152274052 ] } },
{ "type": "Feature", "properties": { "uid": "xb5pdrv9n2", "rate_time": 0.488, "sig_time": 0.009, "se_time": 0.162, "sce": 17.67, "nsm": null, "valid_obs": 16, "valid_span": 21, "significant": true }, "geometry": { "type": "Point", "coordinates": [ 173.075455003290472, 1.361107597163176 ] } },
{ "type": "Feature", "properties": { "uid": "xb5pdrv886", "rate_time": 0.099, "sig_time": 0.547, "se_time": 0.161, "sce": 12.9, "nsm": null, "valid_obs": 16, "valid_span": 21, "significant": false }, "geometry": { "type": "Point", "coordinates": [ 173.075196815570678, 1.361031218236689 ] } },
{ "type": "Feature", "properties": { "uid": "xb5pdrv26h", "rate_time": 0.171, "sig_time": 0.115, "se_time": 0.102, "sce": 8.49, "nsm": null, "valid_obs": 16, "valid_span": 21, "significant": false }, "geometry": { "type": "Point", "coordinates": [ 173.074930953162266, 1.361000217090292 ] } },
{ "type": "Feature", "properties": { "uid": "xb5pdrv0eb", "rate_time": 0.294, "sig_time": 0.007, "se_time": 0.094, "sce": 10.3, "nsm": null, "valid_obs": 16, "valid_span": 21, "significant": true }, "geometry": { "type": "Point", "coordinates": [ 173.07466291177127, 1.361020050040531 ] } },
{ "type": "Feature", "properties": { "uid": "xb5pdrubtx", "rate_time": 0.354, "sig_time": 0.002, "se_time": 0.091, "sce": 11.84, "nsm": null, "valid_obs": 16, "valid_span": 21, "significant": true }, "geometry": { "type": "Point", "coordinates": [ 173.074396211679385, 1.361059043966302 ] } },
{ "type": "Feature", "properties": { "uid": "xb5pdrqjv3", "rate_time": -0.355, "sig_time": 0.009, "se_time": 0.12, "sce": 13.15, "nsm": null, "valid_obs": 18, "valid_span": 21, "significant": true }, "geometry": { "type": "Point", "coordinates": [ 173.076096284084826, 1.359179090760583 ] } },
{ "type": "Feature", "properties": { "uid": "xb5pdrqq7n", "rate_time": -0.427, "sig_time": 0.032, "se_time": 0.182, "sce": 21.01, "nsm": null, "valid_obs": 18, "valid_span": 21, "significant": true }, "geometry": { "type": "Point", "coordinates": [ 173.07634149503258, 1.359290192280855 ] } },
{ "type": "Feature", "properties": { "uid": "xb5pdrqw91", "rate_time": -0.448, "sig_time": 0.107, "se_time": 0.262, "sce": 29.46, "nsm": null, "valid_obs": 18, "valid_span": 21, "significant": false }, "geometry": { "type": "Point", "coordinates": [ 173.076604027159334, 1.359307953884608 ] } },
{ "type": "Feature", "properties": { "uid": "xb5pdrqty6", "rate_time": -0.239, "sig_time": 0.335, "se_time": 0.241, "sce": 26.75, "nsm": null, "valid_obs": 18, "valid_span": 21, "significant": false }, "geometry": { "type": "Point", "coordinates": [ 173.076832206190318, 1.359184863246064 ] } },
{ "type": "Feature", "properties": { "uid": "xb5pdrqudy", "rate_time": -0.147, "sig_time": 0.417, "se_time": 0.176, "sce": 20.32, "nsm": null, "valid_obs": 18, "valid_span": 21, "significant": false }, "geometry": { "type": "Point", "coordinates": [ 173.077021750571305, 1.358992101783661 ] } },
{ "type": "Feature", "properties": { "uid": "xb5pdrqgxz", "rate_time": -0.021, "sig_time": 0.825, "se_time": 0.096, "sce": 9.83, "nsm": null, "valid_obs": 18, "valid_span": 21, "significant": false }, "geometry": { "type": "Point", "coordinates": [ 173.077232717172024, 1.35882589837983 ] } },
{ "type": "Feature", "properties": { "uid": "xb5pdrr5jy", "rate_time": -0.067, "sig_time": 0.425, "se_time": 0.081, "sce": 7.96, "nsm": null, "valid_obs": 18, "valid_span": 21, "significant": false }, "geometry": { "type": "Point", "coordinates": [ 173.077486805667917, 1.358735491283069 ] } },
{ "type": "Feature", "properties": { "uid": "xb5pdx847y", "rate_time": -0.412, "sig_time": 0.007, "se_time": 0.133, "sce": 14.13, "nsm": null, "valid_obs": 18, "valid_span": 21, "significant": true }, "geometry": { "type": "Point", "coordinates": [ 173.078783616919992, 1.359977011859804 ] } },
{ "type": "Feature", "properties": { "uid": "xb5pdryuzs", "rate_time": -0.561, "sig_time": 0.002, "se_time": 0.152, "sce": 17.61, "nsm": null, "valid_obs": 16, "valid_span": 21, "significant": true }, "geometry": { "type": "Point", "coordinates": [ 173.077220550007212, 1.36177314128595 ] } },
{ "type": "Feature", "properties": { "uid": "xb5pdryu3d", "rate_time": 0.145, "sig_time": 0.464, "se_time": 0.192, "sce": 18.79, "nsm": null, "valid_obs": 16, "valid_span": 21, "significant": false }, "geometry": { "type": "Point", "coordinates": [ 173.07696868104847, 1.361676646964082 ] } },
{ "type": "Feature", "properties": { "uid": "xb5pdry68n", "rate_time": 1.611, "sig_time": 0.0, "se_time": 0.241, "sce": 38.0, "nsm": null, "valid_obs": 16, "valid_span": 21, "significant": true }, "geometry": { "type": "Point", "coordinates": [ 173.076211382760533, 1.361393156967621 ] } },
{ "type": "Feature", "properties": { "uid": "xb5pdry444", "rate_time": 1.335, "sig_time": 0.0, "se_time": 0.227, "sce": 32.47, "nsm": null, "valid_obs": 16, "valid_span": 21, "significant": true }, "geometry": { "type": "Point", "coordinates": [ 173.075962804642842, 1.361288586672187 ] } },
{ "type": "Feature", "properties": { "uid": "xb5pdrvcs3", "rate_time": 0.893, "sig_time": 0.001, "se_time": 0.2, "sce": 24.93, "nsm": null, "valid_obs": 16, "valid_span": 21, "significant": true }, "geometry": { "type": "Point", "coordinates": [ 173.075710337937153, 1.361194376695116 ] } },
{ "type": "Feature", "properties": { "uid": "xb5pdx871r", "rate_time": -0.447, "sig_time": 0.024, "se_time": 0.179, "sce": 20.34, "nsm": null, "valid_obs": 18, "valid_span": 21, "significant": true }, "geometry": { "type": "Point", "coordinates": [ 173.079016463282017, 1.360112256994551 ] } },
{ "type": "Feature", "properties": { "uid": "xb5pdx87z2", "rate_time": -0.374, "sig_time": 0.064, "se_time": 0.188, "sce": 18.84, "nsm": null, "valid_obs": 18, "valid_span": 21, "significant": false }, "geometry": { "type": "Point", "coordinates": [ 173.079267746858562, 1.360205510609269 ] } },
{ "type": "Feature", "properties": { "uid": "xb5pdx8sm1", "rate_time": -0.28, "sig_time": 0.128, "se_time": 0.174, "sce": 15.36, "nsm": null, "valid_obs": 18, "valid_span": 21, "significant": false }, "geometry": { "type": "Point", "coordinates": [ 173.079521683045357, 1.360293535185687 ] } },
{ "type": "Feature", "properties": { "uid": "xb5pdx8ufv", "rate_time": -0.427, "sig_time": 0.025, "se_time": 0.172, "sce": 15.56, "nsm": null, "valid_obs": 18, "valid_span": 21, "significant": true }, "geometry": { "type": "Point", "coordinates": [ 173.079766927775097, 1.360405329495478 ] } },
{ "type": "Feature", "properties": { "uid": "xb5pdx9j2z", "rate_time": -0.53, "sig_time": 0.006, "se_time": 0.166, "sce": 18.19, "nsm": null, "valid_obs": 18, "valid_span": 21, "significant": true }, "geometry": { "type": "Point", "coordinates": [ 173.080019364637678, 1.360500097963696 ] } },
{ "type": "Feature", "properties": { "uid": "xb5pdx9nn9", "rate_time": -0.495, "sig_time": 0.006, "se_time": 0.157, "sce": 17.92, "nsm": null, "valid_obs": 18, "valid_span": 21, "significant": true }, "geometry": { "type": "Point", "coordinates": [ 173.080270767370735, 1.360597351659207 ] } },
{ "type": "Feature", "properties": { "uid": "xb5pdx9qsk", "rate_time": -0.402, "sig_time": 0.031, "se_time": 0.17, "sce": 16.68, "nsm": null, "valid_obs": 18, "valid_span": 21, "significant": true }, "geometry": { "type": "Point", "coordinates": [ 173.080520275287, 1.360699064336457 ] } },
{ "type": "Feature", "properties": { "uid": "xb5pdx9x46", "rate_time": -0.339, "sig_time": 0.013, "se_time": 0.121, "sce": 13.31, "nsm": null, "valid_obs": 18, "valid_span": 21, "significant": true }, "geometry": { "type": "Point", "coordinates": [ 173.080778980599661, 1.360774759516453 ] } },
{ "type": "Feature", "properties": { "uid": "xb5pdx9z88", "rate_time": -0.244, "sig_time": 0.134, "se_time": 0.155, "sce": 14.33, "nsm": null, "valid_obs": 18, "valid_span": 21, "significant": false }, "geometry": { "type": "Point", "coordinates": [ 173.081038200134572, 1.360847944975653 ] } },
{ "type": "Feature", "properties": { "uid": "xb5pdxcbn2", "rate_time": -0.122, "sig_time": 0.385, "se_time": 0.137, "sce": 12.75, "nsm": null, "valid_obs": 18, "valid_span": 21, "significant": false }, "geometry": { "type": "Point", "coordinates": [ 173.081293747070816, 1.3609340486446 ] } },
{ "type": "Feature", "properties": { "uid": "xb5pdxf0s6", "rate_time": 0.118, "sig_time": 0.677, "se_time": 0.277, "sce": 33.98, "nsm": null, "valid_obs": 18, "valid_span": 21, "significant": false }, "geometry": { "type": "Point", "coordinates": [ 173.081546350184539, 1.361028556373518 ] } },
{ "type": "Feature", "properties": { "uid": "xb5pdxg5z9", "rate_time": -0.163, "sig_time": 0.147, "se_time": 0.107, "sce": 10.96, "nsm": null, "valid_obs": 18, "valid_span": 22, "significant": false }, "geometry": { "type": "Point", "coordinates": [ 173.08305777797969, 1.361581139292647 ] } },
{ "type": "Feature", "properties": { "uid": "xb5pdxgkjc", "rate_time": -0.173, "sig_time": 0.145, "se_time": 0.113, "sce": 13.25, "nsm": null, "valid_obs": 18, "valid_span": 22, "significant": false }, "geometry": { "type": "Point", "coordinates": [ 173.083323369692778, 1.361626059971824 ] } },
{ "type": "Feature", "properties": { "uid": "xb5pdxgs7u", "rate_time": -0.268, "sig_time": 0.056, "se_time": 0.13, "sce": 15.24, "nsm": null, "valid_obs": 18, "valid_span": 22, "significant": false }, "geometry": { "type": "Point", "coordinates": [ 173.083586759818473, 1.361682629034415 ] } },
{ "type": "Feature", "properties": { "uid": "xb5pdxgudh", "rate_time": -0.822, "sig_time": 0.005, "se_time": 0.25, "sce": 38.54, "nsm": null, "valid_obs": 18, "valid_span": 22, "significant": true }, "geometry": { "type": "Point", "coordinates": [ 173.083852172003901, 1.361729665994516 ] } },
{ "type": "Feature", "properties": { "uid": "xb5pdxuhbn", "rate_time": -0.298, "sig_time": 0.013, "se_time": 0.106, "sce": 9.84, "nsm": null, "valid_obs": 17, "valid_span": 21, "significant": true }, "geometry": { "type": "Point", "coordinates": [ 173.084116607060167, 1.361781703416336 ] } },
{ "type": "Feature", "properties": { "uid": "xb5pdxujnr", "rate_time": -0.21, "sig_time": 0.05, "se_time": 0.098, "sce": 9.13, "nsm": null, "valid_obs": 17, "valid_span": 21, "significant": false }, "geometry": { "type": "Point", "coordinates": [ 173.084381416781753, 1.36183164794076 ] } },
{ "type": "Feature", "properties": { "uid": "xb5pdxuw4q", "rate_time": -0.367, "sig_time": 0.005, "se_time": 0.113, "sce": 11.91, "nsm": null, "valid_obs": 17, "valid_span": 21, "significant": true }, "geometry": { "type": "Point", "coordinates": [ 173.084891996029938, 1.361996659612732 ] } },
{ "type": "Feature", "properties": { "uid": "xb5pdxuzq0", "rate_time": -0.297, "sig_time": 0.031, "se_time": 0.125, "sce": 13.78, "nsm": null, "valid_obs": 17, "valid_span": 21, "significant": true }, "geometry": { "type": "Point", "coordinates": [ 173.085399086184594, 1.362176583959643 ] } },
{ "type": "Feature", "properties": { "uid": "xb5pdr129d", "rate_time": -0.455, "sig_time": 0.0, "se_time": 0.083, "sce": 11.22, "nsm": null, "valid_obs": 17, "valid_span": 21, "significant": true }, "geometry": { "type": "Point", "coordinates": [ 173.069410168981079, 1.356912265899501 ] } },
{ "type": "Feature", "properties": { "uid": "xb5pdr12zs", "rate_time": -0.373, "sig_time": 0.0, "se_time": 0.056, "sce": 9.02, "nsm": null, "valid_obs": 17, "valid_span": 21, "significant": true }, "geometry": { "type": "Point", "coordinates": [ 173.06967477245442, 1.356963679495828 ] } },
{ "type": "Feature", "properties": { "uid": "xb5pdr19jb", "rate_time": -0.239, "sig_time": 0.005, "se_time": 0.073, "sce": 7.32, "nsm": null, "valid_obs": 17, "valid_span": 21, "significant": true }, "geometry": { "type": "Point", "coordinates": [ 173.069943109793883, 1.356988454330496 ] } },
{ "type": "Feature", "properties": { "uid": "xb5pdr1ch5", "rate_time": -0.121, "sig_time": 0.279, "se_time": 0.108, "sce": 12.49, "nsm": null, "valid_obs": 17, "valid_span": 21, "significant": false }, "geometry": { "type": "Point", "coordinates": [ 173.070212313625404, 1.357001008191762 ] } },
{ "type": "Feature", "properties": { "uid": "xb5pdr4162", "rate_time": -0.179, "sig_time": 0.171, "se_time": 0.125, "sce": 12.84, "nsm": null, "valid_obs": 17, "valid_span": 21, "significant": false }, "geometry": { "type": "Point", "coordinates": [ 173.070480328082567, 1.357028704801363 ] } },
{ "type": "Feature", "properties": { "uid": "xb5pdr438s", "rate_time": -0.314, "sig_time": 0.023, "se_time": 0.124, "sce": 12.38, "nsm": null, "valid_obs": 17, "valid_span": 21, "significant": true }, "geometry": { "type": "Point", "coordinates": [ 173.07074252983557, 1.357091178257546 ] } },
{ "type": "Feature", "properties": { "uid": "xb5pdr43yx", "rate_time": -0.318, "sig_time": 0.012, "se_time": 0.112, "sce": 13.21, "nsm": null, "valid_obs": 17, "valid_span": 21, "significant": true }, "geometry": { "type": "Point", "coordinates": [ 173.071004518651591, 1.357154770648588 ] } },
{ "type": "Feature", "properties": { "uid": "xb5pdr4dkc", "rate_time": -0.246, "sig_time": 0.01, "se_time": 0.084, "sce": 9.05, "nsm": null, "valid_obs": 17, "valid_span": 21, "significant": true }, "geometry": { "type": "Point", "coordinates": [ 173.0712692542117, 1.357205364203413 ] } },
{ "type": "Feature", "properties": { "uid": "xb5pdr4fe0", "rate_time": -0.08, "sig_time": 0.408, "se_time": 0.094, "sce": 8.71, "nsm": null, "valid_obs": 17, "valid_span": 21, "significant": false }, "geometry": { "type": "Point", "coordinates": [ 173.071535866710832, 1.357244807027316 ] } },
{ "type": "Feature", "properties": { "uid": "xb5pdr549r", "rate_time": 0.126, "sig_time": 0.288, "se_time": 0.115, "sce": 11.79, "nsm": null, "valid_obs": 17, "valid_span": 21, "significant": false }, "geometry": { "type": "Point", "coordinates": [ 173.071802833891297, 1.357281905822141 ] } },
{ "type": "Feature", "properties": { "uid": "xb5pdr55pq", "rate_time": 0.056, "sig_time": 0.705, "se_time": 0.144, "sce": 15.59, "nsm": null, "valid_obs": 17, "valid_span": 21, "significant": false }, "geometry": { "type": "Point", "coordinates": [ 173.072060028683325, 1.35736115761386 ] } },
{ "type": "Feature", "properties": { "uid": "xb5pdr57tp", "rate_time": 0.049, "sig_time": 0.733, "se_time": 0.141, "sce": 15.13, "nsm": null, "valid_obs": 17, "valid_span": 21, "significant": false }, "geometry": { "type": "Point", "coordinates": [ 173.072313137246198, 1.35745423345876 ] } },
{ "type": "Feature", "properties": { "uid": "xb5pdr5s5j", "rate_time": -0.062, "sig_time": 0.604, "se_time": 0.118, "sce": 13.8, "nsm": null, "valid_obs": 17, "valid_span": 21, "significant": false }, "geometry": { "type": "Point", "coordinates": [ 173.072571842958212, 1.357529259948991 ] } },
{ "type": "Feature", "properties": { "uid": "xb5pdr5u96", "rate_time": -0.166, "sig_time": 0.204, "se_time": 0.125, "sce": 14.16, "nsm": null, "valid_obs": 17, "valid_span": 21, "significant": false }, "geometry": { "type": "Point", "coordinates": [ 173.072832578546866, 1.357597757210543 ] } },
{ "type": "Feature", "properties": { "uid": "xb703m798c", "rate_time": -6.109, "sig_time": 0.658, "se_time": 13.513, "sce": 1204.53, "nsm": null, "valid_obs": 16, "valid_span": 22, "significant": false }, "geometry": { "type": "Point", "coordinates": [ 173.028525772225578, 1.479297805007187 ] } },
{ "type": "Feature", "properties": { "uid": "xb703m7dsz", "rate_time": -2.808, "sig_time": 0.83, "se_time": 12.858, "sce": 1164.8, "nsm": null, "valid_obs": 16, "valid_span": 22, "significant": false }, "geometry": { "type": "Point", "coordinates": [ 173.028698928495089, 1.479504344435076 ] } },
{ "type": "Feature", "properties": { "uid": "xb703m7gc9", "rate_time": 1.276, "sig_time": 0.92, "se_time": 12.428, "sce": 1127.99, "nsm": null, "valid_obs": 16, "valid_span": 22, "significant": false }, "geometry": { "type": "Point", "coordinates": [ 173.028898490979458, 1.479684587811729 ] } },
{ "type": "Feature", "properties": { "uid": "xb703m7uwu", "rate_time": 12.215, "sig_time": 0.319, "se_time": 11.811, "sce": 1080.01, "nsm": null, "valid_obs": 16, "valid_span": 22, "significant": false }, "geometry": { "type": "Point", "coordinates": [ 173.029126826448078, 1.47982852146599 ] } },
{ "type": "Feature", "properties": { "uid": "xb703mkjkn", "rate_time": -7.961, "sig_time": 0.529, "se_time": 12.329, "sce": 1019.06, "nsm": null, "valid_obs": 16, "valid_span": 22, "significant": false }, "geometry": { "type": "Point", "coordinates": [ 173.02935489013197, 1.479970186193193 ] } },
{ "type": "Feature", "properties": { "uid": "xb703mknxz", "rate_time": -5.796, "sig_time": 0.622, "se_time": 11.509, "sce": 999.29, "nsm": null, "valid_obs": 16, "valid_span": 22, "significant": false }, "geometry": { "type": "Point", "coordinates": [ 173.029512118371969, 1.480190178173446 ] } },
{ "type": "Feature", "properties": { "uid": "xb703rbubp", "rate_time": -0.502, "sig_time": 0.196, "se_time": 0.37, "sce": 33.49, "nsm": null, "valid_obs": 16, "valid_span": 22, "significant": false }, "geometry": { "type": "Point", "coordinates": [ 173.024717737609507, 1.493624250106478 ] } },
{ "type": "Feature", "properties": { "uid": "xb703rbvvk", "rate_time": 0.12, "sig_time": 0.583, "se_time": 0.213, "sce": 21.21, "nsm": null, "valid_obs": 16, "valid_span": 22, "significant": false }, "geometry": { "type": "Point", "coordinates": [ 173.024938990666016, 1.493778926691571 ] } },
{ "type": "Feature", "properties": { "uid": "xb703rcndw", "rate_time": 0.105, "sig_time": 0.522, "se_time": 0.16, "sce": 14.68, "nsm": null, "valid_obs": 16, "valid_span": 22, "significant": false }, "geometry": { "type": "Point", "coordinates": [ 173.02517086638494, 1.493917181302973 ] } },
{ "type": "Feature", "properties": { "uid": "xb703rcr81", "rate_time": 0.116, "sig_time": 0.34, "se_time": 0.117, "sce": 10.81, "nsm": null, "valid_obs": 16, "valid_span": 22, "significant": false }, "geometry": { "type": "Point", "coordinates": [ 173.025399325686095, 1.494060832227148 ] } },
{ "type": "Feature", "properties": { "uid": "xb709212mk", "rate_time": -0.138, "sig_time": 0.289, "se_time": 0.125, "sce": 9.73, "nsm": null, "valid_obs": 16, "valid_span": 22, "significant": false }, "geometry": { "type": "Point", "coordinates": [ 173.02562658729039, 1.494206587139048 ] } },
{ "type": "Feature", "properties": { "uid": "xb7090nd7f", "rate_time": 0.153, "sig_time": 0.654, "se_time": 0.333, "sce": 21.61, "nsm": null, "valid_obs": 15, "valid_span": 22, "significant": false }, "geometry": { "type": "Point", "coordinates": [ 173.021790517269949, 1.494538705613222 ] } },
{ "type": "Feature", "properties": { "uid": "xb70bddb84", "rate_time": 1.003, "sig_time": 0.007, "se_time": 0.314, "sce": 26.4, "nsm": null, "valid_obs": 15, "valid_span": 21, "significant": true }, "geometry": { "type": "Point", "coordinates": [ 172.994503786187295, 1.551915576615058 ] } },
{ "type": "Feature", "properties": { "uid": "xb70bddcme", "rate_time": 2.495, "sig_time": 0.0, "se_time": 0.387, "sce": 51.13, "nsm": null, "valid_obs": 15, "valid_span": 21, "significant": true }, "geometry": { "type": "Point", "coordinates": [ 172.994735317114134, 1.552051090750679 ] } },
{ "type": "Feature", "properties": { "uid": "xb70b6fvg2", "rate_time": 6.866, "sig_time": 0.354, "se_time": 7.145, "sce": 643.43, "nsm": null, "valid_obs": 15, "valid_span": 22, "significant": false }, "geometry": { "type": "Point", "coordinates": [ 172.983657259822252, 1.554182516794305 ] } },
{ "type": "Feature", "properties": { "uid": "xb70bhrg1z", "rate_time": 11.18, "sig_time": 0.232, "se_time": 8.952, "sce": 668.56, "nsm": null, "valid_obs": 16, "valid_span": 22, "significant": false }, "geometry": { "type": "Point", "coordinates": [ 172.979473308213414, 1.561986792847143 ] } },
{ "type": "Feature", "properties": { "uid": "xb70bhpvt9", "rate_time": 11.975, "sig_time": 0.238, "se_time": 9.708, "sce": 719.16, "nsm": null, "valid_obs": 16, "valid_span": 22, "significant": false }, "geometry": { "type": "Point", "coordinates": [ 172.979632230114419, 1.561012806715708 ] } },
{ "type": "Feature", "properties": { "uid": "xb70bk0jgm", "rate_time": 11.941, "sig_time": 0.259, "se_time": 10.148, "sce": 745.18, "nsm": null, "valid_obs": 16, "valid_span": 22, "significant": false }, "geometry": { "type": "Point", "coordinates": [ 172.979880785900235, 1.561073693390907 ] } },
{ "type": "Feature", "properties": { "uid": "xb7100ey3u", "rate_time": 0.514, "sig_time": 0.261, "se_time": 0.437, "sce": 44.96, "nsm": null, "valid_obs": 15, "valid_span": 22, "significant": false }, "geometry": { "type": "Point", "coordinates": [ 172.973979649802885, 1.585874882684641 ] } },
{ "type": "Feature", "properties": { "uid": "xb7100sn8h", "rate_time": 0.377, "sig_time": 0.221, "se_time": 0.294, "sce": 31.63, "nsm": null, "valid_obs": 16, "valid_span": 22, "significant": false }, "geometry": { "type": "Point", "coordinates": [ 172.97424581649878, 1.585917677299279 ] } },
{ "type": "Feature", "properties": { "uid": "xb7100snyk", "rate_time": 0.15, "sig_time": 0.228, "se_time": 0.119, "sce": 11.25, "nsm": null, "valid_obs": 16, "valid_span": 22, "significant": false }, "geometry": { "type": "Point", "coordinates": [ 172.974512165365496, 1.585959222243921 ] } },
{ "type": "Feature", "properties": { "uid": "xb7100srhk", "rate_time": 0.134, "sig_time": 0.519, "se_time": 0.203, "sce": 18.29, "nsm": null, "valid_obs": 16, "valid_span": 22, "significant": false }, "geometry": { "type": "Point", "coordinates": [ 172.974777739707349, 1.586004677401889 ] } },
{ "type": "Feature", "properties": { "uid": "xb7105191k", "rate_time": 0.511, "sig_time": 0.416, "se_time": 0.608, "sce": 60.54, "nsm": null, "valid_obs": 15, "valid_span": 22, "significant": false }, "geometry": { "type": "Point", "coordinates": [ 172.970874194117357, 1.598705654352209 ] } },
{ "type": "Feature", "properties": { "uid": "xb710587hu", "rate_time": -0.392, "sig_time": 0.086, "se_time": 0.211, "sce": 18.75, "nsm": null, "valid_obs": 15, "valid_span": 22, "significant": false }, "geometry": { "type": "Point", "coordinates": [ 172.969306104849778, 1.60179451084084 ] } },
{ "type": "Feature", "properties": { "uid": "xb71058ee0", "rate_time": -0.413, "sig_time": 0.126, "se_time": 0.253, "sce": 24.08, "nsm": null, "valid_obs": 15, "valid_span": 22, "significant": false }, "geometry": { "type": "Point", "coordinates": [ 172.96956636881788, 1.601860287925082 ] } },
{ "type": "Feature", "properties": { "uid": "xb71058u0g", "rate_time": -0.943, "sig_time": 0.062, "se_time": 0.463, "sce": 50.85, "nsm": null, "valid_obs": 15, "valid_span": 22, "significant": false }, "geometry": { "type": "Point", "coordinates": [ 172.969815027146126, 1.601963755517703 ] } },
{ "type": "Feature", "properties": { "uid": "xb71059876", "rate_time": -0.121, "sig_time": 0.44, "se_time": 0.152, "sce": 11.12, "nsm": null, "valid_obs": 16, "valid_span": 22, "significant": false }, "geometry": { "type": "Point", "coordinates": [ 172.970953246154863, 1.601315957902611 ] } },
{ "type": "Feature", "properties": { "uid": "xb71053tjr", "rate_time": -0.017, "sig_time": 0.869, "se_time": 0.101, "sce": 8.74, "nsm": null, "valid_obs": 16, "valid_span": 22, "significant": false }, "geometry": { "type": "Point", "coordinates": [ 172.97104549168273, 1.600782172324477 ] } },
{ "type": "Feature", "properties": { "uid": "xb71053djf", "rate_time": 0.005, "sig_time": 0.923, "se_time": 0.053, "sce": 4.48, "nsm": null, "valid_obs": 16, "valid_span": 22, "significant": false }, "geometry": { "type": "Point", "coordinates": [ 172.971064247142152, 1.600240508845502 ] } },
{ "type": "Feature", "properties": { "uid": "xb71053etu", "rate_time": 0.006, "sig_time": 0.937, "se_time": 0.071, "sce": 5.6, "nsm": null, "valid_obs": 16, "valid_span": 22, "significant": false }, "geometry": { "type": "Point", "coordinates": [ 172.971063431551954, 1.600511632457646 ] } },
{ "type": "Feature", "properties": { "uid": "xb6cpurt4s", "rate_time": -0.392, "sig_time": 0.25, "se_time": 0.326, "sce": 32.23, "nsm": null, "valid_obs": 16, "valid_span": 21, "significant": false }, "geometry": { "type": "Point", "coordinates": [ 172.968174055039356, 1.606261914636416 ] } },
{ "type": "Feature", "properties": { "uid": "xb6cpurvnz", "rate_time": -0.407, "sig_time": 0.021, "se_time": 0.156, "sce": 12.37, "nsm": null, "valid_obs": 15, "valid_span": 21, "significant": true }, "geometry": { "type": "Point", "coordinates": [ 172.968701049952443, 1.606273997231227 ] } },
{ "type": "Feature", "properties": { "uid": "xb6cpurv2s", "rate_time": -0.185, "sig_time": 0.758, "se_time": 0.59, "sce": 60.33, "nsm": null, "valid_obs": 16, "valid_span": 21, "significant": false }, "geometry": { "type": "Point", "coordinates": [ 172.968433208516956, 1.606303002658282 ] } },
{ "type": "Feature", "properties": { "uid": "xb710h2pzt", "rate_time": -0.079, "sig_time": 0.626, "se_time": 0.159, "sce": 12.02, "nsm": null, "valid_obs": 15, "valid_span": 21, "significant": false }, "geometry": { "type": "Point", "coordinates": [ 172.969078378792119, 1.606735239227549 ] } },
{ "type": "Feature", "properties": { "uid": "xb6cpvtepp", "rate_time": 0.314, "sig_time": 0.007, "se_time": 0.099, "sce": 11.5, "nsm": null, "valid_obs": 16, "valid_span": 22, "significant": true }, "geometry": { "type": "Point", "coordinates": [ 172.965619540581059, 1.612797737367914 ] } },
{ "type": "Feature", "properties": { "uid": "xb6cpvw7pz", "rate_time": -0.169, "sig_time": 0.302, "se_time": 0.157, "sce": 12.78, "nsm": null, "valid_obs": 16, "valid_span": 22, "significant": false }, "geometry": { "type": "Point", "coordinates": [ 172.966681536054381, 1.612799425917745 ] } },
{ "type": "Feature", "properties": { "uid": "xb6cpvw71x", "rate_time": -0.098, "sig_time": 0.439, "se_time": 0.123, "sce": 10.78, "nsm": null, "valid_obs": 16, "valid_span": 22, "significant": false }, "geometry": { "type": "Point", "coordinates": [ 172.96641205226075, 1.612800076648115 ] } },
{ "type": "Feature", "properties": { "uid": "xb6cpvweqh", "rate_time": -0.338, "sig_time": 0.131, "se_time": 0.211, "sce": 20.91, "nsm": null, "valid_obs": 16, "valid_span": 22, "significant": false }, "geometry": { "type": "Point", "coordinates": [ 172.966950008519575, 1.612823410630405 ] } },
{ "type": "Feature", "properties": { "uid": "xb6cpvts6u", "rate_time": 0.497, "sig_time": 0.0, "se_time": 0.092, "sce": 13.91, "nsm": null, "valid_obs": 16, "valid_span": 22, "significant": true }, "geometry": { "type": "Point", "coordinates": [ 172.965439697979349, 1.612994947371131 ] } },
{ "type": "Feature", "properties": { "uid": "xb6cpvtmxx", "rate_time": 0.452, "sig_time": 0.0, "se_time": 0.081, "sce": 13.08, "nsm": null, "valid_obs": 16, "valid_span": 22, "significant": true }, "geometry": { "type": "Point", "coordinates": [ 172.965299664235346, 1.613226099334829 ] } },
{ "type": "Feature", "properties": { "uid": "xb6cpvv61m", "rate_time": 0.268, "sig_time": 0.034, "se_time": 0.115, "sce": 15.68, "nsm": null, "valid_obs": 17, "valid_span": 22, "significant": true }, "geometry": { "type": "Point", "coordinates": [ 172.965028157213368, 1.613991111469494 ] } },
{ "type": "Feature", "properties": { "uid": "xb6cpvv5xy", "rate_time": -0.019, "sig_time": 0.882, "se_time": 0.124, "sce": 10.93, "nsm": null, "valid_obs": 17, "valid_span": 22, "significant": false }, "geometry": { "type": "Point", "coordinates": [ 172.964966327169748, 1.614255135433416 ] } },
{ "type": "Feature", "properties": { "uid": "xb6cpyj874", "rate_time": -0.349, "sig_time": 0.073, "se_time": 0.181, "sce": 21.02, "nsm": null, "valid_obs": 17, "valid_span": 22, "significant": false }, "geometry": { "type": "Point", "coordinates": [ 172.965452974399682, 1.615045078778415 ] } },
{ "type": "Feature", "properties": { "uid": "xb6cpyjb3m", "rate_time": -0.33, "sig_time": 0.145, "se_time": 0.215, "sce": 21.69, "nsm": null, "valid_obs": 17, "valid_span": 22, "significant": false }, "geometry": { "type": "Point", "coordinates": [ 172.965721433396794, 1.615064264683669 ] } },
{ "type": "Feature", "properties": { "uid": "xb6cpyjbx8", "rate_time": -0.28, "sig_time": 0.234, "se_time": 0.225, "sce": 22.37, "nsm": null, "valid_obs": 17, "valid_span": 22, "significant": false }, "geometry": { "type": "Point", "coordinates": [ 172.965990258534163, 1.615077709647863 ] } },
{ "type": "Feature", "properties": { "uid": "xb6crbtv3s", "rate_time": -0.616, "sig_time": 0.03, "se_time": 0.255, "sce": 23.26, "nsm": null, "valid_obs": 16, "valid_span": 22, "significant": true }, "geometry": { "type": "Point", "coordinates": [ 172.96573402901393, 1.629650731232602 ] } },
{ "type": "Feature", "properties": { "uid": "xb6crbtwk2", "rate_time": -0.574, "sig_time": 0.006, "se_time": 0.176, "sce": 18.2, "nsm": null, "valid_obs": 16, "valid_span": 22, "significant": true }, "geometry": { "type": "Point", "coordinates": [ 172.965509435888265, 1.629799748271675 ] } },
{ "type": "Feature", "properties": { "uid": "xb6crbtrpx", "rate_time": -0.532, "sig_time": 0.001, "se_time": 0.13, "sce": 15.73, "nsm": null, "valid_obs": 16, "valid_span": 22, "significant": true }, "geometry": { "type": "Point", "coordinates": [ 172.965296768252017, 1.629962515577535 ] } },
{ "type": "Feature", "properties": { "uid": "xb6crchr34", "rate_time": 0.002, "sig_time": 0.994, "se_time": 0.257, "sce": 32.35, "nsm": null, "valid_obs": 19, "valid_span": 22, "significant": false }, "geometry": { "type": "Point", "coordinates": [ 172.963644308067842, 1.632727901078689 ] } },
{ "type": "Feature", "properties": { "uid": "xb6crck0sc", "rate_time": -0.39, "sig_time": 0.033, "se_time": 0.168, "sce": 23.47, "nsm": null, "valid_obs": 19, "valid_span": 22, "significant": true }, "geometry": { "type": "Point", "coordinates": [ 172.963470882150915, 1.632935559263021 ] } },
{ "type": "Feature", "properties": { "uid": "xb6crck184", "rate_time": -0.002, "sig_time": 0.991, "se_time": 0.199, "sce": 19.35, "nsm": null, "valid_obs": 18, "valid_span": 21, "significant": false }, "geometry": { "type": "Point", "coordinates": [ 172.963265936937859, 1.633111360018142 ] } },
{ "type": "Feature", "properties": { "uid": "xb6cpsst4b", "rate_time": -1.817, "sig_time": 0.0, "se_time": 0.203, "sce": 45.01, "nsm": null, "valid_obs": 18, "valid_span": 22, "significant": true }, "geometry": { "type": "Point", "coordinates": [ 172.953083046344176, 1.607609886429883 ] } },
{ "type": "Feature", "properties": { "uid": "xb6cpssv2z", "rate_time": -0.618, "sig_time": 0.218, "se_time": 0.482, "sce": 59.08, "nsm": null, "valid_obs": 18, "valid_span": 22, "significant": false }, "geometry": { "type": "Point", "coordinates": [ 172.953340191207332, 1.607691157318444 ] } },
{ "type": "Feature", "properties": { "uid": "xb6cpsy14m", "rate_time": 1.588, "sig_time": 0.003, "se_time": 0.473, "sce": 79.53, "nsm": 50.78, "valid_obs": 20, "valid_span": 25, "significant": true }, "geometry": { "type": "Point", "coordinates": [ 172.955114439362376, 1.60832593273572 ] } },
{ "type": "Feature", "properties": { "uid": "xb6cpsy32q", "rate_time": 1.205, "sig_time": 0.006, "se_time": 0.391, "sce": 75.66, "nsm": 25.85, "valid_obs": 20, "valid_span": 25, "significant": true }, "geometry": { "type": "Point", "coordinates": [ 172.955379387251895, 1.608375797112269 ] } },
{ "type": "Feature", "properties": { "uid": "xb6cpsy3ww", "rate_time": 0.94, "sig_time": 0.0, "se_time": 0.215, "sce": 45.98, "nsm": 20.06, "valid_obs": 20, "valid_span": 25, "significant": true }, "geometry": { "type": "Point", "coordinates": [ 172.955645732856283, 1.608417457357757 ] } },
{ "type": "Feature", "properties": { "uid": "xb6cpsy9uv", "rate_time": 0.773, "sig_time": 0.0, "se_time": 0.068, "sce": 20.45, "nsm": 19.37, "valid_obs": 20, "valid_span": 25, "significant": true }, "geometry": { "type": "Point", "coordinates": [ 172.955913175569151, 1.608451266691288 ] } },
{ "type": "Feature", "properties": { "uid": "xb6cpsyf51", "rate_time": 0.753, "sig_time": 0.0, "se_time": 0.078, "sce": 25.28, "nsm": 25.28, "valid_obs": 20, "valid_span": 25, "significant": true }, "geometry": { "type": "Point", "coordinates": [ 172.956181498423433, 1.608476811773177 ] } },
{ "type": "Feature", "properties": { "uid": "xb6cpsz417", "rate_time": 1.024, "sig_time": 0.0, "se_time": 0.209, "sce": 49.9, "nsm": 49.9, "valid_obs": 20, "valid_span": 25, "significant": true }, "geometry": { "type": "Point", "coordinates": [ 172.95645095664932, 1.608483353767709 ] } },
{ "type": "Feature", "properties": { "uid": "xb6cpsz4p9", "rate_time": 0.646, "sig_time": 0.0, "se_time": 0.088, "sce": 18.02, "nsm": null, "valid_obs": 19, "valid_span": 24, "significant": true }, "geometry": { "type": "Point", "coordinates": [ 172.956720439231532, 1.608477304828335 ] } },
{ "type": "Feature", "properties": { "uid": "xb6cpsz6jb", "rate_time": 0.541, "sig_time": 0.0, "se_time": 0.101, "sce": 17.88, "nsm": null, "valid_obs": 19, "valid_span": 24, "significant": true }, "geometry": { "type": "Point", "coordinates": [ 172.956989879654145, 1.608469598798147 ] } },
{ "type": "Feature", "properties": { "uid": "xb6cpsz9un", "rate_time": 0.469, "sig_time": 0.0, "se_time": 0.108, "sce": 17.95, "nsm": null, "valid_obs": 19, "valid_span": 24, "significant": true }, "geometry": { "type": "Point", "coordinates": [ 172.957259236135201, 1.60845932943634 ] } },
{ "type": "Feature", "properties": { "uid": "xb6cpszcfs", "rate_time": 0.407, "sig_time": 0.003, "se_time": 0.116, "sce": 17.3, "nsm": null, "valid_obs": 19, "valid_span": 24, "significant": true }, "geometry": { "type": "Point", "coordinates": [ 172.957528571276271, 1.60844877633786 ] } },
{ "type": "Feature", "properties": { "uid": "xb6crcbpjh", "rate_time": 0.188, "sig_time": 0.315, "se_time": 0.18, "sce": 16.57, "nsm": null, "valid_obs": 15, "valid_span": 21, "significant": false }, "geometry": { "type": "Point", "coordinates": [ 172.957985869325199, 1.636816715877385 ] } },
{ "type": "Feature", "properties": { "uid": "xb6crf024h", "rate_time": 0.221, "sig_time": 0.298, "se_time": 0.204, "sce": 18.12, "nsm": null, "valid_obs": 15, "valid_span": 21, "significant": false }, "geometry": { "type": "Point", "coordinates": [ 172.95819678373573, 1.63698521351704 ] } },
{ "type": "Feature", "properties": { "uid": "xb6crf03p1", "rate_time": 0.201, "sig_time": 0.353, "se_time": 0.209, "sce": 18.47, "nsm": null, "valid_obs": 15, "valid_span": 21, "significant": false }, "geometry": { "type": "Point", "coordinates": [ 172.958416943183892, 1.637141692233458 ] } },
{ "type": "Feature", "properties": { "uid": "xb6crf0cfd", "rate_time": 0.268, "sig_time": 0.428, "se_time": 0.328, "sce": 31.06, "nsm": null, "valid_obs": 15, "valid_span": 21, "significant": false }, "geometry": { "type": "Point", "coordinates": [ 172.958903456421837, 1.637276996446929 ] } },
{ "type": "Feature", "properties": { "uid": "xb6crf09uk", "rate_time": 0.251, "sig_time": 0.376, "se_time": 0.274, "sce": 22.03, "nsm": null, "valid_obs": 15, "valid_span": 21, "significant": false }, "geometry": { "type": "Point", "coordinates": [ 172.958641305433048, 1.637286769122042 ] } },
{ "type": "Feature", "properties": { "uid": "xb6cr9zg3v", "rate_time": -0.361, "sig_time": 0.098, "se_time": 0.203, "sce": 19.87, "nsm": null, "valid_obs": 15, "valid_span": 21, "significant": false }, "geometry": { "type": "Point", "coordinates": [ 172.957504916118694, 1.636179031125363 ] } },
{ "type": "Feature", "properties": { "uid": "xb6cr9z6tv", "rate_time": -0.357, "sig_time": 0.025, "se_time": 0.141, "sce": 15.39, "nsm": null, "valid_obs": 15, "valid_span": 21, "significant": true }, "geometry": { "type": "Point", "coordinates": [ 172.956989154046738, 1.636047072802495 ] } },
{ "type": "Feature", "properties": { "uid": "xb6cr9zdu4", "rate_time": -0.234, "sig_time": 0.32, "se_time": 0.226, "sce": 19.84, "nsm": null, "valid_obs": 15, "valid_span": 21, "significant": false }, "geometry": { "type": "Point", "coordinates": [ 172.957256975313044, 1.636074513111085 ] } },
{ "type": "Feature", "properties": { "uid": "xb6cr9z4zd", "rate_time": -0.361, "sig_time": 0.015, "se_time": 0.128, "sce": 13.99, "nsm": null, "valid_obs": 15, "valid_span": 21, "significant": true }, "geometry": { "type": "Point", "coordinates": [ 172.956721491975088, 1.63607750608707 ] } },
{ "type": "Feature", "properties": { "uid": "xb6cr9z538", "rate_time": -0.443, "sig_time": 0.004, "se_time": 0.126, "sce": 14.97, "nsm": null, "valid_obs": 15, "valid_span": 21, "significant": true }, "geometry": { "type": "Point", "coordinates": [ 172.956462028896908, 1.636150825232508 ] } },
{ "type": "Feature", "properties": { "uid": "xb6cr9yggv", "rate_time": -0.39, "sig_time": 0.001, "se_time": 0.087, "sce": 12.43, "nsm": null, "valid_obs": 15, "valid_span": 21, "significant": true }, "geometry": { "type": "Point", "coordinates": [ 172.956217173709092, 1.636264212557305 ] } },
{ "type": "Feature", "properties": { "uid": "xb6cr9ysw1", "rate_time": -0.44, "sig_time": 0.0, "se_time": 0.082, "sce": 13.54, "nsm": null, "valid_obs": 15, "valid_span": 21, "significant": true }, "geometry": { "type": "Point", "coordinates": [ 172.955968208749169, 1.636368177873555 ] } },
{ "type": "Feature", "properties": { "uid": "xb6cr9yt0q", "rate_time": -0.386, "sig_time": 0.0, "se_time": 0.068, "sce": 11.75, "nsm": null, "valid_obs": 15, "valid_span": 21, "significant": true }, "geometry": { "type": "Point", "coordinates": [ 172.955725090964705, 1.636485146320802 ] } },
{ "type": "Feature", "properties": { "uid": "xb6cr9ymfg", "rate_time": -0.167, "sig_time": 0.232, "se_time": 0.133, "sce": 13.56, "nsm": null, "valid_obs": 15, "valid_span": 21, "significant": false }, "geometry": { "type": "Point", "coordinates": [ 172.95547989059537, 1.636597748779774 ] } },
{ "type": "Feature", "properties": { "uid": "xb6cr9yntq", "rate_time": -0.178, "sig_time": 0.014, "se_time": 0.063, "sce": 6.4, "nsm": null, "valid_obs": 15, "valid_span": 21, "significant": true }, "geometry": { "type": "Point", "coordinates": [ 172.955251011683686, 1.636738493130555 ] } },
{ "type": "Feature", "properties": { "uid": "xb6cr9yp8k", "rate_time": -0.033, "sig_time": 0.781, "se_time": 0.117, "sce": 7.83, "nsm": null, "valid_obs": 15, "valid_span": 21, "significant": false }, "geometry": { "type": "Point", "coordinates": [ 172.955038426510072, 1.636899787242096 ] } },
{ "type": "Feature", "properties": { "uid": "xb6cr9vzg7", "rate_time": -0.239, "sig_time": 0.334, "se_time": 0.238, "sce": 18.85, "nsm": null, "valid_obs": 15, "valid_span": 21, "significant": false }, "geometry": { "type": "Point", "coordinates": [ 172.954823739820625, 1.636938430167435 ] } },
{ "type": "Feature", "properties": { "uid": "xb6crbf26w", "rate_time": 1.357, "sig_time": 0.474, "se_time": 1.848, "sce": 171.25, "nsm": null, "valid_obs": 17, "valid_span": 22, "significant": false }, "geometry": { "type": "Point", "coordinates": [ 172.960961333411575, 1.630171897371299 ] } },
{ "type": "Feature", "properties": { "uid": "xb6crbf1qz", "rate_time": -0.81, "sig_time": 0.67, "se_time": 1.861, "sce": 207.0, "nsm": null, "valid_obs": 17, "valid_span": 22, "significant": false }, "geometry": { "type": "Point", "coordinates": [ 172.960807566472795, 1.630353698267622 ] } },
{ "type": "Feature", "properties": { "uid": "xb6crbcswm", "rate_time": -5.419, "sig_time": 0.004, "se_time": 1.565, "sce": 219.51, "nsm": null, "valid_obs": 16, "valid_span": 22, "significant": true }, "geometry": { "type": "Point", "coordinates": [ 172.960092603551004, 1.630900790085836 ] } },
{ "type": "Feature", "properties": { "uid": "xb6crbcvh4", "rate_time": -3.182, "sig_time": 0.045, "se_time": 1.455, "sce": 179.77, "nsm": null, "valid_obs": 17, "valid_span": 22, "significant": true }, "geometry": { "type": "Point", "coordinates": [ 172.960340174372647, 1.630969494727393 ] } },
{ "type": "Feature", "properties": { "uid": "xb6crc483g", "rate_time": 7.59, "sig_time": 0.264, "se_time": 6.61, "sce": 985.41, "nsm": null, "valid_obs": 22, "valid_span": 23, "significant": false }, "geometry": { "type": "Point", "coordinates": [ 172.961274427258104, 1.631530610970077 ] } },
{ "type": "Feature", "properties": { "uid": "xb6crc43m6", "rate_time": 7.6, "sig_time": 0.277, "se_time": 6.801, "sce": 1028.31, "nsm": null, "valid_obs": 22, "valid_span": 23, "significant": false }, "geometry": { "type": "Point", "coordinates": [ 172.961084035438574, 1.631699166817368 ] } },
{ "type": "Feature", "properties": { "uid": "xb6crb6crs", "rate_time": -1.928, "sig_time": 0.401, "se_time": 2.23, "sce": 272.7, "nsm": null, "valid_obs": 17, "valid_span": 23, "significant": false }, "geometry": { "type": "Point", "coordinates": [ 172.961868088107849, 1.627587011560144 ] } },
{ "type": "Feature", "properties": { "uid": "xb6crb6f6v", "rate_time": -3.065, "sig_time": 0.193, "se_time": 2.248, "sce": 224.48, "nsm": null, "valid_obs": 17, "valid_span": 23, "significant": false }, "geometry": { "type": "Point", "coordinates": [ 172.961663096573318, 1.627763070702278 ] } },
{ "type": "Feature", "properties": { "uid": "xb6cr9ucgf", "rate_time": 0.724, "sig_time": 0.348, "se_time": 0.744, "sce": 68.44, "nsm": null, "valid_obs": 15, "valid_span": 21, "significant": false }, "geometry": { "type": "Point", "coordinates": [ 172.953469818025638, 1.635900770483524 ] } },
{ "type": "Feature", "properties": { "uid": "xb6crdh24s", "rate_time": -0.324, "sig_time": 0.159, "se_time": 0.217, "sce": 21.04, "nsm": null, "valid_obs": 15, "valid_span": 21, "significant": false }, "geometry": { "type": "Point", "coordinates": [ 172.952723635070129, 1.636988357410968 ] } },
{ "type": "Feature", "properties": { "uid": "xb6crdh3mz", "rate_time": -0.436, "sig_time": 0.159, "se_time": 0.292, "sce": 28.62, "nsm": null, "valid_obs": 15, "valid_span": 21, "significant": false }, "geometry": { "type": "Point", "coordinates": [ 172.952869428186062, 1.637216467272935 ] } },
{ "type": "Feature", "properties": { "uid": "xb6crdhdc4", "rate_time": -0.425, "sig_time": 0.233, "se_time": 0.34, "sce": 31.01, "nsm": null, "valid_obs": 15, "valid_span": 21, "significant": false }, "geometry": { "type": "Point", "coordinates": [ 172.953004472291639, 1.637450745212542 ] } },
{ "type": "Feature", "properties": { "uid": "xb6crdhs7b", "rate_time": -0.974, "sig_time": 0.017, "se_time": 0.356, "sce": 31.54, "nsm": null, "valid_obs": 15, "valid_span": 21, "significant": true }, "geometry": { "type": "Point", "coordinates": [ 172.953125720778104, 1.637693010923669 ] } },
{ "type": "Feature", "properties": { "uid": "xb6crdhtrr", "rate_time": -1.126, "sig_time": 0.156, "se_time": 0.749, "sce": 81.36, "nsm": null, "valid_obs": 15, "valid_span": 21, "significant": false }, "geometry": { "type": "Point", "coordinates": [ 172.953276494823484, 1.637904846480907 ] } },
{ "type": "Feature", "properties": { "uid": "xb6cpyn1j3", "rate_time": -0.202, "sig_time": 0.345, "se_time": 0.207, "sce": 22.19, "nsm": null, "valid_obs": 17, "valid_span": 22, "significant": false }, "geometry": { "type": "Point", "coordinates": [ 172.966233366167728, 1.615167815876263 ] } },
{ "type": "Feature", "properties": { "uid": "xb6cpyq0q2", "rate_time": 0.05, "sig_time": 0.554, "se_time": 0.083, "sce": 8.72, "nsm": null, "valid_obs": 18, "valid_span": 22, "significant": false }, "geometry": { "type": "Point", "coordinates": [ 172.966273543625135, 1.61640978514751 ] } },
{ "type": "Feature", "properties": { "uid": "xb6cpyq1v6", "rate_time": 0.12, "sig_time": 0.221, "se_time": 0.094, "sce": 9.83, "nsm": null, "valid_obs": 18, "valid_span": 22, "significant": false }, "geometry": { "type": "Point", "coordinates": [ 172.966235388397308, 1.616678262771389 ] } },
{ "type": "Feature", "properties": { "uid": "xb6cpyq5ks", "rate_time": 0.205, "sig_time": 0.072, "se_time": 0.107, "sce": 12.76, "nsm": null, "valid_obs": 18, "valid_span": 22, "significant": false }, "geometry": { "type": "Point", "coordinates": [ 172.966197850540908, 1.616946875982266 ] } },
{ "type": "Feature", "properties": { "uid": "xb6cpyqhgq", "rate_time": 0.25, "sig_time": 0.04, "se_time": 0.112, "sce": 12.48, "nsm": null, "valid_obs": 18, "valid_span": 22, "significant": true }, "geometry": { "type": "Point", "coordinates": [ 172.966151935051158, 1.617214156391936 ] } },
{ "type": "Feature", "properties": { "uid": "xb6cprmz1r", "rate_time": -0.258, "sig_time": 0.014, "se_time": 0.091, "sce": 8.37, "nsm": null, "valid_obs": 15, "valid_span": 23, "significant": true }, "geometry": { "type": "Point", "coordinates": [ 172.943747771932721, 1.62309923115775 ] } },
{ "type": "Feature", "properties": { "uid": "xb6cprmx3q", "rate_time": -0.216, "sig_time": 0.063, "se_time": 0.106, "sce": 12.53, "nsm": null, "valid_obs": 15, "valid_span": 23, "significant": false }, "geometry": { "type": "Point", "coordinates": [ 172.943400591771791, 1.623135020677112 ] } },
{ "type": "Feature", "properties": { "uid": "xb6cprt8sp", "rate_time": -0.037, "sig_time": 0.613, "se_time": 0.071, "sce": 7.41, "nsm": null, "valid_obs": 15, "valid_span": 23, "significant": false }, "geometry": { "type": "Point", "coordinates": [ 172.943518512457359, 1.623358302202775 ] } },
{ "type": "Feature", "properties": { "uid": "xb7038wzmh", "rate_time": 18.291, "sig_time": 0.0, "se_time": 3.712, "sce": 484.02, "nsm": null, "valid_obs": 15, "valid_span": 22, "significant": true }, "geometry": { "type": "Point", "coordinates": [ 173.044154874089998, 1.454211518275393 ] } },
{ "type": "Feature", "properties": { "uid": "xb7039x83b", "rate_time": 19.123, "sig_time": 0.001, "se_time": 4.471, "sce": 539.48, "nsm": null, "valid_obs": 15, "valid_span": 22, "significant": true }, "geometry": { "type": "Point", "coordinates": [ 173.045048905630097, 1.458480331969176 ] } },
{ "type": "Feature", "properties": { "uid": "xb703b6hvp", "rate_time": 15.13, "sig_time": 0.0, "se_time": 1.895, "sce": 295.6, "nsm": null, "valid_obs": 16, "valid_span": 22, "significant": true }, "geometry": { "type": "Point", "coordinates": [ 173.048616087895823, 1.452425043838742 ] } },
{ "type": "Feature", "properties": { "uid": "xb703b3ejz", "rate_time": 13.146, "sig_time": 0.001, "se_time": 3.171, "sce": 364.5, "nsm": null, "valid_obs": 16, "valid_span": 22, "significant": true }, "geometry": { "type": "Point", "coordinates": [ 173.047966432186143, 1.452125726054045 ] } },
{ "type": "Feature", "properties": { "uid": "xb703b3ghj", "rate_time": 14.048, "sig_time": 0.0, "se_time": 2.768, "sce": 337.92, "nsm": null, "valid_obs": 16, "valid_span": 22, "significant": true }, "geometry": { "type": "Point", "coordinates": [ 173.048233050454627, 1.452115415214142 ] } },
{ "type": "Feature", "properties": { "uid": "xb703b65cb", "rate_time": 14.767, "sig_time": 0.0, "se_time": 2.292, "sce": 318.18, "nsm": null, "valid_obs": 16, "valid_span": 22, "significant": true }, "geometry": { "type": "Point", "coordinates": [ 173.048483756443403, 1.452214061960025 ] } },
{ "type": "Feature", "properties": { "uid": "xb703bkjc0", "rate_time": 9.207, "sig_time": 0.002, "se_time": 2.305, "sce": 237.22, "nsm": null, "valid_obs": 15, "valid_span": 22, "significant": true }, "geometry": { "type": "Point", "coordinates": [ 173.051194706723152, 1.452559022313592 ] } },
{ "type": "Feature", "properties": { "uid": "xb7060q3by", "rate_time": 0.368, "sig_time": 0.214, "se_time": 0.282, "sce": 25.07, "nsm": null, "valid_obs": 16, "valid_span": 22, "significant": false }, "geometry": { "type": "Point", "coordinates": [ 173.065261391091013, 1.451905328722113 ] } },
{ "type": "Feature", "properties": { "uid": "xb7060q7j5", "rate_time": 0.037, "sig_time": 0.727, "se_time": 0.105, "sce": 8.91, "nsm": null, "valid_obs": 16, "valid_span": 22, "significant": false }, "geometry": { "type": "Point", "coordinates": [ 173.065447533277307, 1.452101185855461 ] } },
{ "type": "Feature", "properties": { "uid": "xb7060qs44", "rate_time": 0.039, "sig_time": 0.741, "se_time": 0.117, "sce": 9.29, "nsm": null, "valid_obs": 16, "valid_span": 22, "significant": false }, "geometry": { "type": "Point", "coordinates": [ 173.065659983252573, 1.45226797291529 ] } },
{ "type": "Feature", "properties": { "uid": "xb7060qtp4", "rate_time": 0.018, "sig_time": 0.894, "se_time": 0.135, "sce": 9.76, "nsm": null, "valid_obs": 16, "valid_span": 22, "significant": false }, "geometry": { "type": "Point", "coordinates": [ 173.06586855843014, 1.452439641049846 ] } },
{ "type": "Feature", "properties": { "uid": "xb7060qy5s", "rate_time": 0.017, "sig_time": 0.921, "se_time": 0.17, "sce": 13.14, "nsm": null, "valid_obs": 16, "valid_span": 22, "significant": false }, "geometry": { "type": "Point", "coordinates": [ 173.066066528963916, 1.452623483928296 ] } },
{ "type": "Feature", "properties": { "uid": "xb7060rp0p", "rate_time": 0.263, "sig_time": 0.52, "se_time": 0.398, "sce": 39.36, "nsm": null, "valid_obs": 16, "valid_span": 22, "significant": false }, "geometry": { "type": "Point", "coordinates": [ 173.066260800989454, 1.452811460984424 ] } },
{ "type": "Feature", "properties": { "uid": "xb70628j1f", "rate_time": -0.066, "sig_time": 0.685, "se_time": 0.158, "sce": 17.31, "nsm": null, "valid_obs": 16, "valid_span": 21, "significant": false }, "geometry": { "type": "Point", "coordinates": [ 173.067712452171492, 1.4538161973518 ] } },
{ "type": "Feature", "properties": { "uid": "xb70628nmp", "rate_time": -0.196, "sig_time": 0.408, "se_time": 0.23, "sce": 20.42, "nsm": null, "valid_obs": 16, "valid_span": 21, "significant": false }, "geometry": { "type": "Point", "coordinates": [ 173.067844344319354, 1.45405272855821 ] } },
{ "type": "Feature", "properties": { "uid": "xb70621xzw", "rate_time": -0.22, "sig_time": 0.242, "se_time": 0.182, "sce": 18.44, "nsm": null, "valid_obs": 19, "valid_span": 22, "significant": false }, "geometry": { "type": "Point", "coordinates": [ 173.070015362488903, 1.451561657597233 ] } },
{ "type": "Feature", "properties": { "uid": "xb706239rp", "rate_time": -0.18, "sig_time": 0.385, "se_time": 0.201, "sce": 19.81, "nsm": null, "valid_obs": 19, "valid_span": 22, "significant": false }, "geometry": { "type": "Point", "coordinates": [ 173.069994622177404, 1.451821662436144 ] } },
{ "type": "Feature", "properties": { "uid": "xb70623du7", "rate_time": -0.048, "sig_time": 0.845, "se_time": 0.242, "sce": 27.43, "nsm": null, "valid_obs": 19, "valid_span": 22, "significant": false }, "geometry": { "type": "Point", "coordinates": [ 173.069872708301745, 1.452061149087138 ] } },
{ "type": "Feature", "properties": { "uid": "xb70623s0s", "rate_time": -0.087, "sig_time": 0.559, "se_time": 0.145, "sce": 13.29, "nsm": null, "valid_obs": 18, "valid_span": 22, "significant": false }, "geometry": { "type": "Point", "coordinates": [ 173.069710550917677, 1.452276918041197 ] } },
{ "type": "Feature", "properties": { "uid": "xb70623mk0", "rate_time": 0.157, "sig_time": 0.34, "se_time": 0.16, "sce": 15.92, "nsm": null, "valid_obs": 18, "valid_span": 22, "significant": false }, "geometry": { "type": "Point", "coordinates": [ 173.069524344456227, 1.45247300981871 ] } },
{ "type": "Feature", "properties": { "uid": "xb70623npj", "rate_time": -0.04, "sig_time": 0.811, "se_time": 0.162, "sce": 13.38, "nsm": null, "valid_obs": 17, "valid_span": 21, "significant": false }, "geometry": { "type": "Point", "coordinates": [ 173.069304660632469, 1.452629020404518 ] } },
{ "type": "Feature", "properties": { "uid": "xb70622zuf", "rate_time": 0.099, "sig_time": 0.555, "se_time": 0.164, "sce": 14.74, "nsm": null, "valid_obs": 17, "valid_span": 21, "significant": false }, "geometry": { "type": "Point", "coordinates": [ 173.068869586515291, 1.45291307828101 ] } },
{ "type": "Feature", "properties": { "uid": "xb706220kv", "rate_time": -0.098, "sig_time": 0.636, "se_time": 0.203, "sce": 16.18, "nsm": null, "valid_obs": 15, "valid_span": 22, "significant": false }, "geometry": { "type": "Point", "coordinates": [ 173.067834107789821, 1.451642501235188 ] } },
{ "type": "Feature", "properties": { "uid": "xb7060pzry", "rate_time": -0.195, "sig_time": 0.393, "se_time": 0.221, "sce": 20.12, "nsm": null, "valid_obs": 15, "valid_span": 22, "significant": false }, "geometry": { "type": "Point", "coordinates": [ 173.067620889821285, 1.451476596816076 ] } },
{ "type": "Feature", "properties": { "uid": "xb704qdjzu", "rate_time": -1.319, "sig_time": 0.021, "se_time": 0.518, "sce": 74.95, "nsm": null, "valid_obs": 19, "valid_span": 22, "significant": true }, "geometry": { "type": "Point", "coordinates": [ 173.070708540397447, 1.442966993287016 ] } },
{ "type": "Feature", "properties": { "uid": "xb704qf1c9", "rate_time": -0.787, "sig_time": 0.01, "se_time": 0.267, "sce": 35.44, "nsm": null, "valid_obs": 17, "valid_span": 21, "significant": true }, "geometry": { "type": "Point", "coordinates": [ 173.070438883131175, 1.443637026252468 ] } },
{ "type": "Feature", "properties": { "uid": "xb704q99t6", "rate_time": -0.293, "sig_time": 0.609, "se_time": 0.559, "sce": 51.77, "nsm": null, "valid_obs": 16, "valid_span": 20, "significant": false }, "geometry": { "type": "Point", "coordinates": [ 173.069917849567105, 1.442223914153774 ] } },
{ "type": "Feature", "properties": { "uid": "xb704ppkd3", "rate_time": 23.239, "sig_time": 0.0, "se_time": 4.115, "sce": 784.69, "nsm": null, "valid_obs": 19, "valid_span": 22, "significant": true }, "geometry": { "type": "Point", "coordinates": [ 173.066699242986715, 1.445483025436652 ] } },
{ "type": "Feature", "properties": { "uid": "xb704ppejj", "rate_time": 20.643, "sig_time": 0.002, "se_time": 5.708, "sce": 877.27, "nsm": null, "valid_obs": 19, "valid_span": 22, "significant": true }, "geometry": { "type": "Point", "coordinates": [ 173.067164181029682, 1.445244291474752 ] } },
{ "type": "Feature", "properties": { "uid": "xb704nx5q7", "rate_time": 19.668, "sig_time": 0.0, "se_time": 3.551, "sce": 556.85, "nsm": null, "valid_obs": 18, "valid_span": 22, "significant": true }, "geometry": { "type": "Point", "coordinates": [ 173.066528176958627, 1.442532825065864 ] } },
{ "type": "Feature", "properties": { "uid": "xb704nx6ur", "rate_time": 18.01, "sig_time": 0.0, "se_time": 3.21, "sce": 506.52, "nsm": null, "valid_obs": 18, "valid_span": 22, "significant": true }, "geometry": { "type": "Point", "coordinates": [ 173.066789204688888, 1.442465308021581 ] } },
{ "type": "Feature", "properties": { "uid": "xb704m6dcr", "rate_time": -0.775, "sig_time": 0.0, "se_time": 0.153, "sce": 26.02, "nsm": null, "valid_obs": 15, "valid_span": 22, "significant": true }, "geometry": { "type": "Point", "coordinates": [ 173.071121247905495, 1.435600323742042 ] } },
{ "type": "Feature", "properties": { "uid": "xb704mqpxc", "rate_time": -0.224, "sig_time": 0.045, "se_time": 0.103, "sce": 11.83, "nsm": null, "valid_obs": 18, "valid_span": 22, "significant": true }, "geometry": { "type": "Point", "coordinates": [ 173.076204379253767, 1.436385871921847 ] } },
{ "type": "Feature", "properties": { "uid": "xb704mw2js", "rate_time": -0.13, "sig_time": 0.199, "se_time": 0.097, "sce": 9.49, "nsm": null, "valid_obs": 18, "valid_span": 22, "significant": false }, "geometry": { "type": "Point", "coordinates": [ 173.076453936910298, 1.436487052164563 ] } },
{ "type": "Feature", "properties": { "uid": "xb704mys0d", "rate_time": 0.275, "sig_time": 0.396, "se_time": 0.316, "sce": 31.03, "nsm": null, "valid_obs": 19, "valid_span": 22, "significant": false }, "geometry": { "type": "Point", "coordinates": [ 173.076579817874659, 1.438536193786271 ] } },
{ "type": "Feature", "properties": { "uid": "xb704mytdc", "rate_time": 0.097, "sig_time": 0.729, "se_time": 0.275, "sce": 26.49, "nsm": null, "valid_obs": 19, "valid_span": 22, "significant": false }, "geometry": { "type": "Point", "coordinates": [ 173.076677071759292, 1.438788943021535 ] } },
{ "type": "Feature", "properties": { "uid": "xb704mw8g6", "rate_time": -0.167, "sig_time": 0.211, "se_time": 0.128, "sce": 12.69, "nsm": null, "valid_obs": 18, "valid_span": 22, "significant": false }, "geometry": { "type": "Point", "coordinates": [ 173.076696056701792, 1.436605432861568 ] } },
{ "type": "Feature", "properties": { "uid": "xb704myxj0", "rate_time": -0.177, "sig_time": 0.503, "se_time": 0.259, "sce": 23.05, "nsm": null, "valid_obs": 19, "valid_span": 22, "significant": false }, "geometry": { "type": "Point", "coordinates": [ 173.076773891061492, 1.439041800562578 ] } },
{ "type": "Feature", "properties": { "uid": "xb704mwc8t", "rate_time": -0.198, "sig_time": 0.339, "se_time": 0.201, "sce": 17.63, "nsm": null, "valid_obs": 18, "valid_span": 22, "significant": false }, "geometry": { "type": "Point", "coordinates": [ 173.076922524435759, 1.436751618871666 ] } },
{ "type": "Feature", "properties": { "uid": "xb704mwftr", "rate_time": -0.418, "sig_time": 0.112, "se_time": 0.248, "sce": 27.13, "nsm": null, "valid_obs": 18, "valid_span": 22, "significant": false }, "geometry": { "type": "Point", "coordinates": [ 173.077125527643972, 1.436929878434248 ] } },
{ "type": "Feature", "properties": { "uid": "xb704mzd78", "rate_time": -0.213, "sig_time": 0.492, "se_time": 0.304, "sce": 32.25, "nsm": null, "valid_obs": 19, "valid_span": 22, "significant": false }, "geometry": { "type": "Point", "coordinates": [ 173.078083110506668, 1.438224022883504 ] } },
{ "type": "Feature", "properties": { "uid": "xb704qn8wd", "rate_time": -0.472, "sig_time": 0.197, "se_time": 0.352, "sce": 31.93, "nsm": null, "valid_obs": 19, "valid_span": 22, "significant": false }, "geometry": { "type": "Point", "coordinates": [ 173.076841525277473, 1.439308144920745 ] } },
{ "type": "Feature", "properties": { "uid": "xb704qr148", "rate_time": -1.772, "sig_time": 0.417, "se_time": 2.129, "sce": 153.07, "nsm": null, "valid_obs": 19, "valid_span": 22, "significant": false }, "geometry": { "type": "Point", "coordinates": [ 173.077355758296363, 1.440759188166441 ] } },
{ "type": "Feature", "properties": { "uid": "xb704qqcq1", "rate_time": -1.887, "sig_time": 0.377, "se_time": 2.079, "sce": 160.35, "nsm": null, "valid_obs": 19, "valid_span": 22, "significant": false }, "geometry": { "type": "Point", "coordinates": [ 173.077164624270409, 1.44080337369342 ] } },
{ "type": "Feature", "properties": { "uid": "xb704qns0h", "rate_time": -1.325, "sig_time": 0.076, "se_time": 0.7, "sce": 71.06, "nsm": null, "valid_obs": 19, "valid_span": 22, "significant": false }, "geometry": { "type": "Point", "coordinates": [ 173.076560290068386, 1.439918044045824 ] } },
{ "type": "Feature", "properties": { "uid": "xb704qn756", "rate_time": -0.646, "sig_time": 0.367, "se_time": 0.697, "sce": 64.59, "nsm": null, "valid_obs": 19, "valid_span": 22, "significant": false }, "geometry": { "type": "Point", "coordinates": [ 173.076360178314474, 1.439739030102991 ] } },
{ "type": "Feature", "properties": { "uid": "xb704mzewt", "rate_time": -0.156, "sig_time": 0.554, "se_time": 0.258, "sce": 26.14, "nsm": null, "valid_obs": 19, "valid_span": 22, "significant": false }, "geometry": { "type": "Point", "coordinates": [ 173.07820794673151, 1.438464329967534 ] } },
{ "type": "Feature", "properties": { "uid": "xb704mzv16", "rate_time": -0.122, "sig_time": 0.641, "se_time": 0.257, "sce": 26.62, "nsm": null, "valid_obs": 19, "valid_span": 22, "significant": false }, "geometry": { "type": "Point", "coordinates": [ 173.078325877286574, 1.438708221762146 ] } },
{ "type": "Feature", "properties": { "uid": "xb704mzys0", "rate_time": -0.141, "sig_time": 0.541, "se_time": 0.226, "sce": 22.38, "nsm": null, "valid_obs": 19, "valid_span": 22, "significant": false }, "geometry": { "type": "Point", "coordinates": [ 173.078444599753851, 1.43895166763585 ] } },
{ "type": "Feature", "properties": { "uid": "xb704mzzyw", "rate_time": 0.058, "sig_time": 0.705, "se_time": 0.151, "sce": 14.73, "nsm": null, "valid_obs": 19, "valid_span": 22, "significant": false }, "geometry": { "type": "Point", "coordinates": [ 173.078552374731004, 1.439200272741266 ] } },
{ "type": "Feature", "properties": { "uid": "xb704w013h", "rate_time": 0.141, "sig_time": 0.44, "se_time": 0.178, "sce": 25.02, "nsm": null, "valid_obs": 19, "valid_span": 22, "significant": false }, "geometry": { "type": "Point", "coordinates": [ 173.078657214816843, 1.439450062979295 ] } },
{ "type": "Feature", "properties": { "uid": "xb704w04gd", "rate_time": -0.013, "sig_time": 0.879, "se_time": 0.083, "sce": 8.11, "nsm": null, "valid_obs": 18, "valid_span": 22, "significant": false }, "geometry": { "type": "Point", "coordinates": [ 173.07876909445551, 1.439696791825356 ] } },
{ "type": "Feature", "properties": { "uid": "xb704w0hq1", "rate_time": -0.005, "sig_time": 0.954, "se_time": 0.089, "sce": 8.81, "nsm": null, "valid_obs": 18, "valid_span": 22, "significant": false }, "geometry": { "type": "Point", "coordinates": [ 173.07887878730466, 1.439944546212125 ] } },
{ "type": "Feature", "properties": { "uid": "xb704w0m9k", "rate_time": -0.063, "sig_time": 0.517, "se_time": 0.094, "sce": 9.15, "nsm": null, "valid_obs": 18, "valid_span": 22, "significant": false }, "geometry": { "type": "Point", "coordinates": [ 173.079013750003213, 1.440178698978072 ] } },
{ "type": "Feature", "properties": { "uid": "xb704w0rh2", "rate_time": -0.041, "sig_time": 0.67, "se_time": 0.094, "sce": 9.13, "nsm": null, "valid_obs": 18, "valid_span": 22, "significant": false }, "geometry": { "type": "Point", "coordinates": [ 173.079143788299092, 1.44041584802139 ] } },
{ "type": "Feature", "properties": { "uid": "xb704w22qy", "rate_time": -0.063, "sig_time": 0.502, "se_time": 0.092, "sce": 8.74, "nsm": null, "valid_obs": 18, "valid_span": 22, "significant": false }, "geometry": { "type": "Point", "coordinates": [ 173.079256974490761, 1.44066158695538 ] } },
{ "type": "Feature", "properties": { "uid": "xb704w29cn", "rate_time": -0.016, "sig_time": 0.822, "se_time": 0.07, "sce": 6.64, "nsm": null, "valid_obs": 18, "valid_span": 22, "significant": false }, "geometry": { "type": "Point", "coordinates": [ 173.07934897048446, 1.440916300045495 ] } },
{ "type": "Feature", "properties": { "uid": "xb704w2e7n", "rate_time": -0.029, "sig_time": 0.649, "se_time": 0.062, "sce": 6.66, "nsm": null, "valid_obs": 18, "valid_span": 22, "significant": false }, "geometry": { "type": "Point", "coordinates": [ 173.079432963506918, 1.441173889216226 ] } },
{ "type": "Feature", "properties": { "uid": "xb704w2svs", "rate_time": -0.289, "sig_time": 0.107, "se_time": 0.17, "sce": 24.48, "nsm": null, "valid_obs": 19, "valid_span": 22, "significant": false }, "geometry": { "type": "Point", "coordinates": [ 173.079539131300777, 1.441423051067319 ] } },
{ "type": "Feature", "properties": { "uid": "xb704w2wrg", "rate_time": 0.05, "sig_time": 0.788, "se_time": 0.184, "sce": 24.12, "nsm": null, "valid_obs": 19, "valid_span": 22, "significant": false }, "geometry": { "type": "Point", "coordinates": [ 173.079638234166197, 1.441675156082689 ] } },
{ "type": "Feature", "properties": { "uid": "xb704w2zcg", "rate_time": 0.147, "sig_time": 0.156, "se_time": 0.099, "sce": 10.09, "nsm": null, "valid_obs": 18, "valid_span": 22, "significant": false }, "geometry": { "type": "Point", "coordinates": [ 173.079722805595196, 1.441932518497264 ] } },
{ "type": "Feature", "properties": { "uid": "xb704w8ck8", "rate_time": -0.001, "sig_time": 0.995, "se_time": 0.093, "sce": 8.28, "nsm": null, "valid_obs": 18, "valid_span": 22, "significant": false }, "geometry": { "type": "Point", "coordinates": [ 173.079845260929858, 1.442174120382982 ] } },
{ "type": "Feature", "properties": { "uid": "xb704w8fxq", "rate_time": 0.011, "sig_time": 0.911, "se_time": 0.098, "sce": 8.43, "nsm": null, "valid_obs": 18, "valid_span": 22, "significant": false }, "geometry": { "type": "Point", "coordinates": [ 173.079956733234326, 1.442421065062199 ] } },
{ "type": "Feature", "properties": { "uid": "xb704w5s5j", "rate_time": -0.314, "sig_time": 0.207, "se_time": 0.239, "sce": 22.73, "nsm": null, "valid_obs": 19, "valid_span": 22, "significant": false }, "geometry": { "type": "Point", "coordinates": [ 173.083552330205862, 1.439925197149839 ] } },
{ "type": "Feature", "properties": { "uid": "xb704w5tex", "rate_time": -0.228, "sig_time": 0.428, "se_time": 0.281, "sce": 26.1, "nsm": null, "valid_obs": 19, "valid_span": 22, "significant": false }, "geometry": { "type": "Point", "coordinates": [ 173.083574247638097, 1.440193970455367 ] } },
{ "type": "Feature", "properties": { "uid": "xb704w5x6c", "rate_time": -0.233, "sig_time": 0.51, "se_time": 0.346, "sce": 29.07, "nsm": null, "valid_obs": 19, "valid_span": 22, "significant": false }, "geometry": { "type": "Point", "coordinates": [ 173.083546828421134, 1.440463043323994 ] } },
{ "type": "Feature", "properties": { "uid": "xb704w78sz", "rate_time": -0.126, "sig_time": 0.673, "se_time": 0.294, "sce": 24.64, "nsm": null, "valid_obs": 19, "valid_span": 22, "significant": false }, "geometry": { "type": "Point", "coordinates": [ 173.083630327526947, 1.440706358087182 ] } },
{ "type": "Feature", "properties": { "uid": "xb704w7cby", "rate_time": -0.035, "sig_time": 0.867, "se_time": 0.207, "sce": 18.42, "nsm": null, "valid_obs": 19, "valid_span": 22, "significant": false }, "geometry": { "type": "Point", "coordinates": [ 173.083795815669191, 1.44091786401218 ] } },
{ "type": "Feature", "properties": { "uid": "xb704w7ghu", "rate_time": -0.015, "sig_time": 0.909, "se_time": 0.133, "sce": 12.33, "nsm": null, "valid_obs": 19, "valid_span": 22, "significant": false }, "geometry": { "type": "Point", "coordinates": [ 173.083975094454843, 1.441120072042867 ] } },
{ "type": "Feature", "properties": { "uid": "xb704wkh32", "rate_time": -0.044, "sig_time": 0.594, "se_time": 0.082, "sce": 7.78, "nsm": null, "valid_obs": 19, "valid_span": 22, "significant": false }, "geometry": { "type": "Point", "coordinates": [ 173.084161913396031, 1.441315304576843 ] } },
{ "type": "Feature", "properties": { "uid": "xb704wkjsf", "rate_time": -0.105, "sig_time": 0.193, "se_time": 0.077, "sce": 6.66, "nsm": null, "valid_obs": 19, "valid_span": 22, "significant": false }, "geometry": { "type": "Point", "coordinates": [ 173.084312955113148, 1.441538920682692 ] } },
{ "type": "Feature", "properties": { "uid": "xb704wkpnf", "rate_time": -0.096, "sig_time": 0.186, "se_time": 0.069, "sce": 6.96, "nsm": null, "valid_obs": 19, "valid_span": 22, "significant": false }, "geometry": { "type": "Point", "coordinates": [ 173.084397464730671, 1.441795305637674 ] } },
{ "type": "Feature", "properties": { "uid": "xb704ws725", "rate_time": 0.027, "sig_time": 0.892, "se_time": 0.194, "sce": 25.55, "nsm": null, "valid_obs": 18, "valid_span": 22, "significant": false }, "geometry": { "type": "Point", "coordinates": [ 173.084450435470728, 1.442533052820222 ] } },
{ "type": "Feature", "properties": { "uid": "xb704wsh4v", "rate_time": 0.141, "sig_time": 0.091, "se_time": 0.078, "sce": 8.59, "nsm": null, "valid_obs": 18, "valid_span": 22, "significant": false }, "geometry": { "type": "Point", "coordinates": [ 173.084225104562591, 1.442674124960926 ] } },
{ "type": "Feature", "properties": { "uid": "xb704weusv", "rate_time": 0.098, "sig_time": 0.176, "se_time": 0.069, "sce": 7.04, "nsm": null, "valid_obs": 18, "valid_span": 22, "significant": false }, "geometry": { "type": "Point", "coordinates": [ 173.083967967249407, 1.442755173060996 ] } },
{ "type": "Feature", "properties": { "uid": "xb704wetnz", "rate_time": 0.02, "sig_time": 0.75, "se_time": 0.061, "sce": 5.19, "nsm": null, "valid_obs": 18, "valid_span": 22, "significant": false }, "geometry": { "type": "Point", "coordinates": [ 173.083717029813414, 1.442851882504796 ] } },
{ "type": "Feature", "properties": { "uid": "xb704wew12", "rate_time": -0.026, "sig_time": 0.693, "se_time": 0.065, "sce": 5.86, "nsm": null, "valid_obs": 18, "valid_span": 22, "significant": false }, "geometry": { "type": "Point", "coordinates": [ 173.083483979291202, 1.442987267378601 ] } },
{ "type": "Feature", "properties": { "uid": "xb704wdq4f", "rate_time": 0.104, "sig_time": 0.272, "se_time": 0.091, "sce": 9.71, "nsm": null, "valid_obs": 18, "valid_span": 22, "significant": false }, "geometry": { "type": "Point", "coordinates": [ 173.081822830704112, 1.442997173841954 ] } },
{ "type": "Feature", "properties": { "uid": "xb704wdnk9", "rate_time": 0.006, "sig_time": 0.928, "se_time": 0.065, "sce": 7.64, "nsm": null, "valid_obs": 18, "valid_span": 22, "significant": false }, "geometry": { "type": "Point", "coordinates": [ 173.081558392964013, 1.443033882559307 ] } },
{ "type": "Feature", "properties": { "uid": "xb704wdwb1", "rate_time": 0.213, "sig_time": 0.07, "se_time": 0.11, "sce": 13.91, "nsm": null, "valid_obs": 18, "valid_span": 22, "significant": false }, "geometry": { "type": "Point", "coordinates": [ 173.082047465766919, 1.443122591701035 ] } },
{ "type": "Feature", "properties": { "uid": "xb704w9yyv", "rate_time": -0.01, "sig_time": 0.935, "se_time": 0.12, "sce": 15.04, "nsm": null, "valid_obs": 18, "valid_span": 22, "significant": false }, "geometry": { "type": "Point", "coordinates": [ 173.081314178430858, 1.443145975226692 ] } },
{ "type": "Feature", "properties": { "uid": "xb704werq5", "rate_time": -0.033, "sig_time": 0.535, "se_time": 0.051, "sce": 4.5, "nsm": null, "valid_obs": 18, "valid_span": 22, "significant": false }, "geometry": { "type": "Point", "coordinates": [ 173.083341716157321, 1.443217607740135 ] } },
{ "type": "Feature", "properties": { "uid": "xb704wdxue", "rate_time": 0.114, "sig_time": 0.21, "se_time": 0.087, "sce": 10.11, "nsm": null, "valid_obs": 18, "valid_span": 22, "significant": false }, "geometry": { "type": "Point", "coordinates": [ 173.082244847492234, 1.443305583817756 ] } },
{ "type": "Feature", "properties": { "uid": "xb704w9zfj", "rate_time": -0.082, "sig_time": 0.119, "se_time": 0.049, "sce": 5.65, "nsm": null, "valid_obs": 17, "valid_span": 22, "significant": false }, "geometry": { "type": "Point", "coordinates": [ 173.081105598236491, 1.443316908437344 ] } },
{ "type": "Feature", "properties": { "uid": "xb704wg2er", "rate_time": 0.076, "sig_time": 0.534, "se_time": 0.12, "sce": 11.71, "nsm": null, "valid_obs": 18, "valid_span": 22, "significant": false }, "geometry": { "type": "Point", "coordinates": [ 173.083219268471453, 1.443456334034763 ] } },
{ "type": "Feature", "properties": { "uid": "xb704wfbc7", "rate_time": 0.193, "sig_time": 0.111, "se_time": 0.114, "sce": 13.56, "nsm": null, "valid_obs": 18, "valid_span": 22, "significant": false }, "geometry": { "type": "Point", "coordinates": [ 173.082448565457639, 1.443478077201276 ] } },
{ "type": "Feature", "properties": { "uid": "xb704wfcpt", "rate_time": 0.186, "sig_time": 0.138, "se_time": 0.119, "sce": 13.71, "nsm": null, "valid_obs": 18, "valid_span": 22, "significant": false }, "geometry": { "type": "Point", "coordinates": [ 173.082712866334504, 1.443531122419291 ] } },
{ "type": "Feature", "properties": { "uid": "xb704wg1ms", "rate_time": 0.17, "sig_time": 0.127, "se_time": 0.106, "sce": 11.17, "nsm": null, "valid_obs": 18, "valid_span": 22, "significant": false }, "geometry": { "type": "Point", "coordinates": [ 173.082978117120263, 1.443570095219974 ] } },
{ "type": "Feature", "properties": { "uid": "xb704wc3gr", "rate_time": -0.061, "sig_time": 0.557, "se_time": 0.102, "sce": 8.26, "nsm": null, "valid_obs": 15, "valid_span": 22, "significant": false }, "geometry": { "type": "Point", "coordinates": [ 173.080477633961465, 1.443669175098589 ] } },
{ "type": "Feature", "properties": { "uid": "xb704wc6zf", "rate_time": -0.338, "sig_time": 0.63, "se_time": 0.686, "sce": 67.45, "nsm": null, "valid_obs": 17, "valid_span": 22, "significant": false }, "geometry": { "type": "Point", "coordinates": [ 173.080666777938461, 1.443813731084505 ] } },
{ "type": "Feature", "properties": { "uid": "xb704t64h3", "rate_time": 0.17, "sig_time": 0.027, "se_time": 0.069, "sce": 9.43, "nsm": null, "valid_obs": 17, "valid_span": 22, "significant": true }, "geometry": { "type": "Point", "coordinates": [ 173.081545575383615, 1.435442944878328 ] } },
{ "type": "Feature", "properties": { "uid": "xb704t66d2", "rate_time": 0.041, "sig_time": 0.659, "se_time": 0.09, "sce": 9.21, "nsm": null, "valid_obs": 17, "valid_span": 22, "significant": false }, "geometry": { "type": "Point", "coordinates": [ 173.081803379650012, 1.435518639051016 ] } },
{ "type": "Feature", "properties": { "uid": "xb704t6d8x", "rate_time": -0.138, "sig_time": 0.077, "se_time": 0.073, "sce": 8.53, "nsm": null, "valid_obs": 17, "valid_span": 22, "significant": false }, "geometry": { "type": "Point", "coordinates": [ 173.082069339117623, 1.435560307613751 ] } },
{ "type": "Feature", "properties": { "uid": "xb704t6en8", "rate_time": -0.095, "sig_time": 0.188, "se_time": 0.069, "sce": 6.97, "nsm": null, "valid_obs": 17, "valid_span": 22, "significant": false }, "geometry": { "type": "Point", "coordinates": [ 173.082334402993581, 1.435608370502372 ] } },
{ "type": "Feature", "properties": { "uid": "xb704t6gkx", "rate_time": 0.086, "sig_time": 0.348, "se_time": 0.089, "sce": 9.62, "nsm": null, "valid_obs": 17, "valid_span": 22, "significant": false }, "geometry": { "type": "Point", "coordinates": [ 173.082591056282752, 1.435688869609829 ] } },
{ "type": "Feature", "properties": { "uid": "xb704t75fw", "rate_time": 0.179, "sig_time": 0.1, "se_time": 0.102, "sce": 11.3, "nsm": null, "valid_obs": 17, "valid_span": 22, "significant": false }, "geometry": { "type": "Point", "coordinates": [ 173.08284929077476, 1.435766231990679 ] } },
{ "type": "Feature", "properties": { "uid": "xb704t7k2c", "rate_time": 0.052, "sig_time": 0.69, "se_time": 0.127, "sce": 11.53, "nsm": null, "valid_obs": 17, "valid_span": 22, "significant": false }, "geometry": { "type": "Point", "coordinates": [ 173.083111883613554, 1.435826308386073 ] } },
{ "type": "Feature", "properties": { "uid": "xb704t7kwy", "rate_time": -0.217, "sig_time": 0.17, "se_time": 0.151, "sce": 15.09, "nsm": null, "valid_obs": 17, "valid_span": 22, "significant": false }, "geometry": { "type": "Point", "coordinates": [ 173.083371235773456, 1.435897759224127 ] } },
{ "type": "Feature", "properties": { "uid": "xb704t7tk9", "rate_time": -0.437, "sig_time": 0.017, "se_time": 0.164, "sce": 18.15, "nsm": null, "valid_obs": 17, "valid_span": 22, "significant": true }, "geometry": { "type": "Point", "coordinates": [ 173.083622247977672, 1.435995822697014 ] } },
{ "type": "Feature", "properties": { "uid": "xb704t7y42", "rate_time": -0.484, "sig_time": 0.227, "se_time": 0.385, "sce": 49.19, "nsm": null, "valid_obs": 18, "valid_span": 22, "significant": false }, "geometry": { "type": "Point", "coordinates": [ 173.083861279343552, 1.436119502485249 ] } },
{ "type": "Feature", "properties": { "uid": "xb704t7yze", "rate_time": -0.482, "sig_time": 0.033, "se_time": 0.207, "sce": 21.43, "nsm": null, "valid_obs": 18, "valid_span": 22, "significant": true }, "geometry": { "type": "Point", "coordinates": [ 173.084088782415847, 1.436264903206783 ] } },
{ "type": "Feature", "properties": { "uid": "xb704tkpsy", "rate_time": -0.647, "sig_time": 0.021, "se_time": 0.255, "sce": 35.84, "nsm": null, "valid_obs": 19, "valid_span": 22, "significant": true }, "geometry": { "type": "Point", "coordinates": [ 173.084315953185239, 1.436410782131736 ] } },
{ "type": "Feature", "properties": { "uid": "xb704ts29v", "rate_time": -0.319, "sig_time": 0.206, "se_time": 0.242, "sce": 25.44, "nsm": null, "valid_obs": 19, "valid_span": 22, "significant": false }, "geometry": { "type": "Point", "coordinates": [ 173.084530016559853, 1.436575524113827 ] } },
{ "type": "Feature", "properties": { "uid": "xb704ts3wu", "rate_time": -0.378, "sig_time": 0.183, "se_time": 0.272, "sce": 28.64, "nsm": null, "valid_obs": 19, "valid_span": 22, "significant": false }, "geometry": { "type": "Point", "coordinates": [ 173.0847431274874, 1.436741558701991 ] } },
{ "type": "Feature", "properties": { "uid": "xb704tsdeg", "rate_time": -0.52, "sig_time": 0.098, "se_time": 0.297, "sce": 29.39, "nsm": null, "valid_obs": 19, "valid_span": 22, "significant": false }, "geometry": { "type": "Point", "coordinates": [ 173.084955224843611, 1.4369086346629 ] } },
{ "type": "Feature", "properties": { "uid": "xb704tsg8e", "rate_time": -0.607, "sig_time": 0.055, "se_time": 0.295, "sce": 30.31, "nsm": null, "valid_obs": 19, "valid_span": 22, "significant": false }, "geometry": { "type": "Point", "coordinates": [ 173.085160991450209, 1.437083711851946 ] } },
{ "type": "Feature", "properties": { "uid": "xb704tsutj", "rate_time": -0.645, "sig_time": 0.047, "se_time": 0.301, "sce": 31.71, "nsm": null, "valid_obs": 19, "valid_span": 22, "significant": true }, "geometry": { "type": "Point", "coordinates": [ 173.085360782095137, 1.437265753272453 ] } },
{ "type": "Feature", "properties": { "uid": "xb704ttjc7", "rate_time": -0.532, "sig_time": 0.083, "se_time": 0.288, "sce": 30.48, "nsm": null, "valid_obs": 19, "valid_span": 22, "significant": false }, "geometry": { "type": "Point", "coordinates": [ 173.085539293210047, 1.43746865645716 ] } },
{ "type": "Feature", "properties": { "uid": "xb704ttpj5", "rate_time": -0.579, "sig_time": 0.073, "se_time": 0.304, "sce": 33.0, "nsm": null, "valid_obs": 19, "valid_span": 22, "significant": false }, "geometry": { "type": "Point", "coordinates": [ 173.085702788927534, 1.437683842816621 ] } },
{ "type": "Feature", "properties": { "uid": "xb704tgxfc", "rate_time": -0.153, "sig_time": 0.696, "se_time": 0.384, "sce": 30.64, "nsm": null, "valid_obs": 19, "valid_span": 22, "significant": false }, "geometry": { "type": "Point", "coordinates": [ 173.083545099171999, 1.439174920498709 ] } },
{ "type": "Feature", "properties": { "uid": "xb704wnm7v", "rate_time": 0.009, "sig_time": 0.966, "se_time": 0.201, "sce": 17.02, "nsm": null, "valid_obs": 18, "valid_span": 22, "significant": false }, "geometry": { "type": "Point", "coordinates": [ 173.08735787466702, 1.440142146739918 ] } },
{ "type": "Feature", "properties": { "uid": "xb704wnqxw", "rate_time": 0.182, "sig_time": 0.255, "se_time": 0.154, "sce": 14.71, "nsm": null, "valid_obs": 18, "valid_span": 22, "significant": false }, "geometry": { "type": "Point", "coordinates": [ 173.087518811222623, 1.440357160346357 ] } },
{ "type": "Feature", "properties": { "uid": "xb704wnxmj", "rate_time": 0.144, "sig_time": 0.248, "se_time": 0.12, "sce": 12.27, "nsm": null, "valid_obs": 18, "valid_span": 22, "significant": false }, "geometry": { "type": "Point", "coordinates": [ 173.087756004230243, 1.440482105260298 ] } },
{ "type": "Feature", "properties": { "uid": "xb704wnzep", "rate_time": 0.161, "sig_time": 0.581, "se_time": 0.286, "sce": 36.2, "nsm": null, "valid_obs": 19, "valid_span": 22, "significant": false }, "geometry": { "type": "Point", "coordinates": [ 173.088017848364046, 1.440535887715766 ] } },
{ "type": "Feature", "properties": { "uid": "xb704wpp92", "rate_time": 0.098, "sig_time": 0.581, "se_time": 0.174, "sce": 17.46, "nsm": null, "valid_obs": 19, "valid_span": 22, "significant": false }, "geometry": { "type": "Point", "coordinates": [ 173.088282140997535, 1.440500268744968 ] } },
{ "type": "Feature", "properties": { "uid": "xb704wpnzj", "rate_time": 0.095, "sig_time": 0.593, "se_time": 0.175, "sce": 18.64, "nsm": null, "valid_obs": 19, "valid_span": 22, "significant": false }, "geometry": { "type": "Point", "coordinates": [ 173.088530190847905, 1.440397964079498 ] } },
{ "type": "Feature", "properties": { "uid": "xb704wpqh7", "rate_time": 0.191, "sig_time": 0.302, "se_time": 0.18, "sce": 20.22, "nsm": null, "valid_obs": 21, "valid_span": 22, "significant": false }, "geometry": { "type": "Point", "coordinates": [ 173.088760497671899, 1.440258481629893 ] } },
{ "type": "Feature", "properties": { "uid": "xb704wpt17", "rate_time": 0.135, "sig_time": 0.254, "se_time": 0.115, "sce": 10.0, "nsm": null, "valid_obs": 21, "valid_span": 22, "significant": false }, "geometry": { "type": "Point", "coordinates": [ 173.088966936175865, 1.440084524388044 ] } },
{ "type": "Feature", "properties": { "uid": "xb704wpsn4", "rate_time": 0.084, "sig_time": 0.497, "se_time": 0.121, "sce": 12.43, "nsm": null, "valid_obs": 21, "valid_span": 22, "significant": false }, "geometry": { "type": "Point", "coordinates": [ 173.089172337996956, 1.439909488396299 ] } },
{ "type": "Feature", "properties": { "uid": "xb704wpg5r", "rate_time": -0.004, "sig_time": 0.973, "se_time": 0.128, "sce": 13.02, "nsm": null, "valid_obs": 21, "valid_span": 22, "significant": false }, "geometry": { "type": "Point", "coordinates": [ 173.089400178528962, 1.439764611417442 ] } },
{ "type": "Feature", "properties": { "uid": "xb704wpfp6", "rate_time": -0.015, "sig_time": 0.912, "se_time": 0.137, "sce": 14.33, "nsm": null, "valid_obs": 21, "valid_span": 22, "significant": false }, "geometry": { "type": "Point", "coordinates": [ 173.089577713649305, 1.439563485516117 ] } },
{ "type": "Feature", "properties": { "uid": "xb704y00fb", "rate_time": 0.186, "sig_time": 0.639, "se_time": 0.39, "sce": 42.64, "nsm": null, "valid_obs": 21, "valid_span": 22, "significant": false }, "geometry": { "type": "Point", "coordinates": [ 173.089726855846408, 1.439338355990212 ] } },
{ "type": "Feature", "properties": { "uid": "xb704vbpqq", "rate_time": -0.179, "sig_time": 0.082, "se_time": 0.097, "sce": 10.59, "nsm": null, "valid_obs": 19, "valid_span": 22, "significant": false }, "geometry": { "type": "Point", "coordinates": [ 173.089875759700533, 1.439113791301613 ] } },
{ "type": "Feature", "properties": { "uid": "xb704vbq6g", "rate_time": -0.087, "sig_time": 0.526, "se_time": 0.135, "sce": 13.8, "nsm": null, "valid_obs": 19, "valid_span": 22, "significant": false }, "geometry": { "type": "Point", "coordinates": [ 173.09007045844848, 1.438927956890088 ] } },
{ "type": "Feature", "properties": { "uid": "xb704vbmn3", "rate_time": -0.094, "sig_time": 0.517, "se_time": 0.142, "sce": 14.39, "nsm": null, "valid_obs": 19, "valid_span": 22, "significant": false }, "geometry": { "type": "Point", "coordinates": [ 173.090214603921595, 1.438700584782135 ] } },
{ "type": "Feature", "properties": { "uid": "xb704v8uw1", "rate_time": -0.08, "sig_time": 0.562, "se_time": 0.135, "sce": 11.72, "nsm": null, "valid_obs": 18, "valid_span": 21, "significant": false }, "geometry": { "type": "Point", "coordinates": [ 173.090888859669462, 1.437240359452795 ] } },
{ "type": "Feature", "properties": { "uid": "xb704v953c", "rate_time": -0.072, "sig_time": 0.57, "se_time": 0.124, "sce": 10.75, "nsm": null, "valid_obs": 18, "valid_span": 21, "significant": false }, "geometry": { "type": "Point", "coordinates": [ 173.091057120494924, 1.437028494881975 ] } },
{ "type": "Feature", "properties": { "uid": "xb704v94q8", "rate_time": -0.026, "sig_time": 0.896, "se_time": 0.196, "sce": 23.01, "nsm": null, "valid_obs": 18, "valid_span": 21, "significant": false }, "geometry": { "type": "Point", "coordinates": [ 173.091260688128131, 1.436851445783427 ] } },
{ "type": "Feature", "properties": { "uid": "xb704v93s7", "rate_time": 0.0, "sig_time": 1.0, "se_time": 0.463, "sce": 56.42, "nsm": null, "valid_obs": 18, "valid_span": 21, "significant": false }, "geometry": { "type": "Point", "coordinates": [ 173.091502456826532, 1.43673890084565 ] } },
{ "type": "Feature", "properties": { "uid": "xb704tv3sp", "rate_time": -0.687, "sig_time": 0.081, "se_time": 0.37, "sce": 39.27, "nsm": null, "valid_obs": 19, "valid_span": 22, "significant": false }, "geometry": { "type": "Point", "coordinates": [ 173.08600016094141, 1.438135989793837 ] } },
{ "type": "Feature", "properties": { "uid": "xb704tv22t", "rate_time": -0.544, "sig_time": 0.127, "se_time": 0.339, "sce": 35.8, "nsm": null, "valid_obs": 19, "valid_span": 22, "significant": false }, "geometry": { "type": "Point", "coordinates": [ 173.085854115892772, 1.437908209472861 ] } },
{ "type": "Feature", "properties": { "uid": "xb704spjgy", "rate_time": 1.223, "sig_time": 0.213, "se_time": 0.937, "sce": 112.43, "nsm": null, "valid_obs": 16, "valid_span": 21, "significant": false }, "geometry": { "type": "Point", "coordinates": [ 173.088387666863639, 1.429244031426805 ] } },
{ "type": "Feature", "properties": { "uid": "xb704spm1h", "rate_time": -0.414, "sig_time": 0.681, "se_time": 0.985, "sce": 113.5, "nsm": null, "valid_obs": 16, "valid_span": 21, "significant": false }, "geometry": { "type": "Point", "coordinates": [ 173.088616164935928, 1.429104872306947 ] } },
{ "type": "Feature", "properties": { "uid": "xb704sp7uu", "rate_time": 0.356, "sig_time": 0.426, "se_time": 0.433, "sce": 39.65, "nsm": null, "valid_obs": 15, "valid_span": 21, "significant": false }, "geometry": { "type": "Point", "coordinates": [ 173.088780222166577, 1.428889680456474 ] } },
{ "type": "Feature", "properties": { "uid": "xb704spdce", "rate_time": 0.435, "sig_time": 0.235, "se_time": 0.349, "sce": 33.7, "nsm": null, "valid_obs": 15, "valid_span": 21, "significant": false }, "geometry": { "type": "Point", "coordinates": [ 173.08898410549611, 1.428715579712206 ] } },
{ "type": "Feature", "properties": { "uid": "xb704spdnb", "rate_time": 0.477, "sig_time": 0.481, "se_time": 0.658, "sce": 75.91, "nsm": null, "valid_obs": 16, "valid_span": 21, "significant": false }, "geometry": { "type": "Point", "coordinates": [ 173.089209289074432, 1.428566653804529 ] } },
{ "type": "Feature", "properties": { "uid": "xb704spchh", "rate_time": 0.52, "sig_time": 0.462, "se_time": 0.689, "sce": 64.11, "nsm": null, "valid_obs": 17, "valid_span": 21, "significant": false }, "geometry": { "type": "Point", "coordinates": [ 173.089433082035129, 1.428419169771067 ] } },
{ "type": "Feature", "properties": { "uid": "xb704u0145", "rate_time": 1.211, "sig_time": 0.074, "se_time": 0.634, "sce": 84.02, "nsm": null, "valid_obs": 18, "valid_span": 21, "significant": false }, "geometry": { "type": "Point", "coordinates": [ 173.089695964051998, 1.428413681294786 ] } },
{ "type": "Feature", "properties": { "uid": "xb704u21mh", "rate_time": -0.502, "sig_time": 0.179, "se_time": 0.357, "sce": 31.66, "nsm": null, "valid_obs": 18, "valid_span": 21, "significant": false }, "geometry": { "type": "Point", "coordinates": [ 173.089824765195118, 1.429832609408672 ] } },
{ "type": "Feature", "properties": { "uid": "xb704u220u", "rate_time": -0.346, "sig_time": 0.045, "se_time": 0.159, "sce": 16.25, "nsm": null, "valid_obs": 18, "valid_span": 21, "significant": true }, "geometry": { "type": "Point", "coordinates": [ 173.089978480502907, 1.429619421915729 ] } },
{ "type": "Feature", "properties": { "uid": "xb704u26dp", "rate_time": -0.484, "sig_time": 0.039, "se_time": 0.216, "sce": 23.4, "nsm": null, "valid_obs": 18, "valid_span": 21, "significant": true }, "geometry": { "type": "Point", "coordinates": [ 173.090038048611376, 1.430067465271448 ] } },
{ "type": "Feature", "properties": { "uid": "xb704udqs0", "rate_time": -0.052, "sig_time": 0.75, "se_time": 0.161, "sce": 14.5, "nsm": null, "valid_obs": 16, "valid_span": 21, "significant": false }, "geometry": { "type": "Point", "coordinates": [ 173.092864350555971, 1.432089779021607 ] } },
{ "type": "Feature", "properties": { "uid": "xb704udx3p", "rate_time": -0.076, "sig_time": 0.68, "se_time": 0.18, "sce": 16.27, "nsm": null, "valid_obs": 16, "valid_span": 21, "significant": false }, "geometry": { "type": "Point", "coordinates": [ 173.093080325434585, 1.432251886503574 ] } },
{ "type": "Feature", "properties": { "uid": "xb704uf8tb", "rate_time": -0.158, "sig_time": 0.429, "se_time": 0.194, "sce": 16.08, "nsm": null, "valid_obs": 16, "valid_span": 21, "significant": false }, "geometry": { "type": "Point", "coordinates": [ 173.09328115655876, 1.432430401715493 ] } },
{ "type": "Feature", "properties": { "uid": "xb704ufcd7", "rate_time": -0.186, "sig_time": 0.392, "se_time": 0.21, "sce": 16.56, "nsm": null, "valid_obs": 16, "valid_span": 21, "significant": false }, "geometry": { "type": "Point", "coordinates": [ 173.093475940471137, 1.432617729222245 ] } },
{ "type": "Feature", "properties": { "uid": "xb704uffru", "rate_time": -0.312, "sig_time": 0.167, "se_time": 0.214, "sce": 16.08, "nsm": null, "valid_obs": 16, "valid_span": 21, "significant": false }, "geometry": { "type": "Point", "coordinates": [ 173.093709050065797, 1.432751413321811 ] } },
{ "type": "Feature", "properties": { "uid": "xb704ug4vt", "rate_time": -0.226, "sig_time": 0.363, "se_time": 0.241, "sce": 19.01, "nsm": null, "valid_obs": 16, "valid_span": 21, "significant": false }, "geometry": { "type": "Point", "coordinates": [ 173.09396184503305, 1.432844978312788 ] } },
{ "type": "Feature", "properties": { "uid": "xb704ug7eh", "rate_time": -0.397, "sig_time": 0.157, "se_time": 0.266, "sce": 20.02, "nsm": null, "valid_obs": 16, "valid_span": 21, "significant": false }, "geometry": { "type": "Point", "coordinates": [ 173.094202050043094, 1.432966878956398 ] } },
{ "type": "Feature", "properties": { "uid": "xb704ugs2g", "rate_time": -0.413, "sig_time": 0.146, "se_time": 0.268, "sce": 21.29, "nsm": null, "valid_obs": 16, "valid_span": 21, "significant": false }, "geometry": { "type": "Point", "coordinates": [ 173.094441462349607, 1.43309091570967 ] } },
{ "type": "Feature", "properties": { "uid": "xb704ugtn3", "rate_time": -0.521, "sig_time": 0.058, "se_time": 0.252, "sce": 20.06, "nsm": null, "valid_obs": 16, "valid_span": 21, "significant": false }, "geometry": { "type": "Point", "coordinates": [ 173.094682821349721, 1.433211557889432 ] } },
{ "type": "Feature", "properties": { "uid": "xb704ugvsm", "rate_time": -0.492, "sig_time": 0.029, "se_time": 0.202, "sce": 17.84, "nsm": null, "valid_obs": 16, "valid_span": 21, "significant": true }, "geometry": { "type": "Point", "coordinates": [ 173.094932192069081, 1.433313803339776 ] } },
{ "type": "Feature", "properties": { "uid": "xb704uun60", "rate_time": -0.418, "sig_time": 0.046, "se_time": 0.191, "sce": 19.31, "nsm": null, "valid_obs": 16, "valid_span": 21, "significant": true }, "geometry": { "type": "Point", "coordinates": [ 173.095180882888599, 1.433417114177902 ] } },
{ "type": "Feature", "properties": { "uid": "xb704uunzt", "rate_time": -0.375, "sig_time": 0.14, "se_time": 0.24, "sce": 24.55, "nsm": null, "valid_obs": 16, "valid_span": 21, "significant": false }, "geometry": { "type": "Point", "coordinates": [ 173.095424702197363, 1.433532430628006 ] } },
{ "type": "Feature", "properties": { "uid": "xb704uurt8", "rate_time": -0.305, "sig_time": 0.275, "se_time": 0.269, "sce": 25.78, "nsm": null, "valid_obs": 16, "valid_span": 21, "significant": false }, "geometry": { "type": "Point", "coordinates": [ 173.09567430537362, 1.433634517101168 ] } },
{ "type": "Feature", "properties": { "uid": "xb704vh856", "rate_time": -0.324, "sig_time": 0.255, "se_time": 0.273, "sce": 24.92, "nsm": null, "valid_obs": 16, "valid_span": 21, "significant": false }, "geometry": { "type": "Point", "coordinates": [ 173.095925667007322, 1.433730941975831 ] } },
{ "type": "Feature", "properties": { "uid": "xb704vhez8", "rate_time": -0.347, "sig_time": 0.051, "se_time": 0.163, "sce": 15.54, "nsm": null, "valid_obs": 16, "valid_span": 21, "significant": false }, "geometry": { "type": "Point", "coordinates": [ 173.096109387066747, 1.434360531827397 ] } },
{ "type": "Feature", "properties": { "uid": "xb704vhs3u", "rate_time": -0.25, "sig_time": 0.209, "se_time": 0.19, "sce": 18.81, "nsm": null, "valid_obs": 16, "valid_span": 21, "significant": false }, "geometry": { "type": "Point", "coordinates": [ 173.095862053397212, 1.434467752708777 ] } },
{ "type": "Feature", "properties": { "uid": "xb704vhj05", "rate_time": -0.387, "sig_time": 0.375, "se_time": 0.423, "sce": 51.08, "nsm": null, "valid_obs": 17, "valid_span": 21, "significant": false }, "geometry": { "type": "Point", "coordinates": [ 173.09509694835603, 1.434590541404086 ] } },
{ "type": "Feature", "properties": { "uid": "xb704vhmht", "rate_time": -0.391, "sig_time": 0.043, "se_time": 0.176, "sce": 16.61, "nsm": null, "valid_obs": 16, "valid_span": 21, "significant": true }, "geometry": { "type": "Point", "coordinates": [ 173.095629380354609, 1.434604298579293 ] } },
{ "type": "Feature", "properties": { "uid": "xb704vhjq7", "rate_time": -0.332, "sig_time": 0.109, "se_time": 0.194, "sce": 19.68, "nsm": null, "valid_obs": 16, "valid_span": 21, "significant": false }, "geometry": { "type": "Point", "coordinates": [ 173.095362519541482, 1.434634694950688 ] } },
{ "type": "Feature", "properties": { "uid": "xb704v5vf2", "rate_time": -0.277, "sig_time": 0.205, "se_time": 0.209, "sce": 20.12, "nsm": null, "valid_obs": 17, "valid_span": 21, "significant": false }, "geometry": { "type": "Point", "coordinates": [ 173.094855947956944, 1.43470591604591 ] } },
{ "type": "Feature", "properties": { "uid": "xb704v5wy5", "rate_time": -0.244, "sig_time": 0.167, "se_time": 0.168, "sce": 14.97, "nsm": null, "valid_obs": 17, "valid_span": 21, "significant": false }, "geometry": { "type": "Point", "coordinates": [ 173.094663715363168, 1.434892530659451 ] } },
{ "type": "Feature", "properties": { "uid": "xb704v4x85", "rate_time": 0.662, "sig_time": 0.073, "se_time": 0.341, "sce": 43.61, "nsm": null, "valid_obs": 16, "valid_span": 21, "significant": false }, "geometry": { "type": "Point", "coordinates": [ 173.093034706372691, 1.435023514950365 ] } },
{ "type": "Feature", "properties": { "uid": "xb704v4xvv", "rate_time": 0.108, "sig_time": 0.731, "se_time": 0.307, "sce": 25.13, "nsm": null, "valid_obs": 16, "valid_span": 21, "significant": false }, "geometry": { "type": "Point", "coordinates": [ 173.093284119429086, 1.435076252268043 ] } },
{ "type": "Feature", "properties": { "uid": "xb704v5xcx", "rate_time": -0.353, "sig_time": 0.13, "se_time": 0.22, "sce": 18.8, "nsm": null, "valid_obs": 17, "valid_span": 21, "significant": false }, "geometry": { "type": "Point", "coordinates": [ 173.094478015354383, 1.435088729801846 ] } },
{ "type": "Feature", "properties": { "uid": "xb704v6bg1", "rate_time": -0.113, "sig_time": 0.676, "se_time": 0.264, "sce": 19.2, "nsm": null, "valid_obs": 16, "valid_span": 21, "significant": false }, "geometry": { "type": "Point", "coordinates": [ 173.093509711402305, 1.435224351662568 ] } },
{ "type": "Feature", "properties": { "uid": "xb704v72uw", "rate_time": -0.396, "sig_time": 0.147, "se_time": 0.259, "sce": 21.48, "nsm": null, "valid_obs": 17, "valid_span": 21, "significant": false }, "geometry": { "type": "Point", "coordinates": [ 173.094263096671, 1.435251395647609 ] } },
{ "type": "Feature", "properties": { "uid": "xb704v7189", "rate_time": -0.213, "sig_time": 0.708, "se_time": 0.559, "sce": 62.89, "nsm": null, "valid_obs": 17, "valid_span": 21, "significant": false }, "geometry": { "type": "Point", "coordinates": [ 173.093745781109902, 1.435353061342519 ] } },
{ "type": "Feature", "properties": { "uid": "xb704v71wc", "rate_time": -0.359, "sig_time": 0.319, "se_time": 0.348, "sce": 30.97, "nsm": null, "valid_obs": 17, "valid_span": 21, "significant": false }, "geometry": { "type": "Point", "coordinates": [ 173.094014508452915, 1.435356164748732 ] } },
{ "type": "Feature", "properties": { "uid": "xb704u7rce", "rate_time": -0.002, "sig_time": 0.997, "se_time": 0.531, "sce": 63.11, "nsm": null, "valid_obs": 18, "valid_span": 21, "significant": false }, "geometry": { "type": "Point", "coordinates": [ 173.094130819051713, 1.430943625030938 ] } },
{ "type": "Feature", "properties": { "uid": "xb704ue2wv", "rate_time": -0.342, "sig_time": 0.194, "se_time": 0.252, "sce": 19.96, "nsm": null, "valid_obs": 17, "valid_span": 21, "significant": false }, "geometry": { "type": "Point", "coordinates": [ 173.094359529270804, 1.43108455914459 ] } },
{ "type": "Feature", "properties": { "uid": "xb704ue9eg", "rate_time": -0.187, "sig_time": 0.399, "se_time": 0.215, "sce": 18.26, "nsm": null, "valid_obs": 17, "valid_span": 21, "significant": false }, "geometry": { "type": "Point", "coordinates": [ 173.094574390387208, 1.431246813377207 ] } },
{ "type": "Feature", "properties": { "uid": "xb704uef1x", "rate_time": -0.082, "sig_time": 0.653, "se_time": 0.179, "sce": 16.2, "nsm": null, "valid_obs": 17, "valid_span": 21, "significant": false }, "geometry": { "type": "Point", "coordinates": [ 173.094822160530867, 1.431352846085942 ] } },
{ "type": "Feature", "properties": { "uid": "xb704uefz7", "rate_time": -0.198, "sig_time": 0.133, "se_time": 0.125, "sce": 12.38, "nsm": null, "valid_obs": 17, "valid_span": 21, "significant": false }, "geometry": { "type": "Point", "coordinates": [ 173.095069685723416, 1.431460132864224 ] } },
{ "type": "Feature", "properties": { "uid": "xb704us5mq", "rate_time": -0.364, "sig_time": 0.133, "se_time": 0.229, "sce": 27.43, "nsm": null, "valid_obs": 17, "valid_span": 21, "significant": false }, "geometry": { "type": "Point", "coordinates": [ 173.095319397325483, 1.431562151217042 ] } },
{ "type": "Feature", "properties": { "uid": "xb704usk51", "rate_time": 0.109, "sig_time": 0.448, "se_time": 0.139, "sce": 14.31, "nsm": null, "valid_obs": 16, "valid_span": 21, "significant": false }, "geometry": { "type": "Point", "coordinates": [ 173.095568141725721, 1.431666476223647 ] } },
{ "type": "Feature", "properties": { "uid": "xb704uv39k", "rate_time": -0.782, "sig_time": 0.015, "se_time": 0.284, "sce": 34.31, "nsm": null, "valid_obs": 16, "valid_span": 21, "significant": true }, "geometry": { "type": "Point", "coordinates": [ 173.096868396276562, 1.432621909199552 ] } },
{ "type": "Feature", "properties": { "uid": "xb704uv6pp", "rate_time": -1.024, "sig_time": 0.002, "se_time": 0.275, "sce": 30.95, "nsm": null, "valid_obs": 16, "valid_span": 21, "significant": true }, "geometry": { "type": "Point", "coordinates": [ 173.097116054003436, 1.432726436710066 ] } },
{ "type": "Feature", "properties": { "uid": "xb704uvdut", "rate_time": -1.125, "sig_time": 0.002, "se_time": 0.301, "sce": 30.61, "nsm": null, "valid_obs": 16, "valid_span": 21, "significant": true }, "geometry": { "type": "Point", "coordinates": [ 173.097355498029515, 1.432846351349439 ] } },
{ "type": "Feature", "properties": { "uid": "xb704uvgcf", "rate_time": -0.954, "sig_time": 0.004, "se_time": 0.281, "sce": 33.22, "nsm": null, "valid_obs": 16, "valid_span": 21, "significant": true }, "geometry": { "type": "Point", "coordinates": [ 173.097577927678003, 1.432999345812082 ] } },
{ "type": "Feature", "properties": { "uid": "xb704uvuyb", "rate_time": -0.572, "sig_time": 0.114, "se_time": 0.34, "sce": 35.93, "nsm": null, "valid_obs": 16, "valid_span": 21, "significant": false }, "geometry": { "type": "Point", "coordinates": [ 173.097793266430642, 1.433162234629414 ] } },
{ "type": "Feature", "properties": { "uid": "xb704uyjgk", "rate_time": -0.208, "sig_time": 0.724, "se_time": 0.578, "sce": 63.88, "nsm": null, "valid_obs": 16, "valid_span": 21, "significant": false }, "geometry": { "type": "Point", "coordinates": [ 173.097984736854443, 1.433353037827463 ] } },
{ "type": "Feature", "properties": { "uid": "xb704uypph", "rate_time": -0.681, "sig_time": 0.0, "se_time": 0.146, "sce": 18.14, "nsm": null, "valid_obs": 15, "valid_span": 21, "significant": true }, "geometry": { "type": "Point", "coordinates": [ 173.098146023984242, 1.433568331410974 ] } },
{ "type": "Feature", "properties": { "uid": "xb704vn26r", "rate_time": -0.548, "sig_time": 0.042, "se_time": 0.243, "sce": 22.93, "nsm": null, "valid_obs": 15, "valid_span": 21, "significant": true }, "geometry": { "type": "Point", "coordinates": [ 173.098285335526299, 1.433800159207471 ] } },
{ "type": "Feature", "properties": { "uid": "xb704vn8bp", "rate_time": -1.24, "sig_time": 0.019, "se_time": 0.464, "sce": 45.35, "nsm": null, "valid_obs": 15, "valid_span": 21, "significant": true }, "geometry": { "type": "Point", "coordinates": [ 173.098529466644351, 1.433882917780751 ] } },
{ "type": "Feature", "properties": { "uid": "xb704vn8m2", "rate_time": -1.193, "sig_time": 0.01, "se_time": 0.398, "sce": 40.47, "nsm": null, "valid_obs": 15, "valid_span": 21, "significant": true }, "geometry": { "type": "Point", "coordinates": [ 173.098752957920084, 1.433762168974557 ] } },
{ "type": "Feature", "properties": { "uid": "xb704uyyns", "rate_time": -0.992, "sig_time": 0.012, "se_time": 0.342, "sce": 35.34, "nsm": null, "valid_obs": 15, "valid_span": 21, "significant": true }, "geometry": { "type": "Point", "coordinates": [ 173.099152700501207, 1.43339881327612 ] } },
{ "type": "Feature", "properties": { "uid": "xb704uzj5z", "rate_time": -0.971, "sig_time": 0.038, "se_time": 0.42, "sce": 42.03, "nsm": null, "valid_obs": 15, "valid_span": 21, "significant": true }, "geometry": { "type": "Point", "coordinates": [ 173.099373791923739, 1.433243710015048 ] } },
{ "type": "Feature", "properties": { "uid": "xb704uxw3t", "rate_time": -1.007, "sig_time": 0.005, "se_time": 0.299, "sce": 30.53, "nsm": null, "valid_obs": 16, "valid_span": 21, "significant": true }, "geometry": { "type": "Point", "coordinates": [ 173.099973340273635, 1.432071823119277 ] } },
{ "type": "Feature", "properties": { "uid": "xb704uxtmb", "rate_time": -0.85, "sig_time": 0.007, "se_time": 0.272, "sce": 27.83, "nsm": null, "valid_obs": 16, "valid_span": 21, "significant": true }, "geometry": { "type": "Point", "coordinates": [ 173.100154201551049, 1.431870736496854 ] } },
{ "type": "Feature", "properties": { "uid": "xb704uxu44", "rate_time": -0.749, "sig_time": 0.008, "se_time": 0.245, "sce": 26.05, "nsm": null, "valid_obs": 16, "valid_span": 21, "significant": true }, "geometry": { "type": "Point", "coordinates": [ 173.100332594650041, 1.431667436882288 ] } },
{ "type": "Feature", "properties": { "uid": "xb704uxfvf", "rate_time": -0.883, "sig_time": 0.003, "se_time": 0.249, "sce": 28.85, "nsm": null, "valid_obs": 16, "valid_span": 21, "significant": true }, "geometry": { "type": "Point", "coordinates": [ 173.10049885527107, 1.431454388025786 ] } },
{ "type": "Feature", "properties": { "uid": "xb705h8192", "rate_time": -1.066, "sig_time": 0.001, "se_time": 0.241, "sce": 33.56, "nsm": null, "valid_obs": 16, "valid_span": 21, "significant": true }, "geometry": { "type": "Point", "coordinates": [ 173.100647897544377, 1.431230116336303 ] } },
{ "type": "Feature", "properties": { "uid": "xb704u7p5v", "rate_time": -0.166, "sig_time": 0.683, "se_time": 0.4, "sce": 43.42, "nsm": null, "valid_obs": 18, "valid_span": 21, "significant": false }, "geometry": { "type": "Point", "coordinates": [ 173.093887527305611, 1.430827114792012 ] } },
{ "type": "Feature", "properties": { "uid": "xb704u6yqm", "rate_time": 0.262, "sig_time": 0.552, "se_time": 0.432, "sce": 52.54, "nsm": null, "valid_obs": 19, "valid_span": 21, "significant": false }, "geometry": { "type": "Point", "coordinates": [ 173.093651820844798, 1.43069750188988 ] } },
{ "type": "Feature", "properties": { "uid": "xb704u6v94", "rate_time": 0.087, "sig_time": 0.761, "se_time": 0.281, "sce": 27.79, "nsm": null, "valid_obs": 19, "valid_span": 21, "significant": false }, "geometry": { "type": "Point", "coordinates": [ 173.093424103222418, 1.430554366188481 ] } },
{ "type": "Feature", "properties": { "uid": "xb70553ygu", "rate_time": -0.05, "sig_time": 0.732, "se_time": 0.144, "sce": 15.76, "nsm": null, "valid_obs": 18, "valid_span": 22, "significant": false }, "geometry": { "type": "Point", "coordinates": [ 173.103155967860403, 1.42528349318628 ] } },
{ "type": "Feature", "properties": { "uid": "xb70559b0h", "rate_time": 0.082, "sig_time": 0.827, "se_time": 0.369, "sce": 49.31, "nsm": null, "valid_obs": 19, "valid_span": 22, "significant": false }, "geometry": { "type": "Point", "coordinates": [ 173.102991618161042, 1.425498337698623 ] } },
{ "type": "Feature", "properties": { "uid": "xb705599k4", "rate_time": 0.129, "sig_time": 0.404, "se_time": 0.151, "sce": 20.47, "nsm": null, "valid_obs": 19, "valid_span": 22, "significant": false }, "geometry": { "type": "Point", "coordinates": [ 173.102819638418055, 1.425706515230674 ] } },
{ "type": "Feature", "properties": { "uid": "xb705596rw", "rate_time": 0.155, "sig_time": 0.204, "se_time": 0.117, "sce": 14.12, "nsm": null, "valid_obs": 19, "valid_span": 22, "significant": false }, "geometry": { "type": "Point", "coordinates": [ 173.102630154130196, 1.425899197781848 ] } },
{ "type": "Feature", "properties": { "uid": "xb704gxe0t", "rate_time": 0.131, "sig_time": 0.504, "se_time": 0.191, "sce": 24.1, "nsm": null, "valid_obs": 19, "valid_span": 22, "significant": false }, "geometry": { "type": "Point", "coordinates": [ 173.099925480181668, 1.426021035139404 ] } },
{ "type": "Feature", "properties": { "uid": "xb7055976t", "rate_time": 0.089, "sig_time": 0.49, "se_time": 0.126, "sce": 14.57, "nsm": null, "valid_obs": 19, "valid_span": 22, "significant": false }, "geometry": { "type": "Point", "coordinates": [ 173.102416513441511, 1.42606452328937 ] } },
{ "type": "Feature", "properties": { "uid": "xb704gxsjc", "rate_time": 0.128, "sig_time": 0.346, "se_time": 0.132, "sce": 13.16, "nsm": null, "valid_obs": 19, "valid_span": 22, "significant": false }, "geometry": { "type": "Point", "coordinates": [ 173.100149173857005, 1.426172219639591 ] } },
{ "type": "Feature", "properties": { "uid": "xb70559hw3", "rate_time": 0.065, "sig_time": 0.609, "se_time": 0.124, "sce": 13.17, "nsm": null, "valid_obs": 19, "valid_span": 22, "significant": false }, "geometry": { "type": "Point", "coordinates": [ 173.102229956573467, 1.426258005229821 ] } },
{ "type": "Feature", "properties": { "uid": "xb704gxug2", "rate_time": 0.12, "sig_time": 0.246, "se_time": 0.1, "sce": 10.38, "nsm": null, "valid_obs": 19, "valid_span": 22, "significant": false }, "geometry": { "type": "Point", "coordinates": [ 173.100390610456913, 1.426292228211572 ] } },
{ "type": "Feature", "properties": { "uid": "xb70558j33", "rate_time": 0.122, "sig_time": 0.275, "se_time": 0.109, "sce": 11.44, "nsm": null, "valid_obs": 19, "valid_span": 22, "significant": false }, "geometry": { "type": "Point", "coordinates": [ 173.100642524658355, 1.426387555327711 ] } },
{ "type": "Feature", "properties": { "uid": "xb70558jz2", "rate_time": 0.099, "sig_time": 0.356, "se_time": 0.104, "sce": 10.09, "nsm": null, "valid_obs": 19, "valid_span": 22, "significant": false }, "geometry": { "type": "Point", "coordinates": [ 173.100900837478349, 1.42646435657995 ] } },
{ "type": "Feature", "properties": { "uid": "xb70559jf3", "rate_time": 0.07, "sig_time": 0.606, "se_time": 0.134, "sce": 14.13, "nsm": null, "valid_obs": 19, "valid_span": 22, "significant": false }, "geometry": { "type": "Point", "coordinates": [ 173.102062096078186, 1.426470075763999 ] } },
{ "type": "Feature", "properties": { "uid": "xb70558qm4", "rate_time": 0.081, "sig_time": 0.525, "se_time": 0.125, "sce": 13.62, "nsm": null, "valid_obs": 19, "valid_span": 22, "significant": false }, "geometry": { "type": "Point", "coordinates": [ 173.101150093850208, 1.426563954816452 ] } },
{ "type": "Feature", "properties": { "uid": "xb70558yyn", "rate_time": 0.12, "sig_time": 0.422, "se_time": 0.146, "sce": 15.92, "nsm": null, "valid_obs": 19, "valid_span": 22, "significant": false }, "geometry": { "type": "Point", "coordinates": [ 173.101879436657327, 1.426669508486588 ] } },
{ "type": "Feature", "properties": { "uid": "xb70558x4d", "rate_time": 0.087, "sig_time": 0.588, "se_time": 0.157, "sce": 17.88, "nsm": null, "valid_obs": 19, "valid_span": 22, "significant": false }, "geometry": { "type": "Point", "coordinates": [ 173.1013874997779, 1.426691993440797 ] } },
{ "type": "Feature", "properties": { "uid": "xb70558z2r", "rate_time": 0.177, "sig_time": 0.271, "se_time": 0.156, "sce": 18.73, "nsm": null, "valid_obs": 19, "valid_span": 22, "significant": false }, "geometry": { "type": "Point", "coordinates": [ 173.101635660520202, 1.426759234703781 ] } },
{ "type": "Feature", "properties": { "uid": "xb704gx676", "rate_time": 0.098, "sig_time": 0.805, "se_time": 0.391, "sce": 50.18, "nsm": null, "valid_obs": 19, "valid_span": 22, "significant": false }, "geometry": { "type": "Point", "coordinates": [ 173.099697332458874, 1.425876723218006 ] } },
{ "type": "Feature", "properties": { "uid": "xb704gx1qn", "rate_time": 0.028, "sig_time": 0.852, "se_time": 0.145, "sce": 17.12, "nsm": null, "valid_obs": 18, "valid_span": 22, "significant": false }, "geometry": { "type": "Point", "coordinates": [ 173.099473577284272, 1.425725634907325 ] } },
{ "type": "Feature", "properties": { "uid": "xb704gx08x", "rate_time": -0.036, "sig_time": 0.824, "se_time": 0.16, "sce": 20.03, "nsm": null, "valid_obs": 18, "valid_span": 22, "significant": false }, "geometry": { "type": "Point", "coordinates": [ 173.099234611523286, 1.425602347594617 ] } },
{ "type": "Feature", "properties": { "uid": "xb704gwb6q", "rate_time": 0.234, "sig_time": 0.476, "se_time": 0.321, "sce": 45.41, "nsm": null, "valid_obs": 18, "valid_span": 22, "significant": false }, "geometry": { "type": "Point", "coordinates": [ 173.098975891360908, 1.425552480914452 ] } },
{ "type": "Feature", "properties": { "uid": "xb704gw8uu", "rate_time": 0.451, "sig_time": 0.414, "se_time": 0.538, "sce": 77.58, "nsm": null, "valid_obs": 18, "valid_span": 22, "significant": false }, "geometry": { "type": "Point", "coordinates": [ 173.098733606152649, 1.4256285508471 ] } },
{ "type": "Feature", "properties": { "uid": "xb704gwuu9", "rate_time": -0.479, "sig_time": 0.032, "se_time": 0.206, "sce": 30.18, "nsm": null, "valid_obs": 19, "valid_span": 22, "significant": true }, "geometry": { "type": "Point", "coordinates": [ 173.099065405133388, 1.426298022720504 ] } },
{ "type": "Feature", "properties": { "uid": "xb704gxjch", "rate_time": -0.148, "sig_time": 0.216, "se_time": 0.115, "sce": 14.77, "nsm": null, "valid_obs": 19, "valid_span": 22, "significant": false }, "geometry": { "type": "Point", "coordinates": [ 173.099257523340839, 1.426488204850867 ] } },
{ "type": "Feature", "properties": { "uid": "xb704gxpj2", "rate_time": -0.032, "sig_time": 0.779, "se_time": 0.114, "sce": 14.52, "nsm": null, "valid_obs": 19, "valid_span": 22, "significant": false }, "geometry": { "type": "Point", "coordinates": [ 173.099446293276003, 1.426681778130596 ] } },
{ "type": "Feature", "properties": { "uid": "xb704gz21u", "rate_time": 0.023, "sig_time": 0.838, "se_time": 0.11, "sce": 14.06, "nsm": null, "valid_obs": 19, "valid_span": 22, "significant": false }, "geometry": { "type": "Point", "coordinates": [ 173.099637265767541, 1.426873152057757 ] } },
{ "type": "Feature", "properties": { "uid": "xb704gz3nr", "rate_time": -0.151, "sig_time": 0.239, "se_time": 0.124, "sce": 13.74, "nsm": null, "valid_obs": 19, "valid_span": 22, "significant": false }, "geometry": { "type": "Point", "coordinates": [ 173.099832069266967, 1.427060570288071 ] } },
{ "type": "Feature", "properties": { "uid": "xb704gzd70", "rate_time": 0.042, "sig_time": 0.786, "se_time": 0.151, "sce": 18.58, "nsm": null, "valid_obs": 19, "valid_span": 22, "significant": false }, "geometry": { "type": "Point", "coordinates": [ 173.10003325012616, 1.427240895532574 ] } },
{ "type": "Feature", "properties": { "uid": "xb704gzert", "rate_time": 0.113, "sig_time": 0.426, "se_time": 0.139, "sce": 18.94, "nsm": null, "valid_obs": 19, "valid_span": 22, "significant": false }, "geometry": { "type": "Point", "coordinates": [ 173.100221520828654, 1.427434765649079 ] } },
{ "type": "Feature", "properties": { "uid": "xb704gzuej", "rate_time": -0.137, "sig_time": 0.453, "se_time": 0.178, "sce": 20.21, "nsm": null, "valid_obs": 19, "valid_span": 22, "significant": false }, "geometry": { "type": "Point", "coordinates": [ 173.10038030886642, 1.427653556457276 ] } },
{ "type": "Feature", "properties": { "uid": "xb704gzyjf", "rate_time": -0.18, "sig_time": 0.39, "se_time": 0.204, "sce": 27.2, "nsm": null, "valid_obs": 19, "valid_span": 22, "significant": false }, "geometry": { "type": "Point", "coordinates": [ 173.100492993287531, 1.427894998859913 ] } },
{ "type": "Feature", "properties": { "uid": "xb704upbfz", "rate_time": -0.164, "sig_time": 0.41, "se_time": 0.194, "sce": 24.17, "nsm": null, "valid_obs": 18, "valid_span": 21, "significant": false }, "geometry": { "type": "Point", "coordinates": [ 173.100362286688892, 1.428389598016106 ] } },
{ "type": "Feature", "properties": { "uid": "xb704updnt", "rate_time": -0.164, "sig_time": 0.421, "se_time": 0.199, "sce": 22.73, "nsm": null, "valid_obs": 18, "valid_span": 21, "significant": false }, "geometry": { "type": "Point", "coordinates": [ 173.100184782731162, 1.428593656535742 ] } },
{ "type": "Feature", "properties": { "uid": "xb704upe63", "rate_time": -0.15, "sig_time": 0.438, "se_time": 0.188, "sce": 20.99, "nsm": null, "valid_obs": 18, "valid_span": 21, "significant": false }, "geometry": { "type": "Point", "coordinates": [ 173.099996808880007, 1.428788023589057 ] } },
{ "type": "Feature", "properties": { "uid": "xb704upkmy", "rate_time": -0.529, "sig_time": 0.334, "se_time": 0.533, "sce": 54.33, "nsm": null, "valid_obs": 20, "valid_span": 21, "significant": false }, "geometry": { "type": "Point", "coordinates": [ 173.099811381714119, 1.428984801259215 ] } },
{ "type": "Feature", "properties": { "uid": "xb704ur2e1", "rate_time": 0.879, "sig_time": 0.018, "se_time": 0.337, "sce": 44.95, "nsm": null, "valid_obs": 20, "valid_span": 21, "significant": true }, "geometry": { "type": "Point", "coordinates": [ 173.099686563281693, 1.429688012265691 ] } },
{ "type": "Feature", "properties": { "uid": "xb704ur3xe", "rate_time": -0.065, "sig_time": 0.864, "se_time": 0.374, "sce": 32.63, "nsm": null, "valid_obs": 20, "valid_span": 21, "significant": false }, "geometry": { "type": "Point", "coordinates": [ 173.099881909809994, 1.429874870806163 ] } },
{ "type": "Feature", "properties": { "uid": "xb704urdsd", "rate_time": -0.183, "sig_time": 0.751, "se_time": 0.569, "sce": 48.27, "nsm": null, "valid_obs": 20, "valid_span": 21, "significant": false }, "geometry": { "type": "Point", "coordinates": [ 173.100094764218483, 1.430039980097215 ] } },
{ "type": "Feature", "properties": { "uid": "xb704rcjfy", "rate_time": 0.024, "sig_time": 0.861, "se_time": 0.137, "sce": 12.43, "nsm": null, "valid_obs": 19, "valid_span": 22, "significant": false }, "geometry": { "type": "Point", "coordinates": [ 173.069120706331773, 1.449846176131424 ] } },
{ "type": "Feature", "properties": { "uid": "xb704rbzpp", "rate_time": 0.23, "sig_time": 0.139, "se_time": 0.148, "sce": 14.86, "nsm": null, "valid_obs": 19, "valid_span": 22, "significant": false }, "geometry": { "type": "Point", "coordinates": [ 173.068957543848427, 1.450062025714009 ] } },
{ "type": "Feature", "properties": { "uid": "xb70620be9", "rate_time": 0.183, "sig_time": 0.329, "se_time": 0.182, "sce": 19.4, "nsm": null, "valid_obs": 19, "valid_span": 22, "significant": false }, "geometry": { "type": "Point", "coordinates": [ 173.068813696926071, 1.450291399885808 ] } },
{ "type": "Feature", "properties": { "uid": "xb70620fh9", "rate_time": -0.039, "sig_time": 0.831, "se_time": 0.182, "sce": 17.24, "nsm": null, "valid_obs": 19, "valid_span": 22, "significant": false }, "geometry": { "type": "Point", "coordinates": [ 173.068851536120661, 1.450548962293105 ] } },
{ "type": "Feature", "properties": { "uid": "xb7062150g", "rate_time": -0.091, "sig_time": 0.446, "se_time": 0.116, "sce": 11.19, "nsm": null, "valid_obs": 19, "valid_span": 22, "significant": false }, "geometry": { "type": "Point", "coordinates": [ 173.069041159772809, 1.450727250105062 ] } },
{ "type": "Feature", "properties": { "uid": "xb706215y7", "rate_time": -0.114, "sig_time": 0.209, "se_time": 0.087, "sce": 8.8, "nsm": null, "valid_obs": 19, "valid_span": 22, "significant": false }, "geometry": { "type": "Point", "coordinates": [ 173.069276956120291, 1.450858272665225 ] } },
{ "type": "Feature", "properties": { "uid": "xb70621ks0", "rate_time": -0.194, "sig_time": 0.025, "se_time": 0.079, "sce": 7.93, "nsm": null, "valid_obs": 19, "valid_span": 22, "significant": true }, "geometry": { "type": "Point", "coordinates": [ 173.069523428995552, 1.450967838917405 ] } },
{ "type": "Feature", "properties": { "uid": "xb70621t1y", "rate_time": -0.146, "sig_time": 0.097, "se_time": 0.083, "sce": 8.24, "nsm": null, "valid_obs": 19, "valid_span": 22, "significant": false }, "geometry": { "type": "Point", "coordinates": [ 173.069763470043938, 1.451091167151745 ] } },
{ "type": "Feature", "properties": { "uid": "xb70621wt2", "rate_time": -0.216, "sig_time": 0.061, "se_time": 0.107, "sce": 11.24, "nsm": null, "valid_obs": 19, "valid_span": 22, "significant": false }, "geometry": { "type": "Point", "coordinates": [ 173.069917152809637, 1.451312427533352 ] } },
{ "type": "Feature", "properties": { "uid": "xb704qkqje", "rate_time": -0.731, "sig_time": 0.004, "se_time": 0.216, "sce": 30.15, "nsm": null, "valid_obs": 19, "valid_span": 22, "significant": true }, "geometry": { "type": "Point", "coordinates": [ 173.073705746534586, 1.441633635624971 ] } },
{ "type": "Feature", "properties": { "uid": "xb704qkrxg", "rate_time": -0.686, "sig_time": 0.005, "se_time": 0.215, "sce": 27.29, "nsm": null, "valid_obs": 19, "valid_span": 22, "significant": true }, "geometry": { "type": "Point", "coordinates": [ 173.07380293716966, 1.441886536493491 ] } },
{ "type": "Feature", "properties": { "uid": "xb704qs91g", "rate_time": -0.669, "sig_time": 0.013, "se_time": 0.242, "sce": 28.51, "nsm": null, "valid_obs": 19, "valid_span": 22, "significant": true }, "geometry": { "type": "Point", "coordinates": [ 173.073886356434627, 1.442144449861973 ] } },
{ "type": "Feature", "properties": { "uid": "xb704qsdek", "rate_time": -0.727, "sig_time": 0.094, "se_time": 0.409, "sce": 57.16, "nsm": null, "valid_obs": 19, "valid_span": 22, "significant": false }, "geometry": { "type": "Point", "coordinates": [ 173.073949778562877, 1.442407935030523 ] } },
{ "type": "Feature", "properties": { "uid": "xb704qdvrc", "rate_time": -0.283, "sig_time": 0.472, "se_time": 0.384, "sce": 34.99, "nsm": null, "valid_obs": 19, "valid_span": 22, "significant": false }, "geometry": { "type": "Point", "coordinates": [ 173.071745793479124, 1.442866965455075 ] } },
{ "type": "Feature", "properties": { "uid": "xb704qvhng", "rate_time": -0.557, "sig_time": 0.043, "se_time": 0.252, "sce": 27.29, "nsm": null, "valid_obs": 17, "valid_span": 22, "significant": true }, "geometry": { "type": "Point", "coordinates": [ 173.074790502900498, 1.444034986989363 ] } },
{ "type": "Feature", "properties": { "uid": "xb704rju2e", "rate_time": -1.488, "sig_time": 0.007, "se_time": 0.465, "sce": 49.77, "nsm": null, "valid_obs": 15, "valid_span": 22, "significant": true }, "geometry": { "type": "Point", "coordinates": [ 173.075552847659992, 1.445448581363862 ] } },
{ "type": "Feature", "properties": { "uid": "xb704rjvmk", "rate_time": -1.586, "sig_time": 0.01, "se_time": 0.524, "sce": 58.09, "nsm": null, "valid_obs": 15, "valid_span": 22, "significant": true }, "geometry": { "type": "Point", "coordinates": [ 173.075756900985738, 1.44562570979827 ] } },
{ "type": "Feature", "properties": { "uid": "xb704rq1qn", "rate_time": -1.69, "sig_time": 0.073, "se_time": 0.878, "sce": 97.04, "nsm": null, "valid_obs": 17, "valid_span": 22, "significant": false }, "geometry": { "type": "Point", "coordinates": [ 173.076131572515038, 1.446325221497133 ] } },
{ "type": "Feature", "properties": { "uid": "xb704rq4zz", "rate_time": -1.456, "sig_time": 0.092, "se_time": 0.81, "sce": 86.76, "nsm": null, "valid_obs": 17, "valid_span": 22, "significant": false }, "geometry": { "type": "Point", "coordinates": [ 173.076199404337956, 1.446587102220238 ] } },
{ "type": "Feature", "properties": { "uid": "xb704scjq0", "rate_time": -0.485, "sig_time": 0.044, "se_time": 0.224, "sce": 31.17, "nsm": null, "valid_obs": 19, "valid_span": 22, "significant": true }, "geometry": { "type": "Point", "coordinates": [ 173.080253536501772, 1.433243869316136 ] } },
{ "type": "Feature", "properties": { "uid": "xb704scq8v", "rate_time": -0.549, "sig_time": 0.001, "se_time": 0.139, "sce": 17.13, "nsm": null, "valid_obs": 19, "valid_span": 22, "significant": true }, "geometry": { "type": "Point", "coordinates": [ 173.080370830019319, 1.433488071630817 ] } },
{ "type": "Feature", "properties": { "uid": "xb704t0d9y", "rate_time": -0.539, "sig_time": 0.001, "se_time": 0.135, "sce": 21.17, "nsm": null, "valid_obs": 18, "valid_span": 22, "significant": true }, "geometry": { "type": "Point", "coordinates": [ 173.079380258208516, 1.434180073165921 ] } },
{ "type": "Feature", "properties": { "uid": "xb704t0gkw", "rate_time": -0.632, "sig_time": 0.001, "se_time": 0.147, "sce": 22.38, "nsm": null, "valid_obs": 18, "valid_span": 22, "significant": true }, "geometry": { "type": "Point", "coordinates": [ 173.079844455590887, 1.434310699929535 ] } },
{ "type": "Feature", "properties": { "uid": "xb704t0ex4", "rate_time": -0.396, "sig_time": 0.0, "se_time": 0.077, "sce": 12.0, "nsm": null, "valid_obs": 18, "valid_span": 22, "significant": true }, "geometry": { "type": "Point", "coordinates": [ 173.079601779453242, 1.434331396303279 ] } },
{ "type": "Feature", "properties": { "uid": "xb704mpy89", "rate_time": -1.178, "sig_time": 0.03, "se_time": 0.493, "sce": 71.16, "nsm": null, "valid_obs": 18, "valid_span": 22, "significant": true }, "geometry": { "type": "Point", "coordinates": [ 173.078296221767857, 1.434841229457105 ] } },
{ "type": "Feature", "properties": { "uid": "xb704mpzn8", "rate_time": -1.182, "sig_time": 0.001, "se_time": 0.298, "sce": 36.63, "nsm": null, "valid_obs": 18, "valid_span": 22, "significant": true }, "geometry": { "type": "Point", "coordinates": [ 173.078553327763245, 1.434922444070601 ] } },
{ "type": "Feature", "properties": { "uid": "xb704t0pks", "rate_time": -0.859, "sig_time": 0.001, "se_time": 0.204, "sce": 27.82, "nsm": null, "valid_obs": 18, "valid_span": 22, "significant": true }, "geometry": { "type": "Point", "coordinates": [ 173.078815311385966, 1.434984855742527 ] } },
{ "type": "Feature", "properties": { "uid": "xb704t0rdy", "rate_time": -0.475, "sig_time": 0.012, "se_time": 0.168, "sce": 19.21, "nsm": null, "valid_obs": 18, "valid_span": 22, "significant": true }, "geometry": { "type": "Point", "coordinates": [ 173.079079696501196, 1.435037484043944 ] } },
{ "type": "Feature", "properties": { "uid": "xb704t280y", "rate_time": -0.406, "sig_time": 0.007, "se_time": 0.131, "sce": 15.47, "nsm": null, "valid_obs": 18, "valid_span": 22, "significant": true }, "geometry": { "type": "Point", "coordinates": [ 173.079334284857509, 1.435122184788319 ] } },
{ "type": "Feature", "properties": { "uid": "xb704t3b3g", "rate_time": 0.376, "sig_time": 0.003, "se_time": 0.11, "sce": 15.69, "nsm": null, "valid_obs": 18, "valid_span": 22, "significant": true }, "geometry": { "type": "Point", "coordinates": [ 173.081094315788562, 1.435150655957413 ] } },
{ "type": "Feature", "properties": { "uid": "xb704t29jf", "rate_time": -0.356, "sig_time": 0.013, "se_time": 0.127, "sce": 12.88, "nsm": null, "valid_obs": 18, "valid_span": 22, "significant": true }, "geometry": { "type": "Point", "coordinates": [ 173.07955382215394, 1.435276231597305 ] } },
{ "type": "Feature", "properties": { "uid": "xb704t3cqf", "rate_time": 0.378, "sig_time": 0.015, "se_time": 0.139, "sce": 21.75, "nsm": null, "valid_obs": 18, "valid_span": 22, "significant": true }, "geometry": { "type": "Point", "coordinates": [ 173.081308907361915, 1.435314750914177 ] } },
{ "type": "Feature", "properties": { "uid": "xb704t2f4m", "rate_time": -0.344, "sig_time": 0.015, "se_time": 0.127, "sce": 12.91, "nsm": null, "valid_obs": 18, "valid_span": 22, "significant": true }, "geometry": { "type": "Point", "coordinates": [ 173.0797499941377, 1.43546164147498 ] } },
{ "type": "Feature", "properties": { "uid": "xb704t0d90", "rate_time": -0.563, "sig_time": 0.001, "se_time": 0.145, "sce": 22.46, "nsm": null, "valid_obs": 18, "valid_span": 22, "significant": true }, "geometry": { "type": "Point", "coordinates": [ 173.079344434542406, 1.434149985324925 ] } },
{ "type": "Feature", "properties": { "uid": "xb704t0c6h", "rate_time": -0.675, "sig_time": 0.002, "se_time": 0.178, "sce": 25.97, "nsm": null, "valid_obs": 18, "valid_span": 22, "significant": true }, "geometry": { "type": "Point", "coordinates": [ 173.079733745028619, 1.433955193531119 ] } },
{ "type": "Feature", "properties": { "uid": "xb704u2e0n", "rate_time": -0.181, "sig_time": 0.676, "se_time": 0.425, "sce": 53.12, "nsm": null, "valid_obs": 19, "valid_span": 21, "significant": false }, "geometry": { "type": "Point", "coordinates": [ 173.090296697221447, 1.430143674085775 ] } },
{ "type": "Feature", "properties": { "uid": "xb704u2ey0", "rate_time": 0.004, "sig_time": 0.984, "se_time": 0.221, "sce": 21.76, "nsm": null, "valid_obs": 20, "valid_span": 21, "significant": false }, "geometry": { "type": "Point", "coordinates": [ 173.090545419507492, 1.430239830363732 ] } },
{ "type": "Feature", "properties": { "uid": "xb704u0z1c", "rate_time": 0.367, "sig_time": 0.011, "se_time": 0.127, "sce": 15.22, "nsm": null, "valid_obs": 18, "valid_span": 21, "significant": true }, "geometry": { "type": "Point", "coordinates": [ 173.090708960351321, 1.429430976590715 ] } },
{ "type": "Feature", "properties": { "uid": "xb704u2udz", "rate_time": 0.06, "sig_time": 0.294, "se_time": 0.055, "sce": 5.75, "nsm": null, "valid_obs": 20, "valid_span": 21, "significant": false }, "geometry": { "type": "Point", "coordinates": [ 173.09075791381386, 1.43040666358206 ] } },
{ "type": "Feature", "properties": { "uid": "xb704u2bn9", "rate_time": 0.372, "sig_time": 0.001, "se_time": 0.09, "sce": 14.58, "nsm": null, "valid_obs": 18, "valid_span": 21, "significant": true }, "geometry": { "type": "Point", "coordinates": [ 173.090914720446136, 1.429603272433288 ] } },
{ "type": "Feature", "properties": { "uid": "xb704u2vz8", "rate_time": -0.081, "sig_time": 0.263, "se_time": 0.07, "sce": 7.32, "nsm": null, "valid_obs": 20, "valid_span": 21, "significant": false }, "geometry": { "type": "Point", "coordinates": [ 173.090958545408455, 1.430587207472828 ] } },
{ "type": "Feature", "properties": { "uid": "xb704u30sn", "rate_time": 0.253, "sig_time": 0.009, "se_time": 0.085, "sce": 11.64, "nsm": null, "valid_obs": 18, "valid_span": 21, "significant": true }, "geometry": { "type": "Point", "coordinates": [ 173.091154647326022, 1.429714133334016 ] } },
{ "type": "Feature", "properties": { "uid": "xb704u3nsv", "rate_time": 0.012, "sig_time": 0.872, "se_time": 0.074, "sce": 6.97, "nsm": null, "valid_obs": 20, "valid_span": 21, "significant": false }, "geometry": { "type": "Point", "coordinates": [ 173.091178666203149, 1.430743017151659 ] } },
{ "type": "Feature", "properties": { "uid": "xb704u3r9g", "rate_time": 0.025, "sig_time": 0.835, "se_time": 0.119, "sce": 11.98, "nsm": null, "valid_obs": 20, "valid_span": 21, "significant": false }, "geometry": { "type": "Point", "coordinates": [ 173.091395753121219, 1.430903489431156 ] } },
{ "type": "Feature", "properties": { "uid": "xb704u3343", "rate_time": 0.065, "sig_time": 0.567, "se_time": 0.111, "sce": 9.91, "nsm": null, "valid_obs": 18, "valid_span": 21, "significant": false }, "geometry": { "type": "Point", "coordinates": [ 173.0914174785635, 1.429773844988387 ] } },
{ "type": "Feature", "properties": { "uid": "xb704u392q", "rate_time": 0.007, "sig_time": 0.966, "se_time": 0.16, "sce": 12.58, "nsm": null, "valid_obs": 18, "valid_span": 21, "significant": false }, "geometry": { "type": "Point", "coordinates": [ 173.091677259461193, 1.429845683830838 ] } },
{ "type": "Feature", "properties": { "uid": "xb704u39yq", "rate_time": 0.03, "sig_time": 0.869, "se_time": 0.176, "sce": 13.55, "nsm": null, "valid_obs": 18, "valid_span": 21, "significant": false }, "geometry": { "type": "Point", "coordinates": [ 173.091932019480225, 1.429933518076352 ] } },
{ "type": "Feature", "properties": { "uid": "xb704u3fs5", "rate_time": 0.377, "sig_time": 0.435, "se_time": 0.472, "sce": 47.77, "nsm": null, "valid_obs": 20, "valid_span": 21, "significant": false }, "geometry": { "type": "Point", "coordinates": [ 173.092179096569879, 1.430041669798236 ] } },
{ "type": "Feature", "properties": { "uid": "xb704u653b", "rate_time": 0.173, "sig_time": 0.362, "se_time": 0.185, "sce": 20.63, "nsm": null, "valid_obs": 19, "valid_span": 21, "significant": false }, "geometry": { "type": "Point", "coordinates": [ 173.092422661625875, 1.430157756443213 ] } },
{ "type": "Feature", "properties": { "uid": "xb704udjx0", "rate_time": -0.052, "sig_time": 0.905, "se_time": 0.43, "sce": 49.25, "nsm": null, "valid_obs": 17, "valid_span": 21, "significant": false }, "geometry": { "type": "Point", "coordinates": [ 173.092655201463032, 1.431918718384318 ] } },
{ "type": "Feature", "properties": { "uid": "xb704u65zq", "rate_time": 0.246, "sig_time": 0.185, "se_time": 0.178, "sce": 17.06, "nsm": null, "valid_obs": 19, "valid_span": 21, "significant": false }, "geometry": { "type": "Point", "coordinates": [ 173.092665284573059, 1.430275330116046 ] } },
{ "type": "Feature", "properties": { "uid": "xb704u6kt4", "rate_time": 0.142, "sig_time": 0.432, "se_time": 0.177, "sce": 15.52, "nsm": null, "valid_obs": 19, "valid_span": 21, "significant": false }, "geometry": { "type": "Point", "coordinates": [ 173.092913819304044, 1.430380226992249 ] } },
{ "type": "Feature", "properties": { "uid": "xb704u6t51", "rate_time": 0.133, "sig_time": 0.545, "se_time": 0.215, "sce": 17.17, "nsm": null, "valid_obs": 19, "valid_span": 21, "significant": false }, "geometry": { "type": "Point", "coordinates": [ 173.093170745137286, 1.430461971534962 ] } },
{ "type": "Feature", "properties": { "uid": "xb704qhnt5", "rate_time": 1.141, "sig_time": 0.0, "se_time": 0.127, "sce": 28.42, "nsm": null, "valid_obs": 19, "valid_span": 22, "significant": true }, "geometry": { "type": "Point", "coordinates": [ 173.073340051583784, 1.440345696855218 ] } },
{ "type": "Feature", "properties": { "uid": "xb704qhrc3", "rate_time": 0.701, "sig_time": 0.0, "se_time": 0.118, "sce": 18.39, "nsm": null, "valid_obs": 19, "valid_span": 22, "significant": true }, "geometry": { "type": "Point", "coordinates": [ 173.073517359272302, 1.440549970566076 ] } },
{ "type": "Feature", "properties": { "uid": "xb704mt2zk", "rate_time": 0.833, "sig_time": 0.001, "se_time": 0.196, "sce": 29.3, "nsm": null, "valid_obs": 18, "valid_span": 22, "significant": true }, "geometry": { "type": "Point", "coordinates": [ 173.075152147612556, 1.436617676975406 ] } },
{ "type": "Feature", "properties": { "uid": "xb704mtd5b", "rate_time": 0.271, "sig_time": 0.301, "se_time": 0.254, "sce": 26.34, "nsm": null, "valid_obs": 18, "valid_span": 22, "significant": false }, "geometry": { "type": "Point", "coordinates": [ 173.075343164151519, 1.436808379589122 ] } },
{ "type": "Feature", "properties": { "uid": "xb704mj53t", "rate_time": 8.922, "sig_time": 0.013, "se_time": 3.217, "sce": 471.4, "nsm": null, "valid_obs": 19, "valid_span": 22, "significant": true }, "geometry": { "type": "Point", "coordinates": [ 173.074565193131633, 1.434303087861375 ] } },
{ "type": "Feature", "properties": { "uid": "xb704mj5pq", "rate_time": 8.874, "sig_time": 0.011, "se_time": 3.113, "sce": 465.86, "nsm": null, "valid_obs": 19, "valid_span": 22, "significant": true }, "geometry": { "type": "Point", "coordinates": [ 173.074805997647644, 1.434265368186193 ] } },
{ "type": "Feature", "properties": { "uid": "xb704mnrw5", "rate_time": 9.121, "sig_time": 0.013, "se_time": 3.284, "sce": 454.93, "nsm": null, "valid_obs": 19, "valid_span": 22, "significant": true }, "geometry": { "type": "Point", "coordinates": [ 173.076473280166311, 1.435022101319996 ] } },
{ "type": "Feature", "properties": { "uid": "xb704gb2t5", "rate_time": 11.707, "sig_time": 0.004, "se_time": 3.551, "sce": 493.68, "nsm": null, "valid_obs": 20, "valid_span": 21, "significant": true }, "geometry": { "type": "Point", "coordinates": [ 173.090158799283302, 1.426955715912379 ] } },
{ "type": "Feature", "properties": { "uid": "xb704gb84e", "rate_time": 11.013, "sig_time": 0.008, "se_time": 3.709, "sce": 507.73, "nsm": null, "valid_obs": 20, "valid_span": 21, "significant": true }, "geometry": { "type": "Point", "coordinates": [ 173.090401767180794, 1.426868245595702 ] } },
{ "type": "Feature", "properties": { "uid": "xb704gbb0c", "rate_time": 6.703, "sig_time": 0.0, "se_time": 1.367, "sce": 232.07, "nsm": null, "valid_obs": 18, "valid_span": 21, "significant": true }, "geometry": { "type": "Point", "coordinates": [ 173.090670368201899, 1.426858855914075 ] } },
{ "type": "Feature", "properties": { "uid": "xb704ge88k", "rate_time": -1.191, "sig_time": 0.0, "se_time": 0.229, "sce": 29.68, "nsm": null, "valid_obs": 16, "valid_span": 21, "significant": true }, "geometry": { "type": "Point", "coordinates": [ 173.094419187904606, 1.42558833598998 ] } },
{ "type": "Feature", "properties": { "uid": "xb704ge8n4", "rate_time": -1.005, "sig_time": 0.003, "se_time": 0.28, "sce": 31.5, "nsm": null, "valid_obs": 16, "valid_span": 21, "significant": true }, "geometry": { "type": "Point", "coordinates": [ 173.094669405328489, 1.425488148541526 ] } },
{ "type": "Feature", "properties": { "uid": "xb704g7z7u", "rate_time": -0.924, "sig_time": 0.008, "se_time": 0.298, "sce": 31.19, "nsm": null, "valid_obs": 16, "valid_span": 21, "significant": true }, "geometry": { "type": "Point", "coordinates": [ 173.094912732862156, 1.425371850777729 ] } },
{ "type": "Feature", "properties": { "uid": "xb704gkn9m", "rate_time": -0.692, "sig_time": 0.009, "se_time": 0.229, "sce": 23.47, "nsm": null, "valid_obs": 16, "valid_span": 21, "significant": true }, "geometry": { "type": "Point", "coordinates": [ 173.095150841479153, 1.425245639716881 ] } },
{ "type": "Feature", "properties": { "uid": "xb5pf8641p", "rate_time": -0.857, "sig_time": 0.0, "se_time": 0.12, "sce": 22.06, "nsm": null, "valid_obs": 16, "valid_span": 21, "significant": true }, "geometry": { "type": "Point", "coordinates": [ 173.081411397121229, 1.36406368130997 ] } },
{ "type": "Feature", "properties": { "uid": "xb5pf864rk", "rate_time": -0.834, "sig_time": 0.003, "se_time": 0.229, "sce": 28.96, "nsm": null, "valid_obs": 16, "valid_span": 21, "significant": true }, "geometry": { "type": "Point", "coordinates": [ 173.081678973098235, 1.364090249963083 ] } },
{ "type": "Feature", "properties": { "uid": "xb5pf866vj", "rate_time": -0.64, "sig_time": 0.027, "se_time": 0.259, "sce": 25.8, "nsm": null, "valid_obs": 16, "valid_span": 21, "significant": true }, "geometry": { "type": "Point", "coordinates": [ 173.081918484836848, 1.364178826750267 ] } },
{ "type": "Feature", "properties": { "uid": "xb5pf86ecu", "rate_time": -0.282, "sig_time": 0.053, "se_time": 0.134, "sce": 13.85, "nsm": null, "valid_obs": 16, "valid_span": 21, "significant": false }, "geometry": { "type": "Point", "coordinates": [ 173.082129599642855, 1.364344928518582 ] } },
{ "type": "Feature", "properties": { "uid": "xb5pf86sx9", "rate_time": -0.295, "sig_time": 0.002, "se_time": 0.078, "sce": 10.51, "nsm": null, "valid_obs": 16, "valid_span": 21, "significant": true }, "geometry": { "type": "Point", "coordinates": [ 173.082375392360973, 1.364456157478214 ] } },
{ "type": "Feature", "properties": { "uid": "xb5pf87yyd", "rate_time": -0.195, "sig_time": 0.033, "se_time": 0.083, "sce": 10.79, "nsm": null, "valid_obs": 16, "valid_span": 21, "significant": true }, "geometry": { "type": "Point", "coordinates": [ 173.08405113785139, 1.364851768034823 ] } },
{ "type": "Feature", "properties": { "uid": "xb5pf8kphc", "rate_time": 0.147, "sig_time": 0.284, "se_time": 0.132, "sce": 9.84, "nsm": null, "valid_obs": 16, "valid_span": 21, "significant": false }, "geometry": { "type": "Point", "coordinates": [ 173.08431737878783, 1.364888507139221 ] } },
{ "type": "Feature", "properties": { "uid": "xb5pf8krpy", "rate_time": 0.511, "sig_time": 0.028, "se_time": 0.209, "sce": 17.16, "nsm": null, "valid_obs": 16, "valid_span": 21, "significant": true }, "geometry": { "type": "Point", "coordinates": [ 173.084790696929332, 1.364916727096019 ] } },
{ "type": "Feature", "properties": { "uid": "xb5pf8kxw0", "rate_time": -0.326, "sig_time": 0.098, "se_time": 0.184, "sce": 19.75, "nsm": null, "valid_obs": 16, "valid_span": 21, "significant": false }, "geometry": { "type": "Point", "coordinates": [ 173.085055581311764, 1.364966466615547 ] } },
{ "type": "Feature", "properties": { "uid": "xb5pf8kzup", "rate_time": -0.746, "sig_time": 0.0, "se_time": 0.085, "sce": 21.53, "nsm": null, "valid_obs": 16, "valid_span": 21, "significant": true }, "geometry": { "type": "Point", "coordinates": [ 173.085312340567697, 1.36504887435283 ] } },
{ "type": "Feature", "properties": { "uid": "xb5pf8t09w", "rate_time": -0.71, "sig_time": 0.0, "se_time": 0.069, "sce": 18.66, "nsm": null, "valid_obs": 16, "valid_span": 21, "significant": true }, "geometry": { "type": "Point", "coordinates": [ 173.085549871943613, 1.365174345118174 ] } },
{ "type": "Feature", "properties": { "uid": "xb5pf8t1r8", "rate_time": -0.692, "sig_time": 0.0, "se_time": 0.092, "sce": 16.94, "nsm": null, "valid_obs": 16, "valid_span": 21, "significant": true }, "geometry": { "type": "Point", "coordinates": [ 173.085802564861041, 1.365268621920436 ] } },
{ "type": "Feature", "properties": { "uid": "xb5pf8j245", "rate_time": -0.229, "sig_time": 0.235, "se_time": 0.185, "sce": 22.67, "nsm": null, "valid_obs": 17, "valid_span": 21, "significant": false }, "geometry": { "type": "Point", "coordinates": [ 173.085916183962127, 1.362324703841433 ] } },
{ "type": "Feature", "properties": { "uid": "xb5pf8t3t8", "rate_time": -0.777, "sig_time": 0.0, "se_time": 0.129, "sce": 18.08, "nsm": null, "valid_obs": 16, "valid_span": 21, "significant": true }, "geometry": { "type": "Point", "coordinates": [ 173.086067382404224, 1.365309773946721 ] } },
{ "type": "Feature", "properties": { "uid": "xb5pf8j822", "rate_time": -0.257, "sig_time": 0.143, "se_time": 0.166, "sce": 20.1, "nsm": null, "valid_obs": 17, "valid_span": 21, "significant": false }, "geometry": { "type": "Point", "coordinates": [ 173.086184364705758, 1.362351491977242 ] } },
{ "type": "Feature", "properties": { "uid": "xb5pf8t97b", "rate_time": -0.747, "sig_time": 0.0, "se_time": 0.138, "sce": 21.27, "nsm": null, "valid_obs": 16, "valid_span": 21, "significant": true }, "geometry": { "type": "Point", "coordinates": [ 173.086331796180986, 1.365270985544753 ] } },
{ "type": "Feature", "properties": { "uid": "xb5pf8j8qw", "rate_time": -0.377, "sig_time": 0.02, "se_time": 0.146, "sce": 16.58, "nsm": null, "valid_obs": 17, "valid_span": 21, "significant": true }, "geometry": { "type": "Point", "coordinates": [ 173.086451784533978, 1.362383542491171 ] } },
{ "type": "Feature", "properties": { "uid": "xb5pf8tbfp", "rate_time": -0.321, "sig_time": 0.231, "se_time": 0.256, "sce": 23.31, "nsm": null, "valid_obs": 16, "valid_span": 21, "significant": false }, "geometry": { "type": "Point", "coordinates": [ 173.086596612418987, 1.365220857139028 ] } },
{ "type": "Feature", "properties": { "uid": "xb5pf8jbub", "rate_time": -0.438, "sig_time": 0.008, "se_time": 0.143, "sce": 15.07, "nsm": null, "valid_obs": 17, "valid_span": 21, "significant": true }, "geometry": { "type": "Point", "coordinates": [ 173.08671578926473, 1.362437653317022 ] } },
{ "type": "Feature", "properties": { "uid": "xb5pf8w0bm", "rate_time": -0.352, "sig_time": 0.511, "se_time": 0.524, "sce": 60.71, "nsm": null, "valid_obs": 17, "valid_span": 21, "significant": false }, "geometry": { "type": "Point", "coordinates": [ 173.086864984664516, 1.36521048349243 ] } },
{ "type": "Feature", "properties": { "uid": "xb5pf8n14u", "rate_time": -0.474, "sig_time": 0.006, "se_time": 0.146, "sce": 14.4, "nsm": null, "valid_obs": 17, "valid_span": 21, "significant": true }, "geometry": { "type": "Point", "coordinates": [ 173.08697776247098, 1.362498481739941 ] } },
{ "type": "Feature", "properties": { "uid": "xb5pf8n31h", "rate_time": -0.463, "sig_time": 0.002, "se_time": 0.121, "sce": 12.59, "nsm": null, "valid_obs": 17, "valid_span": 21, "significant": true }, "geometry": { "type": "Point", "coordinates": [ 173.087244689122969, 1.36250096025299 ] } },
{ "type": "Feature", "properties": { "uid": "xb5pf8n2x5", "rate_time": -0.363, "sig_time": 0.002, "se_time": 0.095, "sce": 9.72, "nsm": null, "valid_obs": 17, "valid_span": 21, "significant": true }, "geometry": { "type": "Point", "coordinates": [ 173.087498134485713, 1.362411233392253 ] } },
{ "type": "Feature", "properties": { "uid": "xb5pdxyxu2", "rate_time": -0.275, "sig_time": 0.016, "se_time": 0.102, "sce": 11.03, "nsm": null, "valid_obs": 17, "valid_span": 21, "significant": true }, "geometry": { "type": "Point", "coordinates": [ 173.087725856209261, 1.362266178618086 ] } },
{ "type": "Feature", "properties": { "uid": "xb5pdxyzd9", "rate_time": -0.369, "sig_time": 0.005, "se_time": 0.114, "sce": 15.14, "nsm": null, "valid_obs": 17, "valid_span": 21, "significant": true }, "geometry": { "type": "Point", "coordinates": [ 173.087990377493583, 1.362224869442639 ] } },
{ "type": "Feature", "properties": { "uid": "xb5pdxfdmw", "rate_time": -0.376, "sig_time": 0.019, "se_time": 0.144, "sce": 15.69, "nsm": null, "valid_obs": 17, "valid_span": 21, "significant": true }, "geometry": { "type": "Point", "coordinates": [ 173.082286973970156, 1.361351699219564 ] } },
{ "type": "Feature", "properties": { "uid": "xb5pdxg592", "rate_time": -0.175, "sig_time": 0.212, "se_time": 0.135, "sce": 13.06, "nsm": null, "valid_obs": 18, "valid_span": 22, "significant": false }, "geometry": { "type": "Point", "coordinates": [ 173.082792555205174, 1.361534488326759 ] } },
{ "type": "Feature", "properties": { "uid": "xb5pdxumse", "rate_time": -0.234, "sig_time": 0.023, "se_time": 0.093, "sce": 10.73, "nsm": null, "valid_obs": 17, "valid_span": 21, "significant": true }, "geometry": { "type": "Point", "coordinates": [ 173.084643705991169, 1.361891675931818 ] } },
{ "type": "Feature", "properties": { "uid": "xb5pdxuyb1", "rate_time": -0.335, "sig_time": 0.008, "se_time": 0.109, "sce": 11.17, "nsm": null, "valid_obs": 17, "valid_span": 21, "significant": true }, "geometry": { "type": "Point", "coordinates": [ 173.085141454600773, 1.362097258308706 ] } },
{ "type": "Feature", "properties": { "uid": "xb5pdxvpu0", "rate_time": -0.289, "sig_time": 0.1, "se_time": 0.165, "sce": 19.26, "nsm": null, "valid_obs": 17, "valid_span": 21, "significant": false }, "geometry": { "type": "Point", "coordinates": [ 173.085654565392332, 1.362262511013931 ] } },
{ "type": "Feature", "properties": { "uid": "xb5pf8w1n9", "rate_time": -0.5, "sig_time": 0.056, "se_time": 0.241, "sce": 25.42, "nsm": null, "valid_obs": 17, "valid_span": 21, "significant": false }, "geometry": { "type": "Point", "coordinates": [ 173.087133354454636, 1.365232501896567 ] } },
{ "type": "Feature", "properties": { "uid": "xb5pf8w3hz", "rate_time": -0.406, "sig_time": 0.041, "se_time": 0.181, "sce": 20.5, "nsm": null, "valid_obs": 17, "valid_span": 21, "significant": true }, "geometry": { "type": "Point", "coordinates": [ 173.087401012040232, 1.365264106173838 ] } },
{ "type": "Feature", "properties": { "uid": "xb5pf8w9dv", "rate_time": -0.188, "sig_time": 0.177, "se_time": 0.133, "sce": 11.65, "nsm": null, "valid_obs": 17, "valid_span": 21, "significant": false }, "geometry": { "type": "Point", "coordinates": [ 173.087659491490371, 1.365336516887914 ] } },
{ "type": "Feature", "properties": { "uid": "xb5pf8wf0t", "rate_time": 0.001, "sig_time": 0.991, "se_time": 0.108, "sce": 10.24, "nsm": null, "valid_obs": 17, "valid_span": 21, "significant": false }, "geometry": { "type": "Point", "coordinates": [ 173.087913420685339, 1.365426108831464 ] } },
{ "type": "Feature", "properties": { "uid": "xb5pf8wfqz", "rate_time": -0.03, "sig_time": 0.935, "se_time": 0.357, "sce": 32.88, "nsm": null, "valid_obs": 18, "valid_span": 21, "significant": false }, "geometry": { "type": "Point", "coordinates": [ 173.088177790910464, 1.365477061595828 ] } },
{ "type": "Feature", "properties": { "uid": "xb5pf8x4tp", "rate_time": -0.012, "sig_time": 0.905, "se_time": 0.098, "sce": 10.86, "nsm": null, "valid_obs": 18, "valid_span": 21, "significant": false }, "geometry": { "type": "Point", "coordinates": [ 173.088443834420502, 1.365520294645685 ] } },
{ "type": "Feature", "properties": { "uid": "xb5pf8x6g2", "rate_time": 0.172, "sig_time": 0.065, "se_time": 0.087, "sce": 10.76, "nsm": null, "valid_obs": 18, "valid_span": 21, "significant": false }, "geometry": { "type": "Point", "coordinates": [ 173.088711334229089, 1.36552713652572 ] } },
{ "type": "Feature", "properties": { "uid": "xb5pf8x9z4", "rate_time": 1.316, "sig_time": 0.0, "se_time": 0.205, "sce": 26.33, "nsm": null, "valid_obs": 18, "valid_span": 21, "significant": true }, "geometry": { "type": "Point", "coordinates": [ 173.08921955453954, 1.365365026227021 ] } },
{ "type": "Feature", "properties": { "uid": "xb5pf8xch8", "rate_time": 0.305, "sig_time": 0.317, "se_time": 0.295, "sce": 36.95, "nsm": null, "valid_obs": 18, "valid_span": 21, "significant": false }, "geometry": { "type": "Point", "coordinates": [ 173.08945193103645, 1.36522767001793 ] } },
{ "type": "Feature", "properties": { "uid": "xb5pfb8060", "rate_time": 0.205, "sig_time": 0.613, "se_time": 0.398, "sce": 50.9, "nsm": null, "valid_obs": 17, "valid_span": 21, "significant": false }, "geometry": { "type": "Point", "coordinates": [ 173.089687308707909, 1.365096765744547 ] } },
{ "type": "Feature", "properties": { "uid": "xb5pfb2pxy", "rate_time": 0.227, "sig_time": 0.044, "se_time": 0.103, "sce": 12.39, "nsm": null, "valid_obs": 16, "valid_span": 21, "significant": true }, "geometry": { "type": "Point", "coordinates": [ 173.089938223356171, 1.36500070522562 ] } },
{ "type": "Feature", "properties": { "uid": "xb5pfb2rqp", "rate_time": 0.44, "sig_time": 0.293, "se_time": 0.403, "sce": 48.21, "nsm": null, "valid_obs": 17, "valid_span": 21, "significant": false }, "geometry": { "type": "Point", "coordinates": [ 173.090205052417673, 1.364962671212519 ] } },
{ "type": "Feature", "properties": { "uid": "xb5pfb2xk2", "rate_time": 0.742, "sig_time": 0.0, "se_time": 0.151, "sce": 23.04, "nsm": null, "valid_obs": 17, "valid_span": 21, "significant": true }, "geometry": { "type": "Point", "coordinates": [ 173.090471582002436, 1.364924658825973 ] } },
{ "type": "Feature", "properties": { "uid": "xb5pfb2yf3", "rate_time": 0.668, "sig_time": 0.002, "se_time": 0.178, "sce": 21.07, "nsm": null, "valid_obs": 17, "valid_span": 21, "significant": true }, "geometry": { "type": "Point", "coordinates": [ 173.09072832810395, 1.364844391379804 ] } },
{ "type": "Feature", "properties": { "uid": "xb5pfb2ypg", "rate_time": 0.278, "sig_time": 0.334, "se_time": 0.279, "sce": 27.59, "nsm": null, "valid_obs": 17, "valid_span": 21, "significant": false }, "geometry": { "type": "Point", "coordinates": [ 173.090970129292316, 1.364724622839737 ] } },
{ "type": "Feature", "properties": { "uid": "xb5pfb3jwn", "rate_time": 0.121, "sig_time": 0.526, "se_time": 0.186, "sce": 20.13, "nsm": null, "valid_obs": 17, "valid_span": 21, "significant": false }, "geometry": { "type": "Point", "coordinates": [ 173.091230609569948, 1.36465586615786 ] } },
{ "type": "Feature", "properties": { "uid": "xb5pfb3ms7", "rate_time": 0.215, "sig_time": 0.198, "se_time": 0.16, "sce": 18.76, "nsm": null, "valid_obs": 17, "valid_span": 21, "significant": false }, "geometry": { "type": "Point", "coordinates": [ 173.09149941628624, 1.36464340422889 ] } },
{ "type": "Feature", "properties": { "uid": "xb5pfb3tf6", "rate_time": 0.344, "sig_time": 0.395, "se_time": 0.393, "sce": 44.93, "nsm": null, "valid_obs": 17, "valid_span": 21, "significant": false }, "geometry": { "type": "Point", "coordinates": [ 173.091766005952849, 1.364681096318126 ] } },
{ "type": "Feature", "properties": { "uid": "xb5pfb3y09", "rate_time": 0.241, "sig_time": 0.187, "se_time": 0.174, "sce": 19.23, "nsm": null, "valid_obs": 17, "valid_span": 21, "significant": false }, "geometry": { "type": "Point", "coordinates": [ 173.092033238759342, 1.364716139174055 ] } },
{ "type": "Feature", "properties": { "uid": "xb5pfb3yng", "rate_time": 0.161, "sig_time": 0.083, "se_time": 0.087, "sce": 8.82, "nsm": null, "valid_obs": 17, "valid_span": 21, "significant": false }, "geometry": { "type": "Point", "coordinates": [ 173.092302427818794, 1.364726720716859 ] } },
{ "type": "Feature", "properties": { "uid": "xb5pfb6njn", "rate_time": 0.029, "sig_time": 0.744, "se_time": 0.087, "sce": 8.25, "nsm": null, "valid_obs": 17, "valid_span": 21, "significant": false }, "geometry": { "type": "Point", "coordinates": [ 173.092571350058535, 1.364744194279816 ] } },
{ "type": "Feature", "properties": { "uid": "xb5pfb6q7m", "rate_time": 0.111, "sig_time": 0.453, "se_time": 0.145, "sce": 18.11, "nsm": null, "valid_obs": 17, "valid_span": 21, "significant": false }, "geometry": { "type": "Point", "coordinates": [ 173.092838554778524, 1.364779101247804 ] } },
{ "type": "Feature", "properties": { "uid": "xb5pfb6w99", "rate_time": 0.041, "sig_time": 0.709, "se_time": 0.109, "sce": 11.83, "nsm": null, "valid_obs": 17, "valid_span": 21, "significant": false }, "geometry": { "type": "Point", "coordinates": [ 173.093107147188078, 1.364800729855917 ] } },
{ "type": "Feature", "properties": { "uid": "xb5pfb6wxv", "rate_time": -0.084, "sig_time": 0.486, "se_time": 0.118, "sce": 12.36, "nsm": null, "valid_obs": 17, "valid_span": 21, "significant": false }, "geometry": { "type": "Point", "coordinates": [ 173.093375712256005, 1.364823254132244 ] } },
{ "type": "Feature", "properties": { "uid": "xb5pfb6zn0", "rate_time": -0.096, "sig_time": 0.341, "se_time": 0.098, "sce": 9.37, "nsm": null, "valid_obs": 17, "valid_span": 21, "significant": false }, "geometry": { "type": "Point", "coordinates": [ 173.093638623092232, 1.364880128431908 ] } },
{ "type": "Feature", "properties": { "uid": "xb5pfb7pk2", "rate_time": 0.165, "sig_time": 0.079, "se_time": 0.088, "sce": 10.46, "nsm": null, "valid_obs": 17, "valid_span": 21, "significant": false }, "geometry": { "type": "Point", "coordinates": [ 173.093904650007062, 1.364923508246568 ] } },
{ "type": "Feature", "properties": { "uid": "xb5pfb7r6s", "rate_time": 0.212, "sig_time": 0.371, "se_time": 0.23, "sce": 29.04, "nsm": null, "valid_obs": 18, "valid_span": 21, "significant": false }, "geometry": { "type": "Point", "coordinates": [ 173.094172938104776, 1.36494796885569 ] } },
{ "type": "Feature", "properties": { "uid": "xb5pfb7x2y", "rate_time": 0.082, "sig_time": 0.609, "se_time": 0.157, "sce": 16.91, "nsm": null, "valid_obs": 18, "valid_span": 21, "significant": false }, "geometry": { "type": "Point", "coordinates": [ 173.094442264517937, 1.364955798218766 ] } },
{ "type": "Feature", "properties": { "uid": "xb5pfb7xrp", "rate_time": 0.06, "sig_time": 0.749, "se_time": 0.186, "sce": 19.16, "nsm": null, "valid_obs": 18, "valid_span": 21, "significant": false }, "geometry": { "type": "Point", "coordinates": [ 173.094711716807979, 1.364960741771369 ] } },
{ "type": "Feature", "properties": { "uid": "xb5pfb7ztk", "rate_time": -0.024, "sig_time": 0.892, "se_time": 0.175, "sce": 21.76, "nsm": null, "valid_obs": 18, "valid_span": 21, "significant": false }, "geometry": { "type": "Point", "coordinates": [ 173.094979283119926, 1.364991285287923 ] } },
{ "type": "Feature", "properties": { "uid": "xb5pfbs052", "rate_time": 0.135, "sig_time": 0.454, "se_time": 0.176, "sce": 23.56, "nsm": null, "valid_obs": 18, "valid_span": 21, "significant": false }, "geometry": { "type": "Point", "coordinates": [ 173.095241053211879, 1.365054550223729 ] } },
{ "type": "Feature", "properties": { "uid": "xb704gknp0", "rate_time": -0.797, "sig_time": 0.005, "se_time": 0.241, "sce": 24.97, "nsm": null, "valid_obs": 16, "valid_span": 21, "significant": true }, "geometry": { "type": "Point", "coordinates": [ 173.095398191176912, 1.425137950157684 ] } },
{ "type": "Feature", "properties": { "uid": "xb704gkmkd", "rate_time": -0.828, "sig_time": 0.005, "se_time": 0.252, "sce": 26.83, "nsm": null, "valid_obs": 16, "valid_span": 21, "significant": true }, "geometry": { "type": "Point", "coordinates": [ 173.095638649702181, 1.425017294800069 ] } },
{ "type": "Feature", "properties": { "uid": "xb704gks3v", "rate_time": -0.232, "sig_time": 0.341, "se_time": 0.235, "sce": 17.48, "nsm": null, "valid_obs": 16, "valid_span": 21, "significant": false }, "geometry": { "type": "Point", "coordinates": [ 173.095859298856197, 1.424861555004066 ] } },
{ "type": "Feature", "properties": { "uid": "xb704gkex7", "rate_time": 0.098, "sig_time": 0.694, "se_time": 0.244, "sce": 22.48, "nsm": null, "valid_obs": 16, "valid_span": 21, "significant": false }, "geometry": { "type": "Point", "coordinates": [ 173.096091354975499, 1.42472385804716 ] } },
{ "type": "Feature", "properties": { "uid": "xb704gkgj0", "rate_time": -0.224, "sig_time": 0.399, "se_time": 0.257, "sce": 18.57, "nsm": null, "valid_obs": 16, "valid_span": 21, "significant": false }, "geometry": { "type": "Point", "coordinates": [ 173.096340345508168, 1.424622189210355 ] } },
{ "type": "Feature", "properties": { "uid": "xb704gm46u", "rate_time": -0.278, "sig_time": 0.21, "se_time": 0.212, "sce": 17.9, "nsm": null, "valid_obs": 16, "valid_span": 21, "significant": false }, "geometry": { "type": "Point", "coordinates": [ 173.096586512326326, 1.424512889366219 ] } },
{ "type": "Feature", "properties": { "uid": "xb704gm38m", "rate_time": -0.462, "sig_time": 0.116, "se_time": 0.276, "sce": 27.41, "nsm": null, "valid_obs": 16, "valid_span": 21, "significant": false }, "geometry": { "type": "Point", "coordinates": [ 173.096826193041068, 1.424389153342783 ] } },
{ "type": "Feature", "properties": { "uid": "xb704gm2vv", "rate_time": -0.464, "sig_time": 0.089, "se_time": 0.254, "sce": 25.16, "nsm": null, "valid_obs": 16, "valid_span": 21, "significant": false }, "geometry": { "type": "Point", "coordinates": [ 173.097063948905117, 1.424262066934087 ] } },
{ "type": "Feature", "properties": { "uid": "xb704gjxfy", "rate_time": -0.412, "sig_time": 0.113, "se_time": 0.243, "sce": 25.25, "nsm": null, "valid_obs": 16, "valid_span": 21, "significant": false }, "geometry": { "type": "Point", "coordinates": [ 173.097275402763813, 1.424094151313166 ] } },
{ "type": "Feature", "properties": { "uid": "xb704gjwzw", "rate_time": -0.493, "sig_time": 0.054, "se_time": 0.234, "sce": 23.19, "nsm": null, "valid_obs": 16, "valid_span": 21, "significant": false }, "geometry": { "type": "Point", "coordinates": [ 173.09748219010973, 1.423920469649663 ] } },
{ "type": "Feature", "properties": { "uid": "xb704gjyhc", "rate_time": -0.522, "sig_time": 0.037, "se_time": 0.226, "sce": 21.61, "nsm": null, "valid_obs": 16, "valid_span": 21, "significant": true }, "geometry": { "type": "Point", "coordinates": [ 173.09770435585213, 1.423766986296111 ] } },
{ "type": "Feature", "properties": { "uid": "xb704gnj4p", "rate_time": -0.349, "sig_time": 0.102, "se_time": 0.2, "sce": 19.09, "nsm": null, "valid_obs": 16, "valid_span": 21, "significant": false }, "geometry": { "type": "Point", "coordinates": [ 173.097934336602663, 1.423625841820783 ] } },
{ "type": "Feature", "properties": { "uid": "xb704gnhrw", "rate_time": -0.364, "sig_time": 0.091, "se_time": 0.201, "sce": 17.08, "nsm": null, "valid_obs": 16, "valid_span": 21, "significant": false }, "geometry": { "type": "Point", "coordinates": [ 173.09816855329791, 1.423491690873578 ] } },
{ "type": "Feature", "properties": { "uid": "xb704gn7tn", "rate_time": -1.168, "sig_time": 0.017, "se_time": 0.434, "sce": 63.13, "nsm": null, "valid_obs": 17, "valid_span": 22, "significant": true }, "geometry": { "type": "Point", "coordinates": [ 173.098406592099138, 1.423365288568712 ] } },
{ "type": "Feature", "properties": { "uid": "xb704gne4b", "rate_time": -0.942, "sig_time": 0.001, "se_time": 0.218, "sce": 37.13, "nsm": null, "valid_obs": 17, "valid_span": 22, "significant": true }, "geometry": { "type": "Point", "coordinates": [ 173.098647649747363, 1.42324485277749 ] } },
{ "type": "Feature", "properties": { "uid": "xb704gnf0j", "rate_time": -1.083, "sig_time": 0.0, "se_time": 0.166, "sce": 28.11, "nsm": null, "valid_obs": 17, "valid_span": 22, "significant": true }, "geometry": { "type": "Point", "coordinates": [ 173.098877180374188, 1.423102773161179 ] } },
{ "type": "Feature", "properties": { "uid": "xb704gncme", "rate_time": -1.25, "sig_time": 0.0, "se_time": 0.186, "sce": 28.53, "nsm": null, "valid_obs": 17, "valid_span": 22, "significant": true }, "geometry": { "type": "Point", "coordinates": [ 173.099108661985014, 1.422963871491821 ] } },
{ "type": "Feature", "properties": { "uid": "xb704gp06z", "rate_time": -1.281, "sig_time": 0.0, "se_time": 0.215, "sce": 27.81, "nsm": null, "valid_obs": 17, "valid_span": 22, "significant": true }, "geometry": { "type": "Point", "coordinates": [ 173.099331559364401, 1.422811770279538 ] } },
{ "type": "Feature", "properties": { "uid": "xb704fzprx", "rate_time": -1.081, "sig_time": 0.0, "se_time": 0.232, "sce": 27.02, "nsm": null, "valid_obs": 17, "valid_span": 22, "significant": true }, "geometry": { "type": "Point", "coordinates": [ 173.0995402351341, 1.422640336567705 ] } },
{ "type": "Feature", "properties": { "uid": "xb5pfbs292", "rate_time": 0.272, "sig_time": 0.077, "se_time": 0.144, "sce": 17.99, "nsm": null, "valid_obs": 18, "valid_span": 21, "significant": false }, "geometry": { "type": "Point", "coordinates": [ 173.095496863620468, 1.365139367438889 ] } },
{ "type": "Feature", "properties": { "uid": "xb5pfbs2zm", "rate_time": 0.3, "sig_time": 0.025, "se_time": 0.121, "sce": 12.03, "nsm": null, "valid_obs": 18, "valid_span": 21, "significant": true }, "geometry": { "type": "Point", "coordinates": [ 173.09575648164045, 1.365212108321761 ] } },
{ "type": "Feature", "properties": { "uid": "xb5pfbs9mq", "rate_time": 0.377, "sig_time": 0.017, "se_time": 0.141, "sce": 14.88, "nsm": null, "valid_obs": 18, "valid_span": 21, "significant": true }, "geometry": { "type": "Point", "coordinates": [ 173.09601093596703, 1.365300750698913 ] } },
{ "type": "Feature", "properties": { "uid": "xb5pfbsf5h", "rate_time": 0.419, "sig_time": 0.006, "se_time": 0.131, "sce": 14.62, "nsm": null, "valid_obs": 18, "valid_span": 21, "significant": true }, "geometry": { "type": "Point", "coordinates": [ 173.096252455405448, 1.365419471576491 ] } },
{ "type": "Feature", "properties": { "uid": "xb5pfbt4bm", "rate_time": 0.352, "sig_time": 0.027, "se_time": 0.145, "sce": 14.72, "nsm": null, "valid_obs": 18, "valid_span": 21, "significant": true }, "geometry": { "type": "Point", "coordinates": [ 173.096485771522055, 1.365554314798506 ] } },
{ "type": "Feature", "properties": { "uid": "xb5pfbt5ty", "rate_time": 0.439, "sig_time": 0.003, "se_time": 0.125, "sce": 15.11, "nsm": null, "valid_obs": 18, "valid_span": 21, "significant": true }, "geometry": { "type": "Point", "coordinates": [ 173.096720048973481, 1.365684876256982 ] } },
{ "type": "Feature", "properties": { "uid": "xb5pfbt7un", "rate_time": 0.301, "sig_time": 0.004, "se_time": 0.091, "sce": 10.1, "nsm": null, "valid_obs": 18, "valid_span": 21, "significant": true }, "geometry": { "type": "Point", "coordinates": [ 173.096981469632311, 1.365730107425102 ] } },
{ "type": "Feature", "properties": { "uid": "xb5pfbtedj", "rate_time": 0.369, "sig_time": 0.002, "se_time": 0.098, "sce": 11.98, "nsm": null, "valid_obs": 18, "valid_span": 21, "significant": true }, "geometry": { "type": "Point", "coordinates": [ 173.097245645376915, 1.365682555784862 ] } },
{ "type": "Feature", "properties": { "uid": "xb5pfbtg05", "rate_time": 0.312, "sig_time": 0.035, "se_time": 0.136, "sce": 14.05, "nsm": null, "valid_obs": 18, "valid_span": 21, "significant": true }, "geometry": { "type": "Point", "coordinates": [ 173.097496095766502, 1.365585205523966 ] } },
{ "type": "Feature", "properties": { "uid": "xb5pfbtfy4", "rate_time": 0.443, "sig_time": 0.001, "se_time": 0.106, "sce": 14.06, "nsm": null, "valid_obs": 18, "valid_span": 21, "significant": true }, "geometry": { "type": "Point", "coordinates": [ 173.097761270193217, 1.365538585708624 ] } },
{ "type": "Feature", "properties": { "uid": "xb5pfbw4sr", "rate_time": 0.444, "sig_time": 0.001, "se_time": 0.106, "sce": 14.29, "nsm": null, "valid_obs": 18, "valid_span": 21, "significant": true }, "geometry": { "type": "Point", "coordinates": [ 173.098030144386911, 1.36552023552165 ] } },
{ "type": "Feature", "properties": { "uid": "xb5pfbw6de", "rate_time": 0.357, "sig_time": 0.001, "se_time": 0.091, "sce": 11.58, "nsm": null, "valid_obs": 18, "valid_span": 21, "significant": true }, "geometry": { "type": "Point", "coordinates": [ 173.098298702522186, 1.365497649339773 ] } },
{ "type": "Feature", "properties": { "uid": "xb5pfbwd2z", "rate_time": 0.293, "sig_time": 0.005, "se_time": 0.09, "sce": 9.7, "nsm": null, "valid_obs": 18, "valid_span": 21, "significant": true }, "geometry": { "type": "Point", "coordinates": [ 173.098567206436599, 1.365476870304675 ] } },
{ "type": "Feature", "properties": { "uid": "xb5pfbwdx0", "rate_time": 0.358, "sig_time": 0.09, "se_time": 0.198, "sce": 25.49, "nsm": null, "valid_obs": 18, "valid_span": 21, "significant": false }, "geometry": { "type": "Point", "coordinates": [ 173.098836495079667, 1.365483935444335 ] } },
{ "type": "Feature", "properties": { "uid": "xb5pfbwft7", "rate_time": 0.296, "sig_time": 0.006, "se_time": 0.093, "sce": 10.59, "nsm": null, "valid_obs": 17, "valid_span": 21, "significant": true }, "geometry": { "type": "Point", "coordinates": [ 173.099104581297667, 1.365500252575932 ] } },
{ "type": "Feature", "properties": { "uid": "xb5pfbx47d", "rate_time": 0.373, "sig_time": 0.002, "se_time": 0.099, "sce": 12.03, "nsm": null, "valid_obs": 17, "valid_span": 21, "significant": true }, "geometry": { "type": "Point", "coordinates": [ 173.09936761983937, 1.365450783457543 ] } },
{ "type": "Feature", "properties": { "uid": "xb5pfbx390", "rate_time": 0.398, "sig_time": 0.006, "se_time": 0.124, "sce": 14.4, "nsm": null, "valid_obs": 17, "valid_span": 21, "significant": true }, "geometry": { "type": "Point", "coordinates": [ 173.099600001390655, 1.365313862491052 ] } },
{ "type": "Feature", "properties": { "uid": "xb5pfbx2yd", "rate_time": 0.285, "sig_time": 0.011, "se_time": 0.099, "sce": 11.82, "nsm": null, "valid_obs": 17, "valid_span": 21, "significant": true }, "geometry": { "type": "Point", "coordinates": [ 173.099840612820941, 1.365191737459541 ] } },
{ "type": "Feature", "properties": { "uid": "xb5pfbx8h1", "rate_time": 0.129, "sig_time": 0.3, "se_time": 0.12, "sce": 11.66, "nsm": null, "valid_obs": 17, "valid_span": 21, "significant": false }, "geometry": { "type": "Point", "coordinates": [ 173.100076251894706, 1.365060990701091 ] } },
{ "type": "Feature", "properties": { "uid": "xb5pfbrz3y", "rate_time": 0.327, "sig_time": 0.003, "se_time": 0.093, "sce": 11.04, "nsm": null, "valid_obs": 17, "valid_span": 21, "significant": true }, "geometry": { "type": "Point", "coordinates": [ 173.100323263747583, 1.364956350756816 ] } },
{ "type": "Feature", "properties": { "uid": "xb5pfbrzpf", "rate_time": 0.322, "sig_time": 0.011, "se_time": 0.111, "sce": 13.13, "nsm": null, "valid_obs": 17, "valid_span": 21, "significant": true }, "geometry": { "type": "Point", "coordinates": [ 173.100584222543461, 1.36489082294117 ] } },
{ "type": "Feature", "properties": { "uid": "xb5pg02ny5", "rate_time": 0.579, "sig_time": 0.0, "se_time": 0.109, "sce": 15.37, "nsm": null, "valid_obs": 17, "valid_span": 21, "significant": true }, "geometry": { "type": "Point", "coordinates": [ 173.100850919133734, 1.364854166536523 ] } },
{ "type": "Feature", "properties": { "uid": "xb5pg02qsr", "rate_time": 0.757, "sig_time": 0.0, "se_time": 0.092, "sce": 18.06, "nsm": null, "valid_obs": 17, "valid_span": 21, "significant": true }, "geometry": { "type": "Point", "coordinates": [ 173.101119266207547, 1.364836150967451 ] } },
{ "type": "Feature", "properties": { "uid": "xb5pg02w6x", "rate_time": 0.701, "sig_time": 0.0, "se_time": 0.086, "sce": 16.95, "nsm": null, "valid_obs": 17, "valid_span": 21, "significant": true }, "geometry": { "type": "Point", "coordinates": [ 173.101382937475222, 1.364790238009066 ] } },
{ "type": "Feature", "properties": { "uid": "xb5pg02y08", "rate_time": 0.49, "sig_time": 0.118, "se_time": 0.296, "sce": 37.79, "nsm": null, "valid_obs": 18, "valid_span": 21, "significant": false }, "geometry": { "type": "Point", "coordinates": [ 173.101639641106459, 1.364708264912298 ] } },
{ "type": "Feature", "properties": { "uid": "xb705497e2", "rate_time": -0.126, "sig_time": 0.767, "se_time": 0.419, "sce": 57.27, "nsm": null, "valid_obs": 19, "valid_span": 22, "significant": false }, "geometry": { "type": "Point", "coordinates": [ 173.102448273154693, 1.420584989563375 ] } },
{ "type": "Feature", "properties": { "uid": "xb70549d8t", "rate_time": -0.236, "sig_time": 0.501, "se_time": 0.345, "sce": 43.72, "nsm": null, "valid_obs": 20, "valid_span": 22, "significant": false }, "geometry": { "type": "Point", "coordinates": [ 173.102675901035468, 1.420440548916988 ] } },
{ "type": "Feature", "properties": { "uid": "xb705499tk", "rate_time": -0.374, "sig_time": 0.113, "se_time": 0.224, "sce": 22.67, "nsm": null, "valid_obs": 20, "valid_span": 22, "significant": false }, "geometry": { "type": "Point", "coordinates": [ 173.102880592436065, 1.4202641147417 ] } },
{ "type": "Feature", "properties": { "uid": "xb70549bf8", "rate_time": -0.381, "sig_time": 0.114, "se_time": 0.23, "sce": 21.64, "nsm": null, "valid_obs": 20, "valid_span": 22, "significant": false }, "geometry": { "type": "Point", "coordinates": [ 173.103105762887822, 1.420115187800109 ] } },
{ "type": "Feature", "properties": { "uid": "xb70553vxu", "rate_time": -0.165, "sig_time": 0.336, "se_time": 0.166, "sce": 16.99, "nsm": null, "valid_obs": 18, "valid_span": 22, "significant": false }, "geometry": { "type": "Point", "coordinates": [ 173.103325473072459, 1.425072626582578 ] } },
{ "type": "Feature", "properties": { "uid": "xb70546pbp", "rate_time": -0.427, "sig_time": 0.092, "se_time": 0.24, "sce": 21.47, "nsm": null, "valid_obs": 20, "valid_span": 22, "significant": false }, "geometry": { "type": "Point", "coordinates": [ 173.103339654820104, 1.419980701124437 ] } },
{ "type": "Feature", "properties": { "uid": "xb70556hkn", "rate_time": -0.168, "sig_time": 0.391, "se_time": 0.19, "sce": 18.65, "nsm": null, "valid_obs": 18, "valid_span": 22, "significant": false }, "geometry": { "type": "Point", "coordinates": [ 173.103504228402386, 1.424869726414044 ] } },
{ "type": "Feature", "properties": { "uid": "xb70546pj7", "rate_time": -0.36, "sig_time": 0.131, "se_time": 0.228, "sce": 20.45, "nsm": null, "valid_obs": 20, "valid_span": 22, "significant": false }, "geometry": { "type": "Point", "coordinates": [ 173.10356166121835, 1.4198281867611 ] } },
{ "type": "Feature", "properties": { "uid": "xb70556723", "rate_time": -0.261, "sig_time": 0.203, "se_time": 0.197, "sce": 19.01, "nsm": null, "valid_obs": 18, "valid_span": 22, "significant": false }, "geometry": { "type": "Point", "coordinates": [ 173.103687360691055, 1.424670735407531 ] } },
{ "type": "Feature", "properties": { "uid": "xb70546q45", "rate_time": -0.084, "sig_time": 0.787, "se_time": 0.308, "sce": 40.57, "nsm": null, "valid_obs": 20, "valid_span": 22, "significant": false }, "geometry": { "type": "Point", "coordinates": [ 173.103770294376744, 1.419656801175111 ] } },
{ "type": "Feature", "properties": { "uid": "xb705566m4", "rate_time": -0.292, "sig_time": 0.173, "se_time": 0.205, "sce": 18.38, "nsm": null, "valid_obs": 18, "valid_span": 22, "significant": false }, "geometry": { "type": "Point", "coordinates": [ 173.103899933918569, 1.424504557310756 ] } },
{ "type": "Feature", "properties": { "uid": "xb70546mnf", "rate_time": -0.311, "sig_time": 0.179, "se_time": 0.222, "sce": 20.81, "nsm": null, "valid_obs": 19, "valid_span": 22, "significant": false }, "geometry": { "type": "Point", "coordinates": [ 173.103974615176583, 1.419479942117435 ] } },
{ "type": "Feature", "properties": { "uid": "xb705569g4", "rate_time": -0.376, "sig_time": 0.202, "se_time": 0.283, "sce": 25.88, "nsm": null, "valid_obs": 18, "valid_span": 22, "significant": false }, "geometry": { "type": "Point", "coordinates": [ 173.10415101319154, 1.424416325888019 ] } },
{ "type": "Feature", "properties": { "uid": "xb70546s58", "rate_time": -0.252, "sig_time": 0.488, "se_time": 0.355, "sce": 43.42, "nsm": null, "valid_obs": 19, "valid_span": 22, "significant": false }, "geometry": { "type": "Point", "coordinates": [ 173.104176752585829, 1.419300578308766 ] } },
{ "type": "Feature", "properties": { "uid": "xb70556bhy", "rate_time": -0.552, "sig_time": 0.14, "se_time": 0.355, "sce": 31.11, "nsm": null, "valid_obs": 18, "valid_span": 22, "significant": false }, "geometry": { "type": "Point", "coordinates": [ 173.104569997125282, 1.424136469608347 ] } },
{ "type": "Feature", "properties": { "uid": "xb70555pdw", "rate_time": -0.488, "sig_time": 0.128, "se_time": 0.304, "sce": 26.08, "nsm": null, "valid_obs": 18, "valid_span": 22, "significant": false }, "geometry": { "type": "Point", "coordinates": [ 173.104814969384989, 1.424050256559769 ] } },
{ "type": "Feature", "properties": { "uid": "xb7055720s", "rate_time": -0.361, "sig_time": 0.088, "se_time": 0.198, "sce": 17.98, "nsm": null, "valid_obs": 18, "valid_span": 22, "significant": false }, "geometry": { "type": "Point", "coordinates": [ 173.105071775005626, 1.424125816878988 ] } },
{ "type": "Feature", "properties": { "uid": "xb70555rys", "rate_time": 0.131, "sig_time": 0.121, "se_time": 0.08, "sce": 9.23, "nsm": null, "valid_obs": 18, "valid_span": 22, "significant": false }, "geometry": { "type": "Point", "coordinates": [ 173.105331528471538, 1.424085688397235 ] } },
{ "type": "Feature", "properties": { "uid": "xb70555wd5", "rate_time": -0.189, "sig_time": 0.086, "se_time": 0.103, "sce": 9.63, "nsm": null, "valid_obs": 18, "valid_span": 22, "significant": false }, "geometry": { "type": "Point", "coordinates": [ 173.10548177151378, 1.423862545093074 ] } },
{ "type": "Feature", "properties": { "uid": "xb70555tjp", "rate_time": -0.132, "sig_time": 0.236, "se_time": 0.107, "sce": 9.78, "nsm": null, "valid_obs": 18, "valid_span": 22, "significant": false }, "geometry": { "type": "Point", "coordinates": [ 173.105616545824262, 1.423628161317705 ] } },
{ "type": "Feature", "properties": { "uid": "xb70555gby", "rate_time": -0.133, "sig_time": 0.169, "se_time": 0.092, "sce": 8.29, "nsm": null, "valid_obs": 18, "valid_span": 22, "significant": false }, "geometry": { "type": "Point", "coordinates": [ 173.105771843831178, 1.423407130411702 ] } },
{ "type": "Feature", "properties": { "uid": "xb70555fvz", "rate_time": -0.229, "sig_time": 0.037, "se_time": 0.1, "sce": 11.07, "nsm": null, "valid_obs": 18, "valid_span": 22, "significant": true }, "geometry": { "type": "Point", "coordinates": [ 173.105983367403638, 1.423243216590784 ] } },
{ "type": "Feature", "properties": { "uid": "xb7055h473", "rate_time": -0.288, "sig_time": 0.012, "se_time": 0.102, "sce": 13.64, "nsm": null, "valid_obs": 18, "valid_span": 22, "significant": true }, "geometry": { "type": "Point", "coordinates": [ 173.106223369006329, 1.423122113093303 ] } },
{ "type": "Feature", "properties": { "uid": "xb7055h38f", "rate_time": 0.079, "sig_time": 0.28, "se_time": 0.07, "sce": 7.95, "nsm": null, "valid_obs": 18, "valid_span": 22, "significant": false }, "geometry": { "type": "Point", "coordinates": [ 173.106458341963162, 1.422998290679668 ] } },
{ "type": "Feature", "properties": { "uid": "xb7055h2kd", "rate_time": -0.194, "sig_time": 0.097, "se_time": 0.11, "sce": 13.45, "nsm": null, "valid_obs": 18, "valid_span": 22, "significant": false }, "geometry": { "type": "Point", "coordinates": [ 173.10661777557263, 1.422787167280326 ] } },
{ "type": "Feature", "properties": { "uid": "xb7054uqyg", "rate_time": -0.233, "sig_time": 0.023, "se_time": 0.093, "sce": 12.37, "nsm": null, "valid_obs": 18, "valid_span": 22, "significant": true }, "geometry": { "type": "Point", "coordinates": [ 173.106712758047536, 1.422533678153974 ] } },
{ "type": "Feature", "properties": { "uid": "xb7054ut3m", "rate_time": -0.2, "sig_time": 0.051, "se_time": 0.095, "sce": 10.76, "nsm": null, "valid_obs": 18, "valid_span": 22, "significant": false }, "geometry": { "type": "Point", "coordinates": [ 173.106823564290806, 1.422288085697503 ] } },
{ "type": "Feature", "properties": { "uid": "xb7054ushg", "rate_time": -0.149, "sig_time": 0.18, "se_time": 0.106, "sce": 11.09, "nsm": null, "valid_obs": 18, "valid_span": 22, "significant": false }, "geometry": { "type": "Point", "coordinates": [ 173.106971359295187, 1.422061416121003 ] } },
{ "type": "Feature", "properties": { "uid": "xb7054udxw", "rate_time": -0.304, "sig_time": 0.014, "se_time": 0.11, "sce": 16.65, "nsm": null, "valid_obs": 18, "valid_span": 22, "significant": true }, "geometry": { "type": "Point", "coordinates": [ 173.107097032944012, 1.421821478805561 ] } },
{ "type": "Feature", "properties": { "uid": "xb7054uc6g", "rate_time": -0.049, "sig_time": 0.604, "se_time": 0.093, "sce": 8.27, "nsm": null, "valid_obs": 17, "valid_span": 21, "significant": false }, "geometry": { "type": "Point", "coordinates": [ 173.10723238842084, 1.421586983013648 ] } },
{ "type": "Feature", "properties": { "uid": "xb7054szvy", "rate_time": -0.084, "sig_time": 0.438, "se_time": 0.106, "sce": 9.54, "nsm": null, "valid_obs": 17, "valid_span": 21, "significant": false }, "geometry": { "type": "Point", "coordinates": [ 173.107362110965596, 1.421349238564423 ] } },
{ "type": "Feature", "properties": { "uid": "xb7054tn95", "rate_time": -0.097, "sig_time": 0.354, "se_time": 0.101, "sce": 12.14, "nsm": null, "valid_obs": 17, "valid_span": 21, "significant": false }, "geometry": { "type": "Point", "coordinates": [ 173.107503554968844, 1.421118708465135 ] } },
{ "type": "Feature", "properties": { "uid": "xb7054tjk9", "rate_time": -0.147, "sig_time": 0.282, "se_time": 0.132, "sce": 13.43, "nsm": null, "valid_obs": 17, "valid_span": 21, "significant": false }, "geometry": { "type": "Point", "coordinates": [ 173.107649587761301, 1.420890972070129 ] } },
{ "type": "Feature", "properties": { "uid": "xb7054t7bp", "rate_time": -0.102, "sig_time": 0.466, "se_time": 0.136, "sce": 13.27, "nsm": null, "valid_obs": 17, "valid_span": 21, "significant": false }, "geometry": { "type": "Point", "coordinates": [ 173.107804827660374, 1.420669264635835 ] } },
{ "type": "Feature", "properties": { "uid": "xb5pg00y24", "rate_time": -0.247, "sig_time": 0.094, "se_time": 0.139, "sce": 12.46, "nsm": null, "valid_obs": 18, "valid_span": 21, "significant": false }, "geometry": { "type": "Point", "coordinates": [ 173.101622380742128, 1.363392071081251 ] } },
{ "type": "Feature", "properties": { "uid": "xb5pg00ynr", "rate_time": -0.421, "sig_time": 0.001, "se_time": 0.098, "sce": 11.97, "nsm": null, "valid_obs": 18, "valid_span": 21, "significant": true }, "geometry": { "type": "Point", "coordinates": [ 173.101891216850845, 1.363374039786401 ] } },
{ "type": "Feature", "properties": { "uid": "xb5pg02vwd", "rate_time": 0.159, "sig_time": 0.256, "se_time": 0.135, "sce": 15.32, "nsm": null, "valid_obs": 18, "valid_span": 21, "significant": false }, "geometry": { "type": "Point", "coordinates": [ 173.101898987272364, 1.364636734388695 ] } },
{ "type": "Feature", "properties": { "uid": "xb5pg01jux", "rate_time": -0.532, "sig_time": 0.0, "se_time": 0.106, "sce": 12.82, "nsm": null, "valid_obs": 18, "valid_span": 21, "significant": true }, "geometry": { "type": "Point", "coordinates": [ 173.102156544000593, 1.363330836238516 ] } },
{ "type": "Feature", "properties": { "uid": "xb5pg03jkf", "rate_time": 0.044, "sig_time": 0.761, "se_time": 0.142, "sce": 14.64, "nsm": null, "valid_obs": 18, "valid_span": 21, "significant": false }, "geometry": { "type": "Point", "coordinates": [ 173.102164517910211, 1.364591471276374 ] } },
{ "type": "Feature", "properties": { "uid": "xb5pg01md8", "rate_time": -0.492, "sig_time": 0.0, "se_time": 0.106, "sce": 13.68, "nsm": null, "valid_obs": 18, "valid_span": 21, "significant": true }, "geometry": { "type": "Point", "coordinates": [ 173.10241325024657, 1.363250581506075 ] } },
{ "type": "Feature", "properties": { "uid": "xb5pg03m5h", "rate_time": 0.062, "sig_time": 0.68, "se_time": 0.149, "sce": 15.42, "nsm": null, "valid_obs": 18, "valid_span": 21, "significant": false }, "geometry": { "type": "Point", "coordinates": [ 173.1024315259113, 1.364558013789879 ] } },
{ "type": "Feature", "properties": { "uid": "xb5pg01t0e", "rate_time": -0.385, "sig_time": 0.002, "se_time": 0.106, "sce": 12.04, "nsm": null, "valid_obs": 18, "valid_span": 21, "significant": true }, "geometry": { "type": "Point", "coordinates": [ 173.102673270145971, 1.363182133155559 ] } },
{ "type": "Feature", "properties": { "uid": "xb5pg03t1k", "rate_time": 0.134, "sig_time": 0.402, "se_time": 0.155, "sce": 18.25, "nsm": null, "valid_obs": 18, "valid_span": 21, "significant": false }, "geometry": { "type": "Point", "coordinates": [ 173.102700213261556, 1.364558752489565 ] } },
{ "type": "Feature", "properties": { "uid": "xb5pg01syg", "rate_time": -0.377, "sig_time": 0.005, "se_time": 0.114, "sce": 13.15, "nsm": null, "valid_obs": 18, "valid_span": 21, "significant": true }, "geometry": { "type": "Point", "coordinates": [ 173.102939150941125, 1.363138760991371 ] } },
{ "type": "Feature", "properties": { "uid": "xb5pg03tr6", "rate_time": 0.145, "sig_time": 0.366, "se_time": 0.156, "sce": 18.82, "nsm": null, "valid_obs": 18, "valid_span": 21, "significant": false }, "geometry": { "type": "Point", "coordinates": [ 173.10296706662902, 1.364593632822087 ] } },
{ "type": "Feature", "properties": { "uid": "xb5pg01utj", "rate_time": -0.423, "sig_time": 0.001, "se_time": 0.106, "sce": 14.02, "nsm": null, "valid_obs": 18, "valid_span": 21, "significant": true }, "geometry": { "type": "Point", "coordinates": [ 173.103206590528828, 1.363105352021124 ] } },
{ "type": "Feature", "properties": { "uid": "xb5pg03vt8", "rate_time": 0.094, "sig_time": 0.458, "se_time": 0.123, "sce": 12.78, "nsm": null, "valid_obs": 18, "valid_span": 21, "significant": false }, "geometry": { "type": "Point", "coordinates": [ 173.103234536354307, 1.364625819948028 ] } },
{ "type": "Feature", "properties": { "uid": "xb5pg04h7m", "rate_time": -0.495, "sig_time": 0.0, "se_time": 0.111, "sce": 15.96, "nsm": null, "valid_obs": 18, "valid_span": 21, "significant": true }, "geometry": { "type": "Point", "coordinates": [ 173.10347293983591, 1.363064664546848 ] } },
{ "type": "Feature", "properties": { "uid": "xb5pg04k17", "rate_time": -0.511, "sig_time": 0.001, "se_time": 0.119, "sce": 16.32, "nsm": null, "valid_obs": 18, "valid_span": 21, "significant": true }, "geometry": { "type": "Point", "coordinates": [ 173.103737205286279, 1.36301165476535 ] } },
{ "type": "Feature", "properties": { "uid": "xb5pg047z8", "rate_time": -0.432, "sig_time": 0.002, "se_time": 0.119, "sce": 15.1, "nsm": null, "valid_obs": 18, "valid_span": 21, "significant": true }, "geometry": { "type": "Point", "coordinates": [ 173.103999197390721, 1.362948736417774 ] } },
{ "type": "Feature", "properties": { "uid": "xb5pg04emx", "rate_time": -0.33, "sig_time": 0.005, "se_time": 0.101, "sce": 12.91, "nsm": null, "valid_obs": 18, "valid_span": 21, "significant": true }, "geometry": { "type": "Point", "coordinates": [ 173.104264294328061, 1.36290229999827 ] } },
{ "type": "Feature", "properties": { "uid": "xb5pg06jec", "rate_time": -0.002, "sig_time": 0.993, "se_time": 0.236, "sce": 29.16, "nsm": null, "valid_obs": 18, "valid_span": 21, "significant": false }, "geometry": { "type": "Point", "coordinates": [ 173.103503054167334, 1.3646277549655 ] } },
{ "type": "Feature", "properties": { "uid": "xb5pg06m65", "rate_time": 0.045, "sig_time": 0.701, "se_time": 0.115, "sce": 9.83, "nsm": null, "valid_obs": 17, "valid_span": 21, "significant": false }, "geometry": { "type": "Point", "coordinates": [ 173.103770718847301, 1.364597387501945 ] } },
{ "type": "Feature", "properties": { "uid": "xb5pg06t02", "rate_time": 0.021, "sig_time": 0.869, "se_time": 0.126, "sce": 10.48, "nsm": null, "valid_obs": 17, "valid_span": 21, "significant": false }, "geometry": { "type": "Point", "coordinates": [ 173.104033482214021, 1.364539645612625 ] } },
{ "type": "Feature", "properties": { "uid": "xb5pg06sw3", "rate_time": -0.073, "sig_time": 0.578, "se_time": 0.128, "sce": 11.24, "nsm": null, "valid_obs": 17, "valid_span": 21, "significant": false }, "geometry": { "type": "Point", "coordinates": [ 173.104290066352888, 1.364457151974044 ] } },
{ "type": "Feature", "properties": { "uid": "xb5pg06uh7", "rate_time": -0.023, "sig_time": 0.874, "se_time": 0.144, "sce": 12.85, "nsm": null, "valid_obs": 17, "valid_span": 21, "significant": false }, "geometry": { "type": "Point", "coordinates": [ 173.104547821360541, 1.364381356683263 ] } },
{ "type": "Feature", "properties": { "uid": "xb5pg075fs", "rate_time": -0.116, "sig_time": 0.442, "se_time": 0.147, "sce": 15.95, "nsm": null, "valid_obs": 17, "valid_span": 21, "significant": false }, "geometry": { "type": "Point", "coordinates": [ 173.104814431582639, 1.364343367595309 ] } },
{ "type": "Feature", "properties": { "uid": "xb5pg077bb", "rate_time": -0.063, "sig_time": 0.721, "se_time": 0.172, "sce": 20.64, "nsm": null, "valid_obs": 17, "valid_span": 21, "significant": false }, "geometry": { "type": "Point", "coordinates": [ 173.105083251028759, 1.364325250769455 ] } },
{ "type": "Feature", "properties": { "uid": "xb5pg077z1", "rate_time": -0.025, "sig_time": 0.894, "se_time": 0.185, "sce": 23.03, "nsm": null, "valid_obs": 17, "valid_span": 21, "significant": false }, "geometry": { "type": "Point", "coordinates": [ 173.105352111681015, 1.364328987418692 ] } },
{ "type": "Feature", "properties": { "uid": "xb5pg07evr", "rate_time": 0.11, "sig_time": 0.497, "se_time": 0.159, "sce": 19.4, "nsm": null, "valid_obs": 17, "valid_span": 21, "significant": false }, "geometry": { "type": "Point", "coordinates": [ 173.105619297072138, 1.364363597986612 ] } },
{ "type": "Feature", "properties": { "uid": "xb5pg0wbc8", "rate_time": 0.466, "sig_time": 0.001, "se_time": 0.11, "sce": 16.82, "nsm": null, "valid_obs": 18, "valid_span": 21, "significant": true }, "geometry": { "type": "Point", "coordinates": [ 173.109923489750912, 1.365181710058237 ] } },
{ "type": "Feature", "properties": { "uid": "xb5pg0wcpx", "rate_time": 0.389, "sig_time": 0.003, "se_time": 0.114, "sce": 15.62, "nsm": null, "valid_obs": 18, "valid_span": 21, "significant": true }, "geometry": { "type": "Point", "coordinates": [ 173.110180066642897, 1.365264184886491 ] } },
{ "type": "Feature", "properties": { "uid": "xb5pg0x1tr", "rate_time": 0.465, "sig_time": 0.0, "se_time": 0.105, "sce": 15.19, "nsm": null, "valid_obs": 18, "valid_span": 21, "significant": true }, "geometry": { "type": "Point", "coordinates": [ 173.110434807227989, 1.365349070427184 ] } },
{ "type": "Feature", "properties": { "uid": "xb5pg0x3ge", "rate_time": 0.496, "sig_time": 0.016, "se_time": 0.185, "sce": 24.11, "nsm": null, "valid_obs": 18, "valid_span": 21, "significant": true }, "geometry": { "type": "Point", "coordinates": [ 173.110701750306532, 1.365369342272511 ] } },
{ "type": "Feature", "properties": { "uid": "xb5pg0x99g", "rate_time": 0.4, "sig_time": 0.382, "se_time": 0.445, "sce": 55.02, "nsm": null, "valid_obs": 18, "valid_span": 21, "significant": false }, "geometry": { "type": "Point", "coordinates": [ 173.110967758617903, 1.365326160943638 ] } },
{ "type": "Feature", "properties": { "uid": "xb5pg0xc2j", "rate_time": 0.392, "sig_time": 0.301, "se_time": 0.366, "sce": 45.36, "nsm": null, "valid_obs": 18, "valid_span": 21, "significant": false }, "geometry": { "type": "Point", "coordinates": [ 173.111235621525822, 1.365297095926395 ] } },
{ "type": "Feature", "properties": { "uid": "xb5pg0xcq7", "rate_time": 0.455, "sig_time": 0.006, "se_time": 0.145, "sce": 18.6, "nsm": null, "valid_obs": 18, "valid_span": 21, "significant": true }, "geometry": { "type": "Point", "coordinates": [ 173.111504804104527, 1.365285476950957 ] } },
{ "type": "Feature", "properties": { "uid": "xb5pg281ke", "rate_time": 0.524, "sig_time": 0.0, "se_time": 0.118, "sce": 17.23, "nsm": null, "valid_obs": 18, "valid_span": 21, "significant": true }, "geometry": { "type": "Point", "coordinates": [ 173.111774020333883, 1.365282145870616 ] } },
{ "type": "Feature", "properties": { "uid": "xb5pg282xh", "rate_time": 0.736, "sig_time": 0.0, "se_time": 0.141, "sce": 18.94, "nsm": null, "valid_obs": 18, "valid_span": 21, "significant": true }, "geometry": { "type": "Point", "coordinates": [ 173.112224984422028, 1.36516322605555 ] } },
{ "type": "Feature", "properties": { "uid": "xb5pg22xuz", "rate_time": 0.565, "sig_time": 0.002, "se_time": 0.15, "sce": 20.2, "nsm": null, "valid_obs": 18, "valid_span": 21, "significant": true }, "geometry": { "type": "Point", "coordinates": [ 173.112468364662504, 1.365046937295203 ] } },
{ "type": "Feature", "properties": { "uid": "xb5pg22zdc", "rate_time": 0.605, "sig_time": 0.139, "se_time": 0.389, "sce": 49.12, "nsm": null, "valid_obs": 18, "valid_span": 21, "significant": false }, "geometry": { "type": "Point", "coordinates": [ 173.112726064915421, 1.364974040287034 ] } },
{ "type": "Feature", "properties": { "uid": "xb5pg23p1n", "rate_time": 0.652, "sig_time": 0.0, "se_time": 0.137, "sce": 20.73, "nsm": null, "valid_obs": 17, "valid_span": 21, "significant": true }, "geometry": { "type": "Point", "coordinates": [ 173.112989379623997, 1.364916352163283 ] } },
{ "type": "Feature", "properties": { "uid": "xb5pg23nwg", "rate_time": 0.291, "sig_time": 0.387, "se_time": 0.326, "sce": 36.13, "nsm": null, "valid_obs": 17, "valid_span": 21, "significant": false }, "geometry": { "type": "Point", "coordinates": [ 173.11323690503005, 1.364814483676645 ] } },
{ "type": "Feature", "properties": { "uid": "xb5pg23muk", "rate_time": 0.556, "sig_time": 0.004, "se_time": 0.16, "sce": 15.98, "nsm": null, "valid_obs": 16, "valid_span": 21, "significant": true }, "geometry": { "type": "Point", "coordinates": [ 173.113474811920071, 1.364687647202585 ] } },
{ "type": "Feature", "properties": { "uid": "xb5pg23t61", "rate_time": 0.439, "sig_time": 0.002, "se_time": 0.115, "sce": 12.12, "nsm": null, "valid_obs": 16, "valid_span": 21, "significant": true }, "geometry": { "type": "Point", "coordinates": [ 173.113723713028321, 1.364585247449263 ] } },
{ "type": "Feature", "properties": { "uid": "xb5pg23ubn", "rate_time": 0.366, "sig_time": 0.002, "se_time": 0.095, "sce": 12.13, "nsm": null, "valid_obs": 16, "valid_span": 21, "significant": true }, "geometry": { "type": "Point", "coordinates": [ 173.113984910638948, 1.364526959697516 ] } },
{ "type": "Feature", "properties": { "uid": "xb5pg26hug", "rate_time": 0.302, "sig_time": 0.006, "se_time": 0.093, "sce": 12.19, "nsm": null, "valid_obs": 16, "valid_span": 21, "significant": true }, "geometry": { "type": "Point", "coordinates": [ 173.114522959083729, 1.364510257126361 ] } },
{ "type": "Feature", "properties": { "uid": "xb5pg26kdv", "rate_time": 0.045, "sig_time": 0.772, "se_time": 0.154, "sce": 12.19, "nsm": null, "valid_obs": 16, "valid_span": 21, "significant": false }, "geometry": { "type": "Point", "coordinates": [ 173.114790648954994, 1.364478994464603 ] } },
{ "type": "Feature", "properties": { "uid": "xb5pg26s90", "rate_time": 0.078, "sig_time": 0.53, "se_time": 0.121, "sce": 12.16, "nsm": null, "valid_obs": 16, "valid_span": 21, "significant": false }, "geometry": { "type": "Point", "coordinates": [ 173.115058581537767, 1.364450997090908 ] } },
{ "type": "Feature", "properties": { "uid": "xb5pg26srk", "rate_time": 0.235, "sig_time": 0.134, "se_time": 0.148, "sce": 11.37, "nsm": null, "valid_obs": 16, "valid_span": 21, "significant": false }, "geometry": { "type": "Point", "coordinates": [ 173.115327208428369, 1.36442996489718 ] } },
{ "type": "Feature", "properties": { "uid": "xb5pg26ujx", "rate_time": 0.214, "sig_time": 0.172, "se_time": 0.148, "sce": 13.82, "nsm": null, "valid_obs": 16, "valid_span": 21, "significant": false }, "geometry": { "type": "Point", "coordinates": [ 173.11559540269667, 1.364403512229859 ] } },
{ "type": "Feature", "properties": { "uid": "xb5pg27hhh", "rate_time": 0.235, "sig_time": 0.152, "se_time": 0.155, "sce": 14.19, "nsm": null, "valid_obs": 16, "valid_span": 21, "significant": false }, "geometry": { "type": "Point", "coordinates": [ 173.115864265793789, 1.364387091240644 ] } },
{ "type": "Feature", "properties": { "uid": "xb5pg27k4k", "rate_time": 0.204, "sig_time": 0.272, "se_time": 0.178, "sce": 16.02, "nsm": null, "valid_obs": 16, "valid_span": 21, "significant": false }, "geometry": { "type": "Point", "coordinates": [ 173.11613352361573, 1.364390412399827 ] } },
{ "type": "Feature", "properties": { "uid": "xb5pg27s29", "rate_time": 0.205, "sig_time": 0.272, "se_time": 0.18, "sce": 18.92, "nsm": null, "valid_obs": 16, "valid_span": 21, "significant": false }, "geometry": { "type": "Point", "coordinates": [ 173.116401691537192, 1.364415549452808 ] } },
{ "type": "Feature", "properties": { "uid": "xb5pg27sqz", "rate_time": 0.249, "sig_time": 0.167, "se_time": 0.171, "sce": 19.73, "nsm": null, "valid_obs": 16, "valid_span": 21, "significant": false }, "geometry": { "type": "Point", "coordinates": [ 173.116669128395785, 1.364447850801203 ] } },
{ "type": "Feature", "properties": { "uid": "xb5pg27usv", "rate_time": 0.297, "sig_time": 0.094, "se_time": 0.165, "sce": 17.35, "nsm": null, "valid_obs": 16, "valid_span": 21, "significant": false }, "geometry": { "type": "Point", "coordinates": [ 173.116935787996852, 1.364481581564694 ] } },
{ "type": "Feature", "properties": { "uid": "xb5pg2kj4u", "rate_time": 0.319, "sig_time": 0.071, "se_time": 0.164, "sce": 16.52, "nsm": null, "valid_obs": 16, "valid_span": 21, "significant": false }, "geometry": { "type": "Point", "coordinates": [ 173.117193141468022, 1.364558477109409 ] } },
{ "type": "Feature", "properties": { "uid": "xb5pg2km8n", "rate_time": 0.261, "sig_time": 0.11, "se_time": 0.153, "sce": 16.2, "nsm": null, "valid_obs": 16, "valid_span": 21, "significant": false }, "geometry": { "type": "Point", "coordinates": [ 173.117417047473566, 1.364658545833069 ] } },
{ "type": "Feature", "properties": { "uid": "xb5pg2kw2q", "rate_time": -0.075, "sig_time": 0.668, "se_time": 0.171, "sce": 15.61, "nsm": null, "valid_obs": 16, "valid_span": 21, "significant": false }, "geometry": { "type": "Point", "coordinates": [ 173.11776689210572, 1.364783214382822 ] } },
{ "type": "Feature", "properties": { "uid": "xb5pg2831q", "rate_time": 0.623, "sig_time": 0.0, "se_time": 0.12, "sce": 18.36, "nsm": null, "valid_obs": 18, "valid_span": 21, "significant": true }, "geometry": { "type": "Point", "coordinates": [ 173.111974030485754, 1.365259511975865 ] } },
{ "type": "Feature", "properties": { "uid": "xb5pg0w81h", "rate_time": 0.533, "sig_time": 0.0, "se_time": 0.103, "sce": 14.8, "nsm": null, "valid_obs": 18, "valid_span": 21, "significant": true }, "geometry": { "type": "Point", "coordinates": [ 173.109556121216855, 1.365076596403958 ] } },
{ "type": "Feature", "properties": { "uid": "xb5pg0qrfb", "rate_time": 0.45, "sig_time": 0.002, "se_time": 0.121, "sce": 13.36, "nsm": null, "valid_obs": 18, "valid_span": 21, "significant": true }, "geometry": { "type": "Point", "coordinates": [ 173.109294978717628, 1.365009601071293 ] } },
{ "type": "Feature", "properties": { "uid": "xb5pg0qpkf", "rate_time": 0.508, "sig_time": 0.001, "se_time": 0.122, "sce": 16.14, "nsm": null, "valid_obs": 18, "valid_span": 21, "significant": true }, "geometry": { "type": "Point", "coordinates": [ 173.109035033740071, 1.364938037217296 ] } },
{ "type": "Feature", "properties": { "uid": "xb5pg0myyv", "rate_time": 0.544, "sig_time": 0.001, "se_time": 0.141, "sce": 17.76, "nsm": null, "valid_obs": 18, "valid_span": 21, "significant": true }, "geometry": { "type": "Point", "coordinates": [ 173.108775203630586, 1.364866051910107 ] } },
{ "type": "Feature", "properties": { "uid": "xb5pg0my8e", "rate_time": 0.445, "sig_time": 0.207, "se_time": 0.339, "sce": 43.73, "nsm": null, "valid_obs": 18, "valid_span": 21, "significant": false }, "geometry": { "type": "Point", "coordinates": [ 173.108511761669519, 1.364810378672971 ] } },
{ "type": "Feature", "properties": { "uid": "xb5pg0mtfz", "rate_time": 0.432, "sig_time": 0.028, "se_time": 0.178, "sce": 19.48, "nsm": null, "valid_obs": 17, "valid_span": 21, "significant": true }, "geometry": { "type": "Point", "coordinates": [ 173.108264565187739, 1.364702934062554 ] } },
{ "type": "Feature", "properties": { "uid": "xb5pg0mmsc", "rate_time": 0.298, "sig_time": 0.053, "se_time": 0.141, "sce": 17.34, "nsm": null, "valid_obs": 17, "valid_span": 21, "significant": false }, "geometry": { "type": "Point", "coordinates": [ 173.108005165126684, 1.364631476106854 ] } },
{ "type": "Feature", "properties": { "uid": "xb5pg0mjwe", "rate_time": 0.314, "sig_time": 0.038, "se_time": 0.138, "sce": 16.45, "nsm": null, "valid_obs": 17, "valid_span": 21, "significant": true }, "geometry": { "type": "Point", "coordinates": [ 173.107738073931642, 1.364640669328543 ] } },
{ "type": "Feature", "properties": { "uid": "xb5pg0mj87", "rate_time": 0.346, "sig_time": 0.027, "se_time": 0.141, "sce": 18.22, "nsm": null, "valid_obs": 17, "valid_span": 21, "significant": true }, "geometry": { "type": "Point", "coordinates": [ 173.107468858706341, 1.364640667266565 ] } },
{ "type": "Feature", "properties": { "uid": "xb5pg0kv65", "rate_time": 0.313, "sig_time": 0.02, "se_time": 0.12, "sce": 15.02, "nsm": null, "valid_obs": 17, "valid_span": 21, "significant": true }, "geometry": { "type": "Point", "coordinates": [ 173.107203294115465, 1.364598056233936 ] } },
{ "type": "Feature", "properties": { "uid": "xb5pg0kt5y", "rate_time": 0.304, "sig_time": 0.013, "se_time": 0.108, "sce": 12.86, "nsm": null, "valid_obs": 17, "valid_span": 21, "significant": true }, "geometry": { "type": "Point", "coordinates": [ 173.106935448217939, 1.364570789147892 ] } },
{ "type": "Feature", "properties": { "uid": "xb5pg0kmje", "rate_time": 0.317, "sig_time": 0.016, "se_time": 0.117, "sce": 14.17, "nsm": null, "valid_obs": 17, "valid_span": 21, "significant": true }, "geometry": { "type": "Point", "coordinates": [ 173.106666355237252, 1.364556826666717 ] } },
{ "type": "Feature", "properties": { "uid": "xb5pg0khz9", "rate_time": 0.236, "sig_time": 0.043, "se_time": 0.107, "sce": 12.85, "nsm": null, "valid_obs": 17, "valid_span": 21, "significant": true }, "geometry": { "type": "Point", "coordinates": [ 173.106402913749122, 1.364503909564999 ] } },
{ "type": "Feature", "properties": { "uid": "xb5pg0kh3q", "rate_time": 0.186, "sig_time": 0.1, "se_time": 0.106, "sce": 13.43, "nsm": null, "valid_obs": 17, "valid_span": 21, "significant": false }, "geometry": { "type": "Point", "coordinates": [ 173.106139938582743, 1.364444671481903 ] } },
{ "type": "Feature", "properties": { "uid": "xb5pg07u5p", "rate_time": 0.186, "sig_time": 0.132, "se_time": 0.117, "sce": 14.29, "nsm": null, "valid_obs": 17, "valid_span": 21, "significant": false }, "geometry": { "type": "Point", "coordinates": [ 173.105873689067607, 1.364404002435309 ] } },
{ "type": "Feature", "properties": { "uid": "xb7051u86e", "rate_time": -0.519, "sig_time": 0.255, "se_time": 0.439, "sce": 32.84, "nsm": null, "valid_obs": 17, "valid_span": 21, "significant": false }, "geometry": { "type": "Point", "coordinates": [ 173.106876078975546, 1.415926958773663 ] } },
{ "type": "Feature", "properties": { "uid": "xb7051u3w2", "rate_time": 0.596, "sig_time": 0.428, "se_time": 0.733, "sce": 94.48, "nsm": null, "valid_obs": 18, "valid_span": 22, "significant": false }, "geometry": { "type": "Point", "coordinates": [ 173.106691865370436, 1.416124932270031 ] } },
{ "type": "Feature", "properties": { "uid": "xb7051uj4r", "rate_time": 0.209, "sig_time": 0.505, "se_time": 0.307, "sce": 29.9, "nsm": null, "valid_obs": 18, "valid_span": 22, "significant": false }, "geometry": { "type": "Point", "coordinates": [ 173.106186250538912, 1.416759442808263 ] } },
{ "type": "Feature", "properties": { "uid": "xb7051gyqx", "rate_time": 0.209, "sig_time": 0.477, "se_time": 0.287, "sce": 28.39, "nsm": null, "valid_obs": 18, "valid_span": 22, "significant": false }, "geometry": { "type": "Point", "coordinates": [ 173.106023971724909, 1.416975736520143 ] } },
{ "type": "Feature", "properties": { "uid": "xb7051gzdt", "rate_time": 0.08, "sig_time": 0.775, "se_time": 0.277, "sce": 24.0, "nsm": null, "valid_obs": 18, "valid_span": 22, "significant": false }, "geometry": { "type": "Point", "coordinates": [ 173.105847390365909, 1.417180637044479 ] } },
{ "type": "Feature", "properties": { "uid": "xb705458yy", "rate_time": -0.063, "sig_time": 0.792, "se_time": 0.235, "sce": 22.05, "nsm": null, "valid_obs": 18, "valid_span": 22, "significant": false }, "geometry": { "type": "Point", "coordinates": [ 173.105689976840239, 1.417400730501456 ] } },
{ "type": "Feature", "properties": { "uid": "xb70545d5p", "rate_time": -0.042, "sig_time": 0.848, "se_time": 0.216, "sce": 20.92, "nsm": null, "valid_obs": 18, "valid_span": 22, "significant": false }, "geometry": { "type": "Point", "coordinates": [ 173.105529965519395, 1.417618956425856 ] } },
{ "type": "Feature", "properties": { "uid": "xb705457x8", "rate_time": -0.06, "sig_time": 0.796, "se_time": 0.227, "sce": 20.25, "nsm": null, "valid_obs": 18, "valid_span": 22, "significant": false }, "geometry": { "type": "Point", "coordinates": [ 173.105376758823439, 1.41784174954924 ] } },
{ "type": "Feature", "properties": { "uid": "xb70545ku5", "rate_time": -0.165, "sig_time": 0.457, "se_time": 0.217, "sce": 19.62, "nsm": null, "valid_obs": 18, "valid_span": 22, "significant": false }, "geometry": { "type": "Point", "coordinates": [ 173.105229247296592, 1.41806853342581 ] } },
{ "type": "Feature", "properties": { "uid": "xb70545q07", "rate_time": -0.293, "sig_time": 0.173, "se_time": 0.205, "sce": 17.24, "nsm": null, "valid_obs": 18, "valid_span": 22, "significant": false }, "geometry": { "type": "Point", "coordinates": [ 173.105068096374367, 1.418285930304054 ] } },
{ "type": "Feature", "properties": { "uid": "xb70545pk0", "rate_time": -0.28, "sig_time": 0.209, "se_time": 0.214, "sce": 17.55, "nsm": null, "valid_obs": 18, "valid_span": 22, "significant": false }, "geometry": { "type": "Point", "coordinates": [ 173.104880890262194, 1.418480992875393 ] } },
{ "type": "Feature", "properties": { "uid": "xb70546brv", "rate_time": -0.274, "sig_time": 0.255, "se_time": 0.232, "sce": 18.79, "nsm": null, "valid_obs": 18, "valid_span": 22, "significant": false }, "geometry": { "type": "Point", "coordinates": [ 173.104702602780065, 1.41868406802488 ] } },
{ "type": "Feature", "properties": { "uid": "xb70546cev", "rate_time": -0.304, "sig_time": 0.224, "se_time": 0.24, "sce": 20.54, "nsm": null, "valid_obs": 18, "valid_span": 22, "significant": false }, "geometry": { "type": "Point", "coordinates": [ 173.104533079405627, 1.418894919842097 ] } },
{ "type": "Feature", "properties": { "uid": "xb70546fbh", "rate_time": -0.339, "sig_time": 0.21, "se_time": 0.26, "sce": 22.39, "nsm": null, "valid_obs": 18, "valid_span": 22, "significant": false }, "geometry": { "type": "Point", "coordinates": [ 173.104365924897309, 1.419107618262391 ] } },
{ "type": "Feature", "properties": { "uid": "xb5pg04g7u", "rate_time": -0.302, "sig_time": 0.02, "se_time": 0.117, "sce": 12.83, "nsm": null, "valid_obs": 18, "valid_span": 21, "significant": true }, "geometry": { "type": "Point", "coordinates": [ 173.104533042177536, 1.362886847716723 ] } },
{ "type": "Feature", "properties": { "uid": "xb5pg0556k", "rate_time": -0.367, "sig_time": 0.003, "se_time": 0.105, "sce": 13.01, "nsm": null, "valid_obs": 18, "valid_span": 21, "significant": true }, "geometry": { "type": "Point", "coordinates": [ 173.104802458095378, 1.362886940081491 ] } },
{ "type": "Feature", "properties": { "uid": "xb5pg0572d", "rate_time": -0.348, "sig_time": 0.003, "se_time": 0.099, "sce": 12.33, "nsm": null, "valid_obs": 18, "valid_span": 21, "significant": true }, "geometry": { "type": "Point", "coordinates": [ 173.105071644857247, 1.362874525071935 ] } },
{ "type": "Feature", "properties": { "uid": "xb5pg057ny", "rate_time": -0.385, "sig_time": 0.001, "se_time": 0.097, "sce": 12.68, "nsm": null, "valid_obs": 18, "valid_span": 21, "significant": true }, "geometry": { "type": "Point", "coordinates": [ 173.105340339547865, 1.362853966927754 ] } },
{ "type": "Feature", "properties": { "uid": "xb5pg05ej0", "rate_time": -0.483, "sig_time": 0.0, "se_time": 0.086, "sce": 13.3, "nsm": null, "valid_obs": 18, "valid_span": 21, "significant": true }, "geometry": { "type": "Point", "coordinates": [ 173.105607900224271, 1.362822560196797 ] } },
{ "type": "Feature", "properties": { "uid": "xb5pg05fen", "rate_time": -0.549, "sig_time": 0.0, "se_time": 0.094, "sce": 14.28, "nsm": null, "valid_obs": 18, "valid_span": 21, "significant": true }, "geometry": { "type": "Point", "coordinates": [ 173.105871179173761, 1.362767591727487 ] } },
{ "type": "Feature", "properties": { "uid": "xb5pg0h41j", "rate_time": -0.486, "sig_time": 0.0, "se_time": 0.099, "sce": 14.67, "nsm": null, "valid_obs": 18, "valid_span": 21, "significant": true }, "geometry": { "type": "Point", "coordinates": [ 173.106125578552081, 1.362678772143026 ] } },
{ "type": "Feature", "properties": { "uid": "xb5pg0h1xj", "rate_time": -0.45, "sig_time": 0.0, "se_time": 0.1, "sce": 14.38, "nsm": null, "valid_obs": 18, "valid_span": 21, "significant": true }, "geometry": { "type": "Point", "coordinates": [ 173.106381259038187, 1.362593742634686 ] } },
{ "type": "Feature", "properties": { "uid": "xb5pg0h3m5", "rate_time": -0.572, "sig_time": 0.0, "se_time": 0.111, "sce": 17.16, "nsm": null, "valid_obs": 18, "valid_span": 21, "significant": true }, "geometry": { "type": "Point", "coordinates": [ 173.106644528505257, 1.362536898751455 ] } },
{ "type": "Feature", "properties": { "uid": "xb5pg0h95m", "rate_time": -0.627, "sig_time": 0.0, "se_time": 0.125, "sce": 18.1, "nsm": null, "valid_obs": 18, "valid_span": 21, "significant": true }, "geometry": { "type": "Point", "coordinates": [ 173.106912305925192, 1.362506597541435 ] } },
{ "type": "Feature", "properties": { "uid": "xb5pg0hbct", "rate_time": -0.58, "sig_time": 0.0, "se_time": 0.112, "sce": 15.52, "nsm": null, "valid_obs": 18, "valid_span": 21, "significant": true }, "geometry": { "type": "Point", "coordinates": [ 173.107178694500618, 1.362465549059321 ] } },
{ "type": "Feature", "properties": { "uid": "xb5pg0hbxy", "rate_time": -0.478, "sig_time": 0.0, "se_time": 0.104, "sce": 13.68, "nsm": null, "valid_obs": 18, "valid_span": 21, "significant": true }, "geometry": { "type": "Point", "coordinates": [ 173.107444995486048, 1.36242760628788 ] } },
{ "type": "Feature", "properties": { "uid": "xb5pg0j0y1", "rate_time": -0.488, "sig_time": 0.001, "se_time": 0.122, "sce": 13.89, "nsm": null, "valid_obs": 18, "valid_span": 21, "significant": true }, "geometry": { "type": "Point", "coordinates": [ 173.107714051069735, 1.362441541158045 ] } },
{ "type": "Feature", "properties": { "uid": "xb5pg0j2uq", "rate_time": -0.521, "sig_time": 0.002, "se_time": 0.137, "sce": 15.62, "nsm": null, "valid_obs": 18, "valid_span": 21, "significant": true }, "geometry": { "type": "Point", "coordinates": [ 173.107981673546561, 1.362470920326876 ] } },
{ "type": "Feature", "properties": { "uid": "xb5pg0j8fs", "rate_time": -0.425, "sig_time": 0.011, "se_time": 0.147, "sce": 16.76, "nsm": null, "valid_obs": 18, "valid_span": 21, "significant": true }, "geometry": { "type": "Point", "coordinates": [ 173.108250579081272, 1.36245829134676 ] } },
{ "type": "Feature", "properties": { "uid": "xb5pg0jb8g", "rate_time": -0.298, "sig_time": 0.068, "se_time": 0.152, "sce": 16.76, "nsm": null, "valid_obs": 18, "valid_span": 21, "significant": false }, "geometry": { "type": "Point", "coordinates": [ 173.108515367663614, 1.362407904369802 ] } },
{ "type": "Feature", "properties": { "uid": "xb5pg0jbqu", "rate_time": -0.235, "sig_time": 0.062, "se_time": 0.117, "sce": 12.55, "nsm": null, "valid_obs": 18, "valid_span": 21, "significant": false }, "geometry": { "type": "Point", "coordinates": [ 173.108782649334529, 1.362373833523058 ] } },
{ "type": "Feature", "properties": { "uid": "xb5pg0n0j1", "rate_time": -0.269, "sig_time": 0.01, "se_time": 0.092, "sce": 9.83, "nsm": null, "valid_obs": 18, "valid_span": 21, "significant": true }, "geometry": { "type": "Point", "coordinates": [ 173.109045037168443, 1.36231361921035 ] } },
{ "type": "Feature", "properties": { "uid": "xb5pepyr6e", "rate_time": -0.402, "sig_time": 0.0, "se_time": 0.09, "sce": 12.3, "nsm": null, "valid_obs": 18, "valid_span": 21, "significant": true }, "geometry": { "type": "Point", "coordinates": [ 173.109286913439462, 1.362194012109437 ] } },
{ "type": "Feature", "properties": { "uid": "xb5pepywb8", "rate_time": -0.295, "sig_time": 0.002, "se_time": 0.078, "sce": 10.28, "nsm": null, "valid_obs": 18, "valid_span": 21, "significant": true }, "geometry": { "type": "Point", "coordinates": [ 173.109536834834444, 1.362094210436397 ] } },
{ "type": "Feature", "properties": { "uid": "xb5pepywwg", "rate_time": -0.257, "sig_time": 0.009, "se_time": 0.086, "sce": 9.6, "nsm": null, "valid_obs": 18, "valid_span": 21, "significant": true }, "geometry": { "type": "Point", "coordinates": [ 173.1098041092541, 1.362068284130814 ] } },
{ "type": "Feature", "properties": { "uid": "xb5pepyyt4", "rate_time": -0.233, "sig_time": 0.029, "se_time": 0.097, "sce": 11.07, "nsm": null, "valid_obs": 18, "valid_span": 21, "significant": true }, "geometry": { "type": "Point", "coordinates": [ 173.110073412755611, 1.362058488325793 ] } },
{ "type": "Feature", "properties": { "uid": "xb5pepzn7m", "rate_time": -0.216, "sig_time": 0.051, "se_time": 0.102, "sce": 10.14, "nsm": null, "valid_obs": 18, "valid_span": 21, "significant": false }, "geometry": { "type": "Point", "coordinates": [ 173.110341454674142, 1.362031373772802 ] } },
{ "type": "Feature", "properties": { "uid": "xb5pepzq39", "rate_time": -0.457, "sig_time": 0.002, "se_time": 0.127, "sce": 14.74, "nsm": null, "valid_obs": 18, "valid_span": 21, "significant": true }, "geometry": { "type": "Point", "coordinates": [ 173.110610229010575, 1.362012077293381 ] } },
{ "type": "Feature", "properties": { "uid": "xb5pepzqrf", "rate_time": -0.544, "sig_time": 0.001, "se_time": 0.135, "sce": 16.02, "nsm": null, "valid_obs": 18, "valid_span": 21, "significant": true }, "geometry": { "type": "Point", "coordinates": [ 173.110879573108548, 1.362015103860042 ] } },
{ "type": "Feature", "properties": { "uid": "xb5pepzwqj", "rate_time": -0.512, "sig_time": 0.004, "se_time": 0.152, "sce": 16.0, "nsm": null, "valid_obs": 18, "valid_span": 21, "significant": true }, "geometry": { "type": "Point", "coordinates": [ 173.111148479504863, 1.362032433296458 ] } },
{ "type": "Feature", "properties": { "uid": "xb5pepzykq", "rate_time": -0.523, "sig_time": 0.0, "se_time": 0.117, "sce": 14.17, "nsm": null, "valid_obs": 18, "valid_span": 21, "significant": true }, "geometry": { "type": "Point", "coordinates": [ 173.111417811837072, 1.362040591857552 ] } },
{ "type": "Feature", "properties": { "uid": "xb5perbn6t", "rate_time": -0.53, "sig_time": 0.0, "se_time": 0.116, "sce": 14.34, "nsm": null, "valid_obs": 18, "valid_span": 21, "significant": true }, "geometry": { "type": "Point", "coordinates": [ 173.111687223494982, 1.362035766559662 ] } },
{ "type": "Feature", "properties": { "uid": "xb5perbq2u", "rate_time": -0.666, "sig_time": 0.0, "se_time": 0.115, "sce": 16.48, "nsm": null, "valid_obs": 18, "valid_span": 21, "significant": true }, "geometry": { "type": "Point", "coordinates": [ 173.111956622569181, 1.362028577071286 ] } },
{ "type": "Feature", "properties": { "uid": "xb5perbqrj", "rate_time": -0.667, "sig_time": 0.0, "se_time": 0.126, "sce": 17.4, "nsm": null, "valid_obs": 18, "valid_span": 21, "significant": true }, "geometry": { "type": "Point", "coordinates": [ 173.112226035596223, 1.362033012104619 ] } },
{ "type": "Feature", "properties": { "uid": "xb5perbwtk", "rate_time": -0.546, "sig_time": 0.0, "se_time": 0.092, "sce": 13.57, "nsm": null, "valid_obs": 18, "valid_span": 21, "significant": true }, "geometry": { "type": "Point", "coordinates": [ 173.11249217696755, 1.36207319119998 ] } },
{ "type": "Feature", "properties": { "uid": "xb5perbygs", "rate_time": -0.482, "sig_time": 0.0, "se_time": 0.085, "sce": 12.47, "nsm": null, "valid_obs": 18, "valid_span": 21, "significant": true }, "geometry": { "type": "Point", "coordinates": [ 173.112758591733808, 1.362114000752922 ] } },
{ "type": "Feature", "properties": { "uid": "xb5percncz", "rate_time": -0.528, "sig_time": 0.0, "se_time": 0.115, "sce": 13.7, "nsm": null, "valid_obs": 18, "valid_span": 21, "significant": true }, "geometry": { "type": "Point", "coordinates": [ 173.113027274704706, 1.362132547058467 ] } },
{ "type": "Feature", "properties": { "uid": "xb5percr0h", "rate_time": -0.51, "sig_time": 0.001, "se_time": 0.122, "sce": 13.08, "nsm": null, "valid_obs": 18, "valid_span": 21, "significant": true }, "geometry": { "type": "Point", "coordinates": [ 173.113295787110104, 1.362155614430313 ] } },
{ "type": "Feature", "properties": { "uid": "xb5percqym", "rate_time": -0.638, "sig_time": 0.0, "se_time": 0.134, "sce": 17.24, "nsm": null, "valid_obs": 18, "valid_span": 21, "significant": true }, "geometry": { "type": "Point", "coordinates": [ 173.113561493830957, 1.362119968032258 ] } },
{ "type": "Feature", "properties": { "uid": "xb70520xh0", "rate_time": -0.5, "sig_time": 0.427, "se_time": 0.611, "sce": 43.42, "nsm": null, "valid_obs": 15, "valid_span": 22, "significant": false }, "geometry": { "type": "Point", "coordinates": [ 173.112437767202408, 1.407452992658362 ] } },
{ "type": "Feature", "properties": { "uid": "xb70520ryg", "rate_time": -0.076, "sig_time": 0.879, "se_time": 0.489, "sce": 33.47, "nsm": null, "valid_obs": 15, "valid_span": 22, "significant": false }, "geometry": { "type": "Point", "coordinates": [ 173.11221034723377, 1.407597051231143 ] } },
{ "type": "Feature", "properties": { "uid": "xb70522290", "rate_time": 0.175, "sig_time": 0.655, "se_time": 0.382, "sce": 24.57, "nsm": null, "valid_obs": 15, "valid_span": 22, "significant": false }, "geometry": { "type": "Point", "coordinates": [ 173.111966654323965, 1.407711739806536 ] } },
{ "type": "Feature", "properties": { "uid": "xb705220gp", "rate_time": 0.447, "sig_time": 0.202, "se_time": 0.333, "sce": 25.11, "nsm": null, "valid_obs": 15, "valid_span": 22, "significant": false }, "geometry": { "type": "Point", "coordinates": [ 173.111709966269984, 1.407794103839909 ] } },
{ "type": "Feature", "properties": { "uid": "xb7050rct6", "rate_time": -0.091, "sig_time": 0.945, "se_time": 1.293, "sce": 137.87, "nsm": null, "valid_obs": 16, "valid_span": 22, "significant": false }, "geometry": { "type": "Point", "coordinates": [ 173.111459776539448, 1.407893863171451 ] } },
{ "type": "Feature", "properties": { "uid": "xb7050rf2j", "rate_time": -0.363, "sig_time": 0.732, "se_time": 1.037, "sce": 111.78, "nsm": null, "valid_obs": 16, "valid_span": 22, "significant": false }, "geometry": { "type": "Point", "coordinates": [ 173.111233678279689, 1.408039480015812 ] } },
{ "type": "Feature", "properties": { "uid": "xb7050m758", "rate_time": 11.135, "sig_time": 0.0, "se_time": 1.961, "sce": 253.21, "nsm": null, "valid_obs": 16, "valid_span": 22, "significant": true }, "geometry": { "type": "Point", "coordinates": [ 173.1079534074305, 1.408141481422529 ] } },
{ "type": "Feature", "properties": { "uid": "xb7050me1h", "rate_time": 10.097, "sig_time": 0.0, "se_time": 1.658, "sce": 215.63, "nsm": null, "valid_obs": 16, "valid_span": 22, "significant": true }, "geometry": { "type": "Point", "coordinates": [ 173.108192101404768, 1.408163717768924 ] } },
{ "type": "Feature", "properties": { "uid": "xb7050ree8", "rate_time": -0.186, "sig_time": 0.813, "se_time": 0.775, "sce": 78.88, "nsm": null, "valid_obs": 16, "valid_span": 22, "significant": false }, "geometry": { "type": "Point", "coordinates": [ 173.111038237835629, 1.408226210374365 ] } },
{ "type": "Feature", "properties": { "uid": "xb7050rknp", "rate_time": -0.136, "sig_time": 0.832, "se_time": 0.631, "sce": 53.54, "nsm": null, "valid_obs": 16, "valid_span": 22, "significant": false }, "geometry": { "type": "Point", "coordinates": [ 173.110801628846531, 1.408350547259557 ] } },
{ "type": "Feature", "properties": { "uid": "xb7050mug9", "rate_time": 7.723, "sig_time": 0.0, "se_time": 1.142, "sce": 154.17, "nsm": null, "valid_obs": 16, "valid_span": 22, "significant": true }, "geometry": { "type": "Point", "coordinates": [ 173.108635827295984, 1.408448586370579 ] } },
{ "type": "Feature", "properties": { "uid": "xb7050qyyz", "rate_time": 0.491, "sig_time": 0.165, "se_time": 0.335, "sce": 27.73, "nsm": null, "valid_obs": 16, "valid_span": 22, "significant": false }, "geometry": { "type": "Point", "coordinates": [ 173.110148465437391, 1.408819898710275 ] } },
{ "type": "Feature", "properties": { "uid": "xb7050qz2z", "rate_time": 1.077, "sig_time": 0.015, "se_time": 0.388, "sce": 33.44, "nsm": null, "valid_obs": 16, "valid_span": 22, "significant": true }, "geometry": { "type": "Point", "coordinates": [ 173.109892809343052, 1.408905710788715 ] } },
{ "type": "Feature", "properties": { "uid": "xb7051zkcs", "rate_time": -0.337, "sig_time": 0.161, "se_time": 0.229, "sce": 21.41, "nsm": null, "valid_obs": 18, "valid_span": 21, "significant": false }, "geometry": { "type": "Point", "coordinates": [ 173.110611447200199, 1.416703262198653 ] } },
{ "type": "Feature", "properties": { "uid": "xb7051znnn", "rate_time": -0.297, "sig_time": 0.183, "se_time": 0.213, "sce": 20.27, "nsm": null, "valid_obs": 18, "valid_span": 21, "significant": false }, "geometry": { "type": "Point", "coordinates": [ 173.110463907167485, 1.416930238390663 ] } },
{ "type": "Feature", "properties": { "uid": "xb7051zpd8", "rate_time": -0.223, "sig_time": 0.231, "se_time": 0.179, "sce": 17.2, "nsm": null, "valid_obs": 18, "valid_span": 21, "significant": false }, "geometry": { "type": "Point", "coordinates": [ 173.110313254704977, 1.417155131668148 ] } },
{ "type": "Feature", "properties": { "uid": "xb7054nbyc", "rate_time": -0.21, "sig_time": 0.247, "se_time": 0.175, "sce": 16.99, "nsm": null, "valid_obs": 18, "valid_span": 21, "significant": false }, "geometry": { "type": "Point", "coordinates": [ 173.110154349463642, 1.417374151283418 ] } },
{ "type": "Feature", "properties": { "uid": "xb7054nf57", "rate_time": -0.155, "sig_time": 0.379, "se_time": 0.171, "sce": 17.31, "nsm": null, "valid_obs": 18, "valid_span": 21, "significant": false }, "geometry": { "type": "Point", "coordinates": [ 173.110004236685199, 1.41759930700413 ] } },
{ "type": "Feature", "properties": { "uid": "xb7054ng2j", "rate_time": -0.06, "sig_time": 0.693, "se_time": 0.149, "sce": 16.15, "nsm": null, "valid_obs": 18, "valid_span": 21, "significant": false }, "geometry": { "type": "Point", "coordinates": [ 173.109856687926111, 1.417826251492225 ] } },
{ "type": "Feature", "properties": { "uid": "xb7054nssx", "rate_time": 0.099, "sig_time": 0.425, "se_time": 0.121, "sce": 12.81, "nsm": null, "valid_obs": 18, "valid_span": 21, "significant": false }, "geometry": { "type": "Point", "coordinates": [ 173.109706411921422, 1.418051401453644 ] } },
{ "type": "Feature", "properties": { "uid": "xb7054nw14", "rate_time": -0.069, "sig_time": 0.539, "se_time": 0.109, "sce": 10.56, "nsm": null, "valid_obs": 18, "valid_span": 21, "significant": false }, "geometry": { "type": "Point", "coordinates": [ 173.109557251651125, 1.418277302785715 ] } },
{ "type": "Feature", "properties": { "uid": "xb7054nrqn", "rate_time": -0.064, "sig_time": 0.518, "se_time": 0.096, "sce": 10.03, "nsm": null, "valid_obs": 18, "valid_span": 21, "significant": false }, "geometry": { "type": "Point", "coordinates": [ 173.109429908781635, 1.418516321681798 ] } },
{ "type": "Feature", "properties": { "uid": "xb7054q2fc", "rate_time": -0.131, "sig_time": 0.169, "se_time": 0.091, "sce": 10.32, "nsm": null, "valid_obs": 18, "valid_span": 21, "significant": false }, "geometry": { "type": "Point", "coordinates": [ 173.10929127262645, 1.418748828993832 ] } },
{ "type": "Feature", "properties": { "uid": "xb7054q4pt", "rate_time": -0.17, "sig_time": 0.154, "se_time": 0.114, "sce": 13.64, "nsm": null, "valid_obs": 18, "valid_span": 21, "significant": false }, "geometry": { "type": "Point", "coordinates": [ 173.109150442972293, 1.418980075499437 ] } },
{ "type": "Feature", "properties": { "uid": "xb7054q5kp", "rate_time": -0.214, "sig_time": 0.147, "se_time": 0.141, "sce": 16.83, "nsm": null, "valid_obs": 18, "valid_span": 21, "significant": false }, "geometry": { "type": "Point", "coordinates": [ 173.109003471681433, 1.419207273117814 ] } },
{ "type": "Feature", "properties": { "uid": "xb7054qhb2", "rate_time": -0.1, "sig_time": 0.463, "se_time": 0.133, "sce": 13.09, "nsm": null, "valid_obs": 18, "valid_span": 21, "significant": false }, "geometry": { "type": "Point", "coordinates": [ 173.10884635664172, 1.419427539712264 ] } },
{ "type": "Feature", "properties": { "uid": "xb7054mvur", "rate_time": -0.038, "sig_time": 0.747, "se_time": 0.117, "sce": 10.76, "nsm": null, "valid_obs": 18, "valid_span": 21, "significant": false }, "geometry": { "type": "Point", "coordinates": [ 173.108673785985189, 1.41963582813697 ] } },
{ "type": "Feature", "properties": { "uid": "xb7054mz0m", "rate_time": -0.047, "sig_time": 0.681, "se_time": 0.112, "sce": 13.28, "nsm": null, "valid_obs": 18, "valid_span": 21, "significant": false }, "geometry": { "type": "Point", "coordinates": [ 173.108495754142325, 1.419839426973373 ] } },
{ "type": "Feature", "properties": { "uid": "xb7054t87c", "rate_time": -0.083, "sig_time": 0.809, "se_time": 0.336, "sce": 38.16, "nsm": null, "valid_obs": 18, "valid_span": 21, "significant": false }, "geometry": { "type": "Point", "coordinates": [ 173.10830751619693, 1.420033426115866 ] } },
{ "type": "Feature", "properties": { "uid": "xb7054t3rz", "rate_time": -0.051, "sig_time": 0.61, "se_time": 0.098, "sce": 8.98, "nsm": null, "valid_obs": 17, "valid_span": 21, "significant": false }, "geometry": { "type": "Point", "coordinates": [ 173.108128668866783, 1.420236092626708 ] } },
{ "type": "Feature", "properties": { "uid": "xb7054t6ey", "rate_time": -0.138, "sig_time": 0.269, "se_time": 0.12, "sce": 12.06, "nsm": null, "valid_obs": 17, "valid_span": 21, "significant": false }, "geometry": { "type": "Point", "coordinates": [ 173.10795902003602, 1.420446839650075 ] } },
{ "type": "Feature", "properties": { "uid": "xb7051z7tk", "rate_time": -0.143, "sig_time": 0.518, "se_time": 0.217, "sce": 20.83, "nsm": null, "valid_obs": 18, "valid_span": 21, "significant": false }, "geometry": { "type": "Point", "coordinates": [ 173.110776561860007, 1.416489272341 ] } },
{ "type": "Feature", "properties": { "uid": "xb7051zd9b", "rate_time": -0.169, "sig_time": 0.346, "se_time": 0.174, "sce": 17.33, "nsm": null, "valid_obs": 18, "valid_span": 21, "significant": false }, "geometry": { "type": "Point", "coordinates": [ 173.110964888133537, 1.416296453761415 ] } },
{ "type": "Feature", "properties": { "uid": "xb7051z9xj", "rate_time": 0.03, "sig_time": 0.867, "se_time": 0.176, "sce": 17.53, "nsm": null, "valid_obs": 18, "valid_span": 21, "significant": false }, "geometry": { "type": "Point", "coordinates": [ 173.111191430691974, 1.416149605548567 ] } },
{ "type": "Feature", "properties": { "uid": "xb7051zbut", "rate_time": -0.075, "sig_time": 0.71, "se_time": 0.199, "sce": 20.21, "nsm": null, "valid_obs": 18, "valid_span": 21, "significant": false }, "geometry": { "type": "Point", "coordinates": [ 173.111429831357782, 1.416023690398008 ] } },
{ "type": "Feature", "properties": { "uid": "xb7053b06t", "rate_time": 0.101, "sig_time": 0.62, "se_time": 0.2, "sce": 21.54, "nsm": null, "valid_obs": 18, "valid_span": 21, "significant": false }, "geometry": { "type": "Point", "coordinates": [ 173.111683518322678, 1.415935058506257 ] } },
{ "type": "Feature", "properties": { "uid": "xb7053b208", "rate_time": 0.021, "sig_time": 0.922, "se_time": 0.214, "sce": 20.25, "nsm": null, "valid_obs": 18, "valid_span": 21, "significant": false }, "geometry": { "type": "Point", "coordinates": [ 173.111944649278968, 1.41586822237485 ] } },
{ "type": "Feature", "properties": { "uid": "xb70538ryz", "rate_time": 0.021, "sig_time": 0.908, "se_time": 0.176, "sce": 17.43, "nsm": null, "valid_obs": 18, "valid_span": 21, "significant": false }, "geometry": { "type": "Point", "coordinates": [ 173.112210367618076, 1.415862165296447 ] } },
{ "type": "Feature", "properties": { "uid": "xb7053b8m0", "rate_time": 0.341, "sig_time": 0.103, "se_time": 0.198, "sce": 27.17, "nsm": null, "valid_obs": 19, "valid_span": 22, "significant": false }, "geometry": { "type": "Point", "coordinates": [ 173.11247499280455, 1.415911008673499 ] } },
{ "type": "Feature", "properties": { "uid": "xb7053bbe0", "rate_time": 0.023, "sig_time": 0.851, "se_time": 0.121, "sce": 12.55, "nsm": null, "valid_obs": 19, "valid_span": 22, "significant": false }, "geometry": { "type": "Point", "coordinates": [ 173.112740989868001, 1.415950315622305 ] } },
{ "type": "Feature", "properties": { "uid": "xb7053c01p", "rate_time": 0.058, "sig_time": 0.67, "se_time": 0.135, "sce": 15.05, "nsm": null, "valid_obs": 19, "valid_span": 22, "significant": false }, "geometry": { "type": "Point", "coordinates": [ 173.112998771183129, 1.415901542641483 ] } },
{ "type": "Feature", "properties": { "uid": "xb70539pqk", "rate_time": 0.015, "sig_time": 0.893, "se_time": 0.111, "sce": 12.41, "nsm": null, "valid_obs": 19, "valid_span": 22, "significant": false }, "geometry": { "type": "Point", "coordinates": [ 173.113220477709405, 1.415756409265662 ] } },
{ "type": "Feature", "properties": { "uid": "xb70539q6b", "rate_time": -0.017, "sig_time": 0.874, "se_time": 0.103, "sce": 10.05, "nsm": null, "valid_obs": 19, "valid_span": 22, "significant": false }, "geometry": { "type": "Point", "coordinates": [ 173.113413662420299, 1.415567301454353 ] } },
{ "type": "Feature", "properties": { "uid": "xb70539mp5", "rate_time": 0.012, "sig_time": 0.898, "se_time": 0.09, "sce": 10.24, "nsm": null, "valid_obs": 19, "valid_span": 22, "significant": false }, "geometry": { "type": "Point", "coordinates": [ 173.113593177546903, 1.415365005850115 ] } },
{ "type": "Feature", "properties": { "uid": "xb70539eff", "rate_time": -0.018, "sig_time": 0.905, "se_time": 0.151, "sce": 21.15, "nsm": null, "valid_obs": 19, "valid_span": 22, "significant": false }, "geometry": { "type": "Point", "coordinates": [ 173.11375040496921, 1.415145713923996 ] } },
{ "type": "Feature", "properties": { "uid": "xb70539dw2", "rate_time": -0.052, "sig_time": 0.867, "se_time": 0.305, "sce": 40.63, "nsm": null, "valid_obs": 19, "valid_span": 22, "significant": false }, "geometry": { "type": "Point", "coordinates": [ 173.113900653693065, 1.414920679181827 ] } },
{ "type": "Feature", "properties": { "uid": "xb70539c6t", "rate_time": -0.115, "sig_time": 0.436, "se_time": 0.144, "sce": 14.46, "nsm": null, "valid_obs": 18, "valid_span": 22, "significant": false }, "geometry": { "type": "Point", "coordinates": [ 173.114091896577747, 1.414731169607413 ] } },
{ "type": "Feature", "properties": { "uid": "xb70539brt", "rate_time": -0.055, "sig_time": 0.682, "se_time": 0.133, "sce": 12.89, "nsm": null, "valid_obs": 18, "valid_span": 22, "significant": false }, "geometry": { "type": "Point", "coordinates": [ 173.114304224464519, 1.414564251679915 ] } },
{ "type": "Feature", "properties": { "uid": "xb70536p5r", "rate_time": -0.125, "sig_time": 0.486, "se_time": 0.176, "sce": 14.84, "nsm": null, "valid_obs": 18, "valid_span": 22, "significant": false }, "geometry": { "type": "Point", "coordinates": [ 173.114468885448929, 1.414356888648488 ] } },
{ "type": "Feature", "properties": { "uid": "xb70536hr8", "rate_time": -0.225, "sig_time": 0.231, "se_time": 0.181, "sce": 15.51, "nsm": null, "valid_obs": 18, "valid_span": 22, "significant": false }, "geometry": { "type": "Point", "coordinates": [ 173.114642678330796, 1.413846725858708 ] } },
{ "type": "Feature", "properties": { "uid": "xb5perctfu", "rate_time": -0.535, "sig_time": 0.0, "se_time": 0.101, "sce": 15.88, "nsm": null, "valid_obs": 18, "valid_span": 21, "significant": true }, "geometry": { "type": "Point", "coordinates": [ 173.113751285221809, 1.361942040426848 ] } },
{ "type": "Feature", "properties": { "uid": "xb5percskq", "rate_time": -0.581, "sig_time": 0.0, "se_time": 0.093, "sce": 14.7, "nsm": null, "valid_obs": 18, "valid_span": 21, "significant": true }, "geometry": { "type": "Point", "coordinates": [ 173.113817611430392, 1.361694639519219 ] } },
{ "type": "Feature", "properties": { "uid": "xb5percdvh", "rate_time": -0.507, "sig_time": 0.0, "se_time": 0.095, "sce": 12.71, "nsm": null, "valid_obs": 18, "valid_span": 21, "significant": true }, "geometry": { "type": "Point", "coordinates": [ 173.113853919657458, 1.361427440269007 ] } },
{ "type": "Feature", "properties": { "uid": "xb5percccn", "rate_time": -0.407, "sig_time": 0.003, "se_time": 0.117, "sce": 13.86, "nsm": null, "valid_obs": 18, "valid_span": 21, "significant": true }, "geometry": { "type": "Point", "coordinates": [ 173.114026807932476, 1.361267107943957 ] } },
{ "type": "Feature", "properties": { "uid": "xb5percvm4", "rate_time": -0.484, "sig_time": 0.0, "se_time": 0.09, "sce": 13.51, "nsm": null, "valid_obs": 18, "valid_span": 21, "significant": true }, "geometry": { "type": "Point", "coordinates": [ 173.114197803633715, 1.361847633461945 ] } },
{ "type": "Feature", "properties": { "uid": "xb5percgz4", "rate_time": -0.431, "sig_time": 0.0, "se_time": 0.072, "sce": 12.17, "nsm": null, "valid_obs": 18, "valid_span": 21, "significant": true }, "geometry": { "type": "Point", "coordinates": [ 173.114284224576465, 1.361590725845021 ] } },
{ "type": "Feature", "properties": { "uid": "xb5pg240vz", "rate_time": -0.771, "sig_time": 0.0, "se_time": 0.093, "sce": 16.91, "nsm": null, "valid_obs": 18, "valid_span": 21, "significant": true }, "geometry": { "type": "Point", "coordinates": [ 173.114570595510031, 1.362475721148707 ] } },
{ "type": "Feature", "properties": { "uid": "xb5pg243es", "rate_time": -0.715, "sig_time": 0.0, "se_time": 0.098, "sce": 17.77, "nsm": null, "valid_obs": 18, "valid_span": 21, "significant": true }, "geometry": { "type": "Point", "coordinates": [ 173.114816041226021, 1.362585121325624 ] } },
{ "type": "Feature", "properties": { "uid": "xb5pg24d1e", "rate_time": -0.796, "sig_time": 0.0, "se_time": 0.102, "sce": 19.32, "nsm": null, "valid_obs": 18, "valid_span": 21, "significant": true }, "geometry": { "type": "Point", "coordinates": [ 173.115072939243362, 1.362666852344663 ] } },
{ "type": "Feature", "properties": { "uid": "xb5pg24dxm", "rate_time": -0.896, "sig_time": 0.0, "se_time": 0.119, "sce": 21.32, "nsm": null, "valid_obs": 18, "valid_span": 21, "significant": true }, "geometry": { "type": "Point", "coordinates": [ 173.11532378567847, 1.362765629596375 ] } },
{ "type": "Feature", "properties": { "uid": "xb5pg255g4", "rate_time": -0.504, "sig_time": 0.0, "se_time": 0.083, "sce": 13.26, "nsm": null, "valid_obs": 18, "valid_span": 21, "significant": true }, "geometry": { "type": "Point", "coordinates": [ 173.115826397215415, 1.362960797539182 ] } },
{ "type": "Feature", "properties": { "uid": "xb5pg25k2y", "rate_time": -0.698, "sig_time": 0.0, "se_time": 0.107, "sce": 16.39, "nsm": null, "valid_obs": 18, "valid_span": 21, "significant": true }, "geometry": { "type": "Point", "coordinates": [ 173.116073537782398, 1.363068892075988 ] } },
{ "type": "Feature", "properties": { "uid": "xb5pg25mn8", "rate_time": -0.78, "sig_time": 0.0, "se_time": 0.126, "sce": 18.68, "nsm": null, "valid_obs": 18, "valid_span": 21, "significant": true }, "geometry": { "type": "Point", "coordinates": [ 173.116324668245909, 1.363167159617819 ] } },
{ "type": "Feature", "properties": { "uid": "xb5pg25ts9", "rate_time": -0.819, "sig_time": 0.0, "se_time": 0.147, "sce": 21.19, "nsm": null, "valid_obs": 18, "valid_span": 21, "significant": true }, "geometry": { "type": "Point", "coordinates": [ 173.116578386197006, 1.363257161174766 ] } },
{ "type": "Feature", "properties": { "uid": "xb5pg25vdv", "rate_time": -0.57, "sig_time": 0.001, "se_time": 0.148, "sce": 17.3, "nsm": null, "valid_obs": 18, "valid_span": 21, "significant": true }, "geometry": { "type": "Point", "coordinates": [ 173.116846779193963, 1.363280661948509 ] } },
{ "type": "Feature", "properties": { "uid": "xb5pg2hj35", "rate_time": -0.03, "sig_time": 0.783, "se_time": 0.108, "sce": 9.74, "nsm": null, "valid_obs": 18, "valid_span": 21, "significant": false }, "geometry": { "type": "Point", "coordinates": [ 173.117110579628758, 1.363225748557763 ] } },
{ "type": "Feature", "properties": { "uid": "xb5pg2hjpr", "rate_time": 0.315, "sig_time": 0.009, "se_time": 0.106, "sce": 11.99, "nsm": null, "valid_obs": 18, "valid_span": 21, "significant": true }, "geometry": { "type": "Point", "coordinates": [ 173.117378906726032, 1.363201652810465 ] } },
{ "type": "Feature", "properties": { "uid": "xb5pg2hmme", "rate_time": 0.339, "sig_time": 0.012, "se_time": 0.119, "sce": 12.47, "nsm": null, "valid_obs": 18, "valid_span": 21, "significant": true }, "geometry": { "type": "Point", "coordinates": [ 173.117647169824721, 1.363225600749309 ] } },
{ "type": "Feature", "properties": { "uid": "xb5pg2ht7c", "rate_time": 0.251, "sig_time": 0.113, "se_time": 0.149, "sce": 12.59, "nsm": null, "valid_obs": 18, "valid_span": 21, "significant": false }, "geometry": { "type": "Point", "coordinates": [ 173.117916157729383, 1.363211946428482 ] } },
{ "type": "Feature", "properties": { "uid": "xb5pg2hu96", "rate_time": -0.054, "sig_time": 0.688, "se_time": 0.132, "sce": 13.66, "nsm": null, "valid_obs": 18, "valid_span": 21, "significant": false }, "geometry": { "type": "Point", "coordinates": [ 173.118157322178803, 1.363093059719256 ] } },
{ "type": "Feature", "properties": { "uid": "xb5pg2hgmw", "rate_time": -0.125, "sig_time": 0.21, "se_time": 0.095, "sce": 12.46, "nsm": null, "valid_obs": 18, "valid_span": 21, "significant": false }, "geometry": { "type": "Point", "coordinates": [ 173.118339168848536, 1.362897813266629 ] } },
{ "type": "Feature", "properties": { "uid": "xb5pg2j41q", "rate_time": -0.125, "sig_time": 0.479, "se_time": 0.172, "sce": 16.54, "nsm": null, "valid_obs": 18, "valid_span": 21, "significant": false }, "geometry": { "type": "Point", "coordinates": [ 173.118494634007391, 1.362680363920279 ] } },
{ "type": "Feature", "properties": { "uid": "xb5pg2j1z3", "rate_time": -0.845, "sig_time": 0.068, "se_time": 0.431, "sce": 46.45, "nsm": null, "valid_obs": 18, "valid_span": 21, "significant": false }, "geometry": { "type": "Point", "coordinates": [ 173.118752268181453, 1.362613020126361 ] } },
{ "type": "Feature", "properties": { "uid": "xb5pgr7vd3", "rate_time": -0.443, "sig_time": 0.024, "se_time": 0.179, "sce": 20.01, "nsm": null, "valid_obs": 19, "valid_span": 22, "significant": true }, "geometry": { "type": "Point", "coordinates": [ 173.116824122508319, 1.403080286129038 ] } },
{ "type": "Feature", "properties": { "uid": "xb5pgr7wzh", "rate_time": -0.349, "sig_time": 0.023, "se_time": 0.14, "sce": 16.26, "nsm": null, "valid_obs": 19, "valid_span": 22, "significant": true }, "geometry": { "type": "Point", "coordinates": [ 173.116689180838165, 1.40331505339479 ] } },
{ "type": "Feature", "properties": { "uid": "xb5pgre857", "rate_time": -0.033, "sig_time": 0.814, "se_time": 0.138, "sce": 14.22, "nsm": null, "valid_obs": 19, "valid_span": 22, "significant": false }, "geometry": { "type": "Point", "coordinates": [ 173.116519359799469, 1.403524113204564 ] } },
{ "type": "Feature", "properties": { "uid": "xb5pgre3nz", "rate_time": -0.103, "sig_time": 0.582, "se_time": 0.184, "sce": 21.06, "nsm": null, "valid_obs": 19, "valid_span": 22, "significant": false }, "geometry": { "type": "Point", "coordinates": [ 173.116330004279632, 1.403717021962162 ] } },
{ "type": "Feature", "properties": { "uid": "xb5pgre661", "rate_time": 0.025, "sig_time": 0.908, "se_time": 0.213, "sce": 20.19, "nsm": null, "valid_obs": 19, "valid_span": 22, "significant": false }, "geometry": { "type": "Point", "coordinates": [ 173.116127320979899, 1.403895783686967 ] } },
{ "type": "Feature", "properties": { "uid": "xb5pgre5my", "rate_time": 0.148, "sig_time": 0.444, "se_time": 0.189, "sce": 20.62, "nsm": null, "valid_obs": 19, "valid_span": 22, "significant": false }, "geometry": { "type": "Point", "coordinates": [ 173.115944931481977, 1.404095291069885 ] } },
{ "type": "Feature", "properties": { "uid": "xb5pgreh9e", "rate_time": 0.241, "sig_time": 0.184, "se_time": 0.174, "sce": 18.71, "nsm": null, "valid_obs": 19, "valid_span": 22, "significant": false }, "geometry": { "type": "Point", "coordinates": [ 173.115762831489889, 1.40429513281453 ] } },
{ "type": "Feature", "properties": { "uid": "xb5pgrdvtn", "rate_time": 0.224, "sig_time": 0.435, "se_time": 0.28, "sce": 35.74, "nsm": null, "valid_obs": 19, "valid_span": 22, "significant": false }, "geometry": { "type": "Point", "coordinates": [ 173.115569030381607, 1.404483387347829 ] } },
{ "type": "Feature", "properties": { "uid": "xb5pgrdy8r", "rate_time": 0.206, "sig_time": 0.188, "se_time": 0.15, "sce": 13.91, "nsm": null, "valid_obs": 18, "valid_span": 22, "significant": false }, "geometry": { "type": "Point", "coordinates": [ 173.115363040508896, 1.404658277955434 ] } },
{ "type": "Feature", "properties": { "uid": "xb70527v59", "rate_time": 0.248, "sig_time": 0.515, "se_time": 0.372, "sce": 49.78, "nsm": null, "valid_obs": 18, "valid_span": 22, "significant": false }, "geometry": { "type": "Point", "coordinates": [ 173.116873273515893, 1.40848725894347 ] } },
{ "type": "Feature", "properties": { "uid": "xb70527tyq", "rate_time": 0.07, "sig_time": 0.679, "se_time": 0.167, "sce": 20.29, "nsm": null, "valid_obs": 18, "valid_span": 22, "significant": false }, "geometry": { "type": "Point", "coordinates": [ 173.116654858652566, 1.408646119937827 ] } },
{ "type": "Feature", "properties": { "uid": "xb70527wck", "rate_time": 0.158, "sig_time": 0.224, "se_time": 0.125, "sce": 13.03, "nsm": null, "valid_obs": 18, "valid_span": 22, "significant": false }, "geometry": { "type": "Point", "coordinates": [ 173.11643823470115, 1.408807427274956 ] } },
{ "type": "Feature", "properties": { "uid": "xb70527re8", "rate_time": 0.169, "sig_time": 0.227, "se_time": 0.135, "sce": 13.51, "nsm": null, "valid_obs": 18, "valid_span": 22, "significant": false }, "geometry": { "type": "Point", "coordinates": [ 173.116194277669081, 1.408913791869121 ] } },
{ "type": "Feature", "properties": { "uid": "xb70527pv8", "rate_time": 0.312, "sig_time": 0.253, "se_time": 0.263, "sce": 36.01, "nsm": null, "valid_obs": 18, "valid_span": 22, "significant": false }, "geometry": { "type": "Point", "coordinates": [ 173.115929418110369, 1.408953830748715 ] } },
{ "type": "Feature", "properties": { "uid": "xb70526zz7", "rate_time": 0.169, "sig_time": 0.197, "se_time": 0.125, "sce": 14.52, "nsm": null, "valid_obs": 17, "valid_span": 22, "significant": false }, "geometry": { "type": "Point", "coordinates": [ 173.115660482015869, 1.408971097775398 ] } },
{ "type": "Feature", "properties": { "uid": "xb7052db11", "rate_time": 0.165, "sig_time": 0.414, "se_time": 0.198, "sce": 28.36, "nsm": null, "valid_obs": 18, "valid_span": 22, "significant": false }, "geometry": { "type": "Point", "coordinates": [ 173.115392992640778, 1.409002508003259 ] } },
{ "type": "Feature", "properties": { "uid": "xb7052d86b", "rate_time": 0.265, "sig_time": 0.183, "se_time": 0.19, "sce": 22.14, "nsm": null, "valid_obs": 18, "valid_span": 22, "significant": false }, "geometry": { "type": "Point", "coordinates": [ 173.115126464442028, 1.409042665736441 ] } },
{ "type": "Feature", "properties": { "uid": "xb7052d2sz", "rate_time": 0.394, "sig_time": 0.158, "se_time": 0.267, "sce": 35.09, "nsm": null, "valid_obs": 20, "valid_span": 22, "significant": false }, "geometry": { "type": "Point", "coordinates": [ 173.114871659793124, 1.409123393557326 ] } },
{ "type": "Feature", "properties": { "uid": "xb7052d1xu", "rate_time": 0.201, "sig_time": 0.161, "se_time": 0.138, "sce": 15.77, "nsm": null, "valid_obs": 20, "valid_span": 22, "significant": false }, "geometry": { "type": "Point", "coordinates": [ 173.1146564184657, 1.409276302503116 ] } },
{ "type": "Feature", "properties": { "uid": "xb7052d4uj", "rate_time": 0.174, "sig_time": 0.175, "se_time": 0.123, "sce": 15.54, "nsm": null, "valid_obs": 20, "valid_span": 22, "significant": false }, "geometry": { "type": "Point", "coordinates": [ 173.114498911142107, 1.409495945172285 ] } },
{ "type": "Feature", "properties": { "uid": "xb7052dh36", "rate_time": 0.14, "sig_time": 0.245, "se_time": 0.116, "sce": 14.69, "nsm": null, "valid_obs": 20, "valid_span": 22, "significant": false }, "geometry": { "type": "Point", "coordinates": [ 173.114382513833704, 1.409738813986895 ] } },
{ "type": "Feature", "properties": { "uid": "xb70529vzf", "rate_time": 0.189, "sig_time": 0.429, "se_time": 0.234, "sce": 35.55, "nsm": null, "valid_obs": 20, "valid_span": 22, "significant": false }, "geometry": { "type": "Point", "coordinates": [ 173.114311173582308, 1.409999305694457 ] } },
{ "type": "Feature", "properties": { "uid": "xb7052f45k", "rate_time": 0.034, "sig_time": 0.944, "se_time": 0.48, "sce": 60.91, "nsm": null, "valid_obs": 18, "valid_span": 22, "significant": false }, "geometry": { "type": "Point", "coordinates": [ 173.114460190219148, 1.410736016972599 ] } },
{ "type": "Feature", "properties": { "uid": "xb705368k9", "rate_time": -0.286, "sig_time": 0.296, "se_time": 0.264, "sce": 28.75, "nsm": null, "valid_obs": 18, "valid_span": 22, "significant": false }, "geometry": { "type": "Point", "coordinates": [ 173.11520481530107, 1.413169487335776 ] } },
{ "type": "Feature", "properties": { "uid": "xb70536bdd", "rate_time": -0.009, "sig_time": 0.957, "se_time": 0.169, "sce": 15.99, "nsm": null, "valid_obs": 18, "valid_span": 22, "significant": false }, "geometry": { "type": "Point", "coordinates": [ 173.115465209590099, 1.4132136809306 ] } },
{ "type": "Feature", "properties": { "uid": "xb7052fgg2", "rate_time": 0.091, "sig_time": 0.749, "se_time": 0.277, "sce": 31.63, "nsm": null, "valid_obs": 17, "valid_span": 22, "significant": false }, "geometry": { "type": "Point", "coordinates": [ 173.115495837059768, 1.411017104817965 ] } },
{ "type": "Feature", "properties": { "uid": "xb70537002", "rate_time": 0.03, "sig_time": 0.828, "se_time": 0.136, "sce": 15.12, "nsm": null, "valid_obs": 18, "valid_span": 22, "significant": false }, "geometry": { "type": "Point", "coordinates": [ 173.11570910363676, 1.413121352971387 ] } },
{ "type": "Feature", "properties": { "uid": "xb7052g5cw", "rate_time": 0.003, "sig_time": 0.992, "se_time": 0.29, "sce": 39.64, "nsm": null, "valid_obs": 17, "valid_span": 22, "significant": false }, "geometry": { "type": "Point", "coordinates": [ 173.11576347894038, 1.411048824010553 ] } },
{ "type": "Feature", "properties": { "uid": "xb70535nuy", "rate_time": -0.047, "sig_time": 0.707, "se_time": 0.122, "sce": 12.9, "nsm": null, "valid_obs": 18, "valid_span": 22, "significant": false }, "geometry": { "type": "Point", "coordinates": [ 173.115906694968402, 1.412937683564813 ] } },
{ "type": "Feature", "properties": { "uid": "xb70535mc1", "rate_time": -0.114, "sig_time": 0.383, "se_time": 0.127, "sce": 13.92, "nsm": null, "valid_obs": 18, "valid_span": 22, "significant": false }, "geometry": { "type": "Point", "coordinates": [ 173.116088259455125, 1.412737325044953 ] } },
{ "type": "Feature", "properties": { "uid": "xb70535kt7", "rate_time": -0.296, "sig_time": 0.065, "se_time": 0.149, "sce": 16.78, "nsm": null, "valid_obs": 18, "valid_span": 22, "significant": false }, "geometry": { "type": "Point", "coordinates": [ 173.116268244347623, 1.412536800782258 ] } },
{ "type": "Feature", "properties": { "uid": "xb7052gkqj", "rate_time": -0.066, "sig_time": 0.784, "se_time": 0.235, "sce": 25.67, "nsm": null, "valid_obs": 16, "valid_span": 22, "significant": false }, "geometry": { "type": "Point", "coordinates": [ 173.116296368566708, 1.411129529659687 ] } },
{ "type": "Feature", "properties": { "uid": "xb705359f8", "rate_time": -0.925, "sig_time": 0.111, "se_time": 0.548, "sce": 63.89, "nsm": null, "valid_obs": 18, "valid_span": 22, "significant": false }, "geometry": { "type": "Point", "coordinates": [ 173.116495414516891, 1.412046841378243 ] } },
{ "type": "Feature", "properties": { "uid": "xb7052gsuh", "rate_time": -0.057, "sig_time": 0.734, "se_time": 0.163, "sce": 18.29, "nsm": null, "valid_obs": 16, "valid_span": 22, "significant": false }, "geometry": { "type": "Point", "coordinates": [ 173.116553492285647, 1.411208842530294 ] } },
{ "type": "Feature", "properties": { "uid": "xb705358xn", "rate_time": -0.22, "sig_time": 0.476, "se_time": 0.3, "sce": 40.97, "nsm": null, "valid_obs": 17, "valid_span": 22, "significant": false }, "geometry": { "type": "Point", "coordinates": [ 173.116689005779648, 1.411862098323377 ] } },
{ "type": "Feature", "properties": { "uid": "xb7052fet1", "rate_time": 0.008, "sig_time": 0.978, "se_time": 0.273, "sce": 28.24, "nsm": null, "valid_obs": 17, "valid_span": 22, "significant": false }, "geometry": { "type": "Point", "coordinates": [ 173.115229068469432, 1.410978904552203 ] } },
{ "type": "Feature", "properties": { "uid": "xb7052f7pp", "rate_time": -0.123, "sig_time": 0.722, "se_time": 0.339, "sce": 38.1, "nsm": null, "valid_obs": 17, "valid_span": 22, "significant": false }, "geometry": { "type": "Point", "coordinates": [ 173.114965624869825, 1.410923388849842 ] } },
{ "type": "Feature", "properties": { "uid": "xb7052f69n", "rate_time": -0.157, "sig_time": 0.655, "se_time": 0.345, "sce": 37.28, "nsm": null, "valid_obs": 17, "valid_span": 22, "significant": false }, "geometry": { "type": "Point", "coordinates": [ 173.114710547137463, 1.410835940652037 ] } },
{ "type": "Feature", "properties": { "uid": "xb5pgqsbrv", "rate_time": -0.317, "sig_time": 0.499, "se_time": 0.459, "sce": 36.82, "nsm": null, "valid_obs": 18, "valid_span": 21, "significant": false }, "geometry": { "type": "Point", "coordinates": [ 173.118428830490473, 1.398082108770117 ] } },
{ "type": "Feature", "properties": { "uid": "xb5pgqu6r6", "rate_time": -0.084, "sig_time": 0.629, "se_time": 0.172, "sce": 15.72, "nsm": null, "valid_obs": 20, "valid_span": 21, "significant": false }, "geometry": { "type": "Point", "coordinates": [ 173.117722450231128, 1.399783870059303 ] } },
{ "type": "Feature", "properties": { "uid": "xb5pgqu7ub", "rate_time": 0.05, "sig_time": 0.77, "se_time": 0.167, "sce": 16.51, "nsm": null, "valid_obs": 20, "valid_span": 21, "significant": false }, "geometry": { "type": "Point", "coordinates": [ 173.117614474503995, 1.400032360540197 ] } },
{ "type": "Feature", "properties": { "uid": "xb5pgqum68", "rate_time": 0.078, "sig_time": 0.689, "se_time": 0.193, "sce": 18.61, "nsm": null, "valid_obs": 20, "valid_span": 21, "significant": false }, "geometry": { "type": "Point", "coordinates": [ 173.117526440932664, 1.40028838150479 ] } },
{ "type": "Feature", "properties": { "uid": "xb5pgquqcd", "rate_time": -0.025, "sig_time": 0.922, "se_time": 0.254, "sce": 22.24, "nsm": null, "valid_obs": 20, "valid_span": 21, "significant": false }, "geometry": { "type": "Point", "coordinates": [ 173.117475400913236, 1.400553864998698 ] } },
{ "type": "Feature", "properties": { "uid": "xb5pgrh227", "rate_time": 0.004, "sig_time": 0.988, "se_time": 0.281, "sce": 24.18, "nsm": null, "valid_obs": 20, "valid_span": 21, "significant": false }, "geometry": { "type": "Point", "coordinates": [ 173.117422679937562, 1.400819604285199 ] } },
{ "type": "Feature", "properties": { "uid": "xb5pgqt1ks", "rate_time": -0.017, "sig_time": 0.971, "se_time": 0.46, "sce": 50.6, "nsm": null, "valid_obs": 18, "valid_span": 21, "significant": false }, "geometry": { "type": "Point", "coordinates": [ 173.118637462402575, 1.398251491145546 ] } },
{ "type": "Feature", "properties": { "uid": "xb5pgqt63s", "rate_time": -0.556, "sig_time": 0.168, "se_time": 0.383, "sce": 31.06, "nsm": null, "valid_obs": 17, "valid_span": 21, "significant": false }, "geometry": { "type": "Point", "coordinates": [ 173.118848572026877, 1.398418965837631 ] } },
{ "type": "Feature", "properties": { "uid": "xb5pgqtesz", "rate_time": -0.005, "sig_time": 0.986, "se_time": 0.252, "sce": 22.96, "nsm": null, "valid_obs": 18, "valid_span": 21, "significant": false }, "geometry": { "type": "Point", "coordinates": [ 173.119333501307949, 1.398651578328934 ] } },
{ "type": "Feature", "properties": { "uid": "xb5pgqtu6r", "rate_time": 0.008, "sig_time": 0.973, "se_time": 0.218, "sce": 19.71, "nsm": null, "valid_obs": 18, "valid_span": 21, "significant": false }, "geometry": { "type": "Point", "coordinates": [ 173.119571707215499, 1.398777464542311 ] } },
{ "type": "Feature", "properties": { "uid": "xb7052j3qp", "rate_time": -0.215, "sig_time": 0.417, "se_time": 0.259, "sce": 27.56, "nsm": null, "valid_obs": 19, "valid_span": 22, "significant": false }, "geometry": { "type": "Point", "coordinates": [ 173.119046176528315, 1.4065042542884 ] } },
{ "type": "Feature", "properties": { "uid": "xb7052p1rx", "rate_time": 0.32, "sig_time": 0.014, "se_time": 0.116, "sce": 11.63, "nsm": null, "valid_obs": 18, "valid_span": 21, "significant": true }, "geometry": { "type": "Point", "coordinates": [ 173.12150985259774, 1.406506717194056 ] } },
{ "type": "Feature", "properties": { "uid": "xb7052j9un", "rate_time": -0.169, "sig_time": 0.705, "se_time": 0.439, "sce": 53.89, "nsm": null, "valid_obs": 19, "valid_span": 22, "significant": false }, "geometry": { "type": "Point", "coordinates": [ 173.119303575746727, 1.406584608803154 ] } },
{ "type": "Feature", "properties": { "uid": "xb7052j60k", "rate_time": -0.188, "sig_time": 0.358, "se_time": 0.199, "sce": 22.05, "nsm": null, "valid_obs": 19, "valid_span": 22, "significant": false }, "geometry": { "type": "Point", "coordinates": [ 173.118802263576157, 1.406617891879543 ] } },
{ "type": "Feature", "properties": { "uid": "xb7052p46x", "rate_time": 0.253, "sig_time": 0.043, "se_time": 0.115, "sce": 11.29, "nsm": null, "valid_obs": 18, "valid_span": 21, "significant": true }, "geometry": { "type": "Point", "coordinates": [ 173.121301755748505, 1.406676950555143 ] } },
{ "type": "Feature", "properties": { "uid": "xb7052jfch", "rate_time": -0.135, "sig_time": 0.552, "se_time": 0.223, "sce": 24.72, "nsm": null, "valid_obs": 18, "valid_span": 22, "significant": false }, "geometry": { "type": "Point", "coordinates": [ 173.119518775085169, 1.406746769955764 ] } },
{ "type": "Feature", "properties": { "uid": "xb7052ngm3", "rate_time": 0.248, "sig_time": 0.08, "se_time": 0.133, "sce": 11.47, "nsm": null, "valid_obs": 18, "valid_span": 21, "significant": false }, "geometry": { "type": "Point", "coordinates": [ 173.121070455076705, 1.406815800209977 ] } },
{ "type": "Feature", "properties": { "uid": "xb7052jgwt", "rate_time": 0.261, "sig_time": 0.493, "se_time": 0.372, "sce": 50.56, "nsm": null, "valid_obs": 18, "valid_span": 22, "significant": false }, "geometry": { "type": "Point", "coordinates": [ 173.119751891451216, 1.406880901111853 ] } },
{ "type": "Feature", "properties": { "uid": "xb7052nezd", "rate_time": 0.134, "sig_time": 0.33, "se_time": 0.133, "sce": 9.82, "nsm": null, "valid_obs": 18, "valid_span": 21, "significant": false }, "geometry": { "type": "Point", "coordinates": [ 173.120821472622595, 1.406909782158649 ] } },
{ "type": "Feature", "properties": { "uid": "xb7052n5ut", "rate_time": -0.241, "sig_time": 0.391, "se_time": 0.273, "sce": 35.81, "nsm": null, "valid_obs": 18, "valid_span": 21, "significant": false }, "geometry": { "type": "Point", "coordinates": [ 173.120015458050489, 1.406922739676626 ] } },
{ "type": "Feature", "properties": { "uid": "xb7052n7gn", "rate_time": -0.226, "sig_time": 0.162, "se_time": 0.154, "sce": 14.35, "nsm": null, "valid_obs": 18, "valid_span": 21, "significant": false }, "geometry": { "type": "Point", "coordinates": [ 173.120284856899332, 1.40692667096707 ] } },
{ "type": "Feature", "properties": { "uid": "xb7052necr", "rate_time": -0.077, "sig_time": 0.6, "se_time": 0.144, "sce": 13.1, "nsm": null, "valid_obs": 18, "valid_span": 21, "significant": false }, "geometry": { "type": "Point", "coordinates": [ 173.120554236829236, 1.406932441139218 ] } },
{ "type": "Feature", "properties": { "uid": "xb7052kh0y", "rate_time": 0.122, "sig_time": 0.343, "se_time": 0.124, "sce": 13.46, "nsm": null, "valid_obs": 17, "valid_span": 22, "significant": false }, "geometry": { "type": "Point", "coordinates": [ 173.117102356974016, 1.408344603728328 ] } },
{ "type": "Feature", "properties": { "uid": "xb5pgqn43b", "rate_time": 0.032, "sig_time": 0.911, "se_time": 0.278, "sce": 26.55, "nsm": null, "valid_obs": 17, "valid_span": 21, "significant": false }, "geometry": { "type": "Point", "coordinates": [ 173.119897150035342, 1.395650023309408 ] } },
{ "type": "Feature", "properties": { "uid": "xb5pgqq9z6", "rate_time": -0.721, "sig_time": 0.003, "se_time": 0.21, "sce": 21.05, "nsm": null, "valid_obs": 18, "valid_span": 21, "significant": true }, "geometry": { "type": "Point", "coordinates": [ 173.120810191885113, 1.396952665507427 ] } },
{ "type": "Feature", "properties": { "uid": "xb5pgqqfu1", "rate_time": -0.493, "sig_time": 0.014, "se_time": 0.18, "sce": 16.98, "nsm": null, "valid_obs": 18, "valid_span": 21, "significant": true }, "geometry": { "type": "Point", "coordinates": [ 173.121023583682501, 1.397117723268553 ] } },
{ "type": "Feature", "properties": { "uid": "xb5pgqr5bg", "rate_time": -0.261, "sig_time": 0.055, "se_time": 0.127, "sce": 12.47, "nsm": null, "valid_obs": 18, "valid_span": 21, "significant": false }, "geometry": { "type": "Point", "coordinates": [ 173.121224394256842, 1.397298611209797 ] } },
{ "type": "Feature", "properties": { "uid": "xb5pgqrhvs", "rate_time": -0.172, "sig_time": 0.102, "se_time": 0.1, "sce": 8.67, "nsm": null, "valid_obs": 18, "valid_span": 21, "significant": false }, "geometry": { "type": "Point", "coordinates": [ 173.121429973302156, 1.397473841797974 ] } },
{ "type": "Feature", "properties": { "uid": "xb5pgqrmfd", "rate_time": -0.091, "sig_time": 0.396, "se_time": 0.104, "sce": 8.81, "nsm": null, "valid_obs": 18, "valid_span": 21, "significant": false }, "geometry": { "type": "Point", "coordinates": [ 173.121643521135411, 1.397639276845371 ] } },
{ "type": "Feature", "properties": { "uid": "xb5pgqtvpz", "rate_time": -0.147, "sig_time": 0.547, "se_time": 0.239, "sce": 20.69, "nsm": null, "valid_obs": 18, "valid_span": 21, "significant": false }, "geometry": { "type": "Point", "coordinates": [ 173.119806799134551, 1.398910013928749 ] } },
{ "type": "Feature", "properties": { "uid": "xb5pgqwnjh", "rate_time": -0.133, "sig_time": 0.515, "se_time": 0.2, "sce": 18.4, "nsm": null, "valid_obs": 18, "valid_span": 21, "significant": false }, "geometry": { "type": "Point", "coordinates": [ 173.120028656491201, 1.399063535996519 ] } },
{ "type": "Feature", "properties": { "uid": "xb5pgqwr1g", "rate_time": 0.365, "sig_time": 0.351, "se_time": 0.382, "sce": 39.19, "nsm": null, "valid_obs": 20, "valid_span": 21, "significant": false }, "geometry": { "type": "Point", "coordinates": [ 173.120238331229757, 1.399233022190228 ] } },
{ "type": "Feature", "properties": { "uid": "xb5pgqy2nf", "rate_time": 0.22, "sig_time": 0.127, "se_time": 0.137, "sce": 16.24, "nsm": null, "valid_obs": 20, "valid_span": 21, "significant": false }, "geometry": { "type": "Point", "coordinates": [ 173.120452649874267, 1.399396873871243 ] } },
{ "type": "Feature", "properties": { "uid": "xb5pgqy8dm", "rate_time": 0.321, "sig_time": 0.03, "se_time": 0.136, "sce": 17.29, "nsm": null, "valid_obs": 20, "valid_span": 21, "significant": true }, "geometry": { "type": "Point", "coordinates": [ 173.120596187192263, 1.399496294870799 ] } },
{ "type": "Feature", "properties": { "uid": "xb5pgqy9x7", "rate_time": 0.023, "sig_time": 0.867, "se_time": 0.136, "sce": 14.65, "nsm": null, "valid_obs": 20, "valid_span": 21, "significant": false }, "geometry": { "type": "Point", "coordinates": [ 173.120813058284455, 1.399657216981161 ] } },
{ "type": "Feature", "properties": { "uid": "xb5pgqyfs3", "rate_time": 0.289, "sig_time": 0.028, "se_time": 0.121, "sce": 12.83, "nsm": null, "valid_obs": 20, "valid_span": 21, "significant": true }, "geometry": { "type": "Point", "coordinates": [ 173.121027825798592, 1.399821062571645 ] } },
{ "type": "Feature", "properties": { "uid": "xb5pg2nqmp", "rate_time": -0.255, "sig_time": 0.184, "se_time": 0.183, "sce": 18.1, "nsm": null, "valid_obs": 17, "valid_span": 21, "significant": false }, "geometry": { "type": "Point", "coordinates": [ 173.120379540426001, 1.363416458928046 ] } },
{ "type": "Feature", "properties": { "uid": "xb5pg2nx4x", "rate_time": -0.556, "sig_time": 0.002, "se_time": 0.151, "sce": 17.53, "nsm": null, "valid_obs": 17, "valid_span": 21, "significant": true }, "geometry": { "type": "Point", "coordinates": [ 173.120614638166273, 1.363548759305645 ] } },
{ "type": "Feature", "properties": { "uid": "xb5pg2nzb8", "rate_time": -0.538, "sig_time": 0.001, "se_time": 0.123, "sce": 15.4, "nsm": null, "valid_obs": 17, "valid_span": 21, "significant": true }, "geometry": { "type": "Point", "coordinates": [ 173.120868219347187, 1.363640328322563 ] } },
{ "type": "Feature", "properties": { "uid": "xb5pg2qbq8", "rate_time": -0.53, "sig_time": 0.0, "se_time": 0.114, "sce": 15.12, "nsm": null, "valid_obs": 17, "valid_span": 21, "significant": true }, "geometry": { "type": "Point", "coordinates": [ 173.121124431786768, 1.363724393891431 ] } },
{ "type": "Feature", "properties": { "uid": "xb5pg2r0u7", "rate_time": -0.605, "sig_time": 0.0, "se_time": 0.111, "sce": 16.0, "nsm": null, "valid_obs": 17, "valid_span": 21, "significant": true }, "geometry": { "type": "Point", "coordinates": [ 173.121374767077725, 1.363823882132364 ] } },
{ "type": "Feature", "properties": { "uid": "xb5pg2r367", "rate_time": -0.627, "sig_time": 0.0, "se_time": 0.088, "sce": 14.7, "nsm": null, "valid_obs": 17, "valid_span": 21, "significant": true }, "geometry": { "type": "Point", "coordinates": [ 173.121629351861657, 1.36391201379388 ] } },
{ "type": "Feature", "properties": { "uid": "xb5pg2r9b3", "rate_time": -0.636, "sig_time": 0.0, "se_time": 0.069, "sce": 13.51, "nsm": null, "valid_obs": 17, "valid_span": 21, "significant": true }, "geometry": { "type": "Point", "coordinates": [ 173.121888004668051, 1.363988068227756 ] } },
{ "type": "Feature", "properties": { "uid": "xb5pg2rdq2", "rate_time": -0.731, "sig_time": 0.0, "se_time": 0.081, "sce": 16.57, "nsm": null, "valid_obs": 17, "valid_span": 21, "significant": true }, "geometry": { "type": "Point", "coordinates": [ 173.122144990797096, 1.364069282800861 ] } },
{ "type": "Feature", "properties": { "uid": "xb5pg2rfsr", "rate_time": -0.769, "sig_time": 0.0, "se_time": 0.103, "sce": 20.63, "nsm": null, "valid_obs": 17, "valid_span": 21, "significant": true }, "geometry": { "type": "Point", "coordinates": [ 173.122402194443964, 1.364149960289156 ] } },
{ "type": "Feature", "properties": { "uid": "xb5pg8254m", "rate_time": -0.708, "sig_time": 0.0, "se_time": 0.092, "sce": 18.9, "nsm": null, "valid_obs": 17, "valid_span": 21, "significant": true }, "geometry": { "type": "Point", "coordinates": [ 173.122661278427586, 1.364224606082405 ] } },
{ "type": "Feature", "properties": { "uid": "xb5pg82786", "rate_time": -0.676, "sig_time": 0.0, "se_time": 0.085, "sce": 17.64, "nsm": null, "valid_obs": 17, "valid_span": 21, "significant": true }, "geometry": { "type": "Point", "coordinates": [ 173.122922195743001, 1.364292217506688 ] } },
{ "type": "Feature", "properties": { "uid": "xb5pg827yx", "rate_time": -0.667, "sig_time": 0.0, "se_time": 0.105, "sce": 19.36, "nsm": null, "valid_obs": 17, "valid_span": 21, "significant": true }, "geometry": { "type": "Point", "coordinates": [ 173.12318248098444, 1.364360814977405 ] } },
{ "type": "Feature", "properties": { "uid": "xb5pg82shx", "rate_time": -0.614, "sig_time": 0.0, "se_time": 0.119, "sce": 18.99, "nsm": null, "valid_obs": 17, "valid_span": 21, "significant": true }, "geometry": { "type": "Point", "coordinates": [ 173.123447902538345, 1.364406976474522 ] } },
{ "type": "Feature", "properties": { "uid": "xb5pg82u6z", "rate_time": -0.652, "sig_time": 0.02, "se_time": 0.25, "sce": 32.17, "nsm": null, "valid_obs": 17, "valid_span": 21, "significant": true }, "geometry": { "type": "Point", "coordinates": [ 173.123714169136349, 1.364448576653241 ] } },
{ "type": "Feature", "properties": { "uid": "xb5pg83hc1", "rate_time": -0.627, "sig_time": 0.269, "se_time": 0.548, "sce": 63.69, "nsm": null, "valid_obs": 18, "valid_span": 21, "significant": false }, "geometry": { "type": "Point", "coordinates": [ 173.123978726641695, 1.36449993171245 ] } },
{ "type": "Feature", "properties": { "uid": "xb5pg83jp5", "rate_time": -0.599, "sig_time": 0.0, "se_time": 0.107, "sce": 15.71, "nsm": null, "valid_obs": 17, "valid_span": 21, "significant": true }, "geometry": { "type": "Point", "coordinates": [ 173.124242577740631, 1.364555075914007 ] } },
{ "type": "Feature", "properties": { "uid": "xb5pg83mmr", "rate_time": -0.675, "sig_time": 0.0, "se_time": 0.127, "sce": 17.66, "nsm": null, "valid_obs": 17, "valid_span": 21, "significant": true }, "geometry": { "type": "Point", "coordinates": [ 173.124504794667331, 1.364617182288529 ] } },
{ "type": "Feature", "properties": { "uid": "xb5pgqzqym", "rate_time": 0.282, "sig_time": 0.046, "se_time": 0.13, "sce": 13.09, "nsm": null, "valid_obs": 18, "valid_span": 21, "significant": true }, "geometry": { "type": "Point", "coordinates": [ 173.12180305552036, 1.40057275888798 ] } },
{ "type": "Feature", "properties": { "uid": "xb5pgqrqxy", "rate_time": 0.099, "sig_time": 0.402, "se_time": 0.115, "sce": 12.06, "nsm": null, "valid_obs": 18, "valid_span": 21, "significant": false }, "geometry": { "type": "Point", "coordinates": [ 173.121868603769741, 1.397788296278689 ] } },
{ "type": "Feature", "properties": { "uid": "xb5pgrp850", "rate_time": -0.182, "sig_time": 0.005, "se_time": 0.055, "sce": 6.28, "nsm": null, "valid_obs": 18, "valid_span": 21, "significant": true }, "geometry": { "type": "Point", "coordinates": [ 173.122000790180692, 1.400757040024458 ] } },
{ "type": "Feature", "properties": { "uid": "xb5pgqrxt4", "rate_time": 0.306, "sig_time": 0.023, "se_time": 0.122, "sce": 14.44, "nsm": null, "valid_obs": 18, "valid_span": 21, "significant": true }, "geometry": { "type": "Point", "coordinates": [ 173.122092339282119, 1.397939160757598 ] } },
{ "type": "Feature", "properties": { "uid": "xb5pgqxb6e", "rate_time": 0.409, "sig_time": 0.007, "se_time": 0.134, "sce": 16.65, "nsm": null, "valid_obs": 18, "valid_span": 21, "significant": true }, "geometry": { "type": "Point", "coordinates": [ 173.122327331701086, 1.398071908441326 ] } },
{ "type": "Feature", "properties": { "uid": "xb5pgw8105", "rate_time": 0.496, "sig_time": 0.017, "se_time": 0.186, "sce": 21.06, "nsm": null, "valid_obs": 18, "valid_span": 21, "significant": true }, "geometry": { "type": "Point", "coordinates": [ 173.12256454633939, 1.398200601815237 ] } },
{ "type": "Feature", "properties": { "uid": "xb5pgx0hfv", "rate_time": -0.459, "sig_time": 0.0, "se_time": 0.061, "sce": 9.49, "nsm": null, "valid_obs": 17, "valid_span": 21, "significant": true }, "geometry": { "type": "Point", "coordinates": [ 173.122679190577628, 1.401599865994688 ] } },
{ "type": "Feature", "properties": { "uid": "xb5pgw81ve", "rate_time": 0.493, "sig_time": 0.023, "se_time": 0.195, "sce": 21.45, "nsm": null, "valid_obs": 18, "valid_span": 21, "significant": true }, "geometry": { "type": "Point", "coordinates": [ 173.122800801069246, 1.398331096589715 ] } },
{ "type": "Feature", "properties": { "uid": "xb5pgx0nns", "rate_time": -0.426, "sig_time": 0.0, "se_time": 0.052, "sce": 7.96, "nsm": null, "valid_obs": 17, "valid_span": 21, "significant": true }, "geometry": { "type": "Point", "coordinates": [ 173.122847837906193, 1.401811286062553 ] } },
{ "type": "Feature", "properties": { "uid": "xb5pgw86fe", "rate_time": 0.828, "sig_time": 0.002, "se_time": 0.23, "sce": 26.31, "nsm": null, "valid_obs": 18, "valid_span": 21, "significant": true }, "geometry": { "type": "Point", "coordinates": [ 173.123010624588829, 1.398499229068874 ] } },
{ "type": "Feature", "properties": { "uid": "xb5pgw8kn6", "rate_time": 1.145, "sig_time": 0.007, "se_time": 0.378, "sce": 51.01, "nsm": null, "valid_obs": 20, "valid_span": 21, "significant": true }, "geometry": { "type": "Point", "coordinates": [ 173.123178679479736, 1.398711255312626 ] } },
{ "type": "Feature", "properties": { "uid": "xb5pgw8t3u", "rate_time": 0.753, "sig_time": 0.013, "se_time": 0.272, "sce": 29.69, "nsm": null, "valid_obs": 20, "valid_span": 21, "significant": true }, "geometry": { "type": "Point", "coordinates": [ 173.123325849775028, 1.398938210325354 ] } },
{ "type": "Feature", "properties": { "uid": "xb5pgw8ww1", "rate_time": 0.336, "sig_time": 0.27, "se_time": 0.295, "sce": 28.66, "nsm": null, "valid_obs": 20, "valid_span": 21, "significant": false }, "geometry": { "type": "Point", "coordinates": [ 173.123510135546212, 1.399133877646272 ] } },
{ "type": "Feature", "properties": { "uid": "xb5pgw8zdm", "rate_time": -0.255, "sig_time": 0.47, "se_time": 0.346, "sce": 27.86, "nsm": null, "valid_obs": 20, "valid_span": 21, "significant": false }, "geometry": { "type": "Point", "coordinates": [ 173.123694406311841, 1.399328012521514 ] } },
{ "type": "Feature", "properties": { "uid": "xb5pgwbcj5", "rate_time": -0.734, "sig_time": 0.05, "se_time": 0.349, "sce": 31.83, "nsm": null, "valid_obs": 20, "valid_span": 21, "significant": false }, "geometry": { "type": "Point", "coordinates": [ 173.123812804279282, 1.399571411713586 ] } },
{ "type": "Feature", "properties": { "uid": "xb5pgwbfx4", "rate_time": -0.634, "sig_time": 0.067, "se_time": 0.325, "sce": 33.35, "nsm": null, "valid_obs": 20, "valid_span": 21, "significant": false }, "geometry": { "type": "Point", "coordinates": [ 173.123897356661729, 1.399828118021829 ] } },
{ "type": "Feature", "properties": { "uid": "xb5pgwc5eu", "rate_time": -0.597, "sig_time": 0.09, "se_time": 0.333, "sce": 41.37, "nsm": null, "valid_obs": 20, "valid_span": 21, "significant": false }, "geometry": { "type": "Point", "coordinates": [ 173.124097828668539, 1.400009385450257 ] } },
{ "type": "Feature", "properties": { "uid": "xb5pgwck8q", "rate_time": -0.436, "sig_time": 0.265, "se_time": 0.378, "sce": 48.26, "nsm": null, "valid_obs": 19, "valid_span": 21, "significant": false }, "geometry": { "type": "Point", "coordinates": [ 173.12429660783485, 1.400192464544709 ] } },
{ "type": "Feature", "properties": { "uid": "xb5pgwcmue", "rate_time": -0.301, "sig_time": 0.233, "se_time": 0.243, "sce": 25.54, "nsm": null, "valid_obs": 18, "valid_span": 21, "significant": false }, "geometry": { "type": "Point", "coordinates": [ 173.124476407786204, 1.400391893822128 ] } },
{ "type": "Feature", "properties": { "uid": "xb5pgx1up7", "rate_time": -0.371, "sig_time": 0.334, "se_time": 0.372, "sce": 43.08, "nsm": null, "valid_obs": 17, "valid_span": 21, "significant": false }, "geometry": { "type": "Point", "coordinates": [ 173.125277583396013, 1.401461352031219 ] } },
{ "type": "Feature", "properties": { "uid": "xb5pgx4hut", "rate_time": -0.219, "sig_time": 0.417, "se_time": 0.263, "sce": 28.17, "nsm": null, "valid_obs": 17, "valid_span": 21, "significant": false }, "geometry": { "type": "Point", "coordinates": [ 173.125507076083125, 1.401603545016239 ] } },
{ "type": "Feature", "properties": { "uid": "xb5pgx4mcg", "rate_time": -0.143, "sig_time": 0.422, "se_time": 0.173, "sce": 20.99, "nsm": null, "valid_obs": 17, "valid_span": 21, "significant": false }, "geometry": { "type": "Point", "coordinates": [ 173.125726291218456, 1.401760784684517 ] } },
{ "type": "Feature", "properties": { "uid": "xb5pgx4qrx", "rate_time": -0.167, "sig_time": 0.325, "se_time": 0.164, "sce": 21.55, "nsm": null, "valid_obs": 17, "valid_span": 21, "significant": false }, "geometry": { "type": "Point", "coordinates": [ 173.125971405339158, 1.401872214622254 ] } },
{ "type": "Feature", "properties": { "uid": "xb5pgqzmcg", "rate_time": -0.179, "sig_time": 0.086, "se_time": 0.098, "sce": 8.55, "nsm": null, "valid_obs": 18, "valid_span": 21, "significant": false }, "geometry": { "type": "Point", "coordinates": [ 173.1216044558943, 1.40038941610023 ] } },
{ "type": "Feature", "properties": { "uid": "xb5pgqzhtw", "rate_time": 0.125, "sig_time": 0.787, "se_time": 0.457, "sce": 46.77, "nsm": null, "valid_obs": 20, "valid_span": 21, "significant": false }, "geometry": { "type": "Point", "coordinates": [ 173.121422201260856, 1.400189777928348 ] } },
{ "type": "Feature", "properties": { "uid": "xb5pgqz594", "rate_time": -0.136, "sig_time": 0.452, "se_time": 0.177, "sce": 16.86, "nsm": null, "valid_obs": 20, "valid_span": 21, "significant": false }, "geometry": { "type": "Point", "coordinates": [ 173.121232149228405, 1.399997827163583 ] } },
{ "type": "Feature", "properties": { "uid": "xb5pg95q9r", "rate_time": -0.109, "sig_time": 0.174, "se_time": 0.076, "sce": 7.97, "nsm": null, "valid_obs": 18, "valid_span": 21, "significant": false }, "geometry": { "type": "Point", "coordinates": [ 173.127081102213936, 1.368953595756404 ] } },
{ "type": "Feature", "properties": { "uid": "xb5pg95qxw", "rate_time": 0.004, "sig_time": 0.951, "se_time": 0.058, "sce": 6.11, "nsm": null, "valid_obs": 18, "valid_span": 21, "significant": false }, "geometry": { "type": "Point", "coordinates": [ 173.127350482228223, 1.36894611465965 ] } },
{ "type": "Feature", "properties": { "uid": "xb5pg95wtv", "rate_time": 0.087, "sig_time": 0.123, "se_time": 0.053, "sce": 6.34, "nsm": null, "valid_obs": 18, "valid_span": 21, "significant": false }, "geometry": { "type": "Point", "coordinates": [ 173.12761995637743, 1.368943150979609 ] } },
{ "type": "Feature", "properties": { "uid": "xb5pg94wbq", "rate_time": 0.199, "sig_time": 0.254, "se_time": 0.168, "sce": 21.08, "nsm": null, "valid_obs": 18, "valid_span": 21, "significant": false }, "geometry": { "type": "Point", "coordinates": [ 173.126004920879609, 1.36899208402513 ] } },
{ "type": "Feature", "properties": { "uid": "xb5pg8xuty", "rate_time": -0.237, "sig_time": 0.069, "se_time": 0.12, "sce": 11.88, "nsm": null, "valid_obs": 16, "valid_span": 21, "significant": false }, "geometry": { "type": "Point", "coordinates": [ 173.133456282069574, 1.36585950395419 ] } },
{ "type": "Feature", "properties": { "uid": "xb5pg8wypm", "rate_time": -0.068, "sig_time": 0.858, "se_time": 0.372, "sce": 44.26, "nsm": null, "valid_obs": 17, "valid_span": 21, "significant": false }, "geometry": { "type": "Point", "coordinates": [ 173.132143033266999, 1.366109267786331 ] } },
{ "type": "Feature", "properties": { "uid": "xb5pg8wy35", "rate_time": -0.001, "sig_time": 0.992, "se_time": 0.142, "sce": 12.2, "nsm": null, "valid_obs": 17, "valid_span": 21, "significant": false }, "geometry": { "type": "Point", "coordinates": [ 173.131875922944545, 1.366142865677779 ] } },
{ "type": "Feature", "properties": { "uid": "xb5pg8ww6z", "rate_time": -0.133, "sig_time": 0.291, "se_time": 0.122, "sce": 13.85, "nsm": null, "valid_obs": 17, "valid_span": 21, "significant": false }, "geometry": { "type": "Point", "coordinates": [ 173.131607966895785, 1.36616500862271 ] } },
{ "type": "Feature", "properties": { "uid": "xb5pg8wqu8", "rate_time": -0.081, "sig_time": 0.377, "se_time": 0.089, "sce": 9.99, "nsm": null, "valid_obs": 17, "valid_span": 21, "significant": false }, "geometry": { "type": "Point", "coordinates": [ 173.131343193044813, 1.366214021307452 ] } },
{ "type": "Feature", "properties": { "uid": "xb5pg8v9bq", "rate_time": 0.096, "sig_time": 0.732, "se_time": 0.276, "sce": 32.51, "nsm": null, "valid_obs": 18, "valid_span": 21, "significant": false }, "geometry": { "type": "Point", "coordinates": [ 173.130126344064678, 1.366758391007094 ] } },
{ "type": "Feature", "properties": { "uid": "xb5pg9h9p3", "rate_time": -0.11, "sig_time": 0.735, "se_time": 0.318, "sce": 38.47, "nsm": null, "valid_obs": 18, "valid_span": 21, "significant": false }, "geometry": { "type": "Point", "coordinates": [ 173.129057240820259, 1.367976843962014 ] } },
{ "type": "Feature", "properties": { "uid": "xb5pg9hd72", "rate_time": 0.015, "sig_time": 0.865, "se_time": 0.086, "sce": 9.64, "nsm": null, "valid_obs": 18, "valid_span": 21, "significant": false }, "geometry": { "type": "Point", "coordinates": [ 173.128886740868808, 1.368186872870056 ] } },
{ "type": "Feature", "properties": { "uid": "xb5pg94pmm", "rate_time": 0.187, "sig_time": 0.076, "se_time": 0.098, "sce": 13.43, "nsm": null, "valid_obs": 17, "valid_span": 21, "significant": false }, "geometry": { "type": "Point", "coordinates": [ 173.125535958117325, 1.369074045478947 ] } },
{ "type": "Feature", "properties": { "uid": "xb5pg93b15", "rate_time": 0.416, "sig_time": 0.076, "se_time": 0.219, "sce": 30.52, "nsm": null, "valid_obs": 17, "valid_span": 21, "significant": false }, "geometry": { "type": "Point", "coordinates": [ 173.125010612678153, 1.369192088152914 ] } },
{ "type": "Feature", "properties": { "uid": "xb5pg94wyd", "rate_time": 0.113, "sig_time": 0.14, "se_time": 0.073, "sce": 8.94, "nsm": null, "valid_obs": 18, "valid_span": 21, "significant": false }, "geometry": { "type": "Point", "coordinates": [ 173.126273251267946, 1.368967423527702 ] } },
{ "type": "Feature", "properties": { "uid": "xb5pg94yuf", "rate_time": 0.015, "sig_time": 0.839, "se_time": 0.075, "sce": 7.63, "nsm": null, "valid_obs": 18, "valid_span": 21, "significant": false }, "geometry": { "type": "Point", "coordinates": [ 173.126542638573056, 1.368971539922786 ] } },
{ "type": "Feature", "properties": { "uid": "xb5pg95ng4", "rate_time": -0.123, "sig_time": 0.141, "se_time": 0.079, "sce": 8.37, "nsm": null, "valid_obs": 18, "valid_span": 21, "significant": false }, "geometry": { "type": "Point", "coordinates": [ 173.126812121037574, 1.36896995601805 ] } },
{ "type": "Feature", "properties": { "uid": "xb5pg9hjfj", "rate_time": 0.085, "sig_time": 0.5, "se_time": 0.124, "sce": 15.23, "nsm": null, "valid_obs": 18, "valid_span": 21, "significant": false }, "geometry": { "type": "Point", "coordinates": [ 173.128137767638634, 1.368814565986469 ] } },
{ "type": "Feature", "properties": { "uid": "xb5pg8xjv2", "rate_time": -0.092, "sig_time": 0.329, "se_time": 0.091, "sce": 9.6, "nsm": null, "valid_obs": 16, "valid_span": 21, "significant": false }, "geometry": { "type": "Point", "coordinates": [ 173.132404042546966, 1.366043475862021 ] } },
{ "type": "Feature", "properties": { "uid": "xb5pg8v75c", "rate_time": 0.1, "sig_time": 0.269, "se_time": 0.088, "sce": 9.82, "nsm": null, "valid_obs": 18, "valid_span": 21, "significant": false }, "geometry": { "type": "Point", "coordinates": [ 173.129931624301406, 1.366945897876082 ] } },
{ "type": "Feature", "properties": { "uid": "xb5pg8vj7k", "rate_time": -0.038, "sig_time": 0.481, "se_time": 0.053, "sce": 5.03, "nsm": null, "valid_obs": 17, "valid_span": 21, "significant": false }, "geometry": { "type": "Point", "coordinates": [ 173.129575020555393, 1.367352198447044 ] } },
{ "type": "Feature", "properties": { "uid": "xb5pg94r5t", "rate_time": 0.162, "sig_time": 0.672, "se_time": 0.376, "sce": 45.51, "nsm": null, "valid_obs": 18, "valid_span": 21, "significant": false }, "geometry": { "type": "Point", "coordinates": [ 173.125801567193122, 1.369028172374865 ] } },
{ "type": "Feature", "properties": { "uid": "xb5pg91zz3", "rate_time": 0.26, "sig_time": 0.076, "se_time": 0.136, "sce": 19.02, "nsm": null, "valid_obs": 17, "valid_span": 21, "significant": false }, "geometry": { "type": "Point", "coordinates": [ 173.125274416767326, 1.369138633090795 ] } },
{ "type": "Feature", "properties": { "uid": "xb5pg95ys0", "rate_time": 0.181, "sig_time": 0.014, "se_time": 0.066, "sce": 8.71, "nsm": null, "valid_obs": 18, "valid_span": 21, "significant": true }, "geometry": { "type": "Point", "coordinates": [ 173.127887808662564, 1.368913935520439 ] } },
{ "type": "Feature", "properties": { "uid": "xb5pg9hjpt", "rate_time": 0.155, "sig_time": 0.11, "se_time": 0.092, "sce": 11.95, "nsm": null, "valid_obs": 18, "valid_span": 21, "significant": false }, "geometry": { "type": "Point", "coordinates": [ 173.128373653332687, 1.36868383086165 ] } },
{ "type": "Feature", "properties": { "uid": "xb5pg2zm2q", "rate_time": -0.082, "sig_time": 0.203, "se_time": 0.062, "sce": 5.39, "nsm": null, "valid_obs": 18, "valid_span": 21, "significant": false }, "geometry": { "type": "Point", "coordinates": [ 173.121541860960832, 1.367358434928527 ] } },
{ "type": "Feature", "properties": { "uid": "xb5pg8xsct", "rate_time": -0.297, "sig_time": 0.032, "se_time": 0.125, "sce": 13.24, "nsm": null, "valid_obs": 16, "valid_span": 21, "significant": true }, "geometry": { "type": "Point", "coordinates": [ 173.132923032605532, 1.365897208695845 ] } },
{ "type": "Feature", "properties": { "uid": "xb5pg8xm77", "rate_time": -0.244, "sig_time": 0.068, "se_time": 0.123, "sce": 14.08, "nsm": null, "valid_obs": 16, "valid_span": 21, "significant": false }, "geometry": { "type": "Point", "coordinates": [ 173.132663097677124, 1.365968729583329 ] } },
{ "type": "Feature", "properties": { "uid": "xb5pg8wpnt", "rate_time": 0.043, "sig_time": 0.616, "se_time": 0.084, "sce": 9.4, "nsm": null, "valid_obs": 17, "valid_span": 21, "significant": false }, "geometry": { "type": "Point", "coordinates": [ 173.131081849829854, 1.366280149508117 ] } },
{ "type": "Feature", "properties": { "uid": "xb5pg8wp8e", "rate_time": 0.033, "sig_time": 0.707, "se_time": 0.087, "sce": 9.94, "nsm": null, "valid_obs": 17, "valid_span": 21, "significant": false }, "geometry": { "type": "Point", "coordinates": [ 173.130823752072473, 1.366357130727476 ] } },
{ "type": "Feature", "properties": { "uid": "xb5pg8vb4z", "rate_time": 0.053, "sig_time": 0.564, "se_time": 0.089, "sce": 9.54, "nsm": null, "valid_obs": 17, "valid_span": 21, "significant": false }, "geometry": { "type": "Point", "coordinates": [ 173.130576138707767, 1.36646367463928 ] } },
{ "type": "Feature", "properties": { "uid": "xb5pg8v8vr", "rate_time": 0.084, "sig_time": 0.315, "se_time": 0.081, "sce": 7.82, "nsm": null, "valid_obs": 17, "valid_span": 21, "significant": false }, "geometry": { "type": "Point", "coordinates": [ 173.130338933956921, 1.366592403145386 ] } },
{ "type": "Feature", "properties": { "uid": "xb5pg8vhpw", "rate_time": -0.014, "sig_time": 0.963, "se_time": 0.29, "sce": 33.41, "nsm": null, "valid_obs": 18, "valid_span": 21, "significant": false }, "geometry": { "type": "Point", "coordinates": [ 173.12975040111877, 1.367146278469616 ] } },
{ "type": "Feature", "properties": { "uid": "xb5pg8uyx7", "rate_time": -0.178, "sig_time": 0.006, "se_time": 0.055, "sce": 5.29, "nsm": null, "valid_obs": 17, "valid_span": 21, "significant": true }, "geometry": { "type": "Point", "coordinates": [ 173.129401720867435, 1.367559870874982 ] } },
{ "type": "Feature", "properties": { "uid": "xb5pg8uzg6", "rate_time": -0.077, "sig_time": 0.303, "se_time": 0.072, "sce": 6.68, "nsm": null, "valid_obs": 17, "valid_span": 21, "significant": false }, "geometry": { "type": "Point", "coordinates": [ 173.129231437215651, 1.367770007993523 ] } },
{ "type": "Feature", "properties": { "uid": "xb5pg9h7rr", "rate_time": 0.088, "sig_time": 0.693, "se_time": 0.219, "sce": 27.55, "nsm": null, "valid_obs": 18, "valid_span": 21, "significant": false }, "geometry": { "type": "Point", "coordinates": [ 173.128714807532276, 1.368395553462202 ] } },
{ "type": "Feature", "properties": { "uid": "xb5pg930q7", "rate_time": 0.196, "sig_time": 0.0, "se_time": 0.041, "sce": 5.36, "nsm": null, "valid_obs": 15, "valid_span": 21, "significant": true }, "geometry": { "type": "Point", "coordinates": [ 173.124204645983184, 1.369235066991598 ] } },
{ "type": "Feature", "properties": { "uid": "xb5pg2zqmk", "rate_time": -0.295, "sig_time": 0.0, "se_time": 0.053, "sce": 9.1, "nsm": null, "valid_obs": 18, "valid_span": 21, "significant": true }, "geometry": { "type": "Point", "coordinates": [ 173.121757445193111, 1.367520247264158 ] } },
{ "type": "Feature", "properties": { "uid": "xb5pgx0r6q", "rate_time": -0.485, "sig_time": 0.0, "se_time": 0.089, "sce": 11.04, "nsm": null, "valid_obs": 17, "valid_span": 21, "significant": true }, "geometry": { "type": "Point", "coordinates": [ 173.123001542911311, 1.402033842014646 ] } },
{ "type": "Feature", "properties": { "uid": "xb5pgx22v3", "rate_time": -0.691, "sig_time": 0.001, "se_time": 0.159, "sce": 21.98, "nsm": null, "valid_obs": 17, "valid_span": 21, "significant": true }, "geometry": { "type": "Point", "coordinates": [ 173.123137915572897, 1.402267755870856 ] } },
{ "type": "Feature", "properties": { "uid": "xb5pgx2d16", "rate_time": -0.79, "sig_time": 0.003, "se_time": 0.219, "sce": 30.58, "nsm": null, "valid_obs": 17, "valid_span": 21, "significant": true }, "geometry": { "type": "Point", "coordinates": [ 173.123299211509419, 1.402485042877529 ] } },
{ "type": "Feature", "properties": { "uid": "xb5pgx2ejt", "rate_time": -0.658, "sig_time": 0.015, "se_time": 0.24, "sce": 31.64, "nsm": null, "valid_obs": 17, "valid_span": 21, "significant": true }, "geometry": { "type": "Point", "coordinates": [ 173.123491998990659, 1.402672977514903 ] } },
{ "type": "Feature", "properties": { "uid": "xb5pgx8uuv", "rate_time": -0.291, "sig_time": 0.035, "se_time": 0.125, "sce": 12.85, "nsm": null, "valid_obs": 17, "valid_span": 21, "significant": true }, "geometry": { "type": "Point", "coordinates": [ 173.123792596390757, 1.404350227338053 ] } },
{ "type": "Feature", "properties": { "uid": "xb5pgx8y0e", "rate_time": -0.241, "sig_time": 0.041, "se_time": 0.108, "sce": 11.28, "nsm": null, "valid_obs": 17, "valid_span": 21, "significant": true }, "geometry": { "type": "Point", "coordinates": [ 173.123613254469092, 1.404552542626784 ] } },
{ "type": "Feature", "properties": { "uid": "xb5pgx8xk2", "rate_time": -0.197, "sig_time": 0.309, "se_time": 0.187, "sce": 22.39, "nsm": null, "valid_obs": 18, "valid_span": 21, "significant": false }, "geometry": { "type": "Point", "coordinates": [ 173.123429886450083, 1.404751218633617 ] } },
{ "type": "Feature", "properties": { "uid": "xb5pgxb2rv", "rate_time": -0.176, "sig_time": 0.038, "se_time": 0.078, "sce": 8.42, "nsm": null, "valid_obs": 18, "valid_span": 21, "significant": true }, "geometry": { "type": "Point", "coordinates": [ 173.1232447605461, 1.404948208560565 ] } },
{ "type": "Feature", "properties": { "uid": "xb5pgxb3sx", "rate_time": -0.088, "sig_time": 0.442, "se_time": 0.111, "sce": 12.09, "nsm": null, "valid_obs": 18, "valid_span": 21, "significant": false }, "geometry": { "type": "Point", "coordinates": [ 173.123097956410874, 1.405174938771318 ] } },
{ "type": "Feature", "properties": { "uid": "xb5pgxbhwc", "rate_time": 0.098, "sig_time": 0.37, "se_time": 0.106, "sce": 10.96, "nsm": null, "valid_obs": 18, "valid_span": 21, "significant": false }, "geometry": { "type": "Point", "coordinates": [ 173.12285716106274, 1.405658484642617 ] } },
{ "type": "Feature", "properties": { "uid": "xb5pgxbjds", "rate_time": 0.221, "sig_time": 0.034, "se_time": 0.095, "sce": 9.67, "nsm": null, "valid_obs": 18, "valid_span": 21, "significant": true }, "geometry": { "type": "Point", "coordinates": [ 173.122666630321049, 1.405842927816286 ] } },
{ "type": "Feature", "properties": { "uid": "xb5pgrzykg", "rate_time": -0.039, "sig_time": 0.823, "se_time": 0.173, "sce": 12.87, "nsm": null, "valid_obs": 18, "valid_span": 21, "significant": false }, "geometry": { "type": "Point", "coordinates": [ 173.12242868238792, 1.405969358947151 ] } },
{ "type": "Feature", "properties": { "uid": "xb5pgrzxp0", "rate_time": 0.37, "sig_time": 0.003, "se_time": 0.104, "sce": 10.3, "nsm": null, "valid_obs": 18, "valid_span": 21, "significant": true }, "geometry": { "type": "Point", "coordinates": [ 173.122182296270239, 1.406078911362165 ] } },
{ "type": "Feature", "properties": { "uid": "xb5pgrzx97", "rate_time": 0.291, "sig_time": 0.01, "se_time": 0.1, "sce": 10.99, "nsm": null, "valid_obs": 18, "valid_span": 21, "significant": true }, "geometry": { "type": "Point", "coordinates": [ 173.121932982681017, 1.406180559462946 ] } },
{ "type": "Feature", "properties": { "uid": "xb7052p27u", "rate_time": 0.283, "sig_time": 0.013, "se_time": 0.102, "sce": 11.13, "nsm": null, "valid_obs": 18, "valid_span": 21, "significant": true }, "geometry": { "type": "Point", "coordinates": [ 173.121700157522952, 1.406314803332394 ] } },
{ "type": "Feature", "properties": { "uid": "xb5pg83tex", "rate_time": -0.786, "sig_time": 0.0, "se_time": 0.144, "sce": 18.63, "nsm": null, "valid_obs": 17, "valid_span": 21, "significant": true }, "geometry": { "type": "Point", "coordinates": [ 173.124769814994806, 1.364664802420971 ] } },
{ "type": "Feature", "properties": { "uid": "xb5pg83vcv", "rate_time": -0.892, "sig_time": 0.0, "se_time": 0.144, "sce": 19.92, "nsm": null, "valid_obs": 17, "valid_span": 21, "significant": true }, "geometry": { "type": "Point", "coordinates": [ 173.125037466015385, 1.364696438662559 ] } },
{ "type": "Feature", "properties": { "uid": "xb5pg83ypg", "rate_time": -0.9, "sig_time": 0.0, "se_time": 0.144, "sce": 20.1, "nsm": null, "valid_obs": 17, "valid_span": 21, "significant": true }, "geometry": { "type": "Point", "coordinates": [ 173.125305163020755, 1.364727677086165 ] } },
{ "type": "Feature", "properties": { "uid": "xb5pg86nnr", "rate_time": -0.771, "sig_time": 0.0, "se_time": 0.132, "sce": 18.39, "nsm": null, "valid_obs": 17, "valid_span": 21, "significant": true }, "geometry": { "type": "Point", "coordinates": [ 173.125573416618948, 1.364750154800703 ] } },
{ "type": "Feature", "properties": { "uid": "xb5pg86qk8", "rate_time": -0.655, "sig_time": 0.0, "se_time": 0.114, "sce": 17.17, "nsm": null, "valid_obs": 17, "valid_span": 21, "significant": true }, "geometry": { "type": "Point", "coordinates": [ 173.12584287158549, 1.364754279397239 ] } },
{ "type": "Feature", "properties": { "uid": "xb5pg86w6c", "rate_time": -0.599, "sig_time": 0.0, "se_time": 0.11, "sce": 15.93, "nsm": null, "valid_obs": 17, "valid_span": 21, "significant": true }, "geometry": { "type": "Point", "coordinates": [ 173.126112192923074, 1.364761214802847 ] } },
{ "type": "Feature", "properties": { "uid": "xb5pg86y3h", "rate_time": -0.553, "sig_time": 0.0, "se_time": 0.12, "sce": 15.65, "nsm": null, "valid_obs": 17, "valid_span": 21, "significant": true }, "geometry": { "type": "Point", "coordinates": [ 173.126381332397301, 1.364774779796242 ] } },
{ "type": "Feature", "properties": { "uid": "xb5pg86yrm", "rate_time": -0.452, "sig_time": 0.001, "se_time": 0.116, "sce": 14.72, "nsm": null, "valid_obs": 17, "valid_span": 21, "significant": true }, "geometry": { "type": "Point", "coordinates": [ 173.126650710839613, 1.364781450919937 ] } },
{ "type": "Feature", "properties": { "uid": "xb5pg87nmt", "rate_time": -0.326, "sig_time": 0.033, "se_time": 0.139, "sce": 16.14, "nsm": null, "valid_obs": 17, "valid_span": 21, "significant": true }, "geometry": { "type": "Point", "coordinates": [ 173.126920199886939, 1.364781809305239 ] } },
{ "type": "Feature", "properties": { "uid": "xb5pg87q7y", "rate_time": -0.249, "sig_time": 0.195, "se_time": 0.184, "sce": 21.84, "nsm": null, "valid_obs": 17, "valid_span": 21, "significant": false }, "geometry": { "type": "Point", "coordinates": [ 173.127189624621053, 1.364784719381154 ] } },
{ "type": "Feature", "properties": { "uid": "xb5pg87wd0", "rate_time": -0.381, "sig_time": 0.098, "se_time": 0.216, "sce": 24.46, "nsm": null, "valid_obs": 17, "valid_span": 21, "significant": false }, "geometry": { "type": "Point", "coordinates": [ 173.127458889457159, 1.364795737962687 ] } },
{ "type": "Feature", "properties": { "uid": "xb5pg87y86", "rate_time": -0.497, "sig_time": 0.079, "se_time": 0.264, "sce": 28.24, "nsm": null, "valid_obs": 17, "valid_span": 21, "significant": false }, "geometry": { "type": "Point", "coordinates": [ 173.127728181624917, 1.364804647515739 ] } },
{ "type": "Feature", "properties": { "uid": "xb5pg87ywd", "rate_time": -0.479, "sig_time": 0.09, "se_time": 0.264, "sce": 29.25, "nsm": null, "valid_obs": 17, "valid_span": 21, "significant": false }, "geometry": { "type": "Point", "coordinates": [ 173.127997615070853, 1.364809033625174 ] } },
{ "type": "Feature", "properties": { "uid": "xb5pg8knt5", "rate_time": -0.43, "sig_time": 0.101, "se_time": 0.246, "sce": 27.78, "nsm": null, "valid_obs": 17, "valid_span": 21, "significant": false }, "geometry": { "type": "Point", "coordinates": [ 173.128266919800467, 1.3648105614259 ] } },
{ "type": "Feature", "properties": { "uid": "xb5pg8kq75", "rate_time": -0.873, "sig_time": 0.0, "se_time": 0.186, "sce": 26.39, "nsm": null, "valid_obs": 17, "valid_span": 21, "significant": true }, "geometry": { "type": "Point", "coordinates": [ 173.128531179397498, 1.364771870853296 ] } },
{ "type": "Feature", "properties": { "uid": "xb5pg8mq3u", "rate_time": -0.801, "sig_time": 0.027, "se_time": 0.321, "sce": 25.99, "nsm": null, "valid_obs": 15, "valid_span": 18, "significant": true }, "geometry": { "type": "Point", "coordinates": [ 173.129853362293034, 1.364774022378544 ] } },
{ "type": "Feature", "properties": { "uid": "xb5pg8mw0p", "rate_time": -2.505, "sig_time": 0.0, "se_time": 0.53, "sce": 61.65, "nsm": null, "valid_obs": 18, "valid_span": 21, "significant": true }, "geometry": { "type": "Point", "coordinates": [ 173.130121715792939, 1.364749195245682 ] } },
{ "type": "Feature", "properties": { "uid": "xb5pg8mvut", "rate_time": -0.482, "sig_time": 0.039, "se_time": 0.213, "sce": 22.37, "nsm": null, "valid_obs": 17, "valid_span": 21, "significant": true }, "geometry": { "type": "Point", "coordinates": [ 173.130658073259923, 1.364695768690716 ] } },
{ "type": "Feature", "properties": { "uid": "xb5pg8qjfb", "rate_time": -0.435, "sig_time": 0.096, "se_time": 0.245, "sce": 23.25, "nsm": null, "valid_obs": 17, "valid_span": 21, "significant": false }, "geometry": { "type": "Point", "coordinates": [ 173.130926271747484, 1.364669243846188 ] } },
{ "type": "Feature", "properties": { "uid": "xb5pg8qm91", "rate_time": -0.39, "sig_time": 0.128, "se_time": 0.242, "sce": 22.73, "nsm": null, "valid_obs": 17, "valid_span": 21, "significant": false }, "geometry": { "type": "Point", "coordinates": [ 173.131192573275456, 1.364631947814476 ] } },
{ "type": "Feature", "properties": { "uid": "xb5pg8qmp4", "rate_time": -0.505, "sig_time": 0.017, "se_time": 0.188, "sce": 20.51, "nsm": null, "valid_obs": 17, "valid_span": 21, "significant": true }, "geometry": { "type": "Point", "coordinates": [ 173.131447809905211, 1.36454925616718 ] } },
{ "type": "Feature", "properties": { "uid": "xb5pg8qskv", "rate_time": -0.977, "sig_time": 0.0, "se_time": 0.17, "sce": 22.55, "nsm": null, "valid_obs": 17, "valid_span": 21, "significant": true }, "geometry": { "type": "Point", "coordinates": [ 173.131691780775725, 1.364434707282203 ] } },
{ "type": "Feature", "properties": { "uid": "xb5pg8qgfz", "rate_time": -1.036, "sig_time": 0.047, "se_time": 0.48, "sce": 60.2, "nsm": null, "valid_obs": 18, "valid_span": 21, "significant": true }, "geometry": { "type": "Point", "coordinates": [ 173.131951352906469, 1.364362274161834 ] } },
{ "type": "Feature", "properties": { "uid": "xb5pg8r5c4", "rate_time": -1.271, "sig_time": 0.0, "se_time": 0.269, "sce": 32.99, "nsm": null, "valid_obs": 18, "valid_span": 21, "significant": true }, "geometry": { "type": "Point", "coordinates": [ 173.132219222837222, 1.364332606622058 ] } },
{ "type": "Feature", "properties": { "uid": "xb5pg8r5xm", "rate_time": -1.503, "sig_time": 0.0, "se_time": 0.218, "sce": 32.3, "nsm": null, "valid_obs": 18, "valid_span": 21, "significant": true }, "geometry": { "type": "Point", "coordinates": [ 173.132487791203886, 1.364310416863133 ] } },
{ "type": "Feature", "properties": { "uid": "xb5pg8r7mx", "rate_time": -1.583, "sig_time": 0.0, "se_time": 0.313, "sce": 46.15, "nsm": null, "valid_obs": 18, "valid_span": 21, "significant": true }, "geometry": { "type": "Point", "coordinates": [ 173.132754774161612, 1.364274076236536 ] } },
{ "type": "Feature", "properties": { "uid": "xb5pg8re7b", "rate_time": -1.725, "sig_time": 0.0, "se_time": 0.344, "sce": 49.6, "nsm": null, "valid_obs": 18, "valid_span": 21, "significant": true }, "geometry": { "type": "Point", "coordinates": [ 173.133022058142615, 1.364239441505873 ] } },
{ "type": "Feature", "properties": { "uid": "xb5pg8rg41", "rate_time": -1.71, "sig_time": 0.012, "se_time": 0.6, "sce": 80.26, "nsm": null, "valid_obs": 18, "valid_span": 21, "significant": true }, "geometry": { "type": "Point", "coordinates": [ 173.133288899780553, 1.364201507897882 ] } },
{ "type": "Feature", "properties": { "uid": "xb5pgb248j", "rate_time": -1.524, "sig_time": 0.0, "se_time": 0.194, "sce": 34.31, "nsm": null, "valid_obs": 17, "valid_span": 21, "significant": true }, "geometry": { "type": "Point", "coordinates": [ 173.13355069574547, 1.364137165109153 ] } },
{ "type": "Feature", "properties": { "uid": "xb5pgx5nsn", "rate_time": -0.304, "sig_time": 0.125, "se_time": 0.187, "sce": 25.46, "nsm": null, "valid_obs": 17, "valid_span": 21, "significant": false }, "geometry": { "type": "Point", "coordinates": [ 173.12685864834657, 1.40191007568054 ] } },
{ "type": "Feature", "properties": { "uid": "xb5pgwm4zb", "rate_time": 0.339, "sig_time": 0.216, "se_time": 0.263, "sce": 27.47, "nsm": null, "valid_obs": 18, "valid_span": 21, "significant": false }, "geometry": { "type": "Point", "coordinates": [ 173.129757651901002, 1.397112571837311 ] } },
{ "type": "Feature", "properties": { "uid": "xb5pgwr6wg", "rate_time": 1.043, "sig_time": 0.001, "se_time": 0.251, "sce": 36.3, "nsm": null, "valid_obs": 19, "valid_span": 22, "significant": true }, "geometry": { "type": "Point", "coordinates": [ 173.132807298408892, 1.397086581292845 ] } },
{ "type": "Feature", "properties": { "uid": "xb5pgwq3u8", "rate_time": 0.325, "sig_time": 0.16, "se_time": 0.221, "sce": 24.45, "nsm": null, "valid_obs": 18, "valid_span": 21, "significant": false }, "geometry": { "type": "Point", "coordinates": [ 173.131336754695667, 1.396942355433227 ] } },
{ "type": "Feature", "properties": { "uid": "xb5pgwr9ey", "rate_time": 1.002, "sig_time": 0.0, "se_time": 0.219, "sce": 42.7, "nsm": null, "valid_obs": 19, "valid_span": 22, "significant": true }, "geometry": { "type": "Point", "coordinates": [ 173.133028161245818, 1.396931163759613 ] } },
{ "type": "Feature", "properties": { "uid": "xb5pgy21mx", "rate_time": 1.315, "sig_time": 0.038, "se_time": 0.584, "sce": 84.67, "nsm": null, "valid_obs": 19, "valid_span": 22, "significant": true }, "geometry": { "type": "Point", "coordinates": [ 173.133782657175402, 1.396894030656519 ] } },
{ "type": "Feature", "properties": { "uid": "xb5pgwqby6", "rate_time": 0.108, "sig_time": 0.667, "se_time": 0.247, "sce": 26.78, "nsm": null, "valid_obs": 19, "valid_span": 22, "significant": false }, "geometry": { "type": "Point", "coordinates": [ 173.132100787388623, 1.396779459119467 ] } },
{ "type": "Feature", "properties": { "uid": "xb5pgx5qd3", "rate_time": -0.396, "sig_time": 0.046, "se_time": 0.182, "sce": 23.81, "nsm": null, "valid_obs": 17, "valid_span": 21, "significant": true }, "geometry": { "type": "Point", "coordinates": [ 173.127126271034683, 1.401878478375891 ] } },
{ "type": "Feature", "properties": { "uid": "xb5pgwg4jh", "rate_time": -0.012, "sig_time": 0.957, "se_time": 0.212, "sce": 21.79, "nsm": null, "valid_obs": 20, "valid_span": 21, "significant": false }, "geometry": { "type": "Point", "coordinates": [ 173.126903212955114, 1.399750326668346 ] } },
{ "type": "Feature", "properties": { "uid": "xb5pgwek3y", "rate_time": -0.049, "sig_time": 0.698, "se_time": 0.125, "sce": 11.7, "nsm": null, "valid_obs": 20, "valid_span": 21, "significant": false }, "geometry": { "type": "Point", "coordinates": [ 173.127098550607855, 1.39877462742811 ] } },
{ "type": "Feature", "properties": { "uid": "xb5pgwed7k", "rate_time": 0.071, "sig_time": 0.521, "se_time": 0.108, "sce": 10.04, "nsm": null, "valid_obs": 20, "valid_span": 21, "significant": false }, "geometry": { "type": "Point", "coordinates": [ 173.127505694245485, 1.398422454768883 ] } },
{ "type": "Feature", "properties": { "uid": "xb5pgwkp3y", "rate_time": 0.076, "sig_time": 0.609, "se_time": 0.145, "sce": 16.13, "nsm": null, "valid_obs": 18, "valid_span": 21, "significant": false }, "geometry": { "type": "Point", "coordinates": [ 173.128136603360844, 1.397913859745448 ] } },
{ "type": "Feature", "properties": { "uid": "xb5pgwknqz", "rate_time": 0.083, "sig_time": 0.647, "se_time": 0.178, "sce": 20.17, "nsm": null, "valid_obs": 18, "valid_span": 21, "significant": false }, "geometry": { "type": "Point", "coordinates": [ 173.128350115837065, 1.3977484305992 ] } },
{ "type": "Feature", "properties": { "uid": "xb5pgwkms1", "rate_time": 0.098, "sig_time": 0.5, "se_time": 0.141, "sce": 13.9, "nsm": null, "valid_obs": 18, "valid_span": 21, "significant": false }, "geometry": { "type": "Point", "coordinates": [ 173.128567555242824, 1.397588272694066 ] } },
{ "type": "Feature", "properties": { "uid": "xb5pgwks9h", "rate_time": 0.161, "sig_time": 0.144, "se_time": 0.105, "sce": 8.24, "nsm": null, "valid_obs": 18, "valid_span": 21, "significant": false }, "geometry": { "type": "Point", "coordinates": [ 173.128787242780874, 1.397431221075945 ] } },
{ "type": "Feature", "properties": { "uid": "xb5pgwkewn", "rate_time": 0.127, "sig_time": 0.427, "se_time": 0.156, "sce": 14.19, "nsm": null, "valid_obs": 18, "valid_span": 21, "significant": false }, "geometry": { "type": "Point", "coordinates": [ 173.129005571861313, 1.397272248231902 ] } },
{ "type": "Feature", "properties": { "uid": "xb5pgwkfgz", "rate_time": 0.319, "sig_time": 0.152, "se_time": 0.213, "sce": 23.73, "nsm": null, "valid_obs": 18, "valid_span": 21, "significant": false }, "geometry": { "type": "Point", "coordinates": [ 173.129245963343806, 1.397149684053973 ] } },
{ "type": "Feature", "properties": { "uid": "xb5pgwms4w", "rate_time": 0.676, "sig_time": 0.013, "se_time": 0.241, "sce": 27.9, "nsm": null, "valid_obs": 18, "valid_span": 21, "significant": true }, "geometry": { "type": "Point", "coordinates": [ 173.130220259145148, 1.397360266875962 ] } },
{ "type": "Feature", "properties": { "uid": "xb5pgwq1wq", "rate_time": 0.421, "sig_time": 0.037, "se_time": 0.185, "sce": 22.59, "nsm": null, "valid_obs": 18, "valid_span": 21, "significant": true }, "geometry": { "type": "Point", "coordinates": [ 173.131069446107261, 1.396927303567842 ] } },
{ "type": "Feature", "properties": { "uid": "xb5pgwq966", "rate_time": -0.389, "sig_time": 0.365, "se_time": 0.418, "sce": 53.97, "nsm": null, "valid_obs": 19, "valid_span": 22, "significant": false }, "geometry": { "type": "Point", "coordinates": [ 173.131590504123523, 1.39686684513953 ] } },
{ "type": "Feature", "properties": { "uid": "xb5pgy05ck", "rate_time": -0.001, "sig_time": 0.997, "se_time": 0.181, "sce": 22.86, "nsm": null, "valid_obs": 19, "valid_span": 22, "significant": false }, "geometry": { "type": "Point", "coordinates": [ 173.133605206505763, 1.395929667680997 ] } },
{ "type": "Feature", "properties": { "uid": "xb5pgx4yvg", "rate_time": -0.313, "sig_time": 0.113, "se_time": 0.186, "sce": 26.6, "nsm": null, "valid_obs": 17, "valid_span": 21, "significant": false }, "geometry": { "type": "Point", "coordinates": [ 173.126590406110495, 1.401936198059512 ] } },
{ "type": "Feature", "properties": { "uid": "xb5pgwg0f9", "rate_time": 0.209, "sig_time": 0.422, "se_time": 0.254, "sce": 28.9, "nsm": null, "valid_obs": 20, "valid_span": 21, "significant": false }, "geometry": { "type": "Point", "coordinates": [ 173.126785955365534, 1.39951787812318 ] } },
{ "type": "Feature", "properties": { "uid": "xb5pgwe7qk", "rate_time": -0.007, "sig_time": 0.949, "se_time": 0.116, "sce": 10.68, "nsm": null, "valid_obs": 20, "valid_span": 21, "significant": false }, "geometry": { "type": "Point", "coordinates": [ 173.127295066436147, 1.398591339028352 ] } },
{ "type": "Feature", "properties": { "uid": "xb5pgwebmj", "rate_time": 0.105, "sig_time": 0.382, "se_time": 0.117, "sce": 9.51, "nsm": null, "valid_obs": 18, "valid_span": 21, "significant": false }, "geometry": { "type": "Point", "coordinates": [ 173.127923676881181, 1.398080113644244 ] } },
{ "type": "Feature", "properties": { "uid": "xb5pgwm43z", "rate_time": 0.297, "sig_time": 0.224, "se_time": 0.235, "sce": 26.61, "nsm": null, "valid_obs": 18, "valid_span": 21, "significant": false }, "geometry": { "type": "Point", "coordinates": [ 173.129500484362012, 1.397061697180411 ] } },
{ "type": "Feature", "properties": { "uid": "xb5pgwm7su", "rate_time": 0.438, "sig_time": 0.049, "se_time": 0.205, "sce": 18.7, "nsm": null, "valid_obs": 18, "valid_span": 21, "significant": true }, "geometry": { "type": "Point", "coordinates": [ 173.12997955678378, 1.397262716969679 ] } },
{ "type": "Feature", "properties": { "uid": "xb5pgwqbb3", "rate_time": 0.089, "sig_time": 0.72, "se_time": 0.243, "sce": 25.72, "nsm": null, "valid_obs": 19, "valid_span": 22, "significant": false }, "geometry": { "type": "Point", "coordinates": [ 173.131843047198913, 1.396774391371842 ] } },
{ "type": "Feature", "properties": { "uid": "xb5pgy0j7e", "rate_time": 0.061, "sig_time": 0.695, "se_time": 0.154, "sce": 21.95, "nsm": null, "valid_obs": 19, "valid_span": 22, "significant": false }, "geometry": { "type": "Point", "coordinates": [ 173.133696383078615, 1.396183882888463 ] } },
{ "type": "Feature", "properties": { "uid": "xb5pgx5w03", "rate_time": -0.257, "sig_time": 0.225, "se_time": 0.203, "sce": 27.16, "nsm": null, "valid_obs": 17, "valid_span": 21, "significant": false }, "geometry": { "type": "Point", "coordinates": [ 173.127382466989644, 1.40179432509865 ] } },
{ "type": "Feature", "properties": { "uid": "xb5pgx5sgb", "rate_time": -0.604, "sig_time": 0.001, "se_time": 0.15, "sce": 17.81, "nsm": null, "valid_obs": 17, "valid_span": 21, "significant": true }, "geometry": { "type": "Point", "coordinates": [ 173.127528807746188, 1.401574807967706 ] } },
{ "type": "Feature", "properties": { "uid": "xb5pgwgkq5", "rate_time": -0.155, "sig_time": 0.214, "se_time": 0.12, "sce": 12.95, "nsm": null, "valid_obs": 18, "valid_span": 21, "significant": false }, "geometry": { "type": "Point", "coordinates": [ 173.127279579961368, 1.400134267568851 ] } },
{ "type": "Feature", "properties": { "uid": "xb5pgwg733", "rate_time": 0.214, "sig_time": 0.585, "se_time": 0.385, "sce": 41.65, "nsm": null, "valid_obs": 20, "valid_span": 21, "significant": false }, "geometry": { "type": "Point", "coordinates": [ 173.127080110956058, 1.399951929493735 ] } },
{ "type": "Feature", "properties": { "uid": "xb5pgwepk2", "rate_time": 0.211, "sig_time": 0.282, "se_time": 0.19, "sce": 22.19, "nsm": null, "valid_obs": 20, "valid_span": 21, "significant": false }, "geometry": { "type": "Point", "coordinates": [ 173.126861901148231, 1.399257727974581 ] } },
{ "type": "Feature", "properties": { "uid": "xb5pgwejy2", "rate_time": 0.079, "sig_time": 0.528, "se_time": 0.123, "sce": 13.03, "nsm": null, "valid_obs": 20, "valid_span": 21, "significant": false }, "geometry": { "type": "Point", "coordinates": [ 173.126952170365797, 1.39900235898915 ] } },
{ "type": "Feature", "properties": { "uid": "xb5pgwec2h", "rate_time": -0.103, "sig_time": 0.709, "se_time": 0.271, "sce": 26.18, "nsm": null, "valid_obs": 20, "valid_span": 21, "significant": false }, "geometry": { "type": "Point", "coordinates": [ 173.127712856566347, 1.39824898024607 ] } },
{ "type": "Feature", "properties": { "uid": "xb5pgwmf6g", "rate_time": 0.405, "sig_time": 0.024, "se_time": 0.163, "sce": 19.26, "nsm": null, "valid_obs": 18, "valid_span": 21, "significant": true }, "geometry": { "type": "Point", "coordinates": [ 173.130582850551235, 1.397040571911535 ] } },
{ "type": "Feature", "properties": { "uid": "xb5pgwq185", "rate_time": 0.426, "sig_time": 0.039, "se_time": 0.19, "sce": 21.76, "nsm": null, "valid_obs": 18, "valid_span": 21, "significant": true }, "geometry": { "type": "Point", "coordinates": [ 173.130807534129076, 1.396914292557595 ] } },
{ "type": "Feature", "properties": { "uid": "xb5pgwr62z", "rate_time": 0.543, "sig_time": 0.05, "se_time": 0.257, "sce": 26.69, "nsm": null, "valid_obs": 19, "valid_span": 22, "significant": false }, "geometry": { "type": "Point", "coordinates": [ 173.132548337235306, 1.397061531483545 ] } },
{ "type": "Feature", "properties": { "uid": "xb5pgwr1ec", "rate_time": 0.232, "sig_time": 0.327, "se_time": 0.23, "sce": 24.6, "nsm": null, "valid_obs": 19, "valid_span": 22, "significant": false }, "geometry": { "type": "Point", "coordinates": [ 173.132335031292172, 1.396903247738261 ] } },
{ "type": "Feature", "properties": { "uid": "xb5pgwrcrq", "rate_time": 0.869, "sig_time": 0.091, "se_time": 0.483, "sce": 58.31, "nsm": null, "valid_obs": 18, "valid_span": 21, "significant": false }, "geometry": { "type": "Point", "coordinates": [ 173.133518782128164, 1.396884925061072 ] } },
{ "type": "Feature", "properties": { "uid": "xb5pgy20r7", "rate_time": 0.987, "sig_time": 0.052, "se_time": 0.472, "sce": 67.59, "nsm": null, "valid_obs": 19, "valid_span": 22, "significant": false }, "geometry": { "type": "Point", "coordinates": [ 173.133859666744002, 1.396700683710612 ] } },
{ "type": "Feature", "properties": { "uid": "xb5pgx4wzw", "rate_time": -0.092, "sig_time": 0.624, "se_time": 0.183, "sce": 24.78, "nsm": null, "valid_obs": 17, "valid_span": 21, "significant": false }, "geometry": { "type": "Point", "coordinates": [ 173.126321317330081, 1.401951019336886 ] } },
{ "type": "Feature", "properties": { "uid": "xb5pgswt4r", "rate_time": 0.112, "sig_time": 0.957, "se_time": 2.059, "sce": 229.74, "nsm": null, "valid_obs": 19, "valid_span": 21, "significant": false }, "geometry": { "type": "Point", "coordinates": [ 173.131589856098799, 1.387921683755698 ] } },
{ "type": "Feature", "properties": { "uid": "xb5pgsz0p9", "rate_time": -1.269, "sig_time": 0.009, "se_time": 0.429, "sce": 36.19, "nsm": null, "valid_obs": 18, "valid_span": 21, "significant": true }, "geometry": { "type": "Point", "coordinates": [ 173.132500133550423, 1.388402863293583 ] } },
{ "type": "Feature", "properties": { "uid": "xb5pgsz2g3", "rate_time": -1.091, "sig_time": 0.006, "se_time": 0.345, "sce": 31.19, "nsm": null, "valid_obs": 18, "valid_span": 21, "significant": true }, "geometry": { "type": "Point", "coordinates": [ 173.132660883514802, 1.388532452460751 ] } },
{ "type": "Feature", "properties": { "uid": "xb5pgsz3q0", "rate_time": -0.892, "sig_time": 0.007, "se_time": 0.288, "sce": 26.44, "nsm": null, "valid_obs": 18, "valid_span": 21, "significant": true }, "geometry": { "type": "Point", "coordinates": [ 173.132772581745201, 1.388615024181402 ] } },
{ "type": "Feature", "properties": { "uid": "xb5pgszd5h", "rate_time": -0.571, "sig_time": 0.029, "se_time": 0.238, "sce": 20.4, "nsm": null, "valid_obs": 18, "valid_span": 21, "significant": true }, "geometry": { "type": "Point", "coordinates": [ 173.132997652968982, 1.388762059324457 ] } },
{ "type": "Feature", "properties": { "uid": "xb5pgexn1j", "rate_time": -2.224, "sig_time": 0.109, "se_time": 1.291, "sce": 135.12, "nsm": null, "valid_obs": 15, "valid_span": 21, "significant": false }, "geometry": { "type": "Point", "coordinates": [ 173.132224645304944, 1.382592872567314 ] } },
{ "type": "Feature", "properties": { "uid": "xb5pgexxz1", "rate_time": 0.197, "sig_time": 0.886, "se_time": 1.347, "sce": 178.8, "nsm": null, "valid_obs": 15, "valid_span": 21, "significant": false }, "geometry": { "type": "Point", "coordinates": [ 173.133167157597256, 1.38286721799125 ] } },
{ "type": "Feature", "properties": { "uid": "xb5pgspujr", "rate_time": 0.119, "sig_time": 0.587, "se_time": 0.213, "sce": 23.43, "nsm": null, "valid_obs": 17, "valid_span": 21, "significant": false }, "geometry": { "type": "Point", "coordinates": [ 173.133436314874331, 1.385003103786481 ] } },
{ "type": "Feature", "properties": { "uid": "xb5pgu0sez", "rate_time": -0.098, "sig_time": 0.75, "se_time": 0.302, "sce": 28.37, "nsm": null, "valid_obs": 17, "valid_span": 21, "significant": false }, "geometry": { "type": "Point", "coordinates": [ 173.13439425149781, 1.385089520612774 ] } },
{ "type": "Feature", "properties": { "uid": "xb5pgu0j4f", "rate_time": 0.128, "sig_time": 0.518, "se_time": 0.194, "sce": 18.52, "nsm": null, "valid_obs": 17, "valid_span": 21, "significant": false }, "geometry": { "type": "Point", "coordinates": [ 173.133663036309713, 1.385149444313345 ] } },
{ "type": "Feature", "properties": { "uid": "xb5pgu0mwd", "rate_time": 0.278, "sig_time": 0.215, "se_time": 0.215, "sce": 24.91, "nsm": null, "valid_obs": 17, "valid_span": 21, "significant": false }, "geometry": { "type": "Point", "coordinates": [ 173.134169712897773, 1.38523536408542 ] } },
{ "type": "Feature", "properties": { "uid": "xb5pgu0m8m", "rate_time": 0.338, "sig_time": 0.121, "se_time": 0.205, "sce": 23.22, "nsm": null, "valid_obs": 17, "valid_span": 21, "significant": false }, "geometry": { "type": "Point", "coordinates": [ 173.133906819553005, 1.385253154573432 ] } },
{ "type": "Feature", "properties": { "uid": "xb5pgexnrk", "rate_time": -1.088, "sig_time": 0.303, "se_time": 1.014, "sce": 95.64, "nsm": null, "valid_obs": 15, "valid_span": 21, "significant": false }, "geometry": { "type": "Point", "coordinates": [ 173.132491710086896, 1.382627879705055 ] } },
{ "type": "Feature", "properties": { "uid": "xb5pgexqvk", "rate_time": -0.51, "sig_time": 0.676, "se_time": 1.196, "sce": 154.67, "nsm": null, "valid_obs": 15, "valid_span": 21, "significant": false }, "geometry": { "type": "Point", "coordinates": [ 173.132748155881984, 1.382710963039587 ] } },
{ "type": "Feature", "properties": { "uid": "xb5pg2kwg1", "rate_time": -0.019, "sig_time": 0.907, "se_time": 0.161, "sce": 13.94, "nsm": null, "valid_obs": 16, "valid_span": 21, "significant": false }, "geometry": { "type": "Point", "coordinates": [ 173.117881537291709, 1.364842306294628 ] } },
{ "type": "Feature", "properties": { "uid": "xb5pg2kz83", "rate_time": 0.014, "sig_time": 0.93, "se_time": 0.16, "sce": 15.32, "nsm": null, "valid_obs": 16, "valid_span": 21, "significant": false }, "geometry": { "type": "Point", "coordinates": [ 173.118116827071418, 1.364974485831705 ] } },
{ "type": "Feature", "properties": { "uid": "xb5pg2yukb", "rate_time": 0.702, "sig_time": 0.0, "se_time": 0.114, "sce": 22.02, "nsm": null, "valid_obs": 18, "valid_span": 21, "significant": true }, "geometry": { "type": "Point", "coordinates": [ 173.121048784471611, 1.36715801953738 ] } },
{ "type": "Feature", "properties": { "uid": "xb5pg2zhdy", "rate_time": 0.007, "sig_time": 0.942, "se_time": 0.099, "sce": 11.15, "nsm": null, "valid_obs": 18, "valid_span": 21, "significant": false }, "geometry": { "type": "Point", "coordinates": [ 173.121305715682979, 1.367230958239233 ] } },
{ "type": "Feature", "properties": { "uid": "xb5pf8pr7e", "rate_time": -0.214, "sig_time": 0.268, "se_time": 0.186, "sce": 21.31, "nsm": null, "valid_obs": 17, "valid_span": 21, "significant": false }, "geometry": { "type": "Point", "coordinates": [ 173.088728722387913, 1.363570099479909 ] } },
{ "type": "Feature", "properties": { "uid": "xb5pf8pxc9", "rate_time": -0.084, "sig_time": 0.584, "se_time": 0.15, "sce": 17.3, "nsm": null, "valid_obs": 17, "valid_span": 21, "significant": false }, "geometry": { "type": "Point", "coordinates": [ 173.08898640103439, 1.363641268059157 ] } },
{ "type": "Feature", "properties": { "uid": "xb5pf8pxzz", "rate_time": -0.002, "sig_time": 0.985, "se_time": 0.117, "sce": 12.01, "nsm": null, "valid_obs": 17, "valid_span": 21, "significant": false }, "geometry": { "type": "Point", "coordinates": [ 173.089253380790069, 1.363677635679604 ] } },
{ "type": "Feature", "properties": { "uid": "xb5pf8rbnh", "rate_time": 0.093, "sig_time": 0.381, "se_time": 0.103, "sce": 10.4, "nsm": null, "valid_obs": 17, "valid_span": 21, "significant": false }, "geometry": { "type": "Point", "coordinates": [ 173.089521535721644, 1.363704466579499 ] } },
{ "type": "Feature", "properties": { "uid": "xb5pfb0pu5", "rate_time": -0.009, "sig_time": 0.953, "se_time": 0.149, "sce": 14.72, "nsm": null, "valid_obs": 17, "valid_span": 21, "significant": false }, "geometry": { "type": "Point", "coordinates": [ 173.089779500230293, 1.363655335435453 ] } },
{ "type": "Feature", "properties": { "uid": "xb5pfb0qbv", "rate_time": -0.031, "sig_time": 0.866, "se_time": 0.18, "sce": 19.76, "nsm": null, "valid_obs": 17, "valid_span": 21, "significant": false }, "geometry": { "type": "Point", "coordinates": [ 173.089983591008973, 1.36349472445872 ] } },
{ "type": "Feature", "properties": { "uid": "xb5pfb0ms4", "rate_time": 0.03, "sig_time": 0.877, "se_time": 0.19, "sce": 19.76, "nsm": null, "valid_obs": 17, "valid_span": 21, "significant": false }, "geometry": { "type": "Point", "coordinates": [ 173.090122326211599, 1.363262189524405 ] } },
{ "type": "Feature", "properties": { "uid": "xb5pfb0scs", "rate_time": 0.06, "sig_time": 0.8, "se_time": 0.233, "sce": 22.32, "nsm": null, "valid_obs": 17, "valid_span": 21, "significant": false }, "geometry": { "type": "Point", "coordinates": [ 173.090355455332855, 1.363145295657876 ] } },
{ "type": "Feature", "properties": { "uid": "xb5pfb0szw", "rate_time": 0.099, "sig_time": 0.656, "se_time": 0.218, "sce": 19.92, "nsm": null, "valid_obs": 17, "valid_span": 21, "significant": false }, "geometry": { "type": "Point", "coordinates": [ 173.090617635558061, 1.363152440345852 ] } },
{ "type": "Feature", "properties": { "uid": "xb5pfb0vmt", "rate_time": 0.039, "sig_time": 0.881, "se_time": 0.258, "sce": 23.33, "nsm": null, "valid_obs": 17, "valid_span": 21, "significant": false }, "geometry": { "type": "Point", "coordinates": [ 173.090873164574674, 1.363235125713339 ] } },
{ "type": "Feature", "properties": { "uid": "xb5pfb1jgr", "rate_time": -0.071, "sig_time": 0.807, "se_time": 0.286, "sce": 25.92, "nsm": null, "valid_obs": 17, "valid_span": 21, "significant": false }, "geometry": { "type": "Point", "coordinates": [ 173.091122274304439, 1.363333211446083 ] } },
{ "type": "Feature", "properties": { "uid": "xb5pfb1q39", "rate_time": -0.245, "sig_time": 0.385, "se_time": 0.273, "sce": 25.95, "nsm": null, "valid_obs": 17, "valid_span": 21, "significant": false }, "geometry": { "type": "Point", "coordinates": [ 173.091386307358903, 1.363383604481235 ] } },
{ "type": "Feature", "properties": { "uid": "xb5pfb1qry", "rate_time": -0.434, "sig_time": 0.103, "se_time": 0.25, "sce": 28.71, "nsm": null, "valid_obs": 17, "valid_span": 21, "significant": false }, "geometry": { "type": "Point", "coordinates": [ 173.09165403045705, 1.363414678170799 ] } },
{ "type": "Feature", "properties": { "uid": "xb5pfb1wwh", "rate_time": -0.436, "sig_time": 0.057, "se_time": 0.211, "sce": 25.56, "nsm": null, "valid_obs": 17, "valid_span": 21, "significant": false }, "geometry": { "type": "Point", "coordinates": [ 173.091922028493059, 1.363443139131101 ] } },
{ "type": "Feature", "properties": { "uid": "xb5pfb1yu3", "rate_time": -0.41, "sig_time": 0.025, "se_time": 0.165, "sce": 18.6, "nsm": null, "valid_obs": 17, "valid_span": 21, "significant": true }, "geometry": { "type": "Point", "coordinates": [ 173.092190200210581, 1.36346999514775 ] } },
{ "type": "Feature", "properties": { "uid": "xb5pfb1yu3", "rate_time": -0.428, "sig_time": 0.024, "se_time": 0.17, "sce": 19.24, "nsm": null, "valid_obs": 17, "valid_span": 21, "significant": true }, "geometry": { "type": "Point", "coordinates": [ 173.092194525822691, 1.363470442489217 ] } },
{ "type": "Feature", "properties": { "uid": "xb5pfb4p48", "rate_time": -0.474, "sig_time": 0.013, "se_time": 0.169, "sce": 18.02, "nsm": null, "valid_obs": 17, "valid_span": 21, "significant": true }, "geometry": { "type": "Point", "coordinates": [ 173.092461477796149, 1.363506674779657 ] } },
{ "type": "Feature", "properties": { "uid": "xb5pfb4r2w", "rate_time": -0.54, "sig_time": 0.014, "se_time": 0.194, "sce": 22.45, "nsm": null, "valid_obs": 17, "valid_span": 21, "significant": true }, "geometry": { "type": "Point", "coordinates": [ 173.092719886740525, 1.363582527381573 ] } },
{ "type": "Feature", "properties": { "uid": "xb5pfb4ryt", "rate_time": -0.524, "sig_time": 0.012, "se_time": 0.184, "sce": 20.66, "nsm": null, "valid_obs": 17, "valid_span": 21, "significant": true }, "geometry": { "type": "Point", "coordinates": [ 173.092976953864451, 1.363663417368264 ] } },
{ "type": "Feature", "properties": { "uid": "xb5pfb68hy", "rate_time": -0.472, "sig_time": 0.027, "se_time": 0.192, "sce": 18.6, "nsm": null, "valid_obs": 17, "valid_span": 21, "significant": true }, "geometry": { "type": "Point", "coordinates": [ 173.093240630103594, 1.363712626450214 ] } },
{ "type": "Feature", "properties": { "uid": "xb5pfb6b5p", "rate_time": -0.46, "sig_time": 0.053, "se_time": 0.219, "sce": 21.22, "nsm": null, "valid_obs": 17, "valid_span": 21, "significant": false }, "geometry": { "type": "Point", "coordinates": [ 173.093509751926291, 1.36371857059254 ] } },
{ "type": "Feature", "properties": { "uid": "xb5pfb701m", "rate_time": -0.521, "sig_time": 0.035, "se_time": 0.225, "sce": 22.35, "nsm": null, "valid_obs": 17, "valid_span": 21, "significant": true }, "geometry": { "type": "Point", "coordinates": [ 173.093779079603166, 1.363708983207712 ] } },
{ "type": "Feature", "properties": { "uid": "xb5pfb70pt", "rate_time": -0.443, "sig_time": 0.034, "se_time": 0.189, "sce": 17.99, "nsm": null, "valid_obs": 17, "valid_span": 21, "significant": true }, "geometry": { "type": "Point", "coordinates": [ 173.09404848655447, 1.363704982011204 ] } },
{ "type": "Feature", "properties": { "uid": "xb5pfb72jz", "rate_time": -0.291, "sig_time": 0.113, "se_time": 0.173, "sce": 15.16, "nsm": null, "valid_obs": 17, "valid_span": 21, "significant": false }, "geometry": { "type": "Point", "coordinates": [ 173.094317534636531, 1.363716582243274 ] } },
{ "type": "Feature", "properties": { "uid": "xb5pfb78kh", "rate_time": -0.224, "sig_time": 0.191, "se_time": 0.164, "sce": 14.88, "nsm": null, "valid_obs": 17, "valid_span": 21, "significant": false }, "geometry": { "type": "Point", "coordinates": [ 173.094585260893922, 1.36374681259318 ] } },
{ "type": "Feature", "properties": { "uid": "xb5pfb7bdm", "rate_time": -0.282, "sig_time": 0.14, "se_time": 0.181, "sce": 19.61, "nsm": null, "valid_obs": 17, "valid_span": 21, "significant": false }, "geometry": { "type": "Point", "coordinates": [ 173.094850875166685, 1.363791887292523 ] } },
{ "type": "Feature", "properties": { "uid": "xb5pfbk0bw", "rate_time": -0.292, "sig_time": 0.168, "se_time": 0.201, "sce": 22.63, "nsm": null, "valid_obs": 17, "valid_span": 21, "significant": false }, "geometry": { "type": "Point", "coordinates": [ 173.095115274809132, 1.363843568752556 ] } },
{ "type": "Feature", "properties": { "uid": "xb5pfbk1nw", "rate_time": -0.257, "sig_time": 0.445, "se_time": 0.328, "sce": 37.65, "nsm": null, "valid_obs": 18, "valid_span": 21, "significant": false }, "geometry": { "type": "Point", "coordinates": [ 173.095381942204284, 1.363882768777016 ] } },
{ "type": "Feature", "properties": { "uid": "xb5pfbk3kf", "rate_time": -0.086, "sig_time": 0.623, "se_time": 0.171, "sce": 20.55, "nsm": null, "valid_obs": 18, "valid_span": 21, "significant": false }, "geometry": { "type": "Point", "coordinates": [ 173.095649540341412, 1.363905715858571 ] } },
{ "type": "Feature", "properties": { "uid": "xb5pfbk954", "rate_time": -0.079, "sig_time": 0.527, "se_time": 0.122, "sce": 13.78, "nsm": null, "valid_obs": 18, "valid_span": 21, "significant": false }, "geometry": { "type": "Point", "coordinates": [ 173.095910054132247, 1.363860648030586 ] } },
{ "type": "Feature", "properties": { "uid": "xb5pfbkb2v", "rate_time": -0.004, "sig_time": 0.971, "se_time": 0.112, "sce": 10.5, "nsm": null, "valid_obs": 18, "valid_span": 21, "significant": false }, "geometry": { "type": "Point", "coordinates": [ 173.09615609814108, 1.363751065805024 ] } },
{ "type": "Feature", "properties": { "uid": "xb5pfbhzyz", "rate_time": 0.043, "sig_time": 0.719, "se_time": 0.116, "sce": 10.31, "nsm": null, "valid_obs": 18, "valid_span": 21, "significant": false }, "geometry": { "type": "Point", "coordinates": [ 173.096414678608085, 1.363677838892492 ] } },
{ "type": "Feature", "properties": { "uid": "xb5pfbjpvh", "rate_time": 0.021, "sig_time": 0.851, "se_time": 0.111, "sce": 10.23, "nsm": null, "valid_obs": 18, "valid_span": 21, "significant": false }, "geometry": { "type": "Point", "coordinates": [ 173.096683048716812, 1.3636578860655 ] } },
{ "type": "Feature", "properties": { "uid": "xb5pfbjrgr", "rate_time": 0.065, "sig_time": 0.507, "se_time": 0.095, "sce": 9.53, "nsm": null, "valid_obs": 18, "valid_span": 21, "significant": false }, "geometry": { "type": "Point", "coordinates": [ 173.096952100780044, 1.363672679646673 ] } },
{ "type": "Feature", "properties": { "uid": "xb5pfbm81e", "rate_time": 0.03, "sig_time": 0.751, "se_time": 0.091, "sce": 8.9, "nsm": null, "valid_obs": 18, "valid_span": 21, "significant": false }, "geometry": { "type": "Point", "coordinates": [ 173.097220589672361, 1.363694384123657 ] } },
{ "type": "Feature", "properties": { "uid": "xb5pfbm8pf", "rate_time": 0.118, "sig_time": 0.199, "se_time": 0.088, "sce": 8.39, "nsm": null, "valid_obs": 18, "valid_span": 21, "significant": false }, "geometry": { "type": "Point", "coordinates": [ 173.097489827852399, 1.363691079224709 ] } },
{ "type": "Feature", "properties": { "uid": "xb5pfbjzyj", "rate_time": 0.15, "sig_time": 0.132, "se_time": 0.095, "sce": 9.12, "nsm": null, "valid_obs": 18, "valid_span": 21, "significant": false }, "geometry": { "type": "Point", "coordinates": [ 173.097757989055253, 1.363665104366925 ] } },
{ "type": "Feature", "properties": { "uid": "xb5pfbnpuk", "rate_time": -0.049, "sig_time": 0.697, "se_time": 0.123, "sce": 11.23, "nsm": null, "valid_obs": 18, "valid_span": 21, "significant": false }, "geometry": { "type": "Point", "coordinates": [ 173.098027143929301, 1.363661532271998 ] } },
{ "type": "Feature", "properties": { "uid": "xb5pfbq249", "rate_time": -0.183, "sig_time": 0.213, "se_time": 0.141, "sce": 13.2, "nsm": null, "valid_obs": 18, "valid_span": 21, "significant": false }, "geometry": { "type": "Point", "coordinates": [ 173.098295506098935, 1.363684866841347 ] } },
{ "type": "Feature", "properties": { "uid": "xb5pfbq80c", "rate_time": -0.105, "sig_time": 0.495, "se_time": 0.15, "sce": 13.67, "nsm": null, "valid_obs": 18, "valid_span": 21, "significant": false }, "geometry": { "type": "Point", "coordinates": [ 173.098564987213592, 1.3636873840686 ] } },
{ "type": "Feature", "properties": { "uid": "xb5pfbq8p4", "rate_time": -0.049, "sig_time": 0.734, "se_time": 0.143, "sce": 12.23, "nsm": null, "valid_obs": 18, "valid_span": 21, "significant": false }, "geometry": { "type": "Point", "coordinates": [ 173.098834380985437, 1.363689601424354 ] } },
{ "type": "Feature", "properties": { "uid": "xb5pfbqbjk", "rate_time": -0.131, "sig_time": 0.364, "se_time": 0.14, "sce": 11.55, "nsm": null, "valid_obs": 18, "valid_span": 21, "significant": false }, "geometry": { "type": "Point", "coordinates": [ 173.099103097383733, 1.363701713402481 ] } },
{ "type": "Feature", "properties": { "uid": "xb5pfbppgt", "rate_time": -0.151, "sig_time": 0.341, "se_time": 0.153, "sce": 13.9, "nsm": null, "valid_obs": 18, "valid_span": 21, "significant": false }, "geometry": { "type": "Point", "coordinates": [ 173.099369652501821, 1.363666436428421 ] } },
{ "type": "Feature", "properties": { "uid": "xb5pfbpr3w", "rate_time": -0.174, "sig_time": 0.387, "se_time": 0.195, "sce": 18.15, "nsm": null, "valid_obs": 18, "valid_span": 21, "significant": false }, "geometry": { "type": "Point", "coordinates": [ 173.099626411464868, 1.363584293617021 ] } },
{ "type": "Feature", "properties": { "uid": "xb5pfbpqzk", "rate_time": -0.026, "sig_time": 0.906, "se_time": 0.216, "sce": 19.62, "nsm": null, "valid_obs": 18, "valid_span": 21, "significant": false }, "geometry": { "type": "Point", "coordinates": [ 173.099877763912787, 1.363487429108135 ] } },
{ "type": "Feature", "properties": { "uid": "xb5pfbpwvc", "rate_time": 0.046, "sig_time": 0.834, "se_time": 0.216, "sce": 18.0, "nsm": null, "valid_obs": 18, "valid_span": 21, "significant": false }, "geometry": { "type": "Point", "coordinates": [ 173.10014678380756, 1.363471898201801 ] } },
{ "type": "Feature", "properties": { "uid": "xb5pfbpyu5", "rate_time": 0.019, "sig_time": 0.922, "se_time": 0.196, "sce": 15.79, "nsm": null, "valid_obs": 18, "valid_span": 21, "significant": false }, "geometry": { "type": "Point", "coordinates": [ 173.100415946129317, 1.363484352286144 ] } },
{ "type": "Feature", "properties": { "uid": "xb5pg00ndr", "rate_time": -0.016, "sig_time": 0.915, "se_time": 0.143, "sce": 13.38, "nsm": null, "valid_obs": 18, "valid_span": 21, "significant": false }, "geometry": { "type": "Point", "coordinates": [ 173.100684398059371, 1.363460699273007 ] } },
{ "type": "Feature", "properties": { "uid": "xb5pg00q2q", "rate_time": 0.103, "sig_time": 0.449, "se_time": 0.132, "sce": 11.36, "nsm": null, "valid_obs": 18, "valid_span": 21, "significant": false }, "geometry": { "type": "Point", "coordinates": [ 173.100949867486293, 1.363414007869553 ] } },
{ "type": "Feature", "properties": { "uid": "xb5pg00qqe", "rate_time": -0.111, "sig_time": 0.453, "se_time": 0.144, "sce": 11.74, "nsm": null, "valid_obs": 18, "valid_span": 21, "significant": false }, "geometry": { "type": "Point", "coordinates": [ 173.101218825909086, 1.363396888042488 ] } },
{ "type": "Feature", "properties": { "uid": "xb5pgszeqv", "rate_time": -0.638, "sig_time": 0.007, "se_time": 0.206, "sce": 19.94, "nsm": null, "valid_obs": 18, "valid_span": 21, "significant": true }, "geometry": { "type": "Point", "coordinates": [ 173.133148944125566, 1.388983212329876 ] } },
{ "type": "Feature", "properties": { "uid": "xb5pgszudp", "rate_time": -0.793, "sig_time": 0.003, "se_time": 0.227, "sce": 22.79, "nsm": null, "valid_obs": 18, "valid_span": 21, "significant": true }, "geometry": { "type": "Point", "coordinates": [ 173.133294653918085, 1.389211377311503 ] } },
{ "type": "Feature", "properties": { "uid": "xb5pgszvyd", "rate_time": -0.725, "sig_time": 0.004, "se_time": 0.217, "sce": 22.56, "nsm": null, "valid_obs": 18, "valid_span": 21, "significant": true }, "geometry": { "type": "Point", "coordinates": [ 173.133488005403763, 1.389398941926152 ] } },
{ "type": "Feature", "properties": { "uid": "xb5pgsryxy", "rate_time": -0.291, "sig_time": 0.691, "se_time": 0.719, "sce": 55.16, "nsm": null, "valid_obs": 18, "valid_span": 21, "significant": false }, "geometry": { "type": "Point", "coordinates": [ 173.133540210297724, 1.38680050219529 ] } },
{ "type": "Feature", "properties": { "uid": "xb5pgubney", "rate_time": -0.42, "sig_time": 0.064, "se_time": 0.211, "sce": 17.98, "nsm": null, "valid_obs": 18, "valid_span": 21, "significant": false }, "geometry": { "type": "Point", "coordinates": [ 173.133710799389661, 1.389546424630984 ] } },
{ "type": "Feature", "properties": { "uid": "xb5pgu8nk8", "rate_time": -0.029, "sig_time": 0.682, "se_time": 0.07, "sce": 6.82, "nsm": null, "valid_obs": 18, "valid_span": 21, "significant": false }, "geometry": { "type": "Point", "coordinates": [ 173.133742620969883, 1.388098343172306 ] } },
{ "type": "Feature", "properties": { "uid": "xb5pgu2nm2", "rate_time": -0.721, "sig_time": 0.271, "se_time": 0.632, "sce": 50.33, "nsm": null, "valid_obs": 18, "valid_span": 21, "significant": false }, "geometry": { "type": "Point", "coordinates": [ 173.133778627115788, 1.386724393292234 ] } },
{ "type": "Feature", "properties": { "uid": "xb5pgu8r83", "rate_time": -0.062, "sig_time": 0.479, "se_time": 0.086, "sce": 7.92, "nsm": null, "valid_obs": 18, "valid_span": 21, "significant": false }, "geometry": { "type": "Point", "coordinates": [ 173.133899519545054, 1.38831780803099 ] } },
{ "type": "Feature", "properties": { "uid": "xb5pgu2qem", "rate_time": -1.16, "sig_time": 0.047, "se_time": 0.54, "sce": 47.94, "nsm": null, "valid_obs": 18, "valid_span": 21, "significant": true }, "geometry": { "type": "Point", "coordinates": [ 173.13403107093157, 1.386798195712013 ] } },
{ "type": "Feature", "properties": { "uid": "xb5pgub2et", "rate_time": 0.428, "sig_time": 0.0, "se_time": 0.087, "sce": 10.33, "nsm": null, "valid_obs": 18, "valid_span": 21, "significant": true }, "geometry": { "type": "Point", "coordinates": [ 173.134040948323957, 1.38851152105072 ] } },
{ "type": "Feature", "properties": { "uid": "xb5pgub3yz", "rate_time": 0.478, "sig_time": 0.0, "se_time": 0.088, "sce": 10.62, "nsm": null, "valid_obs": 18, "valid_span": 21, "significant": true }, "geometry": { "type": "Point", "coordinates": [ 173.134188161768179, 1.388738592053716 ] } },
{ "type": "Feature", "properties": { "uid": "xb5pgu2x34", "rate_time": -1.399, "sig_time": 0.011, "se_time": 0.488, "sce": 47.22, "nsm": null, "valid_obs": 18, "valid_span": 21, "significant": true }, "geometry": { "type": "Point", "coordinates": [ 173.134277680614616, 1.386907458172458 ] } },
{ "type": "Feature", "properties": { "uid": "xb5pgube65", "rate_time": 0.458, "sig_time": 0.0, "se_time": 0.088, "sce": 11.97, "nsm": null, "valid_obs": 18, "valid_span": 21, "significant": true }, "geometry": { "type": "Point", "coordinates": [ 173.134323617199612, 1.388973062112683 ] } },
{ "type": "Feature", "properties": { "uid": "xb5pgubsts", "rate_time": 0.404, "sig_time": 0.0, "se_time": 0.081, "sce": 10.78, "nsm": null, "valid_obs": 18, "valid_span": 21, "significant": true }, "geometry": { "type": "Point", "coordinates": [ 173.134476674310179, 1.389196072749034 ] } },
{ "type": "Feature", "properties": { "uid": "xb5pgu88nn", "rate_time": -1.206, "sig_time": 0.031, "se_time": 0.51, "sce": 48.42, "nsm": null, "valid_obs": 18, "valid_span": 21, "significant": true }, "geometry": { "type": "Point", "coordinates": [ 173.13449567242256, 1.387060702760492 ] } },
{ "type": "Feature", "properties": { "uid": "xb5pgubvcq", "rate_time": 0.411, "sig_time": 0.0, "se_time": 0.088, "sce": 10.78, "nsm": null, "valid_obs": 18, "valid_span": 21, "significant": true }, "geometry": { "type": "Point", "coordinates": [ 173.134632228556342, 1.389417535906313 ] } },
{ "type": "Feature", "properties": { "uid": "xb5pgu9h0e", "rate_time": 1.859, "sig_time": 0.0, "se_time": 0.239, "sce": 38.76, "nsm": null, "valid_obs": 18, "valid_span": 21, "significant": true }, "geometry": { "type": "Point", "coordinates": [ 173.134947084577107, 1.387730396498691 ] } },
{ "type": "Feature", "properties": { "uid": "xb5pgu9jje", "rate_time": -2.545, "sig_time": 0.0, "se_time": 0.552, "sce": 61.1, "nsm": null, "valid_obs": 18, "valid_span": 21, "significant": true }, "geometry": { "type": "Point", "coordinates": [ 173.135156327225189, 1.387901079855651 ] } },
{ "type": "Feature", "properties": { "uid": "xb5pgu9xmh", "rate_time": -0.888, "sig_time": 0.001, "se_time": 0.229, "sce": 24.63, "nsm": null, "valid_obs": 18, "valid_span": 21, "significant": true }, "geometry": { "type": "Point", "coordinates": [ 173.135828323425585, 1.388292042191317 ] } },
{ "type": "Feature", "properties": { "uid": "xb5pgucbb2", "rate_time": -0.902, "sig_time": 0.001, "se_time": 0.235, "sce": 28.1, "nsm": null, "valid_obs": 18, "valid_span": 21, "significant": true }, "geometry": { "type": "Point", "coordinates": [ 173.135961202302809, 1.3885280076545 ] } },
{ "type": "Feature", "properties": { "uid": "xb5pgucf5e", "rate_time": -0.811, "sig_time": 0.015, "se_time": 0.298, "sce": 35.1, "nsm": null, "valid_obs": 18, "valid_span": 21, "significant": true }, "geometry": { "type": "Point", "coordinates": [ 173.136099275998248, 1.388760794118753 ] } },
{ "type": "Feature", "properties": { "uid": "xb5pgucgqd", "rate_time": -0.772, "sig_time": 0.033, "se_time": 0.33, "sce": 39.99, "nsm": null, "valid_obs": 18, "valid_span": 21, "significant": true }, "geometry": { "type": "Point", "coordinates": [ 173.136237038685181, 1.388970159927351 ] } },
{ "type": "Feature", "properties": { "uid": "xb5pgubzk8", "rate_time": 0.436, "sig_time": 0.001, "se_time": 0.106, "sce": 12.13, "nsm": null, "valid_obs": 18, "valid_span": 21, "significant": true }, "geometry": { "type": "Point", "coordinates": [ 173.134775505326303, 1.389646301771065 ] } },
{ "type": "Feature", "properties": { "uid": "xb5pgubr39", "rate_time": -0.041, "sig_time": 0.846, "se_time": 0.211, "sce": 20.42, "nsm": null, "valid_obs": 18, "valid_span": 21, "significant": false }, "geometry": { "type": "Point", "coordinates": [ 173.133960176427081, 1.389647413365417 ] } },
{ "type": "Feature", "properties": { "uid": "xb5pgubrzk", "rate_time": 0.368, "sig_time": 0.099, "se_time": 0.21, "sce": 21.13, "nsm": null, "valid_obs": 18, "valid_span": 21, "significant": false }, "geometry": { "type": "Point", "coordinates": [ 173.134205456425917, 1.389753516671352 ] } },
{ "type": "Feature", "properties": { "uid": "xb5pgv1083", "rate_time": 0.342, "sig_time": 0.004, "se_time": 0.102, "sce": 10.72, "nsm": null, "valid_obs": 18, "valid_span": 21, "significant": true }, "geometry": { "type": "Point", "coordinates": [ 173.134932076379528, 1.3898636330164 ] } },
{ "type": "Feature", "properties": { "uid": "xb5pgv0957", "rate_time": 0.086, "sig_time": 0.644, "se_time": 0.183, "sce": 16.74, "nsm": null, "valid_obs": 18, "valid_span": 21, "significant": false }, "geometry": { "type": "Point", "coordinates": [ 173.134374235360042, 1.38996159364563 ] } },
{ "type": "Feature", "properties": { "uid": "xb5pgv11st", "rate_time": 0.232, "sig_time": 0.105, "se_time": 0.135, "sce": 14.42, "nsm": null, "valid_obs": 18, "valid_span": 21, "significant": false }, "geometry": { "type": "Point", "coordinates": [ 173.135120860164818, 1.390057184814969 ] } },
{ "type": "Feature", "properties": { "uid": "xb5pgv16bg", "rate_time": 0.207, "sig_time": 0.261, "se_time": 0.178, "sce": 17.83, "nsm": null, "valid_obs": 18, "valid_span": 21, "significant": false }, "geometry": { "type": "Point", "coordinates": [ 173.135297376821455, 1.390262008081968 ] } },
{ "type": "Feature", "properties": { "uid": "xb5pgv2yky", "rate_time": -0.512, "sig_time": 0.002, "se_time": 0.138, "sce": 15.75, "nsm": null, "valid_obs": 17, "valid_span": 21, "significant": true }, "geometry": { "type": "Point", "coordinates": [ 173.134788460223291, 1.392253893962308 ] } },
{ "type": "Feature", "properties": { "uid": "xb5pgv2zzg", "rate_time": -0.281, "sig_time": 0.062, "se_time": 0.139, "sce": 13.14, "nsm": null, "valid_obs": 17, "valid_span": 21, "significant": false }, "geometry": { "type": "Point", "coordinates": [ 173.134913549035588, 1.392494129769942 ] } },
{ "type": "Feature", "properties": { "uid": "xb5pgv916b", "rate_time": -0.177, "sig_time": 0.266, "se_time": 0.154, "sce": 15.1, "nsm": null, "valid_obs": 17, "valid_span": 21, "significant": false }, "geometry": { "type": "Point", "coordinates": [ 173.135039031444194, 1.39273411315179 ] } },
{ "type": "Feature", "properties": { "uid": "xb5pgv94tp", "rate_time": -0.198, "sig_time": 0.328, "se_time": 0.196, "sce": 21.85, "nsm": null, "valid_obs": 18, "valid_span": 21, "significant": false }, "geometry": { "type": "Point", "coordinates": [ 173.1351356234739, 1.392987086421088 ] } },
{ "type": "Feature", "properties": { "uid": "xb5pgv9hpp", "rate_time": -0.132, "sig_time": 0.223, "se_time": 0.104, "sce": 9.02, "nsm": null, "valid_obs": 18, "valid_span": 21, "significant": false }, "geometry": { "type": "Point", "coordinates": [ 173.135220544194908, 1.393244410157525 ] } },
{ "type": "Feature", "properties": { "uid": "xb5pgv9phq", "rate_time": -0.216, "sig_time": 0.239, "se_time": 0.177, "sce": 14.0, "nsm": null, "valid_obs": 18, "valid_span": 21, "significant": false }, "geometry": { "type": "Point", "coordinates": [ 173.135104745476298, 1.393751655954841 ] } },
{ "type": "Feature", "properties": { "uid": "xb5pgvc02x", "rate_time": -0.035, "sig_time": 0.859, "se_time": 0.193, "sce": 16.41, "nsm": null, "valid_obs": 18, "valid_span": 21, "significant": false }, "geometry": { "type": "Point", "coordinates": [ 173.134946887718883, 1.393971232276013 ] } },
{ "type": "Feature", "properties": { "uid": "xb5pgvbc7z", "rate_time": -0.117, "sig_time": 0.537, "se_time": 0.186, "sce": 15.22, "nsm": null, "valid_obs": 18, "valid_span": 21, "significant": false }, "geometry": { "type": "Point", "coordinates": [ 173.134742639075171, 1.394147369129943 ] } },
{ "type": "Feature", "properties": { "uid": "xb5pgvbdqs", "rate_time": -0.21, "sig_time": 0.213, "se_time": 0.162, "sce": 13.53, "nsm": null, "valid_obs": 18, "valid_span": 21, "significant": false }, "geometry": { "type": "Point", "coordinates": [ 173.134519446395359, 1.394298100012345 ] } },
{ "type": "Feature", "properties": { "uid": "xb5pgvbe1r", "rate_time": -0.437, "sig_time": 0.02, "se_time": 0.17, "sce": 24.26, "nsm": null, "valid_obs": 19, "valid_span": 22, "significant": true }, "geometry": { "type": "Point", "coordinates": [ 173.134294788975268, 1.39444718064036 ] } },
{ "type": "Feature", "properties": { "uid": "xb5pgvbkhq", "rate_time": -0.246, "sig_time": 0.028, "se_time": 0.103, "sce": 11.09, "nsm": null, "valid_obs": 19, "valid_span": 22, "significant": true }, "geometry": { "type": "Point", "coordinates": [ 173.134079223976642, 1.394609812124342 ] } },
{ "type": "Feature", "properties": { "uid": "xb5pgvbjpz", "rate_time": -0.121, "sig_time": 0.187, "se_time": 0.088, "sce": 9.97, "nsm": null, "valid_obs": 19, "valid_span": 22, "significant": false }, "geometry": { "type": "Point", "coordinates": [ 173.1338777062183, 1.39478979265432 ] } },
{ "type": "Feature", "properties": { "uid": "xb5pgvbn77", "rate_time": -0.08, "sig_time": 0.404, "se_time": 0.093, "sce": 10.49, "nsm": null, "valid_obs": 19, "valid_span": 22, "significant": false }, "geometry": { "type": "Point", "coordinates": [ 173.133689321877341, 1.394983389257474 ] } },
{ "type": "Feature", "properties": { "uid": "xb5pgtzzx6", "rate_time": -0.071, "sig_time": 0.485, "se_time": 0.099, "sce": 12.46, "nsm": null, "valid_obs": 19, "valid_span": 22, "significant": false }, "geometry": { "type": "Point", "coordinates": [ 173.133515280802982, 1.395190471889414 ] } },
{ "type": "Feature", "properties": { "uid": "xb5pgwpchb", "rate_time": -0.133, "sig_time": 0.38, "se_time": 0.147, "sce": 17.92, "nsm": null, "valid_obs": 19, "valid_span": 22, "significant": false }, "geometry": { "type": "Point", "coordinates": [ 173.1334107754397, 1.395439479747265 ] } },
{ "type": "Feature", "properties": { "uid": "xb5pgwpfw2", "rate_time": -0.142, "sig_time": 0.502, "se_time": 0.207, "sce": 24.77, "nsm": null, "valid_obs": 19, "valid_span": 22, "significant": false }, "geometry": { "type": "Point", "coordinates": [ 173.133473383136078, 1.395694605624408 ] } },
{ "type": "Feature", "properties": { "uid": "xb5pgb21vw", "rate_time": -1.224, "sig_time": 0.0, "se_time": 0.188, "sce": 30.98, "nsm": null, "valid_obs": 17, "valid_span": 21, "significant": true }, "geometry": { "type": "Point", "coordinates": [ 173.133788845569086, 1.36401076410094 ] } },
{ "type": "Feature", "properties": { "uid": "xb5pgb235j", "rate_time": -1.036, "sig_time": 0.0, "se_time": 0.161, "sce": 25.77, "nsm": null, "valid_obs": 17, "valid_span": 21, "significant": true }, "geometry": { "type": "Point", "coordinates": [ 173.134025779511632, 1.363881560933489 ] } },
{ "type": "Feature", "properties": { "uid": "xb5pgb282y", "rate_time": -0.791, "sig_time": 0.0, "se_time": 0.15, "sce": 20.87, "nsm": null, "valid_obs": 17, "valid_span": 21, "significant": true }, "geometry": { "type": "Point", "coordinates": [ 173.134264428712129, 1.363755608442821 ] } },
{ "type": "Feature", "properties": { "uid": "xb5pgb28nb", "rate_time": -0.708, "sig_time": 0.0, "se_time": 0.154, "sce": 19.86, "nsm": null, "valid_obs": 17, "valid_span": 21, "significant": true }, "geometry": { "type": "Point", "coordinates": [ 173.134521798771004, 1.363679297251351 ] } },
{ "type": "Feature", "properties": { "uid": "xb5pgb0zsy", "rate_time": -0.723, "sig_time": 0.001, "se_time": 0.165, "sce": 22.64, "nsm": null, "valid_obs": 17, "valid_span": 21, "significant": true }, "geometry": { "type": "Point", "coordinates": [ 173.134786095685513, 1.36362646612379 ] } },
{ "type": "Feature", "properties": { "uid": "xb5pgb1p6b", "rate_time": -0.709, "sig_time": 0.001, "se_time": 0.173, "sce": 23.29, "nsm": null, "valid_obs": 17, "valid_span": 21, "significant": true }, "geometry": { "type": "Point", "coordinates": [ 173.135044698655321, 1.363553466361394 ] } },
{ "type": "Feature", "properties": { "uid": "xb5pgb1q8e", "rate_time": -0.596, "sig_time": 0.001, "se_time": 0.145, "sce": 19.16, "nsm": null, "valid_obs": 17, "valid_span": 21, "significant": true }, "geometry": { "type": "Point", "coordinates": [ 173.135287319423469, 1.363438778483494 ] } },
{ "type": "Feature", "properties": { "uid": "xb5pgb1my4", "rate_time": -0.46, "sig_time": 0.001, "se_time": 0.113, "sce": 14.19, "nsm": null, "valid_obs": 17, "valid_span": 21, "significant": true }, "geometry": { "type": "Point", "coordinates": [ 173.135521392722524, 1.363305239930765 ] } },
{ "type": "Feature", "properties": { "uid": "xb5pgb1t52", "rate_time": -0.353, "sig_time": 0.002, "se_time": 0.096, "sce": 11.94, "nsm": null, "valid_obs": 17, "valid_span": 21, "significant": true }, "geometry": { "type": "Point", "coordinates": [ 173.1357510102292, 1.363165844701804 ] } },
{ "type": "Feature", "properties": { "uid": "xb5pgb1u93", "rate_time": -0.469, "sig_time": 0.001, "se_time": 0.118, "sce": 14.37, "nsm": null, "valid_obs": 17, "valid_span": 21, "significant": true }, "geometry": { "type": "Point", "coordinates": [ 173.13600752757489, 1.363082803593035 ] } },
{ "type": "Feature", "properties": { "uid": "xb5pgb1gzn", "rate_time": -0.742, "sig_time": 0.0, "se_time": 0.144, "sce": 20.39, "nsm": null, "valid_obs": 17, "valid_span": 21, "significant": true }, "geometry": { "type": "Point", "coordinates": [ 173.136258825013925, 1.362985940746305 ] } },
{ "type": "Feature", "properties": { "uid": "xb5pgb44g3", "rate_time": -0.687, "sig_time": 0.0, "se_time": 0.129, "sce": 18.98, "nsm": null, "valid_obs": 17, "valid_span": 21, "significant": true }, "geometry": { "type": "Point", "coordinates": [ 173.136435435241964, 1.362784069364174 ] } },
{ "type": "Feature", "properties": { "uid": "xb5pgb41qw", "rate_time": -0.713, "sig_time": 0.0, "se_time": 0.117, "sce": 18.16, "nsm": null, "valid_obs": 17, "valid_span": 21, "significant": true }, "geometry": { "type": "Point", "coordinates": [ 173.136579967737447, 1.362555827981051 ] } },
{ "type": "Feature", "properties": { "uid": "xb5pgb424h", "rate_time": -0.716, "sig_time": 0.093, "se_time": 0.402, "sce": 50.75, "nsm": null, "valid_obs": 18, "valid_span": 21, "significant": false }, "geometry": { "type": "Point", "coordinates": [ 173.136721673717261, 1.362326746025812 ] } },
{ "type": "Feature", "properties": { "uid": "xb5pezfqyr", "rate_time": -0.471, "sig_time": 0.076, "se_time": 0.248, "sce": 31.92, "nsm": null, "valid_obs": 18, "valid_span": 21, "significant": false }, "geometry": { "type": "Point", "coordinates": [ 173.136904705618832, 1.362127757025829 ] } },
{ "type": "Feature", "properties": { "uid": "xb5pezftfv", "rate_time": -0.423, "sig_time": 0.0, "se_time": 0.086, "sce": 11.81, "nsm": null, "valid_obs": 18, "valid_span": 21, "significant": true }, "geometry": { "type": "Point", "coordinates": [ 173.137101765890236, 1.361950495928162 ] } },
{ "type": "Feature", "properties": { "uid": "xb5pezfv8g", "rate_time": -0.527, "sig_time": 0.0, "se_time": 0.08, "sce": 13.54, "nsm": null, "valid_obs": 18, "valid_span": 21, "significant": true }, "geometry": { "type": "Point", "coordinates": [ 173.137361564679878, 1.361892997845022 ] } },
{ "type": "Feature", "properties": { "uid": "xb5pezfvzj", "rate_time": -0.744, "sig_time": 0.0, "se_time": 0.092, "sce": 16.18, "nsm": null, "valid_obs": 18, "valid_span": 21, "significant": true }, "geometry": { "type": "Point", "coordinates": [ 173.137625126459341, 1.361948408024907 ] } },
{ "type": "Feature", "properties": { "uid": "xb5pezgnj2", "rate_time": -0.748, "sig_time": 0.0, "se_time": 0.119, "sce": 16.84, "nsm": null, "valid_obs": 18, "valid_span": 21, "significant": true }, "geometry": { "type": "Point", "coordinates": [ 173.137893675470877, 1.361964156260463 ] } },
{ "type": "Feature", "properties": { "uid": "xb5pezgmg9", "rate_time": -0.65, "sig_time": 0.0, "se_time": 0.13, "sce": 16.19, "nsm": null, "valid_obs": 18, "valid_span": 21, "significant": true }, "geometry": { "type": "Point", "coordinates": [ 173.138160152708565, 1.361925696285402 ] } },
{ "type": "Feature", "properties": { "uid": "xb5pezgt3d", "rate_time": -0.504, "sig_time": 0.0, "se_time": 0.108, "sce": 13.87, "nsm": null, "valid_obs": 18, "valid_span": 21, "significant": true }, "geometry": { "type": "Point", "coordinates": [ 173.138418013865817, 1.361846916988653 ] } },
{ "type": "Feature", "properties": { "uid": "xb5pezgszw", "rate_time": -0.64, "sig_time": 0.0, "se_time": 0.07, "sce": 14.37, "nsm": null, "valid_obs": 18, "valid_span": 21, "significant": true }, "geometry": { "type": "Point", "coordinates": [ 173.138679765287122, 1.361782901708894 ] } },
{ "type": "Feature", "properties": { "uid": "xb5pgvjght", "rate_time": -1.288, "sig_time": 0.006, "se_time": 0.4, "sce": 38.64, "nsm": null, "valid_obs": 17, "valid_span": 21, "significant": true }, "geometry": { "type": "Point", "coordinates": [ 173.141638297544802, 1.390315018260486 ] } },
{ "type": "Feature", "properties": { "uid": "xb5pgvjew3", "rate_time": -1.096, "sig_time": 0.014, "se_time": 0.394, "sce": 39.61, "nsm": null, "valid_obs": 17, "valid_span": 21, "significant": true }, "geometry": { "type": "Point", "coordinates": [ 173.141376758152944, 1.390379255690647 ] } },
{ "type": "Feature", "properties": { "uid": "xb5pgvjs0s", "rate_time": -1.227, "sig_time": 0.009, "se_time": 0.407, "sce": 44.01, "nsm": null, "valid_obs": 17, "valid_span": 21, "significant": true }, "geometry": { "type": "Point", "coordinates": [ 173.141127640550593, 1.390482548492282 ] } },
{ "type": "Feature", "properties": { "uid": "xb5pgvm8m6", "rate_time": -0.897, "sig_time": 0.0, "se_time": 0.151, "sce": 20.18, "nsm": null, "valid_obs": 17, "valid_span": 21, "significant": true }, "geometry": { "type": "Point", "coordinates": [ 173.141328480072985, 1.391200445646251 ] } },
{ "type": "Feature", "properties": { "uid": "xb5pgvmyjd", "rate_time": -0.247, "sig_time": 0.355, "se_time": 0.259, "sce": 29.93, "nsm": null, "valid_obs": 17, "valid_span": 21, "significant": false }, "geometry": { "type": "Point", "coordinates": [ 173.141680341838594, 1.392189341190411 ] } },
{ "type": "Feature", "properties": { "uid": "xb5pgvmzeg", "rate_time": -0.241, "sig_time": 0.233, "se_time": 0.193, "sce": 22.54, "nsm": null, "valid_obs": 17, "valid_span": 21, "significant": false }, "geometry": { "type": "Point", "coordinates": [ 173.141605275033413, 1.392449280346636 ] } },
{ "type": "Feature", "properties": { "uid": "xb5pgvtc1g", "rate_time": -0.02, "sig_time": 0.914, "se_time": 0.178, "sce": 20.51, "nsm": null, "valid_obs": 17, "valid_span": 21, "significant": false }, "geometry": { "type": "Point", "coordinates": [ 173.141522600418938, 1.392707428643818 ] } },
{ "type": "Feature", "properties": { "uid": "xb5pgvtdqm", "rate_time": 0.23, "sig_time": 0.249, "se_time": 0.192, "sce": 24.14, "nsm": null, "valid_obs": 17, "valid_span": 21, "significant": false }, "geometry": { "type": "Point", "coordinates": [ 173.141375918596509, 1.392931018391863 ] } },
{ "type": "Feature", "properties": { "uid": "xb5pgvte33", "rate_time": 0.437, "sig_time": 0.29, "se_time": 0.399, "sce": 57.62, "nsm": null, "valid_obs": 17, "valid_span": 21, "significant": false }, "geometry": { "type": "Point", "coordinates": [ 173.141155670338748, 1.393085355619649 ] } },
{ "type": "Feature", "properties": { "uid": "xb5pgvt7gs", "rate_time": 0.381, "sig_time": 0.114, "se_time": 0.226, "sce": 28.8, "nsm": null, "valid_obs": 16, "valid_span": 21, "significant": false }, "geometry": { "type": "Point", "coordinates": [ 173.140905465480841, 1.393185405196998 ] } },
{ "type": "Feature", "properties": { "uid": "xb5pgvthmx", "rate_time": 0.168, "sig_time": 0.764, "se_time": 0.55, "sce": 54.15, "nsm": null, "valid_obs": 17, "valid_span": 21, "significant": false }, "geometry": { "type": "Point", "coordinates": [ 173.140655828020101, 1.393287541317241 ] } },
{ "type": "Feature", "properties": { "uid": "xb5pgvsuxw", "rate_time": 0.296, "sig_time": 0.72, "se_time": 0.813, "sce": 75.75, "nsm": null, "valid_obs": 18, "valid_span": 21, "significant": false }, "geometry": { "type": "Point", "coordinates": [ 173.140391164664692, 1.393324053907198 ] } },
{ "type": "Feature", "properties": { "uid": "xb5pgvsw8p", "rate_time": 0.858, "sig_time": 0.006, "se_time": 0.273, "sce": 41.91, "nsm": null, "valid_obs": 18, "valid_span": 22, "significant": true }, "geometry": { "type": "Point", "coordinates": [ 173.139724769614077, 1.393670602427299 ] } },
{ "type": "Feature", "properties": { "uid": "xb5pgvsrge", "rate_time": 0.775, "sig_time": 0.004, "se_time": 0.233, "sce": 28.68, "nsm": null, "valid_obs": 18, "valid_span": 22, "significant": true }, "geometry": { "type": "Point", "coordinates": [ 173.139539691734853, 1.393867751986505 ] } },
{ "type": "Feature", "properties": { "uid": "xb5pgvu0wh", "rate_time": 0.954, "sig_time": 0.002, "se_time": 0.259, "sce": 36.85, "nsm": null, "valid_obs": 18, "valid_span": 22, "significant": true }, "geometry": { "type": "Point", "coordinates": [ 173.139305862179071, 1.393998547148305 ] } },
{ "type": "Feature", "properties": { "uid": "xb5pgvgfkk", "rate_time": 0.672, "sig_time": 0.06, "se_time": 0.332, "sce": 36.4, "nsm": null, "valid_obs": 18, "valid_span": 22, "significant": false }, "geometry": { "type": "Point", "coordinates": [ 173.138878671061576, 1.394300333974334 ] } },
{ "type": "Feature", "properties": { "uid": "xb5pgvger6", "rate_time": 0.517, "sig_time": 0.031, "se_time": 0.218, "sce": 25.29, "nsm": null, "valid_obs": 18, "valid_span": 22, "significant": true }, "geometry": { "type": "Point", "coordinates": [ 173.138672194354598, 1.394462080058632 ] } },
{ "type": "Feature", "properties": { "uid": "xb5pgvgecs", "rate_time": 0.123, "sig_time": 0.507, "se_time": 0.181, "sce": 17.71, "nsm": null, "valid_obs": 18, "valid_span": 22, "significant": false }, "geometry": { "type": "Point", "coordinates": [ 173.138421819240421, 1.39455988313491 ] } },
{ "type": "Feature", "properties": { "uid": "xb5pgvgkuy", "rate_time": 0.386, "sig_time": 0.005, "se_time": 0.118, "sce": 15.96, "nsm": null, "valid_obs": 18, "valid_span": 22, "significant": true }, "geometry": { "type": "Point", "coordinates": [ 173.138222196115493, 1.394741047013547 ] } },
{ "type": "Feature", "properties": { "uid": "xb5pgvfyhb", "rate_time": 0.341, "sig_time": 0.012, "se_time": 0.121, "sce": 16.76, "nsm": null, "valid_obs": 18, "valid_span": 22, "significant": true }, "geometry": { "type": "Point", "coordinates": [ 173.137527939934472, 1.394921614286391 ] } },
{ "type": "Feature", "properties": { "uid": "xb5pgvgq03", "rate_time": 0.631, "sig_time": 0.014, "se_time": 0.228, "sce": 32.3, "nsm": null, "valid_obs": 18, "valid_span": 22, "significant": true }, "geometry": { "type": "Point", "coordinates": [ 173.138028256131605, 1.394929152368411 ] } },
{ "type": "Feature", "properties": { "uid": "xb5pgvgn6w", "rate_time": 0.584, "sig_time": 0.0, "se_time": 0.103, "sce": 18.96, "nsm": null, "valid_obs": 18, "valid_span": 22, "significant": true }, "geometry": { "type": "Point", "coordinates": [ 173.13777911631658, 1.394995512854067 ] } },
{ "type": "Feature", "properties": { "uid": "xb5pgvfubk", "rate_time": 0.117, "sig_time": 0.563, "se_time": 0.199, "sce": 24.98, "nsm": null, "valid_obs": 19, "valid_span": 22, "significant": false }, "geometry": { "type": "Point", "coordinates": [ 173.137337048438013, 1.39473071584755 ] } },
{ "type": "Feature", "properties": { "uid": "xb5pgvfet8", "rate_time": 0.235, "sig_time": 0.135, "se_time": 0.15, "sce": 17.2, "nsm": null, "valid_obs": 19, "valid_span": 22, "significant": false }, "geometry": { "type": "Point", "coordinates": [ 173.137214523102443, 1.394491479902163 ] } },
{ "type": "Feature", "properties": { "uid": "xb5pgvdwcp", "rate_time": 1.102, "sig_time": 0.036, "se_time": 0.483, "sce": 75.82, "nsm": null, "valid_obs": 19, "valid_span": 22, "significant": true }, "geometry": { "type": "Point", "coordinates": [ 173.137028116893504, 1.393713743153741 ] } },
{ "type": "Feature", "properties": { "uid": "xb5pgvdmw6", "rate_time": 0.067, "sig_time": 0.823, "se_time": 0.296, "sce": 29.05, "nsm": null, "valid_obs": 18, "valid_span": 21, "significant": false }, "geometry": { "type": "Point", "coordinates": [ 173.13690630554396, 1.39347259359347 ] } },
{ "type": "Feature", "properties": { "uid": "xb5pgv6puq", "rate_time": -0.297, "sig_time": 0.421, "se_time": 0.359, "sce": 34.31, "nsm": null, "valid_obs": 17, "valid_span": 21, "significant": false }, "geometry": { "type": "Point", "coordinates": [ 173.136478307257477, 1.392509171072403 ] } },
{ "type": "Feature", "properties": { "uid": "xb5pgv3zph", "rate_time": -0.106, "sig_time": 0.682, "se_time": 0.255, "sce": 29.02, "nsm": null, "valid_obs": 17, "valid_span": 21, "significant": false }, "geometry": { "type": "Point", "coordinates": [ 173.136248867136715, 1.392367746920007 ] } },
{ "type": "Feature", "properties": { "uid": "xb5pgv1khs", "rate_time": -0.033, "sig_time": 0.941, "se_time": 0.429, "sce": 50.73, "nsm": null, "valid_obs": 18, "valid_span": 21, "significant": false }, "geometry": { "type": "Point", "coordinates": [ 173.135458825443891, 1.390479017376915 ] } },
{ "type": "Feature", "properties": { "uid": "xb5pgbqdy7", "rate_time": -1.998, "sig_time": 0.017, "se_time": 0.73, "sce": 69.94, "nsm": null, "valid_obs": 15, "valid_span": 22, "significant": true }, "geometry": { "type": "Point", "coordinates": [ 173.142742904600595, 1.364167481970385 ] } },
{ "type": "Feature", "properties": { "uid": "xb5pgbqfhj", "rate_time": -1.938, "sig_time": 0.011, "se_time": 0.659, "sce": 58.35, "nsm": null, "valid_obs": 15, "valid_span": 22, "significant": true }, "geometry": { "type": "Point", "coordinates": [ 173.142986866335463, 1.364052258682872 ] } },
{ "type": "Feature", "properties": { "uid": "xb5pgb8ehr", "rate_time": -0.03, "sig_time": 0.974, "se_time": 0.902, "sce": 95.09, "nsm": null, "valid_obs": 15, "valid_span": 21, "significant": false }, "geometry": { "type": "Point", "coordinates": [ 173.134420525062865, 1.36560770936563 ] } },
{ "type": "Feature", "properties": { "uid": "xb5pgb8kpq", "rate_time": 0.07, "sig_time": 0.91, "se_time": 0.609, "sce": 64.85, "nsm": null, "valid_obs": 15, "valid_span": 21, "significant": false }, "geometry": { "type": "Point", "coordinates": [ 173.134206487413365, 1.365772464742907 ] } },
{ "type": "Feature", "properties": { "uid": "xb5pgb8kcg", "rate_time": 0.007, "sig_time": 0.983, "se_time": 0.345, "sce": 37.23, "nsm": null, "valid_obs": 15, "valid_span": 21, "significant": false }, "geometry": { "type": "Point", "coordinates": [ 173.133969044743452, 1.36588672290426 ] } },
{ "type": "Feature", "properties": { "uid": "xb5pgb8hgt", "rate_time": -0.224, "sig_time": 0.506, "se_time": 0.329, "sce": 37.22, "nsm": null, "valid_obs": 16, "valid_span": 21, "significant": false }, "geometry": { "type": "Point", "coordinates": [ 173.133704556327899, 1.365895108343362 ] } },
{ "type": "Feature", "properties": { "uid": "xb5pg8xsxt", "rate_time": -0.247, "sig_time": 0.051, "se_time": 0.116, "sce": 11.57, "nsm": null, "valid_obs": 16, "valid_span": 21, "significant": false }, "geometry": { "type": "Point", "coordinates": [ 173.133188008637148, 1.36585355261768 ] } },
{ "type": "Feature", "properties": { "uid": "xb5pgudxyu", "rate_time": -0.551, "sig_time": 0.013, "se_time": 0.201, "sce": 27.4, "nsm": null, "valid_obs": 20, "valid_span": 21, "significant": true }, "geometry": { "type": "Point", "coordinates": [ 173.137278447429367, 1.388378424799992 ] } },
{ "type": "Feature", "properties": { "uid": "xb5pgufhdd", "rate_time": -1.236, "sig_time": 0.008, "se_time": 0.412, "sce": 52.1, "nsm": null, "valid_obs": 18, "valid_span": 21, "significant": true }, "geometry": { "type": "Point", "coordinates": [ 173.136405555858971, 1.389181734564774 ] } },
{ "type": "Feature", "properties": { "uid": "xb5pgufjy6", "rate_time": -0.827, "sig_time": 0.259, "se_time": 0.706, "sce": 64.21, "nsm": null, "valid_obs": 18, "valid_span": 21, "significant": false }, "geometry": { "type": "Point", "coordinates": [ 173.136568685748955, 1.389396599616653 ] } },
{ "type": "Feature", "properties": { "uid": "xb5pgufw2y", "rate_time": -1.236, "sig_time": 0.239, "se_time": 1.012, "sce": 115.91, "nsm": null, "valid_obs": 19, "valid_span": 21, "significant": false }, "geometry": { "type": "Point", "coordinates": [ 173.137012516207875, 1.389507326490068 ] } },
{ "type": "Feature", "properties": { "uid": "xb5pgufqg6", "rate_time": -1.041, "sig_time": 0.209, "se_time": 0.796, "sce": 73.69, "nsm": null, "valid_obs": 18, "valid_span": 21, "significant": false }, "geometry": { "type": "Point", "coordinates": [ 173.136774868113747, 1.389570987184809 ] } },
{ "type": "Feature", "properties": { "uid": "xb5pezgutu", "rate_time": -1.0, "sig_time": 0.0, "se_time": 0.118, "sce": 22.25, "nsm": null, "valid_obs": 18, "valid_span": 21, "significant": true }, "geometry": { "type": "Point", "coordinates": [ 173.13894352270492, 1.36172726058887 ] } },
{ "type": "Feature", "properties": { "uid": "xb5pezuh7f", "rate_time": -1.15, "sig_time": 0.0, "se_time": 0.125, "sce": 25.81, "nsm": null, "valid_obs": 18, "valid_span": 21, "significant": true }, "geometry": { "type": "Point", "coordinates": [ 173.139207697727556, 1.361673664522421 ] } },
{ "type": "Feature", "properties": { "uid": "xb5pezu7fn", "rate_time": -1.101, "sig_time": 0.0, "se_time": 0.119, "sce": 27.26, "nsm": null, "valid_obs": 18, "valid_span": 21, "significant": true }, "geometry": { "type": "Point", "coordinates": [ 173.13947026941733, 1.361612621864527 ] } },
{ "type": "Feature", "properties": { "uid": "xb5pezue84", "rate_time": -1.07, "sig_time": 0.0, "se_time": 0.112, "sce": 26.9, "nsm": null, "valid_obs": 18, "valid_span": 21, "significant": true }, "geometry": { "type": "Point", "coordinates": [ 173.139731270250905, 1.361546454127313 ] } },
{ "type": "Feature", "properties": { "uid": "xb5pezuenr", "rate_time": -1.077, "sig_time": 0.0, "se_time": 0.108, "sce": 24.4, "nsm": null, "valid_obs": 18, "valid_span": 21, "significant": true }, "geometry": { "type": "Point", "coordinates": [ 173.139994513765231, 1.361488445790908 ] } },
{ "type": "Feature", "properties": { "uid": "xb5pezufum", "rate_time": -1.047, "sig_time": 0.0, "se_time": 0.112, "sce": 21.86, "nsm": null, "valid_obs": 18, "valid_span": 21, "significant": true }, "geometry": { "type": "Point", "coordinates": [ 173.140258028836456, 1.361431658982014 ] } },
{ "type": "Feature", "properties": { "uid": "xb5pezv4ds", "rate_time": -0.987, "sig_time": 0.0, "se_time": 0.107, "sce": 19.87, "nsm": null, "valid_obs": 18, "valid_span": 21, "significant": true }, "geometry": { "type": "Point", "coordinates": [ 173.140523243835332, 1.361383669809204 ] } },
{ "type": "Feature", "properties": { "uid": "xb5pezv629", "rate_time": -0.863, "sig_time": 0.0, "se_time": 0.099, "sce": 18.28, "nsm": null, "valid_obs": 18, "valid_span": 21, "significant": true }, "geometry": { "type": "Point", "coordinates": [ 173.14078669834106, 1.361326763505156 ] } },
{ "type": "Feature", "properties": { "uid": "xb5pezv3yz", "rate_time": -0.937, "sig_time": 0.0, "se_time": 0.107, "sce": 18.9, "nsm": null, "valid_obs": 18, "valid_span": 21, "significant": true }, "geometry": { "type": "Point", "coordinates": [ 173.141050085193285, 1.361270281735347 ] } },
{ "type": "Feature", "properties": { "uid": "xb5pezv9tj", "rate_time": -1.068, "sig_time": 0.0, "se_time": 0.155, "sce": 21.32, "nsm": null, "valid_obs": 18, "valid_span": 21, "significant": true }, "geometry": { "type": "Point", "coordinates": [ 173.141314314010174, 1.361217035354529 ] } },
{ "type": "Feature", "properties": { "uid": "xb5pezvc70", "rate_time": -1.016, "sig_time": 0.0, "se_time": 0.161, "sce": 21.07, "nsm": null, "valid_obs": 18, "valid_span": 21, "significant": true }, "geometry": { "type": "Point", "coordinates": [ 173.141575379530281, 1.361150082209865 ] } },
{ "type": "Feature", "properties": { "uid": "xb5pezy0c4", "rate_time": -0.765, "sig_time": 0.0, "se_time": 0.15, "sce": 17.36, "nsm": null, "valid_obs": 18, "valid_span": 21, "significant": true }, "geometry": { "type": "Point", "coordinates": [ 173.141833402062701, 1.361071949979629 ] } },
{ "type": "Feature", "properties": { "uid": "xb5pezy0rn", "rate_time": -0.519, "sig_time": 0.0, "se_time": 0.117, "sce": 13.22, "nsm": null, "valid_obs": 18, "valid_span": 21, "significant": true }, "geometry": { "type": "Point", "coordinates": [ 173.142095617872457, 1.36101147992732 ] } },
{ "type": "Feature", "properties": { "uid": "xb5pezy2m6", "rate_time": -0.457, "sig_time": 0.0, "se_time": 0.084, "sce": 10.14, "nsm": null, "valid_obs": 18, "valid_span": 21, "significant": true }, "geometry": { "type": "Point", "coordinates": [ 173.142363886011793, 1.360988041614421 ] } },
{ "type": "Feature", "properties": { "uid": "xb5pezy87b", "rate_time": -0.578, "sig_time": 0.0, "se_time": 0.103, "sce": 12.17, "nsm": null, "valid_obs": 18, "valid_span": 21, "significant": true }, "geometry": { "type": "Point", "coordinates": [ 173.142633043686061, 1.360974758053815 ] } },
{ "type": "Feature", "properties": { "uid": "xb5pezyb4h", "rate_time": -0.796, "sig_time": 0.0, "se_time": 0.13, "sce": 16.53, "nsm": null, "valid_obs": 18, "valid_span": 21, "significant": true }, "geometry": { "type": "Point", "coordinates": [ 173.142901777536849, 1.360955164405799 ] } },
{ "type": "Feature", "properties": { "uid": "xb5pezxpbj", "rate_time": -0.911, "sig_time": 0.0, "se_time": 0.146, "sce": 18.6, "nsm": null, "valid_obs": 18, "valid_span": 21, "significant": true }, "geometry": { "type": "Point", "coordinates": [ 173.143168531907776, 1.360917890958145 ] } },
{ "type": "Feature", "properties": { "uid": "xb5pezxpwk", "rate_time": -0.88, "sig_time": 0.0, "se_time": 0.119, "sce": 18.52, "nsm": null, "valid_obs": 18, "valid_span": 21, "significant": true }, "geometry": { "type": "Point", "coordinates": [ 173.143433916653947, 1.360870794433509 ] } },
{ "type": "Feature", "properties": { "uid": "xb5pezxrkt", "rate_time": -0.808, "sig_time": 0.0, "se_time": 0.119, "sce": 18.79, "nsm": null, "valid_obs": 18, "valid_span": 21, "significant": true }, "geometry": { "type": "Point", "coordinates": [ 173.143700543898461, 1.360832080292407 ] } },
{ "type": "Feature", "properties": { "uid": "xb5pezxx4v", "rate_time": -0.775, "sig_time": 0.0, "se_time": 0.128, "sce": 19.89, "nsm": null, "valid_obs": 18, "valid_span": 21, "significant": true }, "geometry": { "type": "Point", "coordinates": [ 173.143966546636335, 1.360789201613461 ] } },
{ "type": "Feature", "properties": { "uid": "xb5pezxybf", "rate_time": -0.735, "sig_time": 0.0, "se_time": 0.125, "sce": 18.9, "nsm": null, "valid_obs": 18, "valid_span": 21, "significant": true }, "geometry": { "type": "Point", "coordinates": [ 173.144229378511767, 1.360730590884961 ] } },
{ "type": "Feature", "properties": { "uid": "xb5pezxyx0", "rate_time": -0.659, "sig_time": 0.0, "se_time": 0.148, "sce": 18.31, "nsm": null, "valid_obs": 18, "valid_span": 21, "significant": true }, "geometry": { "type": "Point", "coordinates": [ 173.144493527998094, 1.360676875961393 ] } },
{ "type": "Feature", "properties": { "uid": "xb5psp8njq", "rate_time": -0.604, "sig_time": 0.001, "se_time": 0.148, "sce": 18.32, "nsm": null, "valid_obs": 18, "valid_span": 21, "significant": true }, "geometry": { "type": "Point", "coordinates": [ 173.144757611795086, 1.36062283626879 ] } },
{ "type": "Feature", "properties": { "uid": "xb5psp8mgk", "rate_time": -0.484, "sig_time": 0.003, "se_time": 0.137, "sce": 16.27, "nsm": null, "valid_obs": 18, "valid_span": 21, "significant": true }, "geometry": { "type": "Point", "coordinates": [ 173.145021619482208, 1.36056841709004 ] } },
{ "type": "Feature", "properties": { "uid": "xb5psp8t9d", "rate_time": -0.4, "sig_time": 0.011, "se_time": 0.14, "sce": 14.72, "nsm": null, "valid_obs": 18, "valid_span": 21, "significant": true }, "geometry": { "type": "Point", "coordinates": [ 173.14528560767954, 1.360513902712714 ] } },
{ "type": "Feature", "properties": { "uid": "xb5puh9msr", "rate_time": -0.421, "sig_time": 0.001, "se_time": 0.103, "sce": 10.34, "nsm": null, "valid_obs": 17, "valid_span": 21, "significant": true }, "geometry": { "type": "Point", "coordinates": [ 173.146433650734167, 1.388010815290107 ] } },
{ "type": "Feature", "properties": { "uid": "xb5puh9nwf", "rate_time": -0.531, "sig_time": 0.108, "se_time": 0.311, "sce": 38.0, "nsm": null, "valid_obs": 17, "valid_span": 21, "significant": false }, "geometry": { "type": "Point", "coordinates": [ 173.146204346860259, 1.38815318395585 ] } },
{ "type": "Feature", "properties": { "uid": "xb5pguzney", "rate_time": 0.5, "sig_time": 0.0, "se_time": 0.102, "sce": 12.68, "nsm": null, "valid_obs": 15, "valid_span": 21, "significant": true }, "geometry": { "type": "Point", "coordinates": [ 173.143320839851015, 1.38954943482297 ] } },
{ "type": "Feature", "properties": { "uid": "xb5pguzr39", "rate_time": -0.287, "sig_time": 0.022, "se_time": 0.11, "sce": 13.11, "nsm": null, "valid_obs": 15, "valid_span": 21, "significant": true }, "geometry": { "type": "Point", "coordinates": [ 173.143571205252897, 1.389649491675839 ] } },
{ "type": "Feature", "properties": { "uid": "xb5pgvp2p0", "rate_time": -0.486, "sig_time": 0.0, "se_time": 0.074, "sce": 11.16, "nsm": null, "valid_obs": 15, "valid_span": 21, "significant": true }, "geometry": { "type": "Point", "coordinates": [ 173.143810756498397, 1.389773739340953 ] } },
{ "type": "Feature", "properties": { "uid": "xb5pgvn43f", "rate_time": -1.609, "sig_time": 0.001, "se_time": 0.377, "sce": 45.81, "nsm": null, "valid_obs": 17, "valid_span": 21, "significant": true }, "geometry": { "type": "Point", "coordinates": [ 173.141866371414437, 1.390171896412529 ] } },
{ "type": "Feature", "properties": { "uid": "xb5pgvn4rt", "rate_time": -1.396, "sig_time": 0.0, "se_time": 0.298, "sce": 37.89, "nsm": null, "valid_obs": 17, "valid_span": 21, "significant": true }, "geometry": { "type": "Point", "coordinates": [ 173.142111650760683, 1.390187410609708 ] } },
{ "type": "Feature", "properties": { "uid": "xb5pgvn6vt", "rate_time": -0.883, "sig_time": 0.001, "se_time": 0.203, "sce": 25.96, "nsm": null, "valid_obs": 17, "valid_span": 21, "significant": true }, "geometry": { "type": "Point", "coordinates": [ 173.142367335656502, 1.390273055949824 ] } },
{ "type": "Feature", "properties": { "uid": "xb5pggnysh", "rate_time": -0.049, "sig_time": 0.88, "se_time": 0.32, "sce": 31.53, "nsm": null, "valid_obs": 17, "valid_span": 21, "significant": false }, "geometry": { "type": "Point", "coordinates": [ 173.142992014227758, 1.379923241775814 ] } },
{ "type": "Feature", "properties": { "uid": "xb5pggpndr", "rate_time": -0.605, "sig_time": 0.4, "se_time": 0.7, "sce": 89.34, "nsm": null, "valid_obs": 18, "valid_span": 21, "significant": false }, "geometry": { "type": "Point", "coordinates": [ 173.143260899064501, 1.37994139777679 ] } },
{ "type": "Feature", "properties": { "uid": "xb5pggpq88", "rate_time": -0.889, "sig_time": 0.309, "se_time": 0.847, "sce": 116.48, "nsm": null, "valid_obs": 19, "valid_span": 21, "significant": false }, "geometry": { "type": "Point", "coordinates": [ 173.143526947407281, 1.379900364941109 ] } },
{ "type": "Feature", "properties": { "uid": "xb5pggpmty", "rate_time": -0.516, "sig_time": 0.396, "se_time": 0.592, "sce": 75.51, "nsm": null, "valid_obs": 19, "valid_span": 21, "significant": false }, "geometry": { "type": "Point", "coordinates": [ 173.143758155824258, 1.37976342883914 ] } },
{ "type": "Feature", "properties": { "uid": "xb5pggpt7c", "rate_time": -0.354, "sig_time": 0.477, "se_time": 0.486, "sce": 63.04, "nsm": null, "valid_obs": 19, "valid_span": 21, "significant": false }, "geometry": { "type": "Point", "coordinates": [ 173.144013197201957, 1.379693565438476 ] } },
{ "type": "Feature", "properties": { "uid": "xb5pggpv41", "rate_time": 0.174, "sig_time": 0.329, "se_time": 0.173, "sce": 17.96, "nsm": null, "valid_obs": 18, "valid_span": 21, "significant": false }, "geometry": { "type": "Point", "coordinates": [ 173.144278952883553, 1.379648594543781 ] } },
{ "type": "Feature", "properties": { "uid": "xb5pggpurd", "rate_time": 0.162, "sig_time": 0.701, "se_time": 0.415, "sce": 61.68, "nsm": null, "valid_obs": 20, "valid_span": 21, "significant": false }, "geometry": { "type": "Point", "coordinates": [ 173.144513162730476, 1.379524825859987 ] } },
{ "type": "Feature", "properties": { "uid": "xb5pu5055v", "rate_time": -0.03, "sig_time": 0.908, "se_time": 0.257, "sce": 27.0, "nsm": null, "valid_obs": 20, "valid_span": 21, "significant": false }, "geometry": { "type": "Point", "coordinates": [ 173.144693276898238, 1.379329153877201 ] } },
{ "type": "Feature", "properties": { "uid": "xb5pu48xj9", "rate_time": -0.635, "sig_time": 0.522, "se_time": 0.97, "sce": 109.55, "nsm": null, "valid_obs": 18, "valid_span": 21, "significant": false }, "geometry": { "type": "Point", "coordinates": [ 173.145462918650651, 1.377245669682224 ] } },
{ "type": "Feature", "properties": { "uid": "xb5pu4bb2v", "rate_time": -1.131, "sig_time": 0.225, "se_time": 0.898, "sce": 103.24, "nsm": null, "valid_obs": 19, "valid_span": 21, "significant": false }, "geometry": { "type": "Point", "coordinates": [ 173.145596524278915, 1.377481050975474 ] } },
{ "type": "Feature", "properties": { "uid": "xb5pu51673", "rate_time": -1.262, "sig_time": 0.555, "se_time": 2.099, "sce": 199.88, "nsm": null, "valid_obs": 20, "valid_span": 21, "significant": false }, "geometry": { "type": "Point", "coordinates": [ 173.14638929474998, 1.379179097727405 ] } },
{ "type": "Feature", "properties": { "uid": "xb5pu51e0c", "rate_time": -1.706, "sig_time": 0.463, "se_time": 2.273, "sce": 232.96, "nsm": null, "valid_obs": 20, "valid_span": 21, "significant": false }, "geometry": { "type": "Point", "coordinates": [ 173.146623605559768, 1.379305978506716 ] } },
{ "type": "Feature", "properties": { "uid": "xb5pu51ew9", "rate_time": -1.785, "sig_time": 0.484, "se_time": 2.497, "sce": 273.05, "nsm": null, "valid_obs": 20, "valid_span": 21, "significant": false }, "geometry": { "type": "Point", "coordinates": [ 173.146879581105793, 1.379390744015264 ] } },
{ "type": "Feature", "properties": { "uid": "xb5pu51uhj", "rate_time": -1.53, "sig_time": 0.588, "se_time": 2.776, "sce": 310.4, "nsm": null, "valid_obs": 20, "valid_span": 21, "significant": false }, "geometry": { "type": "Point", "coordinates": [ 173.147115105379385, 1.379502741136938 ] } },
{ "type": "Feature", "properties": { "uid": "xb5pu51vx8", "rate_time": 1.328, "sig_time": 0.703, "se_time": 3.425, "sce": 436.26, "nsm": null, "valid_obs": 20, "valid_span": 21, "significant": false }, "geometry": { "type": "Point", "coordinates": [ 173.147262180713057, 1.379730013589406 ] } },
{ "type": "Feature", "properties": { "uid": "xb5pu544hb", "rate_time": -0.694, "sig_time": 0.58, "se_time": 1.229, "sce": 104.99, "nsm": null, "valid_obs": 19, "valid_span": 21, "significant": false }, "geometry": { "type": "Point", "coordinates": [ 173.147485137402924, 1.379128512317382 ] } },
{ "type": "Feature", "properties": { "uid": "xb5pu504sz", "rate_time": -0.171, "sig_time": 0.524, "se_time": 0.263, "sce": 29.84, "nsm": null, "valid_obs": 20, "valid_span": 21, "significant": false }, "geometry": { "type": "Point", "coordinates": [ 173.144745209060289, 1.379251195870177 ] } },
{ "type": "Feature", "properties": { "uid": "xb5pu500nh", "rate_time": 0.173, "sig_time": 0.693, "se_time": 0.43, "sce": 49.87, "nsm": null, "valid_obs": 19, "valid_span": 21, "significant": false }, "geometry": { "type": "Point", "coordinates": [ 173.144796102706664, 1.378806384079254 ] } },
{ "type": "Feature", "properties": { "uid": "xb5pu084qv", "rate_time": -0.139, "sig_time": 0.69, "se_time": 0.341, "sce": 30.64, "nsm": null, "valid_obs": 16, "valid_span": 21, "significant": false }, "geometry": { "type": "Point", "coordinates": [ 173.144823631313898, 1.365467484752334 ] } },
{ "type": "Feature", "properties": { "uid": "xb5pu086hg", "rate_time": -0.152, "sig_time": 0.569, "se_time": 0.26, "sce": 26.7, "nsm": null, "valid_obs": 16, "valid_span": 21, "significant": false }, "geometry": { "type": "Point", "coordinates": [ 173.14508621937577, 1.365415298855863 ] } },
{ "type": "Feature", "properties": { "uid": "xb5pu089dc", "rate_time": -0.423, "sig_time": 0.083, "se_time": 0.226, "sce": 23.08, "nsm": null, "valid_obs": 16, "valid_span": 21, "significant": false }, "geometry": { "type": "Point", "coordinates": [ 173.14533635126827, 1.365316122662608 ] } },
{ "type": "Feature", "properties": { "uid": "xb5pu08c2f", "rate_time": -0.95, "sig_time": 0.003, "se_time": 0.271, "sce": 28.66, "nsm": null, "valid_obs": 16, "valid_span": 21, "significant": true }, "geometry": { "type": "Point", "coordinates": [ 173.145597725160485, 1.365281495584299 ] } },
{ "type": "Feature", "properties": { "uid": "xb5pu08y1j", "rate_time": -0.218, "sig_time": 0.297, "se_time": 0.201, "sce": 16.63, "nsm": null, "valid_obs": 16, "valid_span": 21, "significant": false }, "geometry": { "type": "Point", "coordinates": [ 173.145613799903032, 1.366112183147888 ] } },
{ "type": "Feature", "properties": { "uid": "xb5psp8trc", "rate_time": -0.37, "sig_time": 0.016, "se_time": 0.137, "sce": 14.81, "nsm": null, "valid_obs": 18, "valid_span": 21, "significant": true }, "geometry": { "type": "Point", "coordinates": [ 173.145550702617868, 1.360465948822711 ] } },
{ "type": "Feature", "properties": { "uid": "xb5psp8vjg", "rate_time": -0.37, "sig_time": 0.006, "se_time": 0.116, "sce": 14.8, "nsm": null, "valid_obs": 18, "valid_span": 21, "significant": true }, "geometry": { "type": "Point", "coordinates": [ 173.145818362833978, 1.360434623351843 ] } },
{ "type": "Feature", "properties": { "uid": "xb5psp9hun", "rate_time": -0.301, "sig_time": 0.035, "se_time": 0.131, "sce": 15.04, "nsm": null, "valid_obs": 18, "valid_span": 21, "significant": true }, "geometry": { "type": "Point", "coordinates": [ 173.146086380588827, 1.36040633818623 ] } },
{ "type": "Feature", "properties": { "uid": "xb5psp9kf6", "rate_time": -0.279, "sig_time": 0.098, "se_time": 0.159, "sce": 15.87, "nsm": null, "valid_obs": 18, "valid_span": 21, "significant": false }, "geometry": { "type": "Point", "coordinates": [ 173.146355036133087, 1.360387614064961 ] } },
{ "type": "Feature", "properties": { "uid": "xb5psp9sbg", "rate_time": -0.447, "sig_time": 0.034, "se_time": 0.192, "sce": 19.91, "nsm": null, "valid_obs": 18, "valid_span": 21, "significant": true }, "geometry": { "type": "Point", "coordinates": [ 173.146624125082752, 1.360392782768629 ] } },
{ "type": "Feature", "properties": { "uid": "xb5psp9szj", "rate_time": -0.644, "sig_time": 0.001, "se_time": 0.157, "sce": 18.58, "nsm": null, "valid_obs": 18, "valid_span": 21, "significant": true }, "geometry": { "type": "Point", "coordinates": [ 173.146893249631916, 1.360405021207474 ] } },
{ "type": "Feature", "properties": { "uid": "xb5psp9uv1", "rate_time": -0.733, "sig_time": 0.0, "se_time": 0.166, "sce": 21.2, "nsm": null, "valid_obs": 18, "valid_span": 21, "significant": true }, "geometry": { "type": "Point", "coordinates": [ 173.147159713622386, 1.360379405774437 ] } },
{ "type": "Feature", "properties": { "uid": "xb5pspdh5p", "rate_time": -0.692, "sig_time": 0.0, "se_time": 0.14, "sce": 21.41, "nsm": null, "valid_obs": 18, "valid_span": 21, "significant": true }, "geometry": { "type": "Point", "coordinates": [ 173.147407468842516, 1.360282682821634 ] } },
{ "type": "Feature", "properties": { "uid": "xb5pspd72q", "rate_time": -0.678, "sig_time": 0.0, "se_time": 0.144, "sce": 19.56, "nsm": null, "valid_obs": 18, "valid_span": 21, "significant": true }, "geometry": { "type": "Point", "coordinates": [ 173.147642345375061, 1.360150955826795 ] } },
{ "type": "Feature", "properties": { "uid": "xb5pspd6ym", "rate_time": -0.763, "sig_time": 0.0, "se_time": 0.139, "sce": 19.7, "nsm": null, "valid_obs": 18, "valid_span": 21, "significant": true }, "geometry": { "type": "Point", "coordinates": [ 173.147894170295672, 1.360059988821158 ] } },
{ "type": "Feature", "properties": { "uid": "xb5pspddu8", "rate_time": -0.796, "sig_time": 0.0, "se_time": 0.123, "sce": 18.4, "nsm": null, "valid_obs": 18, "valid_span": 21, "significant": true }, "geometry": { "type": "Point", "coordinates": [ 173.148162260764423, 1.360033254548944 ] } },
{ "type": "Feature", "properties": { "uid": "xb5pspdfdu", "rate_time": -0.701, "sig_time": 0.0, "se_time": 0.114, "sce": 15.51, "nsm": null, "valid_obs": 18, "valid_span": 21, "significant": true }, "geometry": { "type": "Point", "coordinates": [ 173.148430367868997, 1.360011511683837 ] } },
{ "type": "Feature", "properties": { "uid": "xb5pspe42c", "rate_time": -0.613, "sig_time": 0.0, "se_time": 0.111, "sce": 13.97, "nsm": null, "valid_obs": 18, "valid_span": 21, "significant": true }, "geometry": { "type": "Point", "coordinates": [ 173.14869232454592, 1.359949802280724 ] } },
{ "type": "Feature", "properties": { "uid": "xb5pspe1zh", "rate_time": -0.661, "sig_time": 0.0, "se_time": 0.129, "sce": 14.37, "nsm": null, "valid_obs": 18, "valid_span": 21, "significant": true }, "geometry": { "type": "Point", "coordinates": [ 173.148953489021693, 1.359884825859671 ] } },
{ "type": "Feature", "properties": { "uid": "xb5pspe3tj", "rate_time": -0.719, "sig_time": 0.002, "se_time": 0.191, "sce": 19.68, "nsm": null, "valid_obs": 18, "valid_span": 21, "significant": true }, "geometry": { "type": "Point", "coordinates": [ 173.149219739090057, 1.35984393776886 ] } },
{ "type": "Feature", "properties": { "uid": "xb5pspe9e9", "rate_time": -0.722, "sig_time": 0.002, "se_time": 0.195, "sce": 19.94, "nsm": null, "valid_obs": 18, "valid_span": 21, "significant": true }, "geometry": { "type": "Point", "coordinates": [ 173.149488162333569, 1.359822636330352 ] } },
{ "type": "Feature", "properties": { "uid": "xb5pspec1w", "rate_time": -0.722, "sig_time": 0.001, "se_time": 0.178, "sce": 18.61, "nsm": null, "valid_obs": 18, "valid_span": 21, "significant": true }, "geometry": { "type": "Point", "coordinates": [ 173.149750636469804, 1.359764994047482 ] } },
{ "type": "Feature", "properties": { "uid": "xb5pspebx3", "rate_time": -0.584, "sig_time": 0.012, "se_time": 0.206, "sce": 22.49, "nsm": null, "valid_obs": 18, "valid_span": 21, "significant": true }, "geometry": { "type": "Point", "coordinates": [ 173.149994592356933, 1.359649782560523 ] } },
{ "type": "Feature", "properties": { "uid": "xb5pspkpuf", "rate_time": -0.617, "sig_time": 0.02, "se_time": 0.238, "sce": 24.23, "nsm": null, "valid_obs": 18, "valid_span": 21, "significant": true }, "geometry": { "type": "Point", "coordinates": [ 173.150235243152395, 1.359527713829922 ] } },
{ "type": "Feature", "properties": { "uid": "xb5pu09km7", "rate_time": 0.104, "sig_time": 0.478, "se_time": 0.144, "sce": 18.8, "nsm": null, "valid_obs": 18, "valid_span": 21, "significant": false }, "geometry": { "type": "Point", "coordinates": [ 173.146483710117309, 1.365799651486784 ] } },
{ "type": "Feature", "properties": { "uid": "xb5pu09gg3", "rate_time": 0.537, "sig_time": 0.103, "se_time": 0.309, "sce": 31.07, "nsm": null, "valid_obs": 17, "valid_span": 21, "significant": false }, "geometry": { "type": "Point", "coordinates": [ 173.147078876282421, 1.365704524384719 ] } },
{ "type": "Feature", "properties": { "uid": "xb5pu0d59x", "rate_time": 0.602, "sig_time": 0.154, "se_time": 0.401, "sce": 38.68, "nsm": null, "valid_obs": 17, "valid_span": 21, "significant": false }, "geometry": { "type": "Point", "coordinates": [ 173.147347154479746, 1.365690612988344 ] } },
{ "type": "Feature", "properties": { "uid": "xb5pu0d5zy", "rate_time": 0.504, "sig_time": 0.336, "se_time": 0.507, "sce": 58.4, "nsm": null, "valid_obs": 17, "valid_span": 21, "significant": false }, "geometry": { "type": "Point", "coordinates": [ 173.14761361843739, 1.365729921314283 ] } },
{ "type": "Feature", "properties": { "uid": "xb5pu0dkjz", "rate_time": -0.035, "sig_time": 0.956, "se_time": 0.617, "sce": 69.32, "nsm": null, "valid_obs": 17, "valid_span": 21, "significant": false }, "geometry": { "type": "Point", "coordinates": [ 173.147876431791786, 1.36577878525591 ] } },
{ "type": "Feature", "properties": { "uid": "xb5pu0dsh1", "rate_time": -0.006, "sig_time": 0.99, "se_time": 0.479, "sce": 49.09, "nsm": null, "valid_obs": 17, "valid_span": 21, "significant": false }, "geometry": { "type": "Point", "coordinates": [ 173.148142699248751, 1.365744341267611 ] } },
{ "type": "Feature", "properties": { "uid": "xb5pu0dxkw", "rate_time": 3.877, "sig_time": 0.008, "se_time": 1.272, "sce": 141.23, "nsm": null, "valid_obs": 18, "valid_span": 21, "significant": true }, "geometry": { "type": "Point", "coordinates": [ 173.148163058109191, 1.366332793734582 ] } },
{ "type": "Feature", "properties": { "uid": "xb5pu0du4q", "rate_time": 0.013, "sig_time": 0.976, "se_time": 0.417, "sce": 45.63, "nsm": null, "valid_obs": 17, "valid_span": 21, "significant": false }, "geometry": { "type": "Point", "coordinates": [ 173.148410422746991, 1.365775159877034 ] } },
{ "type": "Feature", "properties": { "uid": "xb5pu0dzde", "rate_time": 3.464, "sig_time": 0.01, "se_time": 1.179, "sce": 140.53, "nsm": null, "valid_obs": 18, "valid_span": 21, "significant": true }, "geometry": { "type": "Point", "coordinates": [ 173.148420242590475, 1.366354827574995 ] } },
{ "type": "Feature", "properties": { "uid": "xb5pu0eh2s", "rate_time": -0.27, "sig_time": 0.477, "se_time": 0.37, "sce": 37.59, "nsm": null, "valid_obs": 17, "valid_span": 21, "significant": false }, "geometry": { "type": "Point", "coordinates": [ 173.148676230399388, 1.365806933969784 ] } },
{ "type": "Feature", "properties": { "uid": "xb5pu419cn", "rate_time": -0.59, "sig_time": 0.053, "se_time": 0.281, "sce": 28.51, "nsm": null, "valid_obs": 17, "valid_span": 21, "significant": false }, "geometry": { "type": "Point", "coordinates": [ 173.146640722920779, 1.37362500736822 ] } },
{ "type": "Feature", "properties": { "uid": "xb5pu41ehx", "rate_time": -0.888, "sig_time": 0.124, "se_time": 0.547, "sce": 71.25, "nsm": null, "valid_obs": 18, "valid_span": 21, "significant": false }, "geometry": { "type": "Point", "coordinates": [ 173.146790542839909, 1.373848592331467 ] } },
{ "type": "Feature", "properties": { "uid": "xb5pu44s05", "rate_time": -0.333, "sig_time": 0.541, "se_time": 0.534, "sce": 57.19, "nsm": null, "valid_obs": 18, "valid_span": 21, "significant": false }, "geometry": { "type": "Point", "coordinates": [ 173.147971369352518, 1.373994763043202 ] } },
{ "type": "Feature", "properties": { "uid": "xb5pu41u1t", "rate_time": -1.253, "sig_time": 0.001, "se_time": 0.286, "sce": 40.31, "nsm": null, "valid_obs": 17, "valid_span": 21, "significant": true }, "geometry": { "type": "Point", "coordinates": [ 173.147009539562646, 1.374006654836443 ] } },
{ "type": "Feature", "properties": { "uid": "xb5pu44kf8", "rate_time": -0.552, "sig_time": 0.38, "se_time": 0.611, "sce": 65.63, "nsm": null, "valid_obs": 18, "valid_span": 21, "significant": false }, "geometry": { "type": "Point", "coordinates": [ 173.147733379086219, 1.374107181305705 ] } },
{ "type": "Feature", "properties": { "uid": "xb5pu41sy8", "rate_time": -2.031, "sig_time": 0.0, "se_time": 0.435, "sce": 65.89, "nsm": null, "valid_obs": 18, "valid_span": 21, "significant": true }, "geometry": { "type": "Point", "coordinates": [ 173.146878381461619, 1.374110856334095 ] } },
{ "type": "Feature", "properties": { "uid": "xb5pu41t0d", "rate_time": -1.389, "sig_time": 0.0, "se_time": 0.22, "sce": 31.92, "nsm": null, "valid_obs": 18, "valid_span": 21, "significant": true }, "geometry": { "type": "Point", "coordinates": [ 173.146615152673064, 1.374164742972973 ] } },
{ "type": "Feature", "properties": { "uid": "xb5pu44jhe", "rate_time": -1.041, "sig_time": 0.24, "se_time": 0.853, "sce": 95.94, "nsm": null, "valid_obs": 18, "valid_span": 21, "significant": false }, "geometry": { "type": "Point", "coordinates": [ 173.14747181235424, 1.374170764192873 ] } },
{ "type": "Feature", "properties": { "uid": "xb5pu44nqp", "rate_time": -0.645, "sig_time": 0.007, "se_time": 0.208, "sce": 23.45, "nsm": null, "valid_obs": 17, "valid_span": 21, "significant": true }, "geometry": { "type": "Point", "coordinates": [ 173.147542169882598, 1.374406363981689 ] } },
{ "type": "Feature", "properties": { "uid": "xb5pu44qu2", "rate_time": -0.575, "sig_time": 0.131, "se_time": 0.361, "sce": 44.43, "nsm": null, "valid_obs": 18, "valid_span": 21, "significant": false }, "geometry": { "type": "Point", "coordinates": [ 173.147807314243948, 1.374453762818185 ] } },
{ "type": "Feature", "properties": { "uid": "xb5pu41jzr", "rate_time": -0.676, "sig_time": 0.003, "se_time": 0.194, "sce": 22.16, "nsm": null, "valid_obs": 18, "valid_span": 21, "significant": true }, "geometry": { "type": "Point", "coordinates": [ 173.146226156268597, 1.37431984440417 ] } },
{ "type": "Feature", "properties": { "uid": "xb5puh9sc6", "rate_time": -0.35, "sig_time": 0.001, "se_time": 0.088, "sce": 8.54, "nsm": null, "valid_obs": 17, "valid_span": 21, "significant": true }, "geometry": { "type": "Point", "coordinates": [ 173.146651050336317, 1.387851428788025 ] } },
{ "type": "Feature", "properties": { "uid": "xb5puh9ey6", "rate_time": -0.267, "sig_time": 0.011, "se_time": 0.093, "sce": 8.16, "nsm": null, "valid_obs": 17, "valid_span": 21, "significant": true }, "geometry": { "type": "Point", "coordinates": [ 173.146861144753359, 1.387681662880275 ] } },
{ "type": "Feature", "properties": { "uid": "xb5puh9fg7", "rate_time": -0.282, "sig_time": 0.013, "se_time": 0.101, "sce": 9.47, "nsm": null, "valid_obs": 17, "valid_span": 21, "significant": true }, "geometry": { "type": "Point", "coordinates": [ 173.147075504338005, 1.38751740579834 ] } },
{ "type": "Feature", "properties": { "uid": "xb5puhd1bx", "rate_time": -0.316, "sig_time": 0.005, "se_time": 0.095, "sce": 9.8, "nsm": null, "valid_obs": 17, "valid_span": 21, "significant": true }, "geometry": { "type": "Point", "coordinates": [ 173.147299868087572, 1.387367159349595 ] } },
{ "type": "Feature", "properties": { "uid": "xb5puhd1je", "rate_time": -0.328, "sig_time": 0.003, "se_time": 0.093, "sce": 11.08, "nsm": null, "valid_obs": 17, "valid_span": 21, "significant": true }, "geometry": { "type": "Point", "coordinates": [ 173.147521426235244, 1.387212836614268 ] } },
{ "type": "Feature", "properties": { "uid": "xb5puhd24e", "rate_time": -0.376, "sig_time": 0.138, "se_time": 0.241, "sce": 30.08, "nsm": null, "valid_obs": 18, "valid_span": 21, "significant": false }, "geometry": { "type": "Point", "coordinates": [ 173.147732959215517, 1.387045069297269 ] } },
{ "type": "Feature", "properties": { "uid": "xb5puh6rp7", "rate_time": -0.483, "sig_time": 0.0, "se_time": 0.106, "sce": 15.64, "nsm": null, "valid_obs": 18, "valid_span": 21, "significant": true }, "geometry": { "type": "Point", "coordinates": [ 173.147940659232518, 1.386872388737074 ] } },
{ "type": "Feature", "properties": { "uid": "xb5puh6wh4", "rate_time": -0.598, "sig_time": 0.0, "se_time": 0.12, "sce": 18.91, "nsm": null, "valid_obs": 18, "valid_span": 21, "significant": true }, "geometry": { "type": "Point", "coordinates": [ 173.148142604410282, 1.386692822316783 ] } },
{ "type": "Feature", "properties": { "uid": "xb5puh6v14", "rate_time": -0.57, "sig_time": 0.0, "se_time": 0.12, "sce": 18.9, "nsm": null, "valid_obs": 18, "valid_span": 21, "significant": true }, "geometry": { "type": "Point", "coordinates": [ 173.148352764561594, 1.386523041816693 ] } },
{ "type": "Feature", "properties": { "uid": "xb5puh6unh", "rate_time": -0.549, "sig_time": 0.0, "se_time": 0.126, "sce": 18.56, "nsm": null, "valid_obs": 18, "valid_span": 21, "significant": true }, "geometry": { "type": "Point", "coordinates": [ 173.148568263790821, 1.38636039473439 ] } },
{ "type": "Feature", "properties": { "uid": "xb5puh755n", "rate_time": -0.556, "sig_time": 0.081, "se_time": 0.299, "sce": 32.4, "nsm": null, "valid_obs": 19, "valid_span": 21, "significant": false }, "geometry": { "type": "Point", "coordinates": [ 173.148785298525524, 1.386199687682012 ] } },
{ "type": "Feature", "properties": { "uid": "xb5puh760n", "rate_time": -0.576, "sig_time": 0.0, "se_time": 0.121, "sce": 18.05, "nsm": null, "valid_obs": 18, "valid_span": 21, "significant": true }, "geometry": { "type": "Point", "coordinates": [ 173.148996474986347, 1.386031201822418 ] } },
{ "type": "Feature", "properties": { "uid": "xb5puh73hz", "rate_time": -0.786, "sig_time": 0.0, "se_time": 0.13, "sce": 20.42, "nsm": null, "valid_obs": 18, "valid_span": 21, "significant": true }, "geometry": { "type": "Point", "coordinates": [ 173.149208275634521, 1.385863531393161 ] } },
{ "type": "Feature", "properties": { "uid": "xb5puh7865", "rate_time": -0.838, "sig_time": 0.0, "se_time": 0.149, "sce": 21.65, "nsm": null, "valid_obs": 18, "valid_span": 21, "significant": true }, "geometry": { "type": "Point", "coordinates": [ 173.14943149579841, 1.38571157092894 ] } },
{ "type": "Feature", "properties": { "uid": "xb5puh5xr5", "rate_time": -0.888, "sig_time": 0.0, "se_time": 0.164, "sce": 25.42, "nsm": null, "valid_obs": 18, "valid_span": 21, "significant": true }, "geometry": { "type": "Point", "coordinates": [ 173.14964045062365, 1.385540472687348 ] } },
{ "type": "Feature", "properties": { "uid": "xb5puh5y7f", "rate_time": -0.93, "sig_time": 0.0, "se_time": 0.152, "sce": 22.85, "nsm": null, "valid_obs": 18, "valid_span": 21, "significant": true }, "geometry": { "type": "Point", "coordinates": [ 173.149843833436563, 1.385362679185348 ] } },
{ "type": "Feature", "properties": { "uid": "xb5puhhj29", "rate_time": -0.931, "sig_time": 0.0, "se_time": 0.119, "sce": 20.26, "nsm": null, "valid_obs": 18, "valid_span": 21, "significant": true }, "geometry": { "type": "Point", "coordinates": [ 173.150047774533761, 1.385185509241101 ] } },
{ "type": "Feature", "properties": { "uid": "xb5puhhhmd", "rate_time": -0.895, "sig_time": 0.0, "se_time": 0.107, "sce": 18.7, "nsm": null, "valid_obs": 18, "valid_span": 21, "significant": true }, "geometry": { "type": "Point", "coordinates": [ 173.150262383767398, 1.385021464302317 ] } },
{ "type": "Feature", "properties": { "uid": "xb5puhh76s", "rate_time": -0.829, "sig_time": 0.0, "se_time": 0.117, "sce": 19.02, "nsm": null, "valid_obs": 18, "valid_span": 21, "significant": true }, "geometry": { "type": "Point", "coordinates": [ 173.150477456232096, 1.384858235526057 ] } },
{ "type": "Feature", "properties": { "uid": "xb5puhh6r4", "rate_time": -0.863, "sig_time": 0.0, "se_time": 0.13, "sce": 20.99, "nsm": null, "valid_obs": 18, "valid_span": 21, "significant": true }, "geometry": { "type": "Point", "coordinates": [ 173.150675693700606, 1.384674573968806 ] } },
{ "type": "Feature", "properties": { "uid": "xb5puhh97c", "rate_time": -0.979, "sig_time": 0.0, "se_time": 0.136, "sce": 21.57, "nsm": null, "valid_obs": 18, "valid_span": 21, "significant": true }, "geometry": { "type": "Point", "coordinates": [ 173.150880547667811, 1.384498837321835 ] } },
{ "type": "Feature", "properties": { "uid": "xb5puhhb35", "rate_time": -0.896, "sig_time": 0.0, "se_time": 0.151, "sce": 19.65, "nsm": null, "valid_obs": 18, "valid_span": 21, "significant": true }, "geometry": { "type": "Point", "coordinates": [ 173.151097672748705, 1.384338198707213 ] } },
{ "type": "Feature", "properties": { "uid": "xb5pu5uzmg", "rate_time": -0.75, "sig_time": 0.0, "se_time": 0.149, "sce": 18.84, "nsm": null, "valid_obs": 18, "valid_span": 21, "significant": true }, "geometry": { "type": "Point", "coordinates": [ 173.151306623418265, 1.384166913848204 ] } },
{ "type": "Feature", "properties": { "uid": "xb5pu1d9mj", "rate_time": -0.232, "sig_time": 0.583, "se_time": 0.414, "sce": 41.34, "nsm": null, "valid_obs": 17, "valid_span": 21, "significant": false }, "geometry": { "type": "Point", "coordinates": [ 173.148183918669105, 1.370790807227139 ] } },
{ "type": "Feature", "properties": { "uid": "xb5pu1df3y", "rate_time": -0.026, "sig_time": 0.921, "se_time": 0.259, "sce": 25.2, "nsm": null, "valid_obs": 17, "valid_span": 21, "significant": false }, "geometry": { "type": "Point", "coordinates": [ 173.148392036069907, 1.37096287648493 ] } },
{ "type": "Feature", "properties": { "uid": "xb5pu1efyr", "rate_time": 0.003, "sig_time": 0.994, "se_time": 0.43, "sce": 44.77, "nsm": null, "valid_obs": 17, "valid_span": 21, "significant": false }, "geometry": { "type": "Point", "coordinates": [ 173.149958024018218, 1.3710544803727 ] } },
{ "type": "Feature", "properties": { "uid": "xb5pu1dgqv", "rate_time": 0.094, "sig_time": 0.585, "se_time": 0.169, "sce": 14.79, "nsm": null, "valid_obs": 17, "valid_span": 21, "significant": false }, "geometry": { "type": "Point", "coordinates": [ 173.148598875581285, 1.371130662436624 ] } },
{ "type": "Feature", "properties": { "uid": "xb5pu1e5ux", "rate_time": 0.151, "sig_time": 0.502, "se_time": 0.219, "sce": 18.12, "nsm": null, "valid_obs": 17, "valid_span": 21, "significant": false }, "geometry": { "type": "Point", "coordinates": [ 173.148848431372272, 1.371230156578892 ] } },
{ "type": "Feature", "properties": { "uid": "xb5pu1eu45", "rate_time": 0.012, "sig_time": 0.978, "se_time": 0.452, "sce": 39.44, "nsm": null, "valid_obs": 17, "valid_span": 21, "significant": false }, "geometry": { "type": "Point", "coordinates": [ 173.149772155199003, 1.371250870825575 ] } },
{ "type": "Feature", "properties": { "uid": "xb5pu1ek6x", "rate_time": 0.275, "sig_time": 0.414, "se_time": 0.327, "sce": 26.93, "nsm": null, "valid_obs": 17, "valid_span": 21, "significant": false }, "geometry": { "type": "Point", "coordinates": [ 173.149104524760787, 1.371314584960688 ] } },
{ "type": "Feature", "properties": { "uid": "xb5pu1f3tw", "rate_time": 0.291, "sig_time": 0.157, "se_time": 0.195, "sce": 16.7, "nsm": null, "valid_obs": 17, "valid_span": 21, "significant": false }, "geometry": { "type": "Point", "coordinates": [ 173.147860595784408, 1.372207527493261 ] } },
{ "type": "Feature", "properties": { "uid": "xb5pu1fd7p", "rate_time": 0.308, "sig_time": 0.081, "se_time": 0.164, "sce": 15.53, "nsm": null, "valid_obs": 17, "valid_span": 21, "significant": false }, "geometry": { "type": "Point", "coordinates": [ 173.148094612950445, 1.372342030642878 ] } },
{ "type": "Feature", "properties": { "uid": "xb5pu1ffbz", "rate_time": 0.45, "sig_time": 0.092, "se_time": 0.25, "sce": 22.51, "nsm": null, "valid_obs": 17, "valid_span": 21, "significant": false }, "geometry": { "type": "Point", "coordinates": [ 173.148348128762649, 1.372431425816124 ] } },
{ "type": "Feature", "properties": { "uid": "xb5pu1ge43", "rate_time": 0.985, "sig_time": 0.083, "se_time": 0.528, "sce": 63.35, "nsm": null, "valid_obs": 16, "valid_span": 21, "significant": false }, "geometry": { "type": "Point", "coordinates": [ 173.149438278663951, 1.372441532718981 ] } },
{ "type": "Feature", "properties": { "uid": "xb5pu1fgvz", "rate_time": 0.014, "sig_time": 0.94, "se_time": 0.184, "sce": 17.57, "nsm": null, "valid_obs": 17, "valid_span": 21, "significant": false }, "geometry": { "type": "Point", "coordinates": [ 173.148555423828867, 1.372601770891516 ] } },
{ "type": "Feature", "properties": { "uid": "xb5pu44x61", "rate_time": -0.493, "sig_time": 0.058, "se_time": 0.241, "sce": 20.65, "nsm": null, "valid_obs": 18, "valid_span": 21, "significant": false }, "geometry": { "type": "Point", "coordinates": [ 173.148060763054332, 1.374543445498123 ] } },
{ "type": "Feature", "properties": { "uid": "xb5pu44zb4", "rate_time": -0.279, "sig_time": 0.191, "se_time": 0.204, "sce": 19.32, "nsm": null, "valid_obs": 18, "valid_span": 21, "significant": false }, "geometry": { "type": "Point", "coordinates": [ 173.148314693616328, 1.374633279784399 ] } },
{ "type": "Feature", "properties": { "uid": "xb5pu46bnk", "rate_time": -0.236, "sig_time": 0.214, "se_time": 0.183, "sce": 18.12, "nsm": null, "valid_obs": 18, "valid_span": 21, "significant": false }, "geometry": { "type": "Point", "coordinates": [ 173.148577692770601, 1.374689972583904 ] } },
{ "type": "Feature", "properties": { "uid": "xb5pu470kk", "rate_time": -0.358, "sig_time": 0.196, "se_time": 0.265, "sce": 24.7, "nsm": null, "valid_obs": 18, "valid_span": 21, "significant": false }, "geometry": { "type": "Point", "coordinates": [ 173.148844030029778, 1.374731198635114 ] } },
{ "type": "Feature", "properties": { "uid": "xb5pu472f8", "rate_time": -0.459, "sig_time": 0.349, "se_time": 0.476, "sce": 44.19, "nsm": null, "valid_obs": 18, "valid_span": 21, "significant": false }, "geometry": { "type": "Point", "coordinates": [ 173.149104937503807, 1.37479655392164 ] } },
{ "type": "Feature", "properties": { "uid": "xb5pu47dkz", "rate_time": 0.392, "sig_time": 0.294, "se_time": 0.362, "sce": 37.0, "nsm": null, "valid_obs": 18, "valid_span": 21, "significant": false }, "geometry": { "type": "Point", "coordinates": [ 173.149549888135141, 1.375090999500529 ] } },
{ "type": "Feature", "properties": { "uid": "xb5pu47g8v", "rate_time": 0.882, "sig_time": 0.058, "se_time": 0.431, "sce": 43.74, "nsm": null, "valid_obs": 18, "valid_span": 21, "significant": false }, "geometry": { "type": "Point", "coordinates": [ 173.149723511415658, 1.375294351074719 ] } },
{ "type": "Feature", "properties": { "uid": "xb5pu47twm", "rate_time": 0.439, "sig_time": 0.229, "se_time": 0.349, "sce": 29.19, "nsm": null, "valid_obs": 16, "valid_span": 20, "significant": false }, "geometry": { "type": "Point", "coordinates": [ 173.149612625072677, 1.375635379540718 ] } },
{ "type": "Feature", "properties": { "uid": "xb5pu47vdn", "rate_time": 0.222, "sig_time": 0.555, "se_time": 0.367, "sce": 28.88, "nsm": null, "valid_obs": 16, "valid_span": 20, "significant": false }, "geometry": { "type": "Point", "coordinates": [ 173.149767231536089, 1.375642101111628 ] } },
{ "type": "Feature", "properties": { "uid": "xb5pu47vf1", "rate_time": 0.206, "sig_time": 0.585, "se_time": 0.368, "sce": 28.79, "nsm": null, "valid_obs": 16, "valid_span": 20, "significant": false }, "geometry": { "type": "Point", "coordinates": [ 173.149772304578704, 1.375661906124862 ] } },
{ "type": "Feature", "properties": { "uid": "xb5pu4gnr5", "rate_time": 0.577, "sig_time": 0.077, "se_time": 0.305, "sce": 25.2, "nsm": null, "valid_obs": 18, "valid_span": 21, "significant": false }, "geometry": { "type": "Point", "coordinates": [ 173.148957650021288, 1.378501506515353 ] } },
{ "type": "Feature", "properties": { "uid": "xb5pu4gqmm", "rate_time": 1.042, "sig_time": 0.055, "se_time": 0.504, "sce": 53.06, "nsm": null, "valid_obs": 18, "valid_span": 21, "significant": false }, "geometry": { "type": "Point", "coordinates": [ 173.149220947261142, 1.378512587197087 ] } },
{ "type": "Feature", "properties": { "uid": "xb5pu4gnc5", "rate_time": 0.2, "sig_time": 0.312, "se_time": 0.191, "sce": 16.83, "nsm": null, "valid_obs": 18, "valid_span": 21, "significant": false }, "geometry": { "type": "Point", "coordinates": [ 173.148703271823678, 1.378587166787139 ] } },
{ "type": "Feature", "properties": { "uid": "xb5pu4gx66", "rate_time": 0.206, "sig_time": 0.696, "se_time": 0.518, "sce": 51.81, "nsm": null, "valid_obs": 18, "valid_span": 21, "significant": false }, "geometry": { "type": "Point", "coordinates": [ 173.149437036437973, 1.378669455496387 ] } },
{ "type": "Feature", "properties": { "uid": "xb5pu4fz7x", "rate_time": -0.072, "sig_time": 0.731, "se_time": 0.205, "sce": 18.01, "nsm": null, "valid_obs": 18, "valid_span": 21, "significant": false }, "geometry": { "type": "Point", "coordinates": [ 173.148458959277747, 1.378698087271693 ] } },
{ "type": "Feature", "properties": { "uid": "xb5pu4gz8r", "rate_time": -0.247, "sig_time": 0.619, "se_time": 0.487, "sce": 43.25, "nsm": null, "valid_obs": 18, "valid_span": 21, "significant": false }, "geometry": { "type": "Point", "coordinates": [ 173.149697001531223, 1.378740120432274 ] } },
{ "type": "Feature", "properties": { "uid": "xb5pu4fxvx", "rate_time": -0.226, "sig_time": 0.511, "se_time": 0.337, "sce": 30.5, "nsm": null, "valid_obs": 18, "valid_span": 21, "significant": false }, "geometry": { "type": "Point", "coordinates": [ 173.148202440302953, 1.37878087033413 ] } },
{ "type": "Feature", "properties": { "uid": "xb5pu542rm", "rate_time": -0.41, "sig_time": 0.497, "se_time": 0.591, "sce": 51.66, "nsm": null, "valid_obs": 18, "valid_span": 21, "significant": false }, "geometry": { "type": "Point", "coordinates": [ 173.147943011880727, 1.378854201391019 ] } },
{ "type": "Feature", "properties": { "uid": "xb5pu5431c", "rate_time": -0.8, "sig_time": 0.376, "se_time": 0.88, "sce": 79.21, "nsm": null, "valid_obs": 19, "valid_span": 21, "significant": false }, "geometry": { "type": "Point", "coordinates": [ 173.147699585052493, 1.378965159156042 ] } },
{ "type": "Feature", "properties": { "uid": "xb5pu47gn7", "rate_time": 0.148, "sig_time": 0.669, "se_time": 0.341, "sce": 30.83, "nsm": null, "valid_obs": 18, "valid_span": 21, "significant": false }, "geometry": { "type": "Point", "coordinates": [ 173.14995451660144, 1.375198343228192 ] } },
{ "type": "Feature", "properties": { "uid": "xb5pu4gzys", "rate_time": -0.298, "sig_time": 0.463, "se_time": 0.396, "sce": 32.52, "nsm": null, "valid_obs": 18, "valid_span": 21, "significant": false }, "geometry": { "type": "Point", "coordinates": [ 173.149964670060598, 1.378765308666666 ] } },
{ "type": "Feature", "properties": { "uid": "xb5pu4k5h6", "rate_time": -0.069, "sig_time": 0.831, "se_time": 0.318, "sce": 26.52, "nsm": null, "valid_obs": 18, "valid_span": 21, "significant": false }, "geometry": { "type": "Point", "coordinates": [ 173.150215592814874, 1.375194874376209 ] } },
{ "type": "Feature", "properties": { "uid": "xb5pu4upug", "rate_time": -0.302, "sig_time": 0.364, "se_time": 0.322, "sce": 25.24, "nsm": null, "valid_obs": 18, "valid_span": 21, "significant": false }, "geometry": { "type": "Point", "coordinates": [ 173.150233904353883, 1.378759489213395 ] } },
{ "type": "Feature", "properties": { "uid": "xb5pu4k76e", "rate_time": 0.024, "sig_time": 0.948, "se_time": 0.358, "sce": 30.19, "nsm": null, "valid_obs": 18, "valid_span": 21, "significant": false }, "geometry": { "type": "Point", "coordinates": [ 173.150480904118183, 1.375241712047678 ] } },
{ "type": "Feature", "properties": { "uid": "xb5pu4urgp", "rate_time": -0.373, "sig_time": 0.222, "se_time": 0.294, "sce": 23.35, "nsm": null, "valid_obs": 18, "valid_span": 21, "significant": false }, "geometry": { "type": "Point", "coordinates": [ 173.150502164335961, 1.378780917072287 ] } },
{ "type": "Feature", "properties": { "uid": "xb5pu4ke8c", "rate_time": 0.043, "sig_time": 0.926, "se_time": 0.457, "sce": 40.96, "nsm": null, "valid_obs": 18, "valid_span": 21, "significant": false }, "geometry": { "type": "Point", "coordinates": [ 173.150748245710105, 1.37527406844898 ] } },
{ "type": "Feature", "properties": { "uid": "xb5pu5h81m", "rate_time": -0.454, "sig_time": 0.102, "se_time": 0.262, "sce": 21.54, "nsm": null, "valid_obs": 18, "valid_span": 21, "significant": false }, "geometry": { "type": "Point", "coordinates": [ 173.150769885793579, 1.378811898196256 ] } },
{ "type": "Feature", "properties": { "uid": "xb5pu4kez0", "rate_time": 0.016, "sig_time": 0.976, "se_time": 0.547, "sce": 59.79, "nsm": null, "valid_obs": 18, "valid_span": 21, "significant": false }, "geometry": { "type": "Point", "coordinates": [ 173.151015464873296, 1.375308828113242 ] } },
{ "type": "Feature", "properties": { "uid": "xb5pu5h8re", "rate_time": -0.548, "sig_time": 0.039, "se_time": 0.244, "sce": 20.84, "nsm": null, "valid_obs": 18, "valid_span": 21, "significant": true }, "geometry": { "type": "Point", "coordinates": [ 173.151037546451107, 1.378843436894782 ] } },
{ "type": "Feature", "properties": { "uid": "xb5pu4kuj5", "rate_time": 0.449, "sig_time": 0.139, "se_time": 0.287, "sce": 26.67, "nsm": null, "valid_obs": 17, "valid_span": 21, "significant": false }, "geometry": { "type": "Point", "coordinates": [ 173.151277829117504, 1.375369221567871 ] } },
{ "type": "Feature", "properties": { "uid": "xb5pu5hbtu", "rate_time": -0.608, "sig_time": 0.022, "se_time": 0.239, "sce": 20.79, "nsm": null, "valid_obs": 18, "valid_span": 21, "significant": true }, "geometry": { "type": "Point", "coordinates": [ 173.151301676496701, 1.378896229212738 ] } },
{ "type": "Feature", "properties": { "uid": "xb5pu4mhe2", "rate_time": 0.69, "sig_time": 0.088, "se_time": 0.378, "sce": 40.02, "nsm": null, "valid_obs": 17, "valid_span": 21, "significant": false }, "geometry": { "type": "Point", "coordinates": [ 173.151538745443276, 1.375437083709178 ] } },
{ "type": "Feature", "properties": { "uid": "xb5pu5j0gy", "rate_time": -0.438, "sig_time": 0.101, "se_time": 0.252, "sce": 21.68, "nsm": null, "valid_obs": 18, "valid_span": 21, "significant": false }, "geometry": { "type": "Point", "coordinates": [ 173.151566022947065, 1.37894888288628 ] } },
{ "type": "Feature", "properties": { "uid": "xb5pu4mkc6", "rate_time": 0.486, "sig_time": 0.137, "se_time": 0.308, "sce": 35.66, "nsm": null, "valid_obs": 16, "valid_span": 21, "significant": false }, "geometry": { "type": "Point", "coordinates": [ 173.151802489802691, 1.37549203816449 ] } },
{ "type": "Feature", "properties": { "uid": "xb5pu5j361", "rate_time": -0.146, "sig_time": 0.729, "se_time": 0.413, "sce": 47.91, "nsm": null, "valid_obs": 18, "valid_span": 21, "significant": false }, "geometry": { "type": "Point", "coordinates": [ 173.151829055826255, 1.379007723137567 ] } },
{ "type": "Feature", "properties": { "uid": "xb5pu4mmps", "rate_time": 0.188, "sig_time": 0.551, "se_time": 0.309, "sce": 35.64, "nsm": null, "valid_obs": 17, "valid_span": 21, "significant": false }, "geometry": { "type": "Point", "coordinates": [ 173.152066180012099, 1.375547758063072 ] } },
{ "type": "Feature", "properties": { "uid": "xb5pu5j985", "rate_time": 0.362, "sig_time": 0.332, "se_time": 0.362, "sce": 34.81, "nsm": null, "valid_obs": 17, "valid_span": 21, "significant": false }, "geometry": { "type": "Point", "coordinates": [ 173.152093545303188, 1.379059399395722 ] } },
{ "type": "Feature", "properties": { "uid": "xb5pu4mtte", "rate_time": -0.149, "sig_time": 0.631, "se_time": 0.304, "sce": 26.39, "nsm": null, "valid_obs": 17, "valid_span": 21, "significant": false }, "geometry": { "type": "Point", "coordinates": [ 173.152323871681773, 1.375625731660995 ] } },
{ "type": "Feature", "properties": { "uid": "xb5pu4my59", "rate_time": -0.436, "sig_time": 0.369, "se_time": 0.47, "sce": 37.32, "nsm": null, "valid_obs": 17, "valid_span": 21, "significant": false }, "geometry": { "type": "Point", "coordinates": [ 173.152582607939735, 1.375700604417532 ] } },
{ "type": "Feature", "properties": { "uid": "xb5pu4qn3x", "rate_time": -0.142, "sig_time": 0.596, "se_time": 0.261, "sce": 23.01, "nsm": null, "valid_obs": 16, "valid_span": 21, "significant": false }, "geometry": { "type": "Point", "coordinates": [ 173.15284052979311, 1.375778246624237 ] } },
{ "type": "Feature", "properties": { "uid": "xb5pu4y1k7", "rate_time": -0.299, "sig_time": 0.591, "se_time": 0.547, "sce": 45.82, "nsm": null, "valid_obs": 19, "valid_span": 21, "significant": false }, "geometry": { "type": "Point", "coordinates": [ 173.152958586019679, 1.377642298640777 ] } },
{ "type": "Feature", "properties": { "uid": "xb5pu4wnrj", "rate_time": -0.937, "sig_time": 0.288, "se_time": 0.853, "sce": 67.37, "nsm": null, "valid_obs": 19, "valid_span": 21, "significant": false }, "geometry": { "type": "Point", "coordinates": [ 173.153071707411982, 1.377137968605558 ] } },
{ "type": "Feature", "properties": { "uid": "xb5pu4qppj", "rate_time": 0.2, "sig_time": 0.693, "se_time": 0.498, "sce": 59.22, "nsm": null, "valid_obs": 17, "valid_span": 21, "significant": false }, "geometry": { "type": "Point", "coordinates": [ 173.153081235474303, 1.375895589438397 ] } },
{ "type": "Feature", "properties": { "uid": "xb5pu4wkcq", "rate_time": -0.931, "sig_time": 0.352, "se_time": 0.973, "sce": 69.23, "nsm": null, "valid_obs": 19, "valid_span": 21, "significant": false }, "geometry": { "type": "Point", "coordinates": [ 173.153175120940574, 1.376887784144721 ] } },
{ "type": "Feature", "properties": { "uid": "xb5pspkqcu", "rate_time": -0.867, "sig_time": 0.007, "se_time": 0.28, "sce": 26.62, "nsm": null, "valid_obs": 18, "valid_span": 21, "significant": true }, "geometry": { "type": "Point", "coordinates": [ 173.150451748843096, 1.359368440634209 ] } },
{ "type": "Feature", "properties": { "uid": "xb5pspkmys", "rate_time": -1.463, "sig_time": 0.0, "se_time": 0.265, "sce": 34.34, "nsm": null, "valid_obs": 18, "valid_span": 21, "significant": true }, "geometry": { "type": "Point", "coordinates": [ 173.150653782827703, 1.359196962757177 ] } },
{ "type": "Feature", "properties": { "uid": "xb5pspktsn", "rate_time": -1.215, "sig_time": 0.0, "se_time": 0.184, "sce": 30.34, "nsm": null, "valid_obs": 18, "valid_span": 21, "significant": true }, "geometry": { "type": "Point", "coordinates": [ 173.150888828907739, 1.359163799114437 ] } },
{ "type": "Feature", "properties": { "uid": "xb5pspky3g", "rate_time": -1.071, "sig_time": 0.0, "se_time": 0.184, "sce": 26.5, "nsm": null, "valid_obs": 18, "valid_span": 21, "significant": true }, "geometry": { "type": "Point", "coordinates": [ 173.151130831110436, 1.359276029449515 ] } },
{ "type": "Feature", "properties": { "uid": "xb5pspmn80", "rate_time": -0.869, "sig_time": 0.0, "se_time": 0.158, "sce": 21.84, "nsm": null, "valid_obs": 18, "valid_span": 21, "significant": true }, "geometry": { "type": "Point", "coordinates": [ 173.151397740844743, 1.35930413859399 ] } },
{ "type": "Feature", "properties": { "uid": "xb5pspmnqk", "rate_time": -0.865, "sig_time": 0.0, "se_time": 0.169, "sce": 21.28, "nsm": null, "valid_obs": 18, "valid_span": 21, "significant": true }, "geometry": { "type": "Point", "coordinates": [ 173.151666358124601, 1.35928273052949 ] } },
{ "type": "Feature", "properties": { "uid": "xb5pspmqhx", "rate_time": -0.915, "sig_time": 0.0, "se_time": 0.197, "sce": 24.05, "nsm": null, "valid_obs": 18, "valid_span": 21, "significant": true }, "geometry": { "type": "Point", "coordinates": [ 173.151934158617848, 1.359252531255149 ] } },
{ "type": "Feature", "properties": { "uid": "xb5pspmtfx", "rate_time": -0.906, "sig_time": 0.0, "se_time": 0.205, "sce": 25.37, "nsm": null, "valid_obs": 18, "valid_span": 21, "significant": true }, "geometry": { "type": "Point", "coordinates": [ 173.15220021009668, 1.359211379035194 ] } },
{ "type": "Feature", "properties": { "uid": "xb5pspmv89", "rate_time": -0.768, "sig_time": 0.001, "se_time": 0.186, "sce": 22.87, "nsm": null, "valid_obs": 18, "valid_span": 21, "significant": true }, "geometry": { "type": "Point", "coordinates": [ 173.152457597295296, 1.35913455843676 ] } },
{ "type": "Feature", "properties": { "uid": "xb5pspmuyk", "rate_time": -0.49, "sig_time": 0.021, "se_time": 0.192, "sce": 19.23, "nsm": null, "valid_obs": 18, "valid_span": 21, "significant": true }, "geometry": { "type": "Point", "coordinates": [ 173.152704243730739, 1.359025610966846 ] } },
{ "type": "Feature", "properties": { "uid": "xb5pspqhk0", "rate_time": -0.609, "sig_time": 0.006, "se_time": 0.191, "sce": 17.66, "nsm": null, "valid_obs": 18, "valid_span": 21, "significant": true }, "geometry": { "type": "Point", "coordinates": [ 173.152951891533746, 1.358918654812743 ] } },
{ "type": "Feature", "properties": { "uid": "xb5pspqk46", "rate_time": -0.667, "sig_time": 0.005, "se_time": 0.202, "sce": 18.27, "nsm": null, "valid_obs": 18, "valid_span": 21, "significant": true }, "geometry": { "type": "Point", "coordinates": [ 173.153218985976793, 1.358884352803875 ] } },
{ "type": "Feature", "properties": { "uid": "xb5pspqebw", "rate_time": -0.686, "sig_time": 0.003, "se_time": 0.196, "sce": 18.92, "nsm": null, "valid_obs": 18, "valid_span": 21, "significant": true }, "geometry": { "type": "Point", "coordinates": [ 173.153487708172179, 1.358864057318509 ] } },
{ "type": "Feature", "properties": { "uid": "xb5pspqeyf", "rate_time": -0.657, "sig_time": 0.005, "se_time": 0.203, "sce": 19.49, "nsm": null, "valid_obs": 18, "valid_span": 21, "significant": true }, "geometry": { "type": "Point", "coordinates": [ 173.153756401104971, 1.358843263864902 ] } },
{ "type": "Feature", "properties": { "uid": "xb5pspqgv4", "rate_time": -0.635, "sig_time": 0.009, "se_time": 0.214, "sce": 18.94, "nsm": null, "valid_obs": 18, "valid_span": 21, "significant": true }, "geometry": { "type": "Point", "coordinates": [ 173.154025844682138, 1.358839755571573 ] } },
{ "type": "Feature", "properties": { "uid": "xb5pspr5ek", "rate_time": -0.551, "sig_time": 0.004, "se_time": 0.166, "sce": 16.8, "nsm": null, "valid_obs": 18, "valid_span": 21, "significant": true }, "geometry": { "type": "Point", "coordinates": [ 173.154293726926312, 1.35881063303177 ] } },
{ "type": "Feature", "properties": { "uid": "xb5pspr73s", "rate_time": -0.499, "sig_time": 0.001, "se_time": 0.121, "sce": 13.81, "nsm": null, "valid_obs": 18, "valid_span": 21, "significant": true }, "geometry": { "type": "Point", "coordinates": [ 173.154559218639747, 1.358764231984296 ] } },
{ "type": "Feature", "properties": { "uid": "xb5pspr7pu", "rate_time": -0.536, "sig_time": 0.0, "se_time": 0.122, "sce": 14.09, "nsm": null, "valid_obs": 18, "valid_span": 21, "significant": true }, "geometry": { "type": "Point", "coordinates": [ 173.154825954697003, 1.358725640989158 ] } },
{ "type": "Feature", "properties": { "uid": "xb5psprdyj", "rate_time": -0.521, "sig_time": 0.002, "se_time": 0.143, "sce": 14.87, "nsm": null, "valid_obs": 18, "valid_span": 21, "significant": true }, "geometry": { "type": "Point", "coordinates": [ 173.155092288735773, 1.358684289989956 ] } },
{ "type": "Feature", "properties": { "uid": "xb5psprfsq", "rate_time": -0.452, "sig_time": 0.005, "se_time": 0.14, "sce": 15.46, "nsm": null, "valid_obs": 18, "valid_span": 21, "significant": true }, "geometry": { "type": "Point", "coordinates": [ 173.155359097230843, 1.358646166669838 ] } },
{ "type": "Feature", "properties": { "uid": "xb5psr246x", "rate_time": -0.351, "sig_time": 0.018, "se_time": 0.134, "sce": 14.25, "nsm": null, "valid_obs": 18, "valid_span": 21, "significant": true }, "geometry": { "type": "Point", "coordinates": [ 173.155626513314644, 1.358612643719527 ] } },
{ "type": "Feature", "properties": { "uid": "xb5psr262f", "rate_time": -0.033, "sig_time": 0.867, "se_time": 0.195, "sce": 21.03, "nsm": null, "valid_obs": 19, "valid_span": 22, "significant": false }, "geometry": { "type": "Point", "coordinates": [ 173.155894295252381, 1.358582205810881 ] } },
{ "type": "Feature", "properties": { "uid": "xb5psr26rh", "rate_time": -0.273, "sig_time": 0.059, "se_time": 0.135, "sce": 13.63, "nsm": null, "valid_obs": 19, "valid_span": 22, "significant": false }, "geometry": { "type": "Point", "coordinates": [ 173.156163170879381, 1.358593899607303 ] } },
{ "type": "Feature", "properties": { "uid": "xb5psr2dt3", "rate_time": -0.309, "sig_time": 0.055, "se_time": 0.15, "sce": 17.08, "nsm": null, "valid_obs": 19, "valid_span": 22, "significant": false }, "geometry": { "type": "Point", "coordinates": [ 173.156431415832429, 1.358619698134114 ] } },
{ "type": "Feature", "properties": { "uid": "xb5psr2f5r", "rate_time": -0.341, "sig_time": 0.369, "se_time": 0.369, "sce": 51.47, "nsm": null, "valid_obs": 19, "valid_span": 22, "significant": false }, "geometry": { "type": "Point", "coordinates": [ 173.156694360357477, 1.358567155570992 ] } },
{ "type": "Feature", "properties": { "uid": "xb5psr3195", "rate_time": -0.086, "sig_time": 0.408, "se_time": 0.102, "sce": 11.21, "nsm": null, "valid_obs": 18, "valid_span": 22, "significant": false }, "geometry": { "type": "Point", "coordinates": [ 173.156940833483134, 1.358460223631882 ] } },
{ "type": "Feature", "properties": { "uid": "xb5psr31p1", "rate_time": -0.242, "sig_time": 0.023, "se_time": 0.096, "sce": 13.27, "nsm": null, "valid_obs": 18, "valid_span": 22, "significant": true }, "geometry": { "type": "Point", "coordinates": [ 173.157192243502521, 1.358363249398261 ] } },
{ "type": "Feature", "properties": { "uid": "xb5psr32vn", "rate_time": -0.327, "sig_time": 0.003, "se_time": 0.094, "sce": 14.76, "nsm": null, "valid_obs": 18, "valid_span": 22, "significant": true }, "geometry": { "type": "Point", "coordinates": [ 173.157456710490266, 1.35834717761362 ] } },
{ "type": "Feature", "properties": { "uid": "xb5psr3972", "rate_time": -0.393, "sig_time": 0.002, "se_time": 0.103, "sce": 16.03, "nsm": null, "valid_obs": 18, "valid_span": 22, "significant": true }, "geometry": { "type": "Point", "coordinates": [ 173.157718938173304, 1.358403603723634 ] } },
{ "type": "Feature", "properties": { "uid": "xb5psr3c9k", "rate_time": -0.481, "sig_time": 0.0, "se_time": 0.095, "sce": 16.45, "nsm": null, "valid_obs": 18, "valid_span": 22, "significant": true }, "geometry": { "type": "Point", "coordinates": [ 173.157981201028065, 1.358465319118817 ] } },
{ "type": "Feature", "properties": { "uid": "xb5psr3cz8", "rate_time": -0.518, "sig_time": 0.0, "se_time": 0.086, "sce": 15.63, "nsm": null, "valid_obs": 18, "valid_span": 22, "significant": true }, "geometry": { "type": "Point", "coordinates": [ 173.158248595016204, 1.358488523646929 ] } },
{ "type": "Feature", "properties": { "uid": "xb5psr61vf", "rate_time": -0.497, "sig_time": 0.0, "se_time": 0.076, "sce": 12.98, "nsm": null, "valid_obs": 18, "valid_span": 22, "significant": true }, "geometry": { "type": "Point", "coordinates": [ 173.158517843190253, 1.358499051936462 ] } },
{ "type": "Feature", "properties": { "uid": "xb5psr665y", "rate_time": -0.514, "sig_time": 0.0, "se_time": 0.08, "sce": 11.96, "nsm": null, "valid_obs": 18, "valid_span": 22, "significant": true }, "geometry": { "type": "Point", "coordinates": [ 173.158777207947423, 1.358562083602501 ] } },
{ "type": "Feature", "properties": { "uid": "xb5psr6e11", "rate_time": -0.699, "sig_time": 0.0, "se_time": 0.111, "sce": 16.28, "nsm": null, "valid_obs": 18, "valid_span": 22, "significant": true }, "geometry": { "type": "Point", "coordinates": [ 173.159002274720933, 1.358709293717452 ] } },
{ "type": "Feature", "properties": { "uid": "xb5psr6sn1", "rate_time": -0.773, "sig_time": 0.0, "se_time": 0.134, "sce": 18.85, "nsm": null, "valid_obs": 18, "valid_span": 22, "significant": true }, "geometry": { "type": "Point", "coordinates": [ 173.159212095038811, 1.358879148502758 ] } },
{ "type": "Feature", "properties": { "uid": "xb5pu5vn6d", "rate_time": -0.734, "sig_time": 0.0, "se_time": 0.136, "sce": 18.76, "nsm": null, "valid_obs": 18, "valid_span": 21, "significant": true }, "geometry": { "type": "Point", "coordinates": [ 173.151510238911754, 1.383989334398822 ] } },
{ "type": "Feature", "properties": { "uid": "xb5pu5vjr2", "rate_time": -0.802, "sig_time": 0.0, "se_time": 0.16, "sce": 20.67, "nsm": null, "valid_obs": 18, "valid_span": 21, "significant": true }, "geometry": { "type": "Point", "coordinates": [ 173.15170902007938, 1.383806209072593 ] } },
{ "type": "Feature", "properties": { "uid": "xb5pu5vk5v", "rate_time": -0.832, "sig_time": 0.0, "se_time": 0.171, "sce": 21.45, "nsm": null, "valid_obs": 18, "valid_span": 21, "significant": true }, "geometry": { "type": "Point", "coordinates": [ 173.151905237028586, 1.383620296478093 ] } },
{ "type": "Feature", "properties": { "uid": "xb5pu5ve06", "rate_time": -0.831, "sig_time": 0.0, "se_time": 0.158, "sce": 20.81, "nsm": null, "valid_obs": 18, "valid_span": 21, "significant": true }, "geometry": { "type": "Point", "coordinates": [ 173.15209716695415, 1.383429902466399 ] } },
{ "type": "Feature", "properties": { "uid": "xb5pu5v9uw", "rate_time": -0.763, "sig_time": 0.0, "se_time": 0.149, "sce": 20.39, "nsm": null, "valid_obs": 18, "valid_span": 21, "significant": true }, "geometry": { "type": "Point", "coordinates": [ 173.152287641230089, 1.383238042397039 ] } },
{ "type": "Feature", "properties": { "uid": "xb5pu5vbc4", "rate_time": -0.661, "sig_time": 0.0, "se_time": 0.137, "sce": 17.93, "nsm": null, "valid_obs": 18, "valid_span": 21, "significant": true }, "geometry": { "type": "Point", "coordinates": [ 173.152479304604157, 1.383047377410761 ] } },
{ "type": "Feature", "properties": { "uid": "xb5pu5tztw", "rate_time": -0.548, "sig_time": 0.0, "se_time": 0.125, "sce": 16.75, "nsm": null, "valid_obs": 18, "valid_span": 21, "significant": true }, "geometry": { "type": "Point", "coordinates": [ 173.152668637516143, 1.382854392866778 ] } },
{ "type": "Feature", "properties": { "uid": "xb5pu5wn9f", "rate_time": -0.422, "sig_time": 0.009, "se_time": 0.142, "sce": 15.74, "nsm": null, "valid_obs": 18, "valid_span": 21, "significant": true }, "geometry": { "type": "Point", "coordinates": [ 173.152854969450829, 1.382658461545124 ] } },
{ "type": "Feature", "properties": { "uid": "xb5pu5wjqm", "rate_time": -0.441, "sig_time": 0.012, "se_time": 0.157, "sce": 16.43, "nsm": null, "valid_obs": 18, "valid_span": 21, "significant": true }, "geometry": { "type": "Point", "coordinates": [ 173.153040274661976, 1.382461564978661 ] } },
{ "type": "Feature", "properties": { "uid": "xb5pu5wk69", "rate_time": -0.537, "sig_time": 0.003, "se_time": 0.152, "sce": 17.83, "nsm": null, "valid_obs": 18, "valid_span": 21, "significant": true }, "geometry": { "type": "Point", "coordinates": [ 173.153227191192798, 1.382266187187735 ] } },
{ "type": "Feature", "properties": { "uid": "xb5pu5w7ng", "rate_time": -0.7, "sig_time": 0.0, "se_time": 0.156, "sce": 19.48, "nsm": null, "valid_obs": 18, "valid_span": 21, "significant": true }, "geometry": { "type": "Point", "coordinates": [ 173.153405149485195, 1.382062579407408 ] } },
{ "type": "Feature", "properties": { "uid": "xb5pu5w9fu", "rate_time": -0.856, "sig_time": 0.0, "se_time": 0.164, "sce": 23.5, "nsm": null, "valid_obs": 18, "valid_span": 21, "significant": true }, "geometry": { "type": "Point", "coordinates": [ 173.153580784581635, 1.381856959995167 ] } },
{ "type": "Feature", "properties": { "uid": "xb5pu5w8xp", "rate_time": -1.07, "sig_time": 0.0, "se_time": 0.192, "sce": 29.41, "nsm": null, "valid_obs": 18, "valid_span": 21, "significant": true }, "geometry": { "type": "Point", "coordinates": [ 173.153764798809988, 1.381658808555312 ] } },
{ "type": "Feature", "properties": { "uid": "xb5pu5qzu4", "rate_time": -1.077, "sig_time": 0.0, "se_time": 0.224, "sce": 30.79, "nsm": null, "valid_obs": 18, "valid_span": 21, "significant": true }, "geometry": { "type": "Point", "coordinates": [ 173.153981603771399, 1.381498859759042 ] } },
{ "type": "Feature", "properties": { "uid": "xb5pu5rp1z", "rate_time": -0.718, "sig_time": 0.081, "se_time": 0.385, "sce": 49.61, "nsm": null, "valid_obs": 18, "valid_span": 21, "significant": false }, "geometry": { "type": "Point", "coordinates": [ 173.154228279523835, 1.381397498726056 ] } },
{ "type": "Feature", "properties": { "uid": "xb5pu5rr05", "rate_time": -0.54, "sig_time": 0.079, "se_time": 0.288, "sce": 31.27, "nsm": null, "valid_obs": 18, "valid_span": 21, "significant": false }, "geometry": { "type": "Point", "coordinates": [ 173.154493633036878, 1.381377044319623 ] } },
{ "type": "Feature", "properties": { "uid": "xb5pu5rrtg", "rate_time": -0.386, "sig_time": 0.091, "se_time": 0.214, "sce": 20.58, "nsm": null, "valid_obs": 18, "valid_span": 21, "significant": false }, "geometry": { "type": "Point", "coordinates": [ 173.154741097049794, 1.381465336284425 ] } },
{ "type": "Feature", "properties": { "uid": "xb5pu5x8df", "rate_time": -0.306, "sig_time": 0.045, "se_time": 0.141, "sce": 13.38, "nsm": null, "valid_obs": 18, "valid_span": 21, "significant": true }, "geometry": { "type": "Point", "coordinates": [ 173.154949441913118, 1.381631646755893 ] } },
{ "type": "Feature", "properties": { "uid": "xb5pu5x9xp", "rate_time": -0.159, "sig_time": 0.199, "se_time": 0.119, "sce": 11.27, "nsm": null, "valid_obs": 18, "valid_span": 21, "significant": false }, "geometry": { "type": "Point", "coordinates": [ 173.155136102091802, 1.381827233363835 ] } },
{ "type": "Feature", "properties": { "uid": "xb5pu5xfs2", "rate_time": 0.094, "sig_time": 0.297, "se_time": 0.087, "sce": 9.7, "nsm": null, "valid_obs": 18, "valid_span": 21, "significant": false }, "geometry": { "type": "Point", "coordinates": [ 173.155366980257725, 1.381963647760371 ] } },
{ "type": "Feature", "properties": { "uid": "xb5pu784dd", "rate_time": 0.174, "sig_time": 0.21, "se_time": 0.134, "sce": 15.32, "nsm": null, "valid_obs": 18, "valid_span": 21, "significant": false }, "geometry": { "type": "Point", "coordinates": [ 173.155632635832234, 1.381974925020309 ] } },
{ "type": "Feature", "properties": { "uid": "xb5pu7860t", "rate_time": 0.083, "sig_time": 0.699, "se_time": 0.21, "sce": 19.04, "nsm": null, "valid_obs": 18, "valid_span": 21, "significant": false }, "geometry": { "type": "Point", "coordinates": [ 173.155890943899351, 1.381902752800716 ] } },
{ "type": "Feature", "properties": { "uid": "xb5pu783qh", "rate_time": 0.022, "sig_time": 0.923, "se_time": 0.223, "sce": 19.46, "nsm": null, "valid_obs": 18, "valid_span": 21, "significant": false }, "geometry": { "type": "Point", "coordinates": [ 173.156126296122636, 1.381771886452801 ] } },
{ "type": "Feature", "properties": { "uid": "xb5pu7887j", "rate_time": -0.037, "sig_time": 0.869, "se_time": 0.223, "sce": 19.79, "nsm": null, "valid_obs": 18, "valid_span": 21, "significant": false }, "geometry": { "type": "Point", "coordinates": [ 173.156333017184579, 1.381602642055497 ] } },
{ "type": "Feature", "properties": { "uid": "xb5pu72xjb", "rate_time": -0.101, "sig_time": 0.564, "se_time": 0.172, "sce": 16.45, "nsm": null, "valid_obs": 18, "valid_span": 21, "significant": false }, "geometry": { "type": "Point", "coordinates": [ 173.156458923458615, 1.381362839271949 ] } },
{ "type": "Feature", "properties": { "uid": "xb5pu72tx8", "rate_time": -0.388, "sig_time": 0.011, "se_time": 0.136, "sce": 14.26, "nsm": null, "valid_obs": 18, "valid_span": 21, "significant": true }, "geometry": { "type": "Point", "coordinates": [ 173.156535186722977, 1.381103052751572 ] } },
{ "type": "Feature", "properties": { "uid": "xb5pu72u5r", "rate_time": -0.457, "sig_time": 0.008, "se_time": 0.149, "sce": 16.29, "nsm": null, "valid_obs": 18, "valid_span": 21, "significant": true }, "geometry": { "type": "Point", "coordinates": [ 173.15669341882878, 1.380885655242373 ] } },
{ "type": "Feature", "properties": { "uid": "xb5pu72gpv", "rate_time": -0.587, "sig_time": 0.139, "se_time": 0.377, "sce": 45.41, "nsm": null, "valid_obs": 18, "valid_span": 21, "significant": false }, "geometry": { "type": "Point", "coordinates": [ 173.156889350863224, 1.380701798344461 ] } },
{ "type": "Feature", "properties": { "uid": "xb5pu73310", "rate_time": -0.536, "sig_time": 0.001, "se_time": 0.135, "sce": 17.66, "nsm": null, "valid_obs": 17, "valid_span": 21, "significant": true }, "geometry": { "type": "Point", "coordinates": [ 173.157283475286135, 1.380333235910671 ] } },
{ "type": "Feature", "properties": { "uid": "xb5pu71rv7", "rate_time": -0.597, "sig_time": 0.0, "se_time": 0.133, "sce": 17.75, "nsm": null, "valid_obs": 17, "valid_span": 21, "significant": true }, "geometry": { "type": "Point", "coordinates": [ 173.157466755389322, 1.380134414897392 ] } },
{ "type": "Feature", "properties": { "uid": "xb5pu71wcb", "rate_time": -0.547, "sig_time": 0.0, "se_time": 0.108, "sce": 15.21, "nsm": null, "valid_obs": 17, "valid_span": 21, "significant": true }, "geometry": { "type": "Point", "coordinates": [ 173.157660605924264, 1.379946764990658 ] } },
{ "type": "Feature", "properties": { "uid": "xb5pu71tzj", "rate_time": -0.437, "sig_time": 0.005, "se_time": 0.134, "sce": 13.55, "nsm": null, "valid_obs": 17, "valid_span": 21, "significant": true }, "geometry": { "type": "Point", "coordinates": [ 173.157882395174568, 1.379799406242672 ] } },
{ "type": "Feature", "properties": { "uid": "xb5pu71vmp", "rate_time": 0.041, "sig_time": 0.792, "se_time": 0.154, "sce": 15.96, "nsm": null, "valid_obs": 17, "valid_span": 21, "significant": false }, "geometry": { "type": "Point", "coordinates": [ 173.158141867870313, 1.379726377525919 ] } },
{ "type": "Feature", "properties": { "uid": "xb5pu746u6", "rate_time": 0.084, "sig_time": 0.426, "se_time": 0.103, "sce": 11.17, "nsm": null, "valid_obs": 17, "valid_span": 21, "significant": false }, "geometry": { "type": "Point", "coordinates": [ 173.158799082911798, 1.379271498105954 ] } },
{ "type": "Feature", "properties": { "uid": "xb5pu74d67", "rate_time": 0.009, "sig_time": 0.943, "se_time": 0.121, "sce": 11.74, "nsm": null, "valid_obs": 17, "valid_span": 21, "significant": false }, "geometry": { "type": "Point", "coordinates": [ 173.159053918331097, 1.379189429661279 ] } },
{ "type": "Feature", "properties": { "uid": "xb5pu74f0x", "rate_time": 0.146, "sig_time": 0.268, "se_time": 0.127, "sce": 12.42, "nsm": null, "valid_obs": 17, "valid_span": 21, "significant": false }, "geometry": { "type": "Point", "coordinates": [ 173.159319019476243, 1.379169482765252 ] } },
{ "type": "Feature", "properties": { "uid": "xb5pu74fqg", "rate_time": 0.07, "sig_time": 0.578, "se_time": 0.123, "sce": 12.1, "nsm": null, "valid_obs": 17, "valid_span": 21, "significant": false }, "geometry": { "type": "Point", "coordinates": [ 173.15958786047014, 1.379188198882875 ] } },
{ "type": "Feature", "properties": { "uid": "xb5pu754hf", "rate_time": -0.194, "sig_time": 0.188, "se_time": 0.14, "sce": 13.45, "nsm": null, "valid_obs": 17, "valid_span": 21, "significant": false }, "geometry": { "type": "Point", "coordinates": [ 173.159846242937135, 1.37914162340237 ] } },
{ "type": "Feature", "properties": { "uid": "xb5pu7534p", "rate_time": -0.503, "sig_time": 0.003, "se_time": 0.142, "sce": 17.1, "nsm": null, "valid_obs": 17, "valid_span": 21, "significant": true }, "geometry": { "type": "Point", "coordinates": [ 173.16006924946484, 1.378995717301667 ] } },
{ "type": "Feature", "properties": { "uid": "xb5pu6gwft", "rate_time": -0.864, "sig_time": 0.0, "se_time": 0.143, "sce": 18.81, "nsm": null, "valid_obs": 17, "valid_span": 21, "significant": true }, "geometry": { "type": "Point", "coordinates": [ 173.160434001448778, 1.378597301734894 ] } },
{ "type": "Feature", "properties": { "uid": "xb5pu6gtz5", "rate_time": -0.793, "sig_time": 0.0, "se_time": 0.162, "sce": 17.53, "nsm": null, "valid_obs": 17, "valid_span": 21, "significant": true }, "geometry": { "type": "Point", "coordinates": [ 173.160632727091212, 1.378414157212582 ] } },
{ "type": "Feature", "properties": { "uid": "xb5pu6u4kh", "rate_time": -0.8, "sig_time": 0.0, "se_time": 0.132, "sce": 17.22, "nsm": null, "valid_obs": 17, "valid_span": 21, "significant": true }, "geometry": { "type": "Point", "coordinates": [ 173.161186285569869, 1.377823070498153 ] } },
{ "type": "Feature", "properties": { "uid": "xb5pu6sspm", "rate_time": -0.169, "sig_time": 0.004, "se_time": 0.05, "sce": 5.26, "nsm": null, "valid_obs": 18, "valid_span": 21, "significant": true }, "geometry": { "type": "Point", "coordinates": [ 173.162012067034397, 1.376756044427331 ] } },
{ "type": "Feature", "properties": { "uid": "xb5pu734hv", "rate_time": -0.434, "sig_time": 0.012, "se_time": 0.153, "sce": 17.52, "nsm": null, "valid_obs": 17, "valid_span": 21, "significant": true }, "geometry": { "type": "Point", "coordinates": [ 173.157096676507877, 1.380528729433297 ] } },
{ "type": "Feature", "properties": { "uid": "xb5psr6v4e", "rate_time": -0.924, "sig_time": 0.0, "se_time": 0.186, "sce": 24.24, "nsm": null, "valid_obs": 18, "valid_span": 22, "significant": true }, "geometry": { "type": "Point", "coordinates": [ 173.159411497091185, 1.359061594335983 ] } },
{ "type": "Feature", "properties": { "uid": "xb5psr6yps", "rate_time": -0.965, "sig_time": 0.0, "se_time": 0.218, "sce": 28.46, "nsm": null, "valid_obs": 18, "valid_span": 22, "significant": true }, "geometry": { "type": "Point", "coordinates": [ 173.159616169008046, 1.359238007715902 ] } },
{ "type": "Feature", "properties": { "uid": "xb5psr7phk", "rate_time": -0.932, "sig_time": 0.001, "se_time": 0.229, "sce": 30.93, "nsm": null, "valid_obs": 18, "valid_span": 22, "significant": true }, "geometry": { "type": "Point", "coordinates": [ 173.159823963326801, 1.359410645583408 ] } },
{ "type": "Feature", "properties": { "uid": "xb5psre21h", "rate_time": -0.952, "sig_time": 0.001, "se_time": 0.226, "sce": 30.5, "nsm": null, "valid_obs": 18, "valid_span": 22, "significant": true }, "geometry": { "type": "Point", "coordinates": [ 173.160032517335878, 1.359582397576627 ] } },
{ "type": "Feature", "properties": { "uid": "xb5psre3nj", "rate_time": -0.89, "sig_time": 0.0, "se_time": 0.165, "sce": 21.8, "nsm": null, "valid_obs": 18, "valid_span": 22, "significant": true }, "geometry": { "type": "Point", "coordinates": [ 173.160238407714246, 1.35975726515717 ] } },
{ "type": "Feature", "properties": { "uid": "xb5psred62", "rate_time": -0.907, "sig_time": 0.0, "se_time": 0.173, "sce": 24.48, "nsm": null, "valid_obs": 18, "valid_span": 22, "significant": true }, "geometry": { "type": "Point", "coordinates": [ 173.160429087615285, 1.35994886153843 ] } },
{ "type": "Feature", "properties": { "uid": "xb5psreeqw", "rate_time": -0.936, "sig_time": 0.0, "se_time": 0.189, "sce": 26.57, "nsm": null, "valid_obs": 18, "valid_span": 22, "significant": true }, "geometry": { "type": "Point", "coordinates": [ 173.160611010738847, 1.360148956057816 ] } },
{ "type": "Feature", "properties": { "uid": "xb5psreu7r", "rate_time": -0.853, "sig_time": 0.0, "se_time": 0.171, "sce": 23.86, "nsm": null, "valid_obs": 18, "valid_span": 22, "significant": true }, "geometry": { "type": "Point", "coordinates": [ 173.160812007916746, 1.360328670576555 ] } },
{ "type": "Feature", "properties": { "uid": "xb5psrsj2k", "rate_time": -0.709, "sig_time": 0.0, "se_time": 0.133, "sce": 19.29, "nsm": null, "valid_obs": 18, "valid_span": 22, "significant": true }, "geometry": { "type": "Point", "coordinates": [ 173.161031955780089, 1.360485340876636 ] } },
{ "type": "Feature", "properties": { "uid": "xb5psrsnm9", "rate_time": -0.624, "sig_time": 0.0, "se_time": 0.13, "sce": 18.07, "nsm": null, "valid_obs": 18, "valid_span": 22, "significant": true }, "geometry": { "type": "Point", "coordinates": [ 173.161252768539526, 1.36064079679774 ] } },
{ "type": "Feature", "properties": { "uid": "xb5psrsr4x", "rate_time": -0.691, "sig_time": 0.0, "se_time": 0.155, "sce": 20.52, "nsm": null, "valid_obs": 18, "valid_span": 22, "significant": true }, "geometry": { "type": "Point", "coordinates": [ 173.161468761642425, 1.360802524261365 ] } },
{ "type": "Feature", "properties": { "uid": "xb5psru2r3", "rate_time": -0.7, "sig_time": 0.0, "se_time": 0.156, "sce": 19.92, "nsm": null, "valid_obs": 18, "valid_span": 22, "significant": true }, "geometry": { "type": "Point", "coordinates": [ 173.161668609378466, 1.360984095995095 ] } },
{ "type": "Feature", "properties": { "uid": "xb5psru9e2", "rate_time": -0.957, "sig_time": 0.0, "se_time": 0.173, "sce": 25.29, "nsm": null, "valid_obs": 18, "valid_span": 22, "significant": true }, "geometry": { "type": "Point", "coordinates": [ 173.161844417650798, 1.361189522987547 ] } },
{ "type": "Feature", "properties": { "uid": "xb5psruf2r", "rate_time": -1.106, "sig_time": 0.0, "se_time": 0.191, "sce": 28.77, "nsm": null, "valid_obs": 18, "valid_span": 22, "significant": true }, "geometry": { "type": "Point", "coordinates": [ 173.162054001052837, 1.361358469315942 ] } },
{ "type": "Feature", "properties": { "uid": "xb5psrufyn", "rate_time": -1.232, "sig_time": 0.0, "se_time": 0.228, "sce": 32.34, "nsm": null, "valid_obs": 18, "valid_span": 22, "significant": true }, "geometry": { "type": "Point", "coordinates": [ 173.162306570423851, 1.361436093093732 ] } },
{ "type": "Feature", "properties": { "uid": "xb5psrv5k2", "rate_time": -1.388, "sig_time": 0.0, "se_time": 0.227, "sce": 37.47, "nsm": null, "valid_obs": 18, "valid_span": 22, "significant": true }, "geometry": { "type": "Point", "coordinates": [ 173.162569684344788, 1.361493957912101 ] } },
{ "type": "Feature", "properties": { "uid": "xb5psrvw8w", "rate_time": -1.594, "sig_time": 0.0, "se_time": 0.147, "sce": 32.53, "nsm": null, "valid_obs": 18, "valid_span": 22, "significant": true }, "geometry": { "type": "Point", "coordinates": [ 173.163094410039832, 1.362081147808968 ] } },
{ "type": "Feature", "properties": { "uid": "xb5pu6mky9", "rate_time": 0.077, "sig_time": 0.198, "se_time": 0.057, "sce": 6.15, "nsm": null, "valid_obs": 18, "valid_span": 21, "significant": false }, "geometry": { "type": "Point", "coordinates": [ 173.163014645997237, 1.375485762874346 ] } },
{ "type": "Feature", "properties": { "uid": "xb5pu6jve7", "rate_time": -0.034, "sig_time": 0.601, "se_time": 0.064, "sce": 5.16, "nsm": null, "valid_obs": 18, "valid_span": 21, "significant": false }, "geometry": { "type": "Point", "coordinates": [ 173.163558323728211, 1.37425483257167 ] } },
{ "type": "Feature", "properties": { "uid": "xb5pu6jur5", "rate_time": -0.07, "sig_time": 0.514, "se_time": 0.105, "sce": 7.63, "nsm": null, "valid_obs": 18, "valid_span": 21, "significant": false }, "geometry": { "type": "Point", "coordinates": [ 173.16372260814245, 1.374039835930963 ] } },
{ "type": "Feature", "properties": { "uid": "xb5pu6n578", "rate_time": -0.043, "sig_time": 0.734, "se_time": 0.124, "sce": 10.0, "nsm": null, "valid_obs": 18, "valid_span": 21, "significant": false }, "geometry": { "type": "Point", "coordinates": [ 173.163915410116772, 1.373850710700768 ] } },
{ "type": "Feature", "properties": { "uid": "xb5pu6n605", "rate_time": -0.105, "sig_time": 0.395, "se_time": 0.12, "sce": 10.83, "nsm": null, "valid_obs": 18, "valid_span": 21, "significant": false }, "geometry": { "type": "Point", "coordinates": [ 173.164102217457526, 1.373655694345586 ] } },
{ "type": "Feature", "properties": { "uid": "xb5pu3qtet", "rate_time": -0.569, "sig_time": 0.0, "se_time": 0.123, "sce": 18.64, "nsm": null, "valid_obs": 17, "valid_span": 21, "significant": true }, "geometry": { "type": "Point", "coordinates": [ 173.164597418688572, 1.370145311906716 ] } },
{ "type": "Feature", "properties": { "uid": "xb5pu3qwzf", "rate_time": -0.487, "sig_time": 0.0, "se_time": 0.097, "sce": 15.18, "nsm": null, "valid_obs": 17, "valid_span": 21, "significant": true }, "geometry": { "type": "Point", "coordinates": [ 173.164778992547667, 1.370345678130465 ] } },
{ "type": "Feature", "properties": { "uid": "xb5pu2jy5j", "rate_time": -2.387, "sig_time": 0.0, "se_time": 0.266, "sce": 49.29, "nsm": null, "valid_obs": 19, "valid_span": 22, "significant": true }, "geometry": { "type": "Point", "coordinates": [ 173.163548975261676, 1.363363810309181 ] } },
{ "type": "Feature", "properties": { "uid": "xb5pu2w28g", "rate_time": -0.253, "sig_time": 0.175, "se_time": 0.178, "sce": 13.25, "nsm": null, "valid_obs": 16, "valid_span": 19, "significant": false }, "geometry": { "type": "Point", "coordinates": [ 173.164136424418302, 1.365154291091344 ] } }
]
}
