{
"type": "FeatureCollection",
"name": "transects_majuro",
"crs": { "type": "name", "properties": { "name": "urn:ogc:def:crs:OGC:1.3:CRS84" } },
"features": [
{ "type": "Feature", "properties": { "uid": "xc38eu7k7z", "rate_time": 0.435, "sig_time": 0.003, "se_time": 0.128, "sce": 20.83, "nsm": 13.9, "valid_obs": 19, "valid_span": 25, "significant": true }, "geometry": { "type": "Point", "coordinates": [ 171.028802126630609, 7.143258562743201 ] } },
{ "type": "Feature", "properties": { "uid": "xc38egy7jn", "rate_time": -0.104, "sig_time": 0.633, "se_time": 0.215, "sce": 24.02, "nsm": 5.46, "valid_obs": 22, "valid_span": 25, "significant": false }, "geometry": { "type": "Point", "coordinates": [ 171.032970413943389, 7.140290339188284 ] } },
{ "type": "Feature", "properties": { "uid": "xc38egyk0j", "rate_time": -0.051, "sig_time": 0.809, "se_time": 0.21, "sce": 21.33, "nsm": 5.85, "valid_obs": 22, "valid_span": 25, "significant": false }, "geometry": { "type": "Point", "coordinates": [ 171.03275551855711, 7.140455836375939 ] } },
{ "type": "Feature", "properties": { "uid": "xc38egyhfw", "rate_time": 0.036, "sig_time": 0.886, "se_time": 0.246, "sce": 26.07, "nsm": 7.33, "valid_obs": 22, "valid_span": 25, "significant": false }, "geometry": { "type": "Point", "coordinates": [ 171.032518789697718, 7.140588344774966 ] } },
{ "type": "Feature", "properties": { "uid": "xc38egvvsy", "rate_time": -0.004, "sig_time": 0.988, "se_time": 0.252, "sce": 27.44, "nsm": 6.96, "valid_obs": 22, "valid_span": 25, "significant": false }, "geometry": { "type": "Point", "coordinates": [ 171.032280262064631, 7.140718162327161 ] } },
{ "type": "Feature", "properties": { "uid": "xc38egvwrm", "rate_time": -0.053, "sig_time": 0.876, "se_time": 0.339, "sce": 47.66, "nsm": 6.73, "valid_obs": 22, "valid_span": 25, "significant": false }, "geometry": { "type": "Point", "coordinates": [ 171.032039293081425, 7.140843439977412 ] } },
{ "type": "Feature", "properties": { "uid": "xc38egvx1s", "rate_time": -0.085, "sig_time": 0.877, "se_time": 0.541, "sce": 104.29, "nsm": 8.1, "valid_obs": 22, "valid_span": 25, "significant": false }, "geometry": { "type": "Point", "coordinates": [ 171.03179675921487, 7.140965719922409 ] } },
{ "type": "Feature", "properties": { "uid": "xc38egvruh", "rate_time": -0.074, "sig_time": 0.739, "se_time": 0.219, "sce": 23.03, "nsm": 8.73, "valid_obs": 20, "valid_span": 25, "significant": false }, "geometry": { "type": "Point", "coordinates": [ 171.031559450619682, 7.141096513451886 ] } },
{ "type": "Feature", "properties": { "uid": "xc38euj0z4", "rate_time": -0.146, "sig_time": 0.503, "se_time": 0.214, "sce": 22.47, "nsm": 8.27, "valid_obs": 20, "valid_span": 25, "significant": false }, "geometry": { "type": "Point", "coordinates": [ 171.031339302195875, 7.141255491143879 ] } },
{ "type": "Feature", "properties": { "uid": "xc38euj19y", "rate_time": -0.086, "sig_time": 0.689, "se_time": 0.211, "sce": 22.46, "nsm": 8.83, "valid_obs": 20, "valid_span": 25, "significant": false }, "geometry": { "type": "Point", "coordinates": [ 171.031114033853015, 7.141407210626892 ] } },
{ "type": "Feature", "properties": { "uid": "xc38euhfs2", "rate_time": -0.019, "sig_time": 0.93, "se_time": 0.213, "sce": 23.95, "nsm": 10.11, "valid_obs": 20, "valid_span": 25, "significant": false }, "geometry": { "type": "Point", "coordinates": [ 171.030880809233253, 7.141546121223846 ] } },
{ "type": "Feature", "properties": { "uid": "xc38euheqg", "rate_time": 0.093, "sig_time": 0.787, "se_time": 0.341, "sce": 57.1, "nsm": 9.05, "valid_obs": 21, "valid_span": 25, "significant": false }, "geometry": { "type": "Point", "coordinates": [ 171.030649657842559, 7.141688413761082 ] } },
{ "type": "Feature", "properties": { "uid": "xc38euhs1w", "rate_time": 0.107, "sig_time": 0.545, "se_time": 0.173, "sce": 22.43, "nsm": 9.23, "valid_obs": 21, "valid_span": 25, "significant": false }, "geometry": { "type": "Point", "coordinates": [ 171.030420410506679, 7.141833963043235 ] } },
{ "type": "Feature", "properties": { "uid": "xc38euhmh0", "rate_time": 0.235, "sig_time": 0.075, "se_time": 0.124, "sce": 14.82, "nsm": 12.19, "valid_obs": 21, "valid_span": 25, "significant": false }, "geometry": { "type": "Point", "coordinates": [ 171.030188797084179, 7.141975805124517 ] } },
{ "type": "Feature", "properties": { "uid": "xc38euhjzj", "rate_time": 0.258, "sig_time": 0.067, "se_time": 0.133, "sce": 17.12, "nsm": 15.15, "valid_obs": 21, "valid_span": 25, "significant": false }, "geometry": { "type": "Point", "coordinates": [ 171.02996365875984, 7.142127197781133 ] } },
{ "type": "Feature", "properties": { "uid": "xc38eu7e94", "rate_time": 0.424, "sig_time": 0.007, "se_time": 0.139, "sce": 20.5, "nsm": 14.18, "valid_obs": 19, "valid_span": 25, "significant": true }, "geometry": { "type": "Point", "coordinates": [ 171.029022558001799, 7.143100067491658 ] } },
{ "type": "Feature", "properties": { "uid": "xc38egyd1e", "rate_time": 0.127, "sig_time": 0.759, "se_time": 0.408, "sce": 69.73, "nsm": 5.13, "valid_obs": 22, "valid_span": 25, "significant": false }, "geometry": { "type": "Point", "coordinates": [ 171.033166942516033, 7.140102960518095 ] } },
{ "type": "Feature", "properties": { "uid": "xc38spc3uq", "rate_time": -0.477, "sig_time": 0.018, "se_time": 0.182, "sce": 23.65, "nsm": -1.52, "valid_obs": 19, "valid_span": 25, "significant": true }, "geometry": { "type": "Point", "coordinates": [ 171.037064271148068, 7.162046679793395 ] } },
{ "type": "Feature", "properties": { "uid": "xc38u069p3", "rate_time": -1.233, "sig_time": 0.0, "se_time": 0.229, "sce": 37.62, "nsm": -26.86, "valid_obs": 17, "valid_span": 25, "significant": true }, "geometry": { "type": "Point", "coordinates": [ 171.038904848895044, 7.164637315223991 ] } },
{ "type": "Feature", "properties": { "uid": "xc38u06bky", "rate_time": 0.306, "sig_time": 0.754, "se_time": 0.961, "sce": 139.87, "nsm": 36.82, "valid_obs": 18, "valid_span": 25, "significant": false }, "geometry": { "type": "Point", "coordinates": [ 171.039143989964685, 7.164534644995738 ] } },
{ "type": "Feature", "properties": { "uid": "xc38u05p05", "rate_time": -0.741, "sig_time": 0.0, "se_time": 0.167, "sce": 24.59, "nsm": -8.99, "valid_obs": 17, "valid_span": 25, "significant": true }, "geometry": { "type": "Point", "coordinates": [ 171.039283683201575, 7.164304818158847 ] } },
{ "type": "Feature", "properties": { "uid": "xc38u05j9d", "rate_time": -0.5, "sig_time": 0.004, "se_time": 0.145, "sce": 22.88, "nsm": -2.53, "valid_obs": 17, "valid_span": 25, "significant": true }, "geometry": { "type": "Point", "coordinates": [ 171.039350175778225, 7.164042158379083 ] } },
{ "type": "Feature", "properties": { "uid": "xc38u05h48", "rate_time": -0.337, "sig_time": 0.027, "se_time": 0.137, "sce": 21.88, "nsm": 1.58, "valid_obs": 17, "valid_span": 25, "significant": true }, "geometry": { "type": "Point", "coordinates": [ 171.039393730175533, 7.163774375975502 ] } },
{ "type": "Feature", "properties": { "uid": "xc38u0547y", "rate_time": -0.088, "sig_time": 0.596, "se_time": 0.162, "sce": 17.7, "nsm": 7.07, "valid_obs": 17, "valid_span": 25, "significant": false }, "geometry": { "type": "Point", "coordinates": [ 171.039444518677385, 7.163507808527827 ] } },
{ "type": "Feature", "properties": { "uid": "xc38spgpq5", "rate_time": 0.426, "sig_time": 0.05, "se_time": 0.2, "sce": 19.56, "nsm": 19.43, "valid_obs": 17, "valid_span": 25, "significant": false }, "geometry": { "type": "Point", "coordinates": [ 171.039536971373877, 7.162974706787935 ] } },
{ "type": "Feature", "properties": { "uid": "xc38sjfhtf", "rate_time": 0.928, "sig_time": 0.0, "se_time": 0.167, "sce": 30.32, "nsm": 17.3, "valid_obs": 20, "valid_span": 25, "significant": true }, "geometry": { "type": "Point", "coordinates": [ 171.038159149937513, 7.151512753552673 ] } },
{ "type": "Feature", "properties": { "uid": "xc38sjfnjv", "rate_time": 0.839, "sig_time": 0.0, "se_time": 0.176, "sce": 28.35, "nsm": 15.98, "valid_obs": 20, "valid_span": 25, "significant": true }, "geometry": { "type": "Point", "coordinates": [ 171.038151090235516, 7.151784010532364 ] } },
{ "type": "Feature", "properties": { "uid": "xc38s5u3uq", "rate_time": 0.922, "sig_time": 0.006, "se_time": 0.288, "sce": 39.53, "nsm": 20.09, "valid_obs": 18, "valid_span": 25, "significant": true }, "geometry": { "type": "Point", "coordinates": [ 171.041176616182895, 7.14007332352451 ] } },
{ "type": "Feature", "properties": { "uid": "xc38s5u2mv", "rate_time": 1.023, "sig_time": 0.006, "se_time": 0.321, "sce": 45.09, "nsm": 19.65, "valid_obs": 18, "valid_span": 25, "significant": true }, "geometry": { "type": "Point", "coordinates": [ 171.04124355560387, 7.139810319595529 ] } },
{ "type": "Feature", "properties": { "uid": "xc38s5sqzs", "rate_time": 1.107, "sig_time": 0.037, "se_time": 0.487, "sce": 79.12, "nsm": 19.7, "valid_obs": 18, "valid_span": 25, "significant": true }, "geometry": { "type": "Point", "coordinates": [ 171.041318180527639, 7.139549531487113 ] } },
{ "type": "Feature", "properties": { "uid": "xc38s5st3v", "rate_time": 1.326, "sig_time": 0.084, "se_time": 0.721, "sce": 113.4, "nsm": 22.73, "valid_obs": 18, "valid_span": 25, "significant": false }, "geometry": { "type": "Point", "coordinates": [ 171.041414582784398, 7.139295827871977 ] } },
{ "type": "Feature", "properties": { "uid": "xc38s5kzsz", "rate_time": 1.121, "sig_time": 0.0, "se_time": 0.245, "sce": 39.4, "nsm": 24.05, "valid_obs": 17, "valid_span": 25, "significant": true }, "geometry": { "type": "Point", "coordinates": [ 171.041888057771558, 7.138320892323774 ] } },
{ "type": "Feature", "properties": { "uid": "xc38s5mn2h", "rate_time": 1.244, "sig_time": 0.0, "se_time": 0.281, "sce": 53.38, "nsm": 40.5, "valid_obs": 17, "valid_span": 25, "significant": true }, "geometry": { "type": "Point", "coordinates": [ 171.042028241046609, 7.138088721093014 ] } },
{ "type": "Feature", "properties": { "uid": "xc38s5mj5d", "rate_time": 1.008, "sig_time": 0.001, "se_time": 0.241, "sce": 35.22, "nsm": 25.6, "valid_obs": 17, "valid_span": 25, "significant": true }, "geometry": { "type": "Point", "coordinates": [ 171.042181070190054, 7.137864458199715 ] } },
{ "type": "Feature", "properties": { "uid": "xc38s5m5zd", "rate_time": 0.855, "sig_time": 0.008, "se_time": 0.282, "sce": 32.5, "nsm": 26.35, "valid_obs": 17, "valid_span": 25, "significant": true }, "geometry": { "type": "Point", "coordinates": [ 171.04234617759974, 7.137648987637731 ] } },
{ "type": "Feature", "properties": { "uid": "xc38s4umkr", "rate_time": 0.052, "sig_time": 0.725, "se_time": 0.145, "sce": 14.68, "nsm": 8.5, "valid_obs": 17, "valid_span": 25, "significant": false }, "geometry": { "type": "Point", "coordinates": [ 171.041176052232316, 7.135190052166905 ] } },
{ "type": "Feature", "properties": { "uid": "xc38s4ne5p", "rate_time": -0.068, "sig_time": 0.664, "se_time": 0.154, "sce": 20.34, "nsm": 6.41, "valid_obs": 18, "valid_span": 25, "significant": false }, "geometry": { "type": "Point", "coordinates": [ 171.044221289703444, 7.130682037272999 ] } },
{ "type": "Feature", "properties": { "uid": "xc38s2jyrk", "rate_time": 0.005, "sig_time": 0.973, "se_time": 0.142, "sce": 15.29, "nsm": 6.7, "valid_obs": 19, "valid_span": 25, "significant": false }, "geometry": { "type": "Point", "coordinates": [ 171.054351801319513, 7.120237573699784 ] } },
{ "type": "Feature", "properties": { "uid": "xc38s2nkf7", "rate_time": 0.133, "sig_time": 0.42, "se_time": 0.161, "sce": 19.16, "nsm": 11.3, "valid_obs": 20, "valid_span": 25, "significant": false }, "geometry": { "type": "Point", "coordinates": [ 171.054827603121879, 7.119977317934129 ] } },
{ "type": "Feature", "properties": { "uid": "xc39h2s8xx", "rate_time": 1.156, "sig_time": 0.001, "se_time": 0.286, "sce": 50.37, "nsm": 18.77, "valid_obs": 21, "valid_span": 25, "significant": true }, "geometry": { "type": "Point", "coordinates": [ 171.052644260629791, 7.209904739017313 ] } },
{ "type": "Feature", "properties": { "uid": "xc39h2ecnr", "rate_time": 0.486, "sig_time": 0.305, "se_time": 0.462, "sce": 54.71, "nsm": 19.57, "valid_obs": 22, "valid_span": 25, "significant": false }, "geometry": { "type": "Point", "coordinates": [ 171.051565642739718, 7.209988490439946 ] } },
{ "type": "Feature", "properties": { "uid": "xc39h2scc8", "rate_time": 0.981, "sig_time": 0.0, "se_time": 0.158, "sce": 27.26, "nsm": 17.21, "valid_obs": 21, "valid_span": 25, "significant": true }, "geometry": { "type": "Point", "coordinates": [ 171.052737734376024, 7.210079316974505 ] } },
{ "type": "Feature", "properties": { "uid": "xc39h2ef6m", "rate_time": 0.179, "sig_time": 0.415, "se_time": 0.215, "sce": 28.95, "nsm": 12.22, "valid_obs": 22, "valid_span": 25, "significant": false }, "geometry": { "type": "Point", "coordinates": [ 171.051391370952985, 7.210194983451506 ] } },
{ "type": "Feature", "properties": { "uid": "xc39h2sghm", "rate_time": 1.043, "sig_time": 0.0, "se_time": 0.141, "sce": 29.56, "nsm": 18.41, "valid_obs": 21, "valid_span": 25, "significant": true }, "geometry": { "type": "Point", "coordinates": [ 171.052858001087429, 7.210322595201498 ] } },
{ "type": "Feature", "properties": { "uid": "xc39h2eez1", "rate_time": -0.178, "sig_time": 0.364, "se_time": 0.192, "sce": 24.41, "nsm": 3.85, "valid_obs": 22, "valid_span": 25, "significant": false }, "geometry": { "type": "Point", "coordinates": [ 171.051254702726141, 7.210429474719498 ] } },
{ "type": "Feature", "properties": { "uid": "xc39h2sux8", "rate_time": 1.05, "sig_time": 0.0, "se_time": 0.165, "sce": 32.09, "nsm": 16.4, "valid_obs": 21, "valid_span": 25, "significant": true }, "geometry": { "type": "Point", "coordinates": [ 171.052995979972422, 7.210555494229773 ] } },
{ "type": "Feature", "properties": { "uid": "xc39h2ethq", "rate_time": -0.52, "sig_time": 0.101, "se_time": 0.303, "sce": 52.44, "nsm": -0.34, "valid_obs": 22, "valid_span": 25, "significant": false }, "geometry": { "type": "Point", "coordinates": [ 171.05113579719449, 7.210673469524273 ] } },
{ "type": "Feature", "properties": { "uid": "xc39h2tjfu", "rate_time": 1.225, "sig_time": 0.0, "se_time": 0.28, "sce": 51.51, "nsm": 15.42, "valid_obs": 21, "valid_span": 25, "significant": true }, "geometry": { "type": "Point", "coordinates": [ 171.053133546483821, 7.210788555371534 ] } },
{ "type": "Feature", "properties": { "uid": "xc39h2ewdn", "rate_time": -0.239, "sig_time": 0.466, "se_time": 0.321, "sce": 49.52, "nsm": 0.76, "valid_obs": 21, "valid_span": 25, "significant": false }, "geometry": { "type": "Point", "coordinates": [ 171.051036239647146, 7.210925899392687 ] } },
{ "type": "Feature", "properties": { "uid": "xc39h2tpm7", "rate_time": 1.338, "sig_time": 0.007, "se_time": 0.445, "sce": 79.25, "nsm": 14.27, "valid_obs": 21, "valid_span": 25, "significant": true }, "geometry": { "type": "Point", "coordinates": [ 171.053234435254325, 7.211039394982712 ] } },
{ "type": "Feature", "properties": { "uid": "xc39h2g80x", "rate_time": -0.364, "sig_time": 0.105, "se_time": 0.214, "sce": 24.31, "nsm": 4.73, "valid_obs": 20, "valid_span": 25, "significant": false }, "geometry": { "type": "Point", "coordinates": [ 171.050971816463715, 7.211189192504612 ] } },
{ "type": "Feature", "properties": { "uid": "xc39h2v0yg", "rate_time": 1.038, "sig_time": 0.0, "se_time": 0.189, "sce": 33.09, "nsm": 15.21, "valid_obs": 20, "valid_span": 25, "significant": true }, "geometry": { "type": "Point", "coordinates": [ 171.053309432664889, 7.211299895342559 ] } },
{ "type": "Feature", "properties": { "uid": "xc39h2g9c1", "rate_time": -0.29, "sig_time": 0.173, "se_time": 0.204, "sce": 24.58, "nsm": 5.73, "valid_obs": 20, "valid_span": 25, "significant": false }, "geometry": { "type": "Point", "coordinates": [ 171.050994344105277, 7.211457380895308 ] } },
{ "type": "Feature", "properties": { "uid": "xc39h2v636", "rate_time": 1.122, "sig_time": 0.0, "se_time": 0.145, "sce": 29.68, "nsm": 20.1, "valid_obs": 20, "valid_span": 25, "significant": true }, "geometry": { "type": "Point", "coordinates": [ 171.053410476054125, 7.21155150683727 ] } },
{ "type": "Feature", "properties": { "uid": "xc39h2ge64", "rate_time": -0.169, "sig_time": 0.455, "se_time": 0.221, "sce": 26.28, "nsm": 4.99, "valid_obs": 20, "valid_span": 25, "significant": false }, "geometry": { "type": "Point", "coordinates": [ 171.051042468982416, 7.211724424298435 ] } },
{ "type": "Feature", "properties": { "uid": "xc39h2v7sr", "rate_time": 1.139, "sig_time": 0.0, "se_time": 0.166, "sce": 29.26, "nsm": 21.36, "valid_obs": 20, "valid_span": 25, "significant": true }, "geometry": { "type": "Point", "coordinates": [ 171.053536084151773, 7.21179197595099 ] } },
{ "type": "Feature", "properties": { "uid": "xc39h3j84d", "rate_time": 0.945, "sig_time": 0.0, "se_time": 0.071, "sce": 23.88, "nsm": 20.03, "valid_obs": 19, "valid_span": 25, "significant": true }, "geometry": { "type": "Point", "coordinates": [ 171.053807240852564, 7.212535516449891 ] } },
{ "type": "Feature", "properties": { "uid": "xc39h35cs3", "rate_time": -0.346, "sig_time": 0.13, "se_time": 0.217, "sce": 28.34, "nsm": -2.11, "valid_obs": 19, "valid_span": 25, "significant": false }, "geometry": { "type": "Point", "coordinates": [ 171.051478647204789, 7.212788471714721 ] } },
{ "type": "Feature", "properties": { "uid": "xc39h3j98c", "rate_time": 0.897, "sig_time": 0.0, "se_time": 0.08, "sce": 25.33, "nsm": 19.91, "valid_obs": 19, "valid_span": 25, "significant": true }, "geometry": { "type": "Point", "coordinates": [ 171.053728924524791, 7.212792608413144 ] } },
{ "type": "Feature", "properties": { "uid": "xc39h3h48w", "rate_time": -0.274, "sig_time": 0.139, "se_time": 0.177, "sce": 22.28, "nsm": 0.48, "valid_obs": 19, "valid_span": 25, "significant": false }, "geometry": { "type": "Point", "coordinates": [ 171.05166319434997, 7.212987361922975 ] } },
{ "type": "Feature", "properties": { "uid": "xc39h3j6v1", "rate_time": 0.755, "sig_time": 0.001, "se_time": 0.191, "sce": 32.72, "nsm": 15.83, "valid_obs": 19, "valid_span": 25, "significant": true }, "geometry": { "type": "Point", "coordinates": [ 171.053568497991961, 7.213006889500801 ] } },
{ "type": "Feature", "properties": { "uid": "xc39h3h5v2", "rate_time": -0.232, "sig_time": 0.422, "se_time": 0.283, "sce": 40.4, "nsm": 0.96, "valid_obs": 19, "valid_span": 25, "significant": false }, "geometry": { "type": "Point", "coordinates": [ 171.051861654309533, 7.213171190271906 ] } },
{ "type": "Feature", "properties": { "uid": "xc39h3j7b7", "rate_time": 0.589, "sig_time": 0.164, "se_time": 0.405, "sce": 60.18, "nsm": 10.89, "valid_obs": 19, "valid_span": 25, "significant": false }, "geometry": { "type": "Point", "coordinates": [ 171.053366509800611, 7.213187618642261 ] } },
{ "type": "Feature", "properties": { "uid": "xc39h3hkdd", "rate_time": -0.116, "sig_time": 0.312, "se_time": 0.111, "sce": 12.93, "nsm": 1.62, "valid_obs": 18, "valid_span": 25, "significant": false }, "geometry": { "type": "Point", "coordinates": [ 171.052093691456236, 7.213309667298532 ] } },
{ "type": "Feature", "properties": { "uid": "xc39h3jhdy", "rate_time": 0.222, "sig_time": 0.273, "se_time": 0.196, "sce": 26.52, "nsm": 7.48, "valid_obs": 18, "valid_span": 25, "significant": false }, "geometry": { "type": "Point", "coordinates": [ 171.053137021999561, 7.21333282251043 ] } },
{ "type": "Feature", "properties": { "uid": "xc39h3ht0s", "rate_time": 0.091, "sig_time": 0.629, "se_time": 0.184, "sce": 26.74, "nsm": 1.43, "valid_obs": 18, "valid_span": 25, "significant": false }, "geometry": { "type": "Point", "coordinates": [ 171.052347242306723, 7.213404616142392 ] } },
{ "type": "Feature", "properties": { "uid": "xc39h3hvm0", "rate_time": -0.24, "sig_time": 0.554, "se_time": 0.397, "sce": 50.6, "nsm": 4.43, "valid_obs": 18, "valid_span": 25, "significant": false }, "geometry": { "type": "Point", "coordinates": [ 171.052884166157128, 7.213426929055035 ] } },
{ "type": "Feature", "properties": { "uid": "xc39h3htqg", "rate_time": 0.04, "sig_time": 0.731, "se_time": 0.113, "sce": 14.63, "nsm": 2.04, "valid_obs": 17, "valid_span": 25, "significant": false }, "geometry": { "type": "Point", "coordinates": [ 171.052615196458191, 7.213443959647074 ] } },
{ "type": "Feature", "properties": { "uid": "xc39h2s05n", "rate_time": 1.013, "sig_time": 0.004, "se_time": 0.305, "sce": 52.24, "nsm": 24.45, "valid_obs": 20, "valid_span": 25, "significant": true }, "geometry": { "type": "Point", "coordinates": [ 171.051771204820369, 7.209815273874372 ] } },
{ "type": "Feature", "properties": { "uid": "xc39h2kr8g", "rate_time": 0.973, "sig_time": 0.0, "se_time": 0.156, "sce": 31.1, "nsm": 23.69, "valid_obs": 20, "valid_span": 25, "significant": true }, "geometry": { "type": "Point", "coordinates": [ 171.05202043287224, 7.209710662620856 ] } },
{ "type": "Feature", "properties": { "uid": "xc39h2krx0", "rate_time": 0.902, "sig_time": 0.0, "se_time": 0.161, "sce": 29.39, "nsm": 18.9, "valid_obs": 20, "valid_span": 25, "significant": true }, "geometry": { "type": "Point", "coordinates": [ 171.052289380377431, 7.209695386069233 ] } },
{ "type": "Feature", "properties": { "uid": "xc39h2s8j4", "rate_time": 1.319, "sig_time": 0.002, "se_time": 0.378, "sce": 64.63, "nsm": 23.09, "valid_obs": 21, "valid_span": 25, "significant": true }, "geometry": { "type": "Point", "coordinates": [ 171.052542960031388, 7.209790421647975 ] } },
{ "type": "Feature", "properties": { "uid": "xc39h99ncn", "rate_time": 0.694, "sig_time": 0.0, "se_time": 0.153, "sce": 23.54, "nsm": 12.9, "valid_obs": 21, "valid_span": 25, "significant": true }, "geometry": { "type": "Point", "coordinates": [ 171.058554402703066, 7.216465009275953 ] } },
{ "type": "Feature", "properties": { "uid": "xc39h99p4q", "rate_time": 0.546, "sig_time": 0.005, "se_time": 0.172, "sce": 24.62, "nsm": 12.28, "valid_obs": 22, "valid_span": 25, "significant": true }, "geometry": { "type": "Point", "coordinates": [ 171.058598820223324, 7.216504814729946 ] } },
{ "type": "Feature", "properties": { "uid": "xc39h9c0jb", "rate_time": 0.613, "sig_time": 0.002, "se_time": 0.174, "sce": 24.24, "nsm": 11.77, "valid_obs": 21, "valid_span": 25, "significant": true }, "geometry": { "type": "Point", "coordinates": [ 171.058756650365552, 7.216646256582856 ] } },
{ "type": "Feature", "properties": { "uid": "xc39h9c0nz", "rate_time": 0.499, "sig_time": 0.025, "se_time": 0.205, "sce": 26.31, "nsm": 12.1, "valid_obs": 22, "valid_span": 25, "significant": true }, "geometry": { "type": "Point", "coordinates": [ 171.05880256947728, 7.216684268049588 ] } },
{ "type": "Feature", "properties": { "uid": "xc39h9c2fz", "rate_time": 0.787, "sig_time": 0.0, "se_time": 0.163, "sce": 29.18, "nsm": 14.58, "valid_obs": 21, "valid_span": 25, "significant": true }, "geometry": { "type": "Point", "coordinates": [ 171.058972028626783, 7.216811586431139 ] } },
{ "type": "Feature", "properties": { "uid": "xc39h9c3hj", "rate_time": 0.89, "sig_time": 0.001, "se_time": 0.22, "sce": 43.45, "nsm": 14.95, "valid_obs": 23, "valid_span": 25, "significant": true }, "geometry": { "type": "Point", "coordinates": [ 171.059019718889118, 7.216847417148455 ] } },
{ "type": "Feature", "properties": { "uid": "xc39h9c9b6", "rate_time": 0.848, "sig_time": 0.0, "se_time": 0.169, "sce": 30.18, "nsm": 14.84, "valid_obs": 21, "valid_span": 25, "significant": true }, "geometry": { "type": "Point", "coordinates": [ 171.059200334049308, 7.216957555863421 ] } },
{ "type": "Feature", "properties": { "uid": "xc39h9c9cx", "rate_time": 0.698, "sig_time": 0.001, "se_time": 0.184, "sce": 28.3, "nsm": 14.02, "valid_obs": 23, "valid_span": 25, "significant": true }, "geometry": { "type": "Point", "coordinates": [ 171.059253573629036, 7.216984486368273 ] } },
{ "type": "Feature", "properties": { "uid": "xc39h9cdqp", "rate_time": 0.941, "sig_time": 0.001, "se_time": 0.245, "sce": 45.03, "nsm": 11.82, "valid_obs": 21, "valid_span": 25, "significant": true }, "geometry": { "type": "Point", "coordinates": [ 171.059447652067831, 7.217069260557818 ] } },
{ "type": "Feature", "properties": { "uid": "xc39h9cdx7", "rate_time": 0.906, "sig_time": 0.004, "se_time": 0.278, "sce": 52.27, "nsm": 11.21, "valid_obs": 23, "valid_span": 25, "significant": true }, "geometry": { "type": "Point", "coordinates": [ 171.059503208230382, 7.217091029690232 ] } },
{ "type": "Feature", "properties": { "uid": "xc39h9cgkf", "rate_time": 0.336, "sig_time": 0.466, "se_time": 0.452, "sce": 73.91, "nsm": 10.77, "valid_obs": 23, "valid_span": 25, "significant": false }, "geometry": { "type": "Point", "coordinates": [ 171.059743350874044, 7.21721573192004 ] } },
{ "type": "Feature", "properties": { "uid": "xc39h9fh3b", "rate_time": 0.383, "sig_time": 0.302, "se_time": 0.362, "sce": 64.12, "nsm": 9.96, "valid_obs": 23, "valid_span": 25, "significant": false }, "geometry": { "type": "Point", "coordinates": [ 171.059960890299465, 7.217378265027096 ] } },
{ "type": "Feature", "properties": { "uid": "xc39h9fjpn", "rate_time": 0.571, "sig_time": 0.008, "se_time": 0.195, "sce": 33.41, "nsm": 10.84, "valid_obs": 23, "valid_span": 25, "significant": true }, "geometry": { "type": "Point", "coordinates": [ 171.06018069251337, 7.217537177428869 ] } },
{ "type": "Feature", "properties": { "uid": "xc39h3ztuu", "rate_time": -0.269, "sig_time": 0.121, "se_time": 0.165, "sce": 22.16, "nsm": -7.0, "valid_obs": 19, "valid_span": 25, "significant": false }, "geometry": { "type": "Point", "coordinates": [ 171.056656579372316, 7.21765572805347 ] } },
{ "type": "Feature", "properties": { "uid": "xc39h3zsbh", "rate_time": -0.083, "sig_time": 0.648, "se_time": 0.178, "sce": 22.22, "nsm": 3.44, "valid_obs": 19, "valid_span": 25, "significant": false }, "geometry": { "type": "Point", "coordinates": [ 171.056446277918639, 7.217484134656123 ] } },
{ "type": "Feature", "properties": { "uid": "xc39h3z7mv", "rate_time": -0.007, "sig_time": 0.968, "se_time": 0.175, "sce": 20.52, "nsm": 6.14, "valid_obs": 19, "valid_span": 25, "significant": false }, "geometry": { "type": "Point", "coordinates": [ 171.056347563629885, 7.217234148491521 ] } },
{ "type": "Feature", "properties": { "uid": "xc39h3z3v5", "rate_time": -0.054, "sig_time": 0.696, "se_time": 0.137, "sce": 17.45, "nsm": 4.57, "valid_obs": 19, "valid_span": 25, "significant": false }, "geometry": { "type": "Point", "coordinates": [ 171.056323424141596, 7.216964765560966 ] } },
{ "type": "Feature", "properties": { "uid": "xc38s2pz7q", "rate_time": 0.502, "sig_time": 0.018, "se_time": 0.189, "sce": 22.58, "nsm": null, "valid_obs": 17, "valid_span": 24, "significant": true }, "geometry": { "type": "Point", "coordinates": [ 171.05692795139106, 7.120419811580185 ] } },
{ "type": "Feature", "properties": { "uid": "xc38s80n89", "rate_time": 0.532, "sig_time": 0.012, "se_time": 0.186, "sce": 26.12, "nsm": null, "valid_obs": 17, "valid_span": 24, "significant": true }, "geometry": { "type": "Point", "coordinates": [ 171.057150588889272, 7.120264326721006 ] } },
{ "type": "Feature", "properties": { "uid": "xc38s80jts", "rate_time": 0.65, "sig_time": 0.001, "se_time": 0.167, "sce": 25.75, "nsm": null, "valid_obs": 17, "valid_span": 24, "significant": true }, "geometry": { "type": "Point", "coordinates": [ 171.057374250532945, 7.120110268791381 ] } },
{ "type": "Feature", "properties": { "uid": "xc38s2nf6e", "rate_time": 0.259, "sig_time": 0.173, "se_time": 0.183, "sce": 21.23, "nsm": 18.16, "valid_obs": 20, "valid_span": 25, "significant": false }, "geometry": { "type": "Point", "coordinates": [ 171.05552013359636, 7.119548276452979 ] } },
{ "type": "Feature", "properties": { "uid": "xc38s2ncxc", "rate_time": 0.446, "sig_time": 0.019, "se_time": 0.174, "sce": 22.98, "nsm": 21.59, "valid_obs": 20, "valid_span": 25, "significant": true }, "geometry": { "type": "Point", "coordinates": [ 171.055752107967663, 7.119407086054236 ] } },
{ "type": "Feature", "properties": { "uid": "xc38s2p0v3", "rate_time": 0.269, "sig_time": 0.193, "se_time": 0.199, "sce": 25.95, "nsm": 18.86, "valid_obs": 20, "valid_span": 25, "significant": false }, "geometry": { "type": "Point", "coordinates": [ 171.055990319388911, 7.119276650092635 ] } },
{ "type": "Feature", "properties": { "uid": "xc38krzrft", "rate_time": 0.225, "sig_time": 0.202, "se_time": 0.17, "sce": 21.14, "nsm": 15.56, "valid_obs": 20, "valid_span": 25, "significant": false }, "geometry": { "type": "Point", "coordinates": [ 171.056216784757311, 7.119127471545082 ] } },
{ "type": "Feature", "properties": { "uid": "xc38kx5fk8", "rate_time": 0.727, "sig_time": 0.0, "se_time": 0.111, "sce": 24.88, "nsm": 24.63, "valid_obs": 18, "valid_span": 25, "significant": true }, "geometry": { "type": "Point", "coordinates": [ 171.062475170580313, 7.114036695146179 ] } },
{ "type": "Feature", "properties": { "uid": "xc38kxh1ft", "rate_time": 0.644, "sig_time": 0.0, "se_time": 0.117, "sce": 24.1, "nsm": 22.07, "valid_obs": 18, "valid_span": 25, "significant": true }, "geometry": { "type": "Point", "coordinates": [ 171.062739908311244, 7.113978447380646 ] } },
{ "type": "Feature", "properties": { "uid": "xc38kxh38v", "rate_time": 0.363, "sig_time": 0.004, "se_time": 0.108, "sce": 17.78, "nsm": 15.77, "valid_obs": 18, "valid_span": 25, "significant": true }, "geometry": { "type": "Point", "coordinates": [ 171.063008235785674, 7.113935971460684 ] } },
{ "type": "Feature", "properties": { "uid": "xc38kxh3rh", "rate_time": 0.439, "sig_time": 0.275, "se_time": 0.389, "sce": 60.19, "nsm": 11.82, "valid_obs": 19, "valid_span": 25, "significant": false }, "geometry": { "type": "Point", "coordinates": [ 171.063274808006156, 7.113884356425741 ] } },
{ "type": "Feature", "properties": { "uid": "xc38kxh8vm", "rate_time": 0.338, "sig_time": 0.098, "se_time": 0.193, "sce": 31.42, "nsm": 11.82, "valid_obs": 19, "valid_span": 25, "significant": false }, "geometry": { "type": "Point", "coordinates": [ 171.063534535704576, 7.113806657028298 ] } },
{ "type": "Feature", "properties": { "uid": "xc38kxk8pj", "rate_time": 0.168, "sig_time": 0.426, "se_time": 0.206, "sce": 26.61, "nsm": -1.25, "valid_obs": 19, "valid_span": 25, "significant": false }, "geometry": { "type": "Point", "coordinates": [ 171.063609802471575, 7.115051311503307 ] } },
{ "type": "Feature", "properties": { "uid": "xc38kxhb75", "rate_time": 0.352, "sig_time": 0.009, "se_time": 0.12, "sce": 15.9, "nsm": 14.21, "valid_obs": 19, "valid_span": 25, "significant": true }, "geometry": { "type": "Point", "coordinates": [ 171.063789037325591, 7.113711709977788 ] } },
{ "type": "Feature", "properties": { "uid": "xc38kxhzk7", "rate_time": 0.201, "sig_time": 0.309, "se_time": 0.192, "sce": 25.1, "nsm": -2.07, "valid_obs": 19, "valid_span": 25, "significant": false }, "geometry": { "type": "Point", "coordinates": [ 171.063843255820302, 7.114912756050183 ] } },
{ "type": "Feature", "properties": { "uid": "xc38kwvpc1", "rate_time": 0.492, "sig_time": 0.04, "se_time": 0.221, "sce": 37.29, "nsm": 15.77, "valid_obs": 19, "valid_span": 25, "significant": true }, "geometry": { "type": "Point", "coordinates": [ 171.0640426126227, 7.113614305289533 ] } },
{ "type": "Feature", "properties": { "uid": "xc38kxjnd5", "rate_time": 0.256, "sig_time": 0.154, "se_time": 0.172, "sce": 24.37, "nsm": -2.49, "valid_obs": 19, "valid_span": 25, "significant": false }, "geometry": { "type": "Point", "coordinates": [ 171.064082034750896, 7.114783871537902 ] } },
{ "type": "Feature", "properties": { "uid": "xc38kwvppp", "rate_time": 0.316, "sig_time": 0.044, "se_time": 0.145, "sce": 19.67, "nsm": 13.01, "valid_obs": 19, "valid_span": 25, "significant": true }, "geometry": { "type": "Point", "coordinates": [ 171.06429594689493, 7.113516275886319 ] } },
{ "type": "Feature", "properties": { "uid": "xc38kwvqsy", "rate_time": 0.262, "sig_time": 0.104, "se_time": 0.152, "sce": 21.96, "nsm": 8.35, "valid_obs": 19, "valid_span": 25, "significant": false }, "geometry": { "type": "Point", "coordinates": [ 171.064551129611061, 7.113423378951794 ] } },
{ "type": "Feature", "properties": { "uid": "xc38kwvw4y", "rate_time": 0.159, "sig_time": 0.363, "se_time": 0.171, "sce": 22.53, "nsm": 4.78, "valid_obs": 19, "valid_span": 25, "significant": false }, "geometry": { "type": "Point", "coordinates": [ 171.06480861852242, 7.113337053240784 ] } },
{ "type": "Feature", "properties": { "uid": "xc38kwvv8u", "rate_time": 0.139, "sig_time": 0.426, "se_time": 0.17, "sce": 22.11, "nsm": 3.25, "valid_obs": 19, "valid_span": 25, "significant": false }, "geometry": { "type": "Point", "coordinates": [ 171.065062489008255, 7.113240451946917 ] } },
{ "type": "Feature", "properties": { "uid": "xc38kwvvnf", "rate_time": 0.362, "sig_time": 0.136, "se_time": 0.231, "sce": 36.66, "nsm": 7.16, "valid_obs": 19, "valid_span": 25, "significant": false }, "geometry": { "type": "Point", "coordinates": [ 171.06531771593194, 7.113147578555735 ] } },
{ "type": "Feature", "properties": { "uid": "xc38kxn9q6", "rate_time": -0.012, "sig_time": 0.959, "se_time": 0.237, "sce": 31.17, "nsm": -5.28, "valid_obs": 18, "valid_span": 25, "significant": false }, "geometry": { "type": "Point", "coordinates": [ 171.066325284508764, 7.113875377745231 ] } },
{ "type": "Feature", "properties": { "uid": "xc38kxnckd", "rate_time": 0.334, "sig_time": 0.132, "se_time": 0.211, "sce": 29.61, "nsm": 24.45, "valid_obs": 18, "valid_span": 25, "significant": false }, "geometry": { "type": "Point", "coordinates": [ 171.066596894543608, 7.113876123077423 ] } },
{ "type": "Feature", "properties": { "uid": "xc38kwxwps", "rate_time": 0.138, "sig_time": 0.496, "se_time": 0.198, "sce": 20.62, "nsm": 9.73, "valid_obs": 19, "valid_span": 25, "significant": false }, "geometry": { "type": "Point", "coordinates": [ 171.067755624890736, 7.111954524058082 ] } },
{ "type": "Feature", "properties": { "uid": "xc38ky5rtz", "rate_time": 0.581, "sig_time": 0.0, "se_time": 0.131, "sce": 21.73, "nsm": 20.78, "valid_obs": 18, "valid_span": 25, "significant": true }, "geometry": { "type": "Point", "coordinates": [ 171.072831938597062, 7.10948197715112 ] } },
{ "type": "Feature", "properties": { "uid": "xc38ky5xs4", "rate_time": 0.583, "sig_time": 0.0, "se_time": 0.127, "sce": 22.79, "nsm": 20.4, "valid_obs": 18, "valid_span": 25, "significant": true }, "geometry": { "type": "Point", "coordinates": [ 171.073102059751562, 7.109453583308643 ] } },
{ "type": "Feature", "properties": { "uid": "xc38ky5z6t", "rate_time": 0.495, "sig_time": 0.005, "se_time": 0.152, "sce": 21.93, "nsm": 19.5, "valid_obs": 18, "valid_span": 25, "significant": true }, "geometry": { "type": "Point", "coordinates": [ 171.073372384832652, 7.109426544497735 ] } },
{ "type": "Feature", "properties": { "uid": "xc38kyhp2b", "rate_time": 0.39, "sig_time": 0.04, "se_time": 0.175, "sce": 20.19, "nsm": 17.7, "valid_obs": 18, "valid_span": 25, "significant": true }, "geometry": { "type": "Point", "coordinates": [ 171.073642863424283, 7.109401104288144 ] } },
{ "type": "Feature", "properties": { "uid": "xc38kykjt1", "rate_time": 0.655, "sig_time": 0.001, "se_time": 0.149, "sce": 23.19, "nsm": 9.11, "valid_obs": 17, "valid_span": 25, "significant": true }, "geometry": { "type": "Point", "coordinates": [ 171.073823363644181, 7.110478106374372 ] } },
{ "type": "Feature", "properties": { "uid": "xc39hcwptn", "rate_time": -0.366, "sig_time": 0.057, "se_time": 0.179, "sce": 19.93, "nsm": null, "valid_obs": 20, "valid_span": 24, "significant": false }, "geometry": { "type": "Point", "coordinates": [ 171.076580118553238, 7.216592686100155 ] } },
{ "type": "Feature", "properties": { "uid": "xc39hcwprf", "rate_time": -0.548, "sig_time": 0.008, "se_time": 0.184, "sce": 21.29, "nsm": null, "valid_obs": 19, "valid_span": 24, "significant": true }, "geometry": { "type": "Point", "coordinates": [ 171.076692303121661, 7.216527436819909 ] } },
{ "type": "Feature", "properties": { "uid": "xc39hcwqfy", "rate_time": -0.78, "sig_time": 0.0, "se_time": 0.173, "sce": 23.54, "nsm": null, "valid_obs": 20, "valid_span": 24, "significant": true }, "geometry": { "type": "Point", "coordinates": [ 171.076818341149419, 7.216462419272015 ] } },
{ "type": "Feature", "properties": { "uid": "xc39hcwv0z", "rate_time": -1.315, "sig_time": 0.0, "se_time": 0.269, "sce": 29.94, "nsm": null, "valid_obs": 18, "valid_span": 19, "significant": true }, "geometry": { "type": "Point", "coordinates": [ 171.077422914631882, 7.216168289977167 ] } },
{ "type": "Feature", "properties": { "uid": "xc39hcwuq5", "rate_time": -1.197, "sig_time": 0.001, "se_time": 0.293, "sce": 30.55, "nsm": null, "valid_obs": 18, "valid_span": 19, "significant": true }, "geometry": { "type": "Point", "coordinates": [ 171.077648051781267, 7.216017141649515 ] } },
{ "type": "Feature", "properties": { "uid": "xc39hcx575", "rate_time": -1.644, "sig_time": 0.004, "se_time": 0.497, "sce": 63.08, "nsm": null, "valid_obs": 19, "valid_span": 19, "significant": true }, "geometry": { "type": "Point", "coordinates": [ 171.077860798290857, 7.215848707342029 ] } },
{ "type": "Feature", "properties": { "uid": "xc39hcx3hh", "rate_time": -1.519, "sig_time": 0.003, "se_time": 0.431, "sce": 59.17, "nsm": null, "valid_obs": 19, "valid_span": 19, "significant": true }, "geometry": { "type": "Point", "coordinates": [ 171.078245173153874, 7.215465812794346 ] } },
{ "type": "Feature", "properties": { "uid": "xc39hcx2w0", "rate_time": -0.776, "sig_time": 0.001, "se_time": 0.198, "sce": 19.27, "nsm": null, "valid_obs": 19, "valid_span": 21, "significant": true }, "geometry": { "type": "Point", "coordinates": [ 171.078338895403505, 7.215359389347458 ] } },
{ "type": "Feature", "properties": { "uid": "xc39hcrrzu", "rate_time": -0.982, "sig_time": 0.0, "se_time": 0.217, "sce": 21.05, "nsm": null, "valid_obs": 18, "valid_span": 18, "significant": true }, "geometry": { "type": "Point", "coordinates": [ 171.078407810588175, 7.215250149745746 ] } },
{ "type": "Feature", "properties": { "uid": "xc39hcrx1k", "rate_time": -0.798, "sig_time": 0.001, "se_time": 0.194, "sce": 21.85, "nsm": null, "valid_obs": 19, "valid_span": 21, "significant": true }, "geometry": { "type": "Point", "coordinates": [ 171.078471150810543, 7.215123322864679 ] } },
{ "type": "Feature", "properties": { "uid": "xc39hcrtu2", "rate_time": 0.256, "sig_time": 0.607, "se_time": 0.49, "sce": 56.26, "nsm": null, "valid_obs": 21, "valid_span": 24, "significant": false }, "geometry": { "type": "Point", "coordinates": [ 171.078604378305101, 7.214887067158559 ] } },
{ "type": "Feature", "properties": { "uid": "xc39hcruc6", "rate_time": -0.125, "sig_time": 0.828, "se_time": 0.568, "sce": 83.32, "nsm": 39.24, "valid_obs": 22, "valid_span": 25, "significant": false }, "geometry": { "type": "Point", "coordinates": [ 171.078818352652718, 7.214725437369474 ] } },
{ "type": "Feature", "properties": { "uid": "xc39hcrur6", "rate_time": -0.592, "sig_time": 0.257, "se_time": 0.507, "sce": 80.89, "nsm": 10.39, "valid_obs": 22, "valid_span": 25, "significant": false }, "geometry": { "type": "Point", "coordinates": [ 171.079074195135178, 7.214638292127468 ] } },
{ "type": "Feature", "properties": { "uid": "xc39j125vx", "rate_time": -0.558, "sig_time": 0.15, "se_time": 0.373, "sce": 53.99, "nsm": 6.11, "valid_obs": 22, "valid_span": 25, "significant": false }, "geometry": { "type": "Point", "coordinates": [ 171.079340206300259, 7.21458407462415 ] } },
{ "type": "Feature", "properties": { "uid": "xc39j127ey", "rate_time": -0.476, "sig_time": 0.177, "se_time": 0.34, "sce": 47.99, "nsm": 3.28, "valid_obs": 22, "valid_span": 25, "significant": false }, "geometry": { "type": "Point", "coordinates": [ 171.079607585965647, 7.214535696116667 ] } },
{ "type": "Feature", "properties": { "uid": "xc39j12e3c", "rate_time": -0.464, "sig_time": 0.164, "se_time": 0.321, "sce": 46.66, "nsm": -0.33, "valid_obs": 22, "valid_span": 25, "significant": false }, "geometry": { "type": "Point", "coordinates": [ 171.079868673600458, 7.214462901875041 ] } },
{ "type": "Feature", "properties": { "uid": "xc38vmg6uc", "rate_time": 0.119, "sig_time": 0.465, "se_time": 0.158, "sce": 21.62, "nsm": 8.31, "valid_obs": 15, "valid_span": 25, "significant": false }, "geometry": { "type": "Point", "coordinates": [ 171.094759236721501, 7.195153947529231 ] } },
{ "type": "Feature", "properties": { "uid": "xc38vms1n9", "rate_time": 1.151, "sig_time": 0.004, "se_time": 0.325, "sce": 31.98, "nsm": null, "valid_obs": 15, "valid_span": 17, "significant": true }, "geometry": { "type": "Point", "coordinates": [ 171.095860018832212, 7.193475952398361 ] } },
{ "type": "Feature", "properties": { "uid": "xc38vmsmrt", "rate_time": 0.15, "sig_time": 0.821, "se_time": 0.653, "sce": 84.33, "nsm": 9.53, "valid_obs": 18, "valid_span": 25, "significant": false }, "geometry": { "type": "Point", "coordinates": [ 171.096250668300371, 7.194228787923776 ] } },
{ "type": "Feature", "properties": { "uid": "xc38vmswby", "rate_time": 0.793, "sig_time": 0.035, "se_time": 0.342, "sce": 36.88, "nsm": 11.17, "valid_obs": 17, "valid_span": 25, "significant": true }, "geometry": { "type": "Point", "coordinates": [ 171.096308069720493, 7.194492552283912 ] } },
{ "type": "Feature", "properties": { "uid": "xc39h3r69f", "rate_time": 2.576, "sig_time": 0.001, "se_time": 0.615, "sce": 94.41, "nsm": 79.66, "valid_obs": 19, "valid_span": 25, "significant": true }, "geometry": { "type": "Point", "coordinates": [ 171.056179743646453, 7.214338695435758 ] } },
{ "type": "Feature", "properties": { "uid": "xc39h3r4up", "rate_time": 2.695, "sig_time": 0.004, "se_time": 0.802, "sce": 111.55, "nsm": 93.23, "valid_obs": 19, "valid_span": 25, "significant": true }, "geometry": { "type": "Point", "coordinates": [ 171.055936627584259, 7.214409604785253 ] } },
{ "type": "Feature", "properties": { "uid": "xc39h3r7pm", "rate_time": 2.11, "sig_time": 0.0, "se_time": 0.471, "sce": 69.47, "nsm": 56.55, "valid_obs": 19, "valid_span": 25, "significant": true }, "geometry": { "type": "Point", "coordinates": [ 171.056416301716865, 7.214442799334642 ] } },
{ "type": "Feature", "properties": { "uid": "xc39h3qup9", "rate_time": 2.177, "sig_time": 0.048, "se_time": 1.024, "sce": 118.85, "nsm": 78.45, "valid_obs": 19, "valid_span": 25, "significant": true }, "geometry": { "type": "Point", "coordinates": [ 171.055742744427278, 7.214592862005719 ] } },
{ "type": "Feature", "properties": { "uid": "xc39h3rs7k", "rate_time": 1.462, "sig_time": 0.0, "se_time": 0.301, "sce": 45.89, "nsm": 29.25, "valid_obs": 19, "valid_span": 25, "significant": true }, "geometry": { "type": "Point", "coordinates": [ 171.056589300720049, 7.214651768231088 ] } },
{ "type": "Feature", "properties": { "uid": "xc39h3qvkt", "rate_time": 1.111, "sig_time": 0.284, "se_time": 1.002, "sce": 112.3, "nsm": 52.43, "valid_obs": 18, "valid_span": 25, "significant": false }, "geometry": { "type": "Point", "coordinates": [ 171.055615614084445, 7.214830097170273 ] } },
{ "type": "Feature", "properties": { "uid": "xc39h3rtx9", "rate_time": 0.939, "sig_time": 0.0, "se_time": 0.175, "sce": 32.98, "nsm": 17.28, "valid_obs": 19, "valid_span": 25, "significant": true }, "geometry": { "type": "Point", "coordinates": [ 171.056773799841778, 7.214848568164559 ] } },
{ "type": "Feature", "properties": { "uid": "xc39h3rys8", "rate_time": 0.626, "sig_time": 0.001, "se_time": 0.16, "sce": 23.33, "nsm": 15.27, "valid_obs": 19, "valid_span": 25, "significant": true }, "geometry": { "type": "Point", "coordinates": [ 171.056987751338824, 7.215015340878497 ] } },
{ "type": "Feature", "properties": { "uid": "xc39h3re2m", "rate_time": 1.851, "sig_time": 0.0, "se_time": 0.431, "sce": 63.05, "nsm": 50.48, "valid_obs": 20, "valid_span": 25, "significant": true }, "geometry": { "type": "Point", "coordinates": [ 171.056457829532377, 7.214485602962964 ] } },
{ "type": "Feature", "properties": { "uid": "xc39h3rssm", "rate_time": 1.148, "sig_time": 0.002, "se_time": 0.324, "sce": 44.22, "nsm": 23.94, "valid_obs": 20, "valid_span": 25, "significant": true }, "geometry": { "type": "Point", "coordinates": [ 171.056625439922612, 7.214699177370216 ] } },
{ "type": "Feature", "properties": { "uid": "xc39h3rvbb", "rate_time": 0.654, "sig_time": 0.027, "se_time": 0.271, "sce": 42.3, "nsm": 17.34, "valid_obs": 20, "valid_span": 25, "significant": true }, "geometry": { "type": "Point", "coordinates": [ 171.056819107647527, 7.214887359825702 ] } },
{ "type": "Feature", "properties": { "uid": "xc39h3ryty", "rate_time": 0.426, "sig_time": 0.082, "se_time": 0.231, "sce": 31.98, "nsm": 15.39, "valid_obs": 20, "valid_span": 25, "significant": false }, "geometry": { "type": "Point", "coordinates": [ 171.05703604582132, 7.21505034487662 ] } },
{ "type": "Feature", "properties": { "uid": "xc39h92pf8", "rate_time": 0.374, "sig_time": 0.006, "se_time": 0.121, "sce": 18.37, "nsm": 13.34, "valid_obs": 20, "valid_span": 25, "significant": true }, "geometry": { "type": "Point", "coordinates": [ 171.057236677017215, 7.215231137345012 ] } },
{ "type": "Feature", "properties": { "uid": "xc39h98tx8", "rate_time": 0.209, "sig_time": 0.522, "se_time": 0.321, "sce": 54.17, "nsm": 10.81, "valid_obs": 22, "valid_span": 25, "significant": false }, "geometry": { "type": "Point", "coordinates": [ 171.058141088533972, 7.216216238459366 ] } },
{ "type": "Feature", "properties": { "uid": "xc39h98y5g", "rate_time": 0.531, "sig_time": 0.079, "se_time": 0.287, "sce": 42.43, "nsm": 11.65, "valid_obs": 21, "valid_span": 25, "significant": false }, "geometry": { "type": "Point", "coordinates": [ 171.058326810291362, 7.216318452717061 ] } },
{ "type": "Feature", "properties": { "uid": "xc39h98ym0", "rate_time": 0.397, "sig_time": 0.174, "se_time": 0.282, "sce": 40.87, "nsm": 12.34, "valid_obs": 22, "valid_span": 25, "significant": false }, "geometry": { "type": "Point", "coordinates": [ 171.058378896152931, 7.216347546266809 ] } },
{ "type": "Feature", "properties": { "uid": "xc39h3qvs9", "rate_time": 1.316, "sig_time": 0.092, "se_time": 0.734, "sce": 96.38, "nsm": 50.35, "valid_obs": 18, "valid_span": 25, "significant": false }, "geometry": { "type": "Point", "coordinates": [ 171.055609844872606, 7.21484999915495 ] } },
{ "type": "Feature", "properties": { "uid": "xc39h3qupk", "rate_time": 1.89, "sig_time": 0.083, "se_time": 1.031, "sce": 119.34, "nsm": 76.43, "valid_obs": 20, "valid_span": 25, "significant": false }, "geometry": { "type": "Point", "coordinates": [ 171.055731506331284, 7.214610278275059 ] } },
{ "type": "Feature", "properties": { "uid": "xc39h3r55c", "rate_time": 2.473, "sig_time": 0.006, "se_time": 0.799, "sce": 110.2, "nsm": 94.01, "valid_obs": 20, "valid_span": 25, "significant": true }, "geometry": { "type": "Point", "coordinates": [ 171.055919415882869, 7.214421173377581 ] } },
{ "type": "Feature", "properties": { "uid": "xc39h3r693", "rate_time": 2.558, "sig_time": 0.001, "se_time": 0.605, "sce": 96.2, "nsm": 81.32, "valid_obs": 20, "valid_span": 25, "significant": true }, "geometry": { "type": "Point", "coordinates": [ 171.056159265607448, 7.21433537075073 ] } },
{ "type": "Feature", "properties": { "uid": "xc39h3r7p4", "rate_time": 2.077, "sig_time": 0.0, "se_time": 0.48, "sce": 71.71, "nsm": 58.68, "valid_obs": 20, "valid_span": 25, "significant": true }, "geometry": { "type": "Point", "coordinates": [ 171.056401864999259, 7.21442791909102 ] } },
{ "type": "Feature", "properties": { "uid": "xc39j0c7jh", "rate_time": -0.206, "sig_time": 0.758, "se_time": 0.656, "sce": 77.76, "nsm": 9.42, "valid_obs": 16, "valid_span": 25, "significant": false }, "geometry": { "type": "Point", "coordinates": [ 171.08103511952956, 7.211688133700457 ] } },
{ "type": "Feature", "properties": { "uid": "xc39j0ch0b", "rate_time": -0.524, "sig_time": 0.341, "se_time": 0.531, "sce": 67.05, "nsm": -2.25, "valid_obs": 16, "valid_span": 25, "significant": false }, "geometry": { "type": "Point", "coordinates": [ 171.080516355233357, 7.211841732724155 ] } },
{ "type": "Feature", "properties": { "uid": "xc39j0bug3", "rate_time": -0.428, "sig_time": 0.145, "se_time": 0.277, "sce": 34.86, "nsm": -4.79, "valid_obs": 16, "valid_span": 25, "significant": false }, "geometry": { "type": "Point", "coordinates": [ 171.080279193270627, 7.211974204682119 ] } },
{ "type": "Feature", "properties": { "uid": "xc39j0by04", "rate_time": -0.176, "sig_time": 0.169, "se_time": 0.121, "sce": 13.31, "nsm": -4.97, "valid_obs": 16, "valid_span": 25, "significant": false }, "geometry": { "type": "Point", "coordinates": [ 171.080134259154676, 7.212194733425016 ] } },
{ "type": "Feature", "properties": { "uid": "xc39j11mng", "rate_time": 0.073, "sig_time": 0.864, "se_time": 0.421, "sce": 58.02, "nsm": -0.25, "valid_obs": 18, "valid_span": 25, "significant": false }, "geometry": { "type": "Point", "coordinates": [ 171.081110355132296, 7.213399814228727 ] } },
{ "type": "Feature", "properties": { "uid": "xc39j11qnt", "rate_time": 0.006, "sig_time": 0.985, "se_time": 0.301, "sce": 40.68, "nsm": -0.08, "valid_obs": 18, "valid_span": 25, "significant": false }, "geometry": { "type": "Point", "coordinates": [ 171.081102686680708, 7.21358528416846 ] } },
{ "type": "Feature", "properties": { "uid": "xc39j11rss", "rate_time": 0.106, "sig_time": 0.741, "se_time": 0.314, "sce": 41.37, "nsm": 4.11, "valid_obs": 18, "valid_span": 25, "significant": false }, "geometry": { "type": "Point", "coordinates": [ 171.081017949841851, 7.213838223887189 ] } },
{ "type": "Feature", "properties": { "uid": "xc39j132cn", "rate_time": -0.446, "sig_time": 0.001, "se_time": 0.107, "sce": 15.99, "nsm": -8.82, "valid_obs": 17, "valid_span": 25, "significant": true }, "geometry": { "type": "Point", "coordinates": [ 171.080869969543528, 7.214063946155512 ] } },
{ "type": "Feature", "properties": { "uid": "xc39j161p1", "rate_time": 0.697, "sig_time": 0.0, "se_time": 0.143, "sce": 22.41, "nsm": 17.06, "valid_obs": 19, "valid_span": 25, "significant": true }, "geometry": { "type": "Point", "coordinates": [ 171.082151078650838, 7.214077547152229 ] } },
{ "type": "Feature", "properties": { "uid": "xc39j164xe", "rate_time": 0.887, "sig_time": 0.0, "se_time": 0.206, "sce": 36.43, "nsm": 18.57, "valid_obs": 20, "valid_span": 25, "significant": true }, "geometry": { "type": "Point", "coordinates": [ 171.082179266033336, 7.214347382631953 ] } },
{ "type": "Feature", "properties": { "uid": "xc39j12dzv", "rate_time": -0.514, "sig_time": 0.063, "se_time": 0.261, "sce": 40.47, "nsm": -2.48, "valid_obs": 22, "valid_span": 25, "significant": false }, "geometry": { "type": "Point", "coordinates": [ 171.080131479681768, 7.214398960647273 ] } },
{ "type": "Feature", "properties": { "uid": "xc39j12fwh", "rate_time": -0.549, "sig_time": 0.017, "se_time": 0.211, "sce": 34.78, "nsm": -7.61, "valid_obs": 22, "valid_span": 25, "significant": true }, "geometry": { "type": "Point", "coordinates": [ 171.080399301994504, 7.214353219126632 ] } },
{ "type": "Feature", "properties": { "uid": "xc39j134h4", "rate_time": -0.641, "sig_time": 0.001, "se_time": 0.167, "sce": 29.73, "nsm": -10.67, "valid_obs": 22, "valid_span": 25, "significant": true }, "geometry": { "type": "Point", "coordinates": [ 171.080648495120471, 7.21425629198156 ] } },
{ "type": "Feature", "properties": { "uid": "xc39j1330f", "rate_time": -0.539, "sig_time": 0.001, "se_time": 0.136, "sce": 25.69, "nsm": -9.33, "valid_obs": 22, "valid_span": 25, "significant": true }, "geometry": { "type": "Point", "coordinates": [ 171.080854233328409, 7.214083773911324 ] } },
{ "type": "Feature", "properties": { "uid": "xc39j11ru3", "rate_time": -0.355, "sig_time": 0.037, "se_time": 0.159, "sce": 21.32, "nsm": 4.7, "valid_obs": 22, "valid_span": 25, "significant": true }, "geometry": { "type": "Point", "coordinates": [ 171.081006907922358, 7.21386099467457 ] } },
{ "type": "Feature", "properties": { "uid": "xc39j14pjy", "rate_time": 0.505, "sig_time": 0.056, "se_time": 0.248, "sce": 38.2, "nsm": 14.37, "valid_obs": 21, "valid_span": 25, "significant": false }, "geometry": { "type": "Point", "coordinates": [ 171.082105463277543, 7.21376130365226 ] } },
{ "type": "Feature", "properties": { "uid": "xc39j160yb", "rate_time": 0.916, "sig_time": 0.0, "se_time": 0.206, "sce": 43.83, "nsm": 16.67, "valid_obs": 21, "valid_span": 25, "significant": true }, "geometry": { "type": "Point", "coordinates": [ 171.082144896421397, 7.214029786891047 ] } },
{ "type": "Feature", "properties": { "uid": "xc39j164rd", "rate_time": 0.901, "sig_time": 0.001, "se_time": 0.227, "sce": 40.92, "nsm": 18.42, "valid_obs": 21, "valid_span": 25, "significant": true }, "geometry": { "type": "Point", "coordinates": [ 171.082175386257262, 7.214299381090573 ] } },
{ "type": "Feature", "properties": { "uid": "xc39j165zv", "rate_time": 0.836, "sig_time": 0.0, "se_time": 0.148, "sce": 25.37, "nsm": 18.87, "valid_obs": 21, "valid_span": 25, "significant": true }, "geometry": { "type": "Point", "coordinates": [ 171.082189016129007, 7.214570157374025 ] } },
{ "type": "Feature", "properties": { "uid": "xc39j16hpy", "rate_time": 0.801, "sig_time": 0.0, "se_time": 0.147, "sce": 25.56, "nsm": 18.8, "valid_obs": 20, "valid_span": 25, "significant": true }, "geometry": { "type": "Point", "coordinates": [ 171.082188414003411, 7.214618311281464 ] } },
{ "type": "Feature", "properties": { "uid": "xc38vmt2eb", "rate_time": -0.13, "sig_time": 0.784, "se_time": 0.466, "sce": 56.86, "nsm": 11.54, "valid_obs": 16, "valid_span": 25, "significant": false }, "geometry": { "type": "Point", "coordinates": [ 171.097468332537346, 7.193385691288473 ] } },
{ "type": "Feature", "properties": { "uid": "xc38vmt6h4", "rate_time": -0.051, "sig_time": 0.939, "se_time": 0.66, "sce": 85.07, "nsm": 15.72, "valid_obs": 16, "valid_span": 25, "significant": false }, "geometry": { "type": "Point", "coordinates": [ 171.097478071128023, 7.193654424417474 ] } },
{ "type": "Feature", "properties": { "uid": "xc38vmmquy", "rate_time": -0.133, "sig_time": 0.668, "se_time": 0.305, "sce": 33.51, "nsm": 7.07, "valid_obs": 16, "valid_span": 25, "significant": false }, "geometry": { "type": "Point", "coordinates": [ 171.097505332761045, 7.19311726702897 ] } },
{ "type": "Feature", "properties": { "uid": "xc38vmt7w2", "rate_time": 0.164, "sig_time": 0.845, "se_time": 0.824, "sce": 110.54, "nsm": 22.74, "valid_obs": 16, "valid_span": 25, "significant": false }, "geometry": { "type": "Point", "coordinates": [ 171.09757511542935, 7.193901412912195 ] } },
{ "type": "Feature", "properties": { "uid": "xc38vmts7s", "rate_time": 0.117, "sig_time": 0.929, "se_time": 1.296, "sce": 133.77, "nsm": 18.84, "valid_obs": 17, "valid_span": 25, "significant": false }, "geometry": { "type": "Point", "coordinates": [ 171.0977979477573, 7.194049971502467 ] } },
{ "type": "Feature", "properties": { "uid": "xc38vmq68d", "rate_time": -0.075, "sig_time": 0.809, "se_time": 0.304, "sce": 42.44, "nsm": 6.54, "valid_obs": 18, "valid_span": 25, "significant": false }, "geometry": { "type": "Point", "coordinates": [ 171.098696473775249, 7.192368240642792 ] } },
{ "type": "Feature", "properties": { "uid": "xc38vmq7v6", "rate_time": -0.088, "sig_time": 0.868, "se_time": 0.525, "sce": 66.13, "nsm": 11.24, "valid_obs": 18, "valid_span": 25, "significant": false }, "geometry": { "type": "Point", "coordinates": [ 171.098902144588351, 7.19258364036943 ] } },
{ "type": "Feature", "properties": { "uid": "xc38vmqmrc", "rate_time": 0.184, "sig_time": 0.752, "se_time": 0.573, "sce": 68.26, "nsm": 18.17, "valid_obs": 17, "valid_span": 25, "significant": false }, "geometry": { "type": "Point", "coordinates": [ 171.099005654173311, 7.192833688454141 ] } },
{ "type": "Feature", "properties": { "uid": "xc38vmw82u", "rate_time": 1.173, "sig_time": 0.011, "se_time": 0.403, "sce": 51.91, "nsm": 29.63, "valid_obs": 16, "valid_span": 25, "significant": true }, "geometry": { "type": "Point", "coordinates": [ 171.099046898907744, 7.193364429855207 ] } },
{ "type": "Feature", "properties": { "uid": "xc38vmqwc4", "rate_time": -0.021, "sig_time": 0.983, "se_time": 0.982, "sce": 109.45, "nsm": 39.04, "valid_obs": 18, "valid_span": 25, "significant": false }, "geometry": { "type": "Point", "coordinates": [ 171.099065046122035, 7.193096864202475 ] } },
{ "type": "Feature", "properties": { "uid": "xc38vsu06e", "rate_time": 82.731, "sig_time": 0.016, "se_time": 31.528, "sce": 4324.73, "nsm": 944.89, "valid_obs": 22, "valid_span": 25, "significant": true }, "geometry": { "type": "Point", "coordinates": [ 171.106680678508468, 7.189241701152158 ] } },
{ "type": "Feature", "properties": { "uid": "xc38vsu1rm", "rate_time": 83.199, "sig_time": 0.016, "se_time": 31.512, "sce": 4327.85, "nsm": 958.39, "valid_obs": 22, "valid_span": 25, "significant": true }, "geometry": { "type": "Point", "coordinates": [ 171.106883511561136, 7.18942184836513 ] } },
{ "type": "Feature", "properties": { "uid": "xc38vstj6p", "rate_time": 89.367, "sig_time": 0.012, "se_time": 32.479, "sce": 4471.9, "nsm": 1103.59, "valid_obs": 22, "valid_span": 25, "significant": true }, "geometry": { "type": "Point", "coordinates": [ 171.108031478623275, 7.188747999399889 ] } },
{ "type": "Feature", "properties": { "uid": "xc38vsv07w", "rate_time": 88.286, "sig_time": 0.012, "se_time": 32.142, "sce": 4440.44, "nsm": 1090.86, "valid_obs": 22, "valid_span": 25, "significant": true }, "geometry": { "type": "Point", "coordinates": [ 171.108098818371843, 7.189253658223127 ] } },
{ "type": "Feature", "properties": { "uid": "xc38vstnut", "rate_time": 89.27, "sig_time": 0.012, "se_time": 32.359, "sce": 4463.3, "nsm": 1105.36, "valid_obs": 22, "valid_span": 25, "significant": true }, "geometry": { "type": "Point", "coordinates": [ 171.108143484932157, 7.188991037346881 ] } },
{ "type": "Feature", "properties": { "uid": "xc38vseyzx", "rate_time": 82.862, "sig_time": 0.016, "se_time": 31.632, "sce": 4332.52, "nsm": 942.61, "valid_obs": 22, "valid_span": 25, "significant": true }, "geometry": { "type": "Point", "coordinates": [ 171.106554842893161, 7.189001958577795 ] } },
{ "type": "Feature", "properties": { "uid": "xc38vsevqv", "rate_time": 42.648, "sig_time": 0.007, "se_time": 14.131, "sce": 1297.29, "nsm": 951.62, "valid_obs": 20, "valid_span": 25, "significant": true }, "geometry": { "type": "Point", "coordinates": [ 171.106519799140415, 7.18873468588962 ] } },
{ "type": "Feature", "properties": { "uid": "xc38vssesz", "rate_time": -87.42, "sig_time": 0.057, "se_time": 43.189, "sce": 5853.29, "nsm": -1059.56, "valid_obs": 22, "valid_span": 25, "significant": false }, "geometry": { "type": "Point", "coordinates": [ 171.107464237529342, 7.188444372518336 ] } },
{ "type": "Feature", "properties": { "uid": "xc38vssggn", "rate_time": -88.596, "sig_time": 0.055, "se_time": 43.548, "sce": 5896.37, "nsm": -1084.22, "valid_obs": 22, "valid_span": 25, "significant": false }, "geometry": { "type": "Point", "coordinates": [ 171.107728184562461, 7.188484405800926 ] } },
{ "type": "Feature", "properties": { "uid": "xc38vsthb6", "rate_time": 89.279, "sig_time": 0.012, "se_time": 32.522, "sce": 4473.77, "nsm": 1100.37, "valid_obs": 22, "valid_span": 25, "significant": true }, "geometry": { "type": "Point", "coordinates": [ 171.107953599371996, 7.188635941530313 ] } },
{ "type": "Feature", "properties": { "uid": "xc39hdd1vq", "rate_time": -0.182, "sig_time": 0.713, "se_time": 0.487, "sce": 97.89, "nsm": 3.69, "valid_obs": 21, "valid_span": 25, "significant": false }, "geometry": { "type": "Point", "coordinates": [ 171.060104426724024, 7.221097329217945 ] } },
{ "type": "Feature", "properties": { "uid": "xc39hdd6dv", "rate_time": -0.008, "sig_time": 0.979, "se_time": 0.286, "sce": 41.07, "nsm": 4.16, "valid_obs": 19, "valid_span": 25, "significant": false }, "geometry": { "type": "Point", "coordinates": [ 171.060345653115405, 7.22122179675485 ] } },
{ "type": "Feature", "properties": { "uid": "xc39h9fmux", "rate_time": 0.755, "sig_time": 0.001, "se_time": 0.188, "sce": 36.24, "nsm": 15.26, "valid_obs": 23, "valid_span": 25, "significant": true }, "geometry": { "type": "Point", "coordinates": [ 171.060417028239272, 7.217671119383795 ] } },
{ "type": "Feature", "properties": { "uid": "xc39hdde2b", "rate_time": 0.537, "sig_time": 0.145, "se_time": 0.35, "sce": 60.69, "nsm": 3.85, "valid_obs": 18, "valid_span": 25, "significant": false }, "geometry": { "type": "Point", "coordinates": [ 171.060596718737315, 7.221324925886459 ] } },
{ "type": "Feature", "properties": { "uid": "xc39h9fx14", "rate_time": 0.684, "sig_time": 0.003, "se_time": 0.2, "sce": 32.46, "nsm": 11.89, "valid_obs": 23, "valid_span": 25, "significant": true }, "geometry": { "type": "Point", "coordinates": [ 171.06061091055011, 7.217859459099613 ] } },
{ "type": "Feature", "properties": { "uid": "xc39hd48m2", "rate_time": 0.2, "sig_time": 0.566, "se_time": 0.343, "sce": 61.44, "nsm": 7.94, "valid_obs": 24, "valid_span": 25, "significant": false }, "geometry": { "type": "Point", "coordinates": [ 171.060791866992616, 7.218061892270604 ] } },
{ "type": "Feature", "properties": { "uid": "xc39hddewz", "rate_time": -0.105, "sig_time": 0.669, "se_time": 0.24, "sce": 37.79, "nsm": 3.18, "valid_obs": 18, "valid_span": 25, "significant": false }, "geometry": { "type": "Point", "coordinates": [ 171.060856741620654, 7.221402547826835 ] } },
{ "type": "Feature", "properties": { "uid": "xc39hd4c3t", "rate_time": 0.236, "sig_time": 0.339, "se_time": 0.241, "sce": 34.67, "nsm": 4.69, "valid_obs": 24, "valid_span": 25, "significant": false }, "geometry": { "type": "Point", "coordinates": [ 171.060976621874943, 7.218260662493289 ] } },
{ "type": "Feature", "properties": { "uid": "xc39hdduhu", "rate_time": -0.169, "sig_time": 0.3, "se_time": 0.158, "sce": 23.02, "nsm": -0.3, "valid_obs": 18, "valid_span": 25, "significant": false }, "geometry": { "type": "Point", "coordinates": [ 171.061119357782985, 7.22147226961283 ] } },
{ "type": "Feature", "properties": { "uid": "xc39hd4fqc", "rate_time": 0.329, "sig_time": 0.319, "se_time": 0.322, "sce": 57.06, "nsm": 1.95, "valid_obs": 24, "valid_span": 25, "significant": false }, "geometry": { "type": "Point", "coordinates": [ 171.061200714747002, 7.218413795834079 ] } },
{ "type": "Feature", "properties": { "uid": "xc39hd55hk", "rate_time": 0.261, "sig_time": 0.225, "se_time": 0.209, "sce": 27.3, "nsm": -0.44, "valid_obs": 23, "valid_span": 25, "significant": false }, "geometry": { "type": "Point", "coordinates": [ 171.061431983089562, 7.218556238049081 ] } },
{ "type": "Feature", "properties": { "uid": "xc39hd57cg", "rate_time": 0.434, "sig_time": 0.184, "se_time": 0.316, "sce": 55.21, "nsm": 3.42, "valid_obs": 23, "valid_span": 25, "significant": false }, "geometry": { "type": "Point", "coordinates": [ 171.061673946251943, 7.218679748659705 ] } },
{ "type": "Feature", "properties": { "uid": "xc39hd5kxe", "rate_time": 0.239, "sig_time": 0.241, "se_time": 0.198, "sce": 25.95, "nsm": 4.63, "valid_obs": 22, "valid_span": 25, "significant": false }, "geometry": { "type": "Point", "coordinates": [ 171.061914150699465, 7.218806583221831 ] } },
{ "type": "Feature", "properties": { "uid": "xc39hd5tj6", "rate_time": 0.158, "sig_time": 0.423, "se_time": 0.194, "sce": 25.05, "nsm": 3.84, "valid_obs": 22, "valid_span": 25, "significant": false }, "geometry": { "type": "Point", "coordinates": [ 171.062168141605326, 7.218889733246573 ] } },
{ "type": "Feature", "properties": { "uid": "xc39hd5v59", "rate_time": 0.381, "sig_time": 0.054, "se_time": 0.186, "sce": 22.67, "nsm": 14.04, "valid_obs": 22, "valid_span": 25, "significant": false }, "geometry": { "type": "Point", "coordinates": [ 171.062436207481483, 7.218882063163804 ] } },
{ "type": "Feature", "properties": { "uid": "xc39hdhh9z", "rate_time": 0.933, "sig_time": 0.004, "se_time": 0.284, "sce": 50.2, "nsm": 43.81, "valid_obs": 22, "valid_span": 25, "significant": true }, "geometry": { "type": "Point", "coordinates": [ 171.062702811886425, 7.218829882896834 ] } },
{ "type": "Feature", "properties": { "uid": "xc39hdhkb0", "rate_time": 1.142, "sig_time": 0.017, "se_time": 0.437, "sce": 82.38, "nsm": 25.73, "valid_obs": 22, "valid_span": 25, "significant": true }, "geometry": { "type": "Point", "coordinates": [ 171.062966129996084, 7.218834633847934 ] } },
{ "type": "Feature", "properties": { "uid": "xc39hdhmmr", "rate_time": 0.7, "sig_time": 0.001, "se_time": 0.181, "sce": 27.53, "nsm": 7.63, "valid_obs": 21, "valid_span": 25, "significant": true }, "geometry": { "type": "Point", "coordinates": [ 171.063199790741294, 7.218961012172524 ] } },
{ "type": "Feature", "properties": { "uid": "xc39hdhw9t", "rate_time": 0.542, "sig_time": 0.009, "se_time": 0.186, "sce": 26.3, "nsm": 5.79, "valid_obs": 21, "valid_span": 25, "significant": true }, "geometry": { "type": "Point", "coordinates": [ 171.06338165215837, 7.219161773412916 ] } },
{ "type": "Feature", "properties": { "uid": "xc39hdhxvq", "rate_time": 0.481, "sig_time": 0.038, "se_time": 0.215, "sce": 36.74, "nsm": 1.02, "valid_obs": 21, "valid_span": 25, "significant": true }, "geometry": { "type": "Point", "coordinates": [ 171.063537325515483, 7.219384055275561 ] } },
{ "type": "Feature", "properties": { "uid": "xc39hd9cpg", "rate_time": 0.151, "sig_time": 0.483, "se_time": 0.212, "sce": 32.25, "nsm": 4.44, "valid_obs": 21, "valid_span": 25, "significant": false }, "geometry": { "type": "Point", "coordinates": [ 171.059874267122723, 7.220953059692824 ] } },
{ "type": "Feature", "properties": { "uid": "xc39hd9b54", "rate_time": 0.141, "sig_time": 0.438, "se_time": 0.178, "sce": 30.26, "nsm": 2.84, "valid_obs": 21, "valid_span": 25, "significant": false }, "geometry": { "type": "Point", "coordinates": [ 171.05966801381615, 7.220776372500869 ] } },
{ "type": "Feature", "properties": { "uid": "xc39hd3wz8", "rate_time": 0.037, "sig_time": 0.792, "se_time": 0.139, "sce": 19.46, "nsm": 2.08, "valid_obs": 21, "valid_span": 25, "significant": false }, "geometry": { "type": "Point", "coordinates": [ 171.059520868652925, 7.220553182435674 ] } },
{ "type": "Feature", "properties": { "uid": "xc39hd3tq0", "rate_time": 0.249, "sig_time": 0.34, "se_time": 0.254, "sce": 44.41, "nsm": 3.25, "valid_obs": 21, "valid_span": 25, "significant": false }, "geometry": { "type": "Point", "coordinates": [ 171.059452680832493, 7.220294609720054 ] } },
{ "type": "Feature", "properties": { "uid": "xc39hd33p8", "rate_time": -0.079, "sig_time": 0.731, "se_time": 0.225, "sce": 32.38, "nsm": 4.36, "valid_obs": 18, "valid_span": 25, "significant": false }, "geometry": { "type": "Point", "coordinates": [ 171.059172652717137, 7.219562685853378 ] } },
{ "type": "Feature", "properties": { "uid": "xc39hd3249", "rate_time": -0.093, "sig_time": 0.682, "se_time": 0.224, "sce": 32.19, "nsm": 3.36, "valid_obs": 18, "valid_span": 25, "significant": false }, "geometry": { "type": "Point", "coordinates": [ 171.058956476021621, 7.2193993433945 ] } },
{ "type": "Feature", "properties": { "uid": "xc39hd1pm0", "rate_time": -0.105, "sig_time": 0.58, "se_time": 0.186, "sce": 24.04, "nsm": -2.85, "valid_obs": 18, "valid_span": 25, "significant": false }, "geometry": { "type": "Point", "coordinates": [ 171.058720321010128, 7.219266202849998 ] } },
{ "type": "Feature", "properties": { "uid": "xc39hd0yxj", "rate_time": 0.211, "sig_time": 0.194, "se_time": 0.156, "sce": 22.96, "nsm": 6.93, "valid_obs": 18, "valid_span": 25, "significant": false }, "geometry": { "type": "Point", "coordinates": [ 171.058468914633295, 7.219164086390177 ] } },
{ "type": "Feature", "properties": { "uid": "xc39hd0y30", "rate_time": 0.347, "sig_time": 0.108, "se_time": 0.204, "sce": 30.39, "nsm": 8.09, "valid_obs": 18, "valid_span": 25, "significant": false }, "geometry": { "type": "Point", "coordinates": [ 171.058207075974991, 7.219091759217185 ] } },
{ "type": "Feature", "properties": { "uid": "xc39hd0tg5", "rate_time": 0.509, "sig_time": 0.222, "se_time": 0.401, "sce": 68.48, "nsm": 5.4, "valid_obs": 19, "valid_span": 25, "significant": false }, "geometry": { "type": "Point", "coordinates": [ 171.057946611363832, 7.219022553590675 ] } },
{ "type": "Feature", "properties": { "uid": "xc39hd07dj", "rate_time": -0.39, "sig_time": 0.06, "se_time": 0.195, "sce": 23.82, "nsm": -4.94, "valid_obs": 20, "valid_span": 25, "significant": false }, "geometry": { "type": "Point", "coordinates": [ 171.057568483804573, 7.218645742374584 ] } },
{ "type": "Feature", "properties": { "uid": "xc39hd04qe", "rate_time": -0.573, "sig_time": 0.009, "se_time": 0.197, "sce": 25.4, "nsm": -7.44, "valid_obs": 20, "valid_span": 25, "significant": true }, "geometry": { "type": "Point", "coordinates": [ 171.057413951933654, 7.218422631034415 ] } },
{ "type": "Feature", "properties": { "uid": "xc39hd014f", "rate_time": -0.538, "sig_time": 0.006, "se_time": 0.173, "sce": 26.5, "nsm": -6.84, "valid_obs": 20, "valid_span": 25, "significant": true }, "geometry": { "type": "Point", "coordinates": [ 171.057252973693039, 7.218204093667516 ] } },
{ "type": "Feature", "properties": { "uid": "xc39h3zzyu", "rate_time": -0.616, "sig_time": 0.005, "se_time": 0.194, "sce": 27.8, "nsm": -10.48, "valid_obs": 20, "valid_span": 25, "significant": true }, "geometry": { "type": "Point", "coordinates": [ 171.057078601294563, 7.217996396235227 ] } },
{ "type": "Feature", "properties": { "uid": "xc39h3zyf4", "rate_time": -0.705, "sig_time": 0.042, "se_time": 0.323, "sce": 54.19, "nsm": -10.87, "valid_obs": 20, "valid_span": 25, "significant": true }, "geometry": { "type": "Point", "coordinates": [ 171.056876627611445, 7.217814904730059 ] } },
{ "type": "Feature", "properties": { "uid": "xc39hdme20", "rate_time": 0.117, "sig_time": 0.649, "se_time": 0.252, "sce": 40.34, "nsm": -0.44, "valid_obs": 19, "valid_span": 25, "significant": false }, "geometry": { "type": "Point", "coordinates": [ 171.06468739217209, 7.219949076376265 ] } },
{ "type": "Feature", "properties": { "uid": "xc39hdmdwp", "rate_time": 0.23, "sig_time": 0.284, "se_time": 0.209, "sce": 29.07, "nsm": 1.24, "valid_obs": 19, "valid_span": 25, "significant": false }, "geometry": { "type": "Point", "coordinates": [ 171.064943034242106, 7.219858759328839 ] } },
{ "type": "Feature", "properties": { "uid": "xc39hdxk8k", "rate_time": -0.632, "sig_time": 0.416, "se_time": 0.752, "sce": 101.03, "nsm": 0.7, "valid_obs": 15, "valid_span": 25, "significant": false }, "geometry": { "type": "Point", "coordinates": [ 171.067102219035746, 7.221559316215062 ] } },
{ "type": "Feature", "properties": { "uid": "xc39hdrknu", "rate_time": 0.769, "sig_time": 0.133, "se_time": 0.484, "sce": 59.89, "nsm": 11.78, "valid_obs": 17, "valid_span": 25, "significant": false }, "geometry": { "type": "Point", "coordinates": [ 171.067379244785997, 7.220099612112365 ] } },
{ "type": "Feature", "properties": { "uid": "xc39hdrt8j", "rate_time": 0.555, "sig_time": 0.329, "se_time": 0.549, "sce": 75.63, "nsm": 10.03, "valid_obs": 16, "valid_span": 25, "significant": false }, "geometry": { "type": "Point", "coordinates": [ 171.067432318159604, 7.220362357161417 ] } },
{ "type": "Feature", "properties": { "uid": "xc39hdxd27", "rate_time": -0.543, "sig_time": 0.488, "se_time": 0.762, "sce": 99.45, "nsm": 7.79, "valid_obs": 15, "valid_span": 25, "significant": false }, "geometry": { "type": "Point", "coordinates": [ 171.067443470363315, 7.221168893216541 ] } },
{ "type": "Feature", "properties": { "uid": "xc39hdrx0x", "rate_time": 0.732, "sig_time": 0.048, "se_time": 0.336, "sce": 47.21, "nsm": 8.64, "valid_obs": 15, "valid_span": 25, "significant": true }, "geometry": { "type": "Point", "coordinates": [ 171.06746008998573, 7.220632297013424 ] } },
{ "type": "Feature", "properties": { "uid": "xc39hcutfc", "rate_time": 0.281, "sig_time": 0.193, "se_time": 0.208, "sce": 34.04, "nsm": 2.72, "valid_obs": 20, "valid_span": 25, "significant": false }, "geometry": { "type": "Point", "coordinates": [ 171.074420823248374, 7.217639310412639 ] } },
{ "type": "Feature", "properties": { "uid": "xc39hcuv02", "rate_time": 0.134, "sig_time": 0.457, "se_time": 0.177, "sce": 24.64, "nsm": 0.06, "valid_obs": 20, "valid_span": 25, "significant": false }, "geometry": { "type": "Point", "coordinates": [ 171.074655783544216, 7.217503175048511 ] } },
{ "type": "Feature", "properties": { "uid": "xc39hcuudf", "rate_time": -0.145, "sig_time": 0.319, "se_time": 0.141, "sce": 16.09, "nsm": -1.4, "valid_obs": 19, "valid_span": 25, "significant": false }, "geometry": { "type": "Point", "coordinates": [ 171.074764587813092, 7.217432507345698 ] } },
{ "type": "Feature", "properties": { "uid": "xc39hcuuje", "rate_time": -0.065, "sig_time": 0.718, "se_time": 0.176, "sce": 18.94, "nsm": -2.7, "valid_obs": 20, "valid_span": 25, "significant": false }, "geometry": { "type": "Point", "coordinates": [ 171.074878271923694, 7.217347846793849 ] } },
{ "type": "Feature", "properties": { "uid": "xc39hcugxu", "rate_time": -0.314, "sig_time": 0.075, "se_time": 0.165, "sce": 15.96, "nsm": -3.79, "valid_obs": 19, "valid_span": 25, "significant": false }, "geometry": { "type": "Point", "coordinates": [ 171.074979487883468, 7.217266656052624 ] } },
{ "type": "Feature", "properties": { "uid": "xc39hcv546", "rate_time": -0.256, "sig_time": 0.234, "se_time": 0.208, "sce": 19.56, "nsm": -5.46, "valid_obs": 20, "valid_span": 25, "significant": false }, "geometry": { "type": "Point", "coordinates": [ 171.075087017158893, 7.21717458177795 ] } },
{ "type": "Feature", "properties": { "uid": "xc39hcv4sg", "rate_time": -0.425, "sig_time": 0.049, "se_time": 0.2, "sce": 22.49, "nsm": -6.88, "valid_obs": 19, "valid_span": 25, "significant": true }, "geometry": { "type": "Point", "coordinates": [ 171.075188342745037, 7.217093647840366 ] } },
{ "type": "Feature", "properties": { "uid": "xc39hcv4p7", "rate_time": -0.2, "sig_time": 0.407, "se_time": 0.235, "sce": 26.84, "nsm": -7.15, "valid_obs": 20, "valid_span": 25, "significant": false }, "geometry": { "type": "Point", "coordinates": [ 171.075299833901795, 7.217005958746786 ] } },
{ "type": "Feature", "properties": { "uid": "xc39hcv39y", "rate_time": -0.317, "sig_time": 0.159, "se_time": 0.215, "sce": 23.71, "nsm": -6.3, "valid_obs": 19, "valid_span": 25, "significant": false }, "geometry": { "type": "Point", "coordinates": [ 171.075408597066428, 7.21693722285942 ] } },
{ "type": "Feature", "properties": { "uid": "xc39hcv3mj", "rate_time": 0.135, "sig_time": 0.54, "se_time": 0.217, "sce": 30.43, "nsm": -2.29, "valid_obs": 20, "valid_span": 25, "significant": false }, "geometry": { "type": "Point", "coordinates": [ 171.075542244365209, 7.216889733454272 ] } },
{ "type": "Feature", "properties": { "uid": "xc39hcv3py", "rate_time": -0.031, "sig_time": 0.816, "se_time": 0.131, "sce": 12.73, "nsm": -3.65, "valid_obs": 19, "valid_span": 25, "significant": false }, "geometry": { "type": "Point", "coordinates": [ 171.075666220211048, 7.216851822370979 ] } },
{ "type": "Feature", "properties": { "uid": "xc39hcv8yh", "rate_time": 0.853, "sig_time": 0.007, "se_time": 0.28, "sce": 41.77, "nsm": 33.64, "valid_obs": 20, "valid_span": 25, "significant": true }, "geometry": { "type": "Point", "coordinates": [ 171.075932233129748, 7.216796492256651 ] } },
{ "type": "Feature", "properties": { "uid": "xc39hcvbs7", "rate_time": 0.096, "sig_time": 0.528, "se_time": 0.149, "sce": 14.57, "nsm": null, "valid_obs": 19, "valid_span": 24, "significant": false }, "geometry": { "type": "Point", "coordinates": [ 171.076199386471728, 7.216747894837487 ] } },
{ "type": "Feature", "properties": { "uid": "xc39hcy047", "rate_time": -0.139, "sig_time": 0.601, "se_time": 0.261, "sce": 28.17, "nsm": null, "valid_obs": 19, "valid_span": 24, "significant": false }, "geometry": { "type": "Point", "coordinates": [ 171.076457645320119, 7.21666428385869 ] } },
{ "type": "Feature", "properties": { "uid": "xc39hcvbre", "rate_time": -0.11, "sig_time": 0.519, "se_time": 0.168, "sce": 15.3, "nsm": null, "valid_obs": 20, "valid_span": 24, "significant": false }, "geometry": { "type": "Point", "coordinates": [ 171.076334731743714, 7.216705267623539 ] } },
{ "type": "Feature", "properties": { "uid": "xc39hdrcrv", "rate_time": 0.187, "sig_time": 0.232, "se_time": 0.15, "sce": 21.48, "nsm": 4.62, "valid_obs": 17, "valid_span": 25, "significant": false }, "geometry": { "type": "Point", "coordinates": [ 171.068107742013041, 7.219635681596874 ] } },
{ "type": "Feature", "properties": { "uid": "xc39hf34nv", "rate_time": 1.416, "sig_time": 0.012, "se_time": 0.497, "sce": 81.11, "nsm": 7.23, "valid_obs": 18, "valid_span": 25, "significant": true }, "geometry": { "type": "Point", "coordinates": [ 171.069780568667738, 7.219761993847206 ] } },
{ "type": "Feature", "properties": { "uid": "xc39hf3795", "rate_time": -0.044, "sig_time": 0.951, "se_time": 0.699, "sce": 66.58, "nsm": 16.93, "valid_obs": 17, "valid_span": 25, "significant": false }, "geometry": { "type": "Point", "coordinates": [ 171.069878826006345, 7.220012621221962 ] } },
{ "type": "Feature", "properties": { "uid": "xc39hf929k", "rate_time": 0.81, "sig_time": 0.108, "se_time": 0.469, "sce": 61.54, "nsm": 16.49, "valid_obs": 15, "valid_span": 25, "significant": false }, "geometry": { "type": "Point", "coordinates": [ 171.069891653766717, 7.220874318176809 ] } },
{ "type": "Feature", "properties": { "uid": "xc39hf3m4m", "rate_time": -0.074, "sig_time": 0.943, "se_time": 1.013, "sce": 95.92, "nsm": 44.62, "valid_obs": 17, "valid_span": 25, "significant": false }, "geometry": { "type": "Point", "coordinates": [ 171.069930464465131, 7.220278966493734 ] } },
{ "type": "Feature", "properties": { "uid": "xc39hf2j72", "rate_time": -0.126, "sig_time": 0.722, "se_time": 0.346, "sce": 40.45, "nsm": -6.16, "valid_obs": 17, "valid_span": 25, "significant": false }, "geometry": { "type": "Point", "coordinates": [ 171.068263603962464, 7.220293367050056 ] } },
{ "type": "Feature", "properties": { "uid": "xc39hf252b", "rate_time": -0.128, "sig_time": 0.383, "se_time": 0.142, "sce": 18.31, "nsm": -1.41, "valid_obs": 17, "valid_span": 25, "significant": false }, "geometry": { "type": "Point", "coordinates": [ 171.068158014178294, 7.219949037527482 ] } },
{ "type": "Feature", "properties": { "uid": "xc39hfkdp1", "rate_time": -0.245, "sig_time": 0.246, "se_time": 0.202, "sce": 23.15, "nsm": 2.51, "valid_obs": 15, "valid_span": 25, "significant": false }, "geometry": { "type": "Point", "coordinates": [ 171.074603062736145, 7.219741794331025 ] } },
{ "type": "Feature", "properties": { "uid": "xc39hfkft1", "rate_time": -0.295, "sig_time": 0.213, "se_time": 0.225, "sce": 26.46, "nsm": 2.75, "valid_obs": 15, "valid_span": 25, "significant": false }, "geometry": { "type": "Point", "coordinates": [ 171.074860045611928, 7.219829833981223 ] } },
{ "type": "Feature", "properties": { "uid": "xc39hfmwre", "rate_time": 0.239, "sig_time": 0.379, "se_time": 0.263, "sce": 28.82, "nsm": 1.81, "valid_obs": 16, "valid_span": 25, "significant": false }, "geometry": { "type": "Point", "coordinates": [ 171.075999490274086, 7.220484372039107 ] } },
{ "type": "Feature", "properties": { "uid": "xc39hfmyjv", "rate_time": 0.395, "sig_time": 0.164, "se_time": 0.268, "sce": 34.16, "nsm": 1.69, "valid_obs": 16, "valid_span": 25, "significant": false }, "geometry": { "type": "Point", "coordinates": [ 171.076267035101324, 7.220451632404938 ] } },
{ "type": "Feature", "properties": { "uid": "xc39hfqje9", "rate_time": 0.286, "sig_time": 0.354, "se_time": 0.298, "sce": 36.28, "nsm": -3.12, "valid_obs": 16, "valid_span": 25, "significant": false }, "geometry": { "type": "Point", "coordinates": [ 171.076511916450187, 7.22034160805961 ] } },
{ "type": "Feature", "properties": { "uid": "xc39hfqk8d", "rate_time": 0.186, "sig_time": 0.732, "se_time": 0.533, "sce": 81.42, "nsm": -4.39, "valid_obs": 17, "valid_span": 25, "significant": false }, "geometry": { "type": "Point", "coordinates": [ 171.076726741798467, 7.220175755132944 ] } },
{ "type": "Feature", "properties": { "uid": "xc39hfq7yq", "rate_time": 0.29, "sig_time": 0.164, "se_time": 0.197, "sce": 23.73, "nsm": -1.43, "valid_obs": 16, "valid_span": 25, "significant": false }, "geometry": { "type": "Point", "coordinates": [ 171.076976642151436, 7.220069156915191 ] } },
{ "type": "Feature", "properties": { "uid": "xc39hfqesx", "rate_time": 0.307, "sig_time": 0.113, "se_time": 0.182, "sce": 23.07, "nsm": 1.01, "valid_obs": 16, "valid_span": 25, "significant": false }, "geometry": { "type": "Point", "coordinates": [ 171.07724487121888, 7.220030015428561 ] } },
{ "type": "Feature", "properties": { "uid": "xc39hfqgg0", "rate_time": 0.317, "sig_time": 0.167, "se_time": 0.218, "sce": 29.26, "nsm": -1.36, "valid_obs": 16, "valid_span": 25, "significant": false }, "geometry": { "type": "Point", "coordinates": [ 171.077516300860225, 7.220035979198133 ] } },
{ "type": "Feature", "properties": { "uid": "xc39hfr596", "rate_time": 0.25, "sig_time": 0.369, "se_time": 0.269, "sce": 34.21, "nsm": -4.92, "valid_obs": 16, "valid_span": 25, "significant": false }, "geometry": { "type": "Point", "coordinates": [ 171.077786020089633, 7.220005045560786 ] } },
{ "type": "Feature", "properties": { "uid": "xc39hfr4yg", "rate_time": 0.076, "sig_time": 0.831, "se_time": 0.35, "sce": 40.53, "nsm": -1.04, "valid_obs": 16, "valid_span": 25, "significant": false }, "geometry": { "type": "Point", "coordinates": [ 171.078025188710114, 7.219880623771557 ] } },
{ "type": "Feature", "properties": { "uid": "xc39hfr6t0", "rate_time": 0.007, "sig_time": 0.99, "se_time": 0.561, "sce": 69.32, "nsm": 2.8, "valid_obs": 16, "valid_span": 25, "significant": false }, "geometry": { "type": "Point", "coordinates": [ 171.078288768268237, 7.21982059564794 ] } },
{ "type": "Feature", "properties": { "uid": "xc39hfrd73", "rate_time": 0.224, "sig_time": 0.615, "se_time": 0.437, "sce": 52.94, "nsm": 6.4, "valid_obs": 16, "valid_span": 25, "significant": false }, "geometry": { "type": "Point", "coordinates": [ 171.078558416866514, 7.219787796935733 ] } },
{ "type": "Feature", "properties": { "uid": "xc39hfrc8f", "rate_time": 0.288, "sig_time": 0.298, "se_time": 0.266, "sce": 30.47, "nsm": 3.32, "valid_obs": 16, "valid_span": 25, "significant": false }, "geometry": { "type": "Point", "coordinates": [ 171.078791779034162, 7.219661874830946 ] } },
{ "type": "Feature", "properties": { "uid": "xc39hfrby3", "rate_time": 0.298, "sig_time": 0.173, "se_time": 0.207, "sce": 29.47, "nsm": 1.57, "valid_obs": 16, "valid_span": 25, "significant": false }, "geometry": { "type": "Point", "coordinates": [ 171.07902841378754, 7.219529200963402 ] } },
{ "type": "Feature", "properties": { "uid": "xc39j420k1", "rate_time": 0.219, "sig_time": 0.358, "se_time": 0.231, "sce": 29.79, "nsm": -1.21, "valid_obs": 16, "valid_span": 25, "significant": false }, "geometry": { "type": "Point", "coordinates": [ 171.079281794717389, 7.219440998849605 ] } },
{ "type": "Feature", "properties": { "uid": "xc39j42247", "rate_time": 0.412, "sig_time": 0.091, "se_time": 0.227, "sce": 29.37, "nsm": 7.04, "valid_obs": 16, "valid_span": 25, "significant": false }, "geometry": { "type": "Point", "coordinates": [ 171.079551382729136, 7.219408281404458 ] } },
{ "type": "Feature", "properties": { "uid": "xc39j40xb8", "rate_time": 0.661, "sig_time": 0.234, "se_time": 0.533, "sce": 71.07, "nsm": 12.99, "valid_obs": 17, "valid_span": 25, "significant": false }, "geometry": { "type": "Point", "coordinates": [ 171.07981383347007, 7.21935243400911 ] } },
{ "type": "Feature", "properties": { "uid": "xc39j40xn7", "rate_time": 0.685, "sig_time": 0.06, "se_time": 0.338, "sce": 42.52, "nsm": 10.01, "valid_obs": 17, "valid_span": 25, "significant": false }, "geometry": { "type": "Point", "coordinates": [ 171.080060396337501, 7.219240621030955 ] } },
{ "type": "Feature", "properties": { "uid": "xc39j40y79", "rate_time": 0.641, "sig_time": 0.019, "se_time": 0.244, "sce": 34.81, "nsm": 6.7, "valid_obs": 17, "valid_span": 25, "significant": true }, "geometry": { "type": "Point", "coordinates": [ 171.080290325014403, 7.219096337894474 ] } },
{ "type": "Feature", "properties": { "uid": "xc39hfk99j", "rate_time": -0.211, "sig_time": 0.368, "se_time": 0.226, "sce": 25.35, "nsm": 6.23, "valid_obs": 15, "valid_span": 25, "significant": false }, "geometry": { "type": "Point", "coordinates": [ 171.074339647006241, 7.219676539302042 ] } },
{ "type": "Feature", "properties": { "uid": "xc39hfk3fu", "rate_time": 0.013, "sig_time": 0.961, "se_time": 0.256, "sce": 26.92, "nsm": 14.1, "valid_obs": 15, "valid_span": 25, "significant": false }, "geometry": { "type": "Point", "coordinates": [ 171.074076305201231, 7.21971543999505 ] } },
{ "type": "Feature", "properties": { "uid": "xc39hfk4hx", "rate_time": 0.278, "sig_time": 0.203, "se_time": 0.207, "sce": 20.76, "nsm": 19.44, "valid_obs": 15, "valid_span": 25, "significant": false }, "geometry": { "type": "Point", "coordinates": [ 171.073811660332751, 7.219776851579804 ] } },
{ "type": "Feature", "properties": { "uid": "xc39hf7fq6", "rate_time": 0.487, "sig_time": 0.028, "se_time": 0.197, "sce": 24.23, "nsm": 22.13, "valid_obs": 15, "valid_span": 25, "significant": true }, "geometry": { "type": "Point", "coordinates": [ 171.073541860515036, 7.219789787781683 ] } },
{ "type": "Feature", "properties": { "uid": "xc39hf7f2n", "rate_time": 1.008, "sig_time": 0.0, "se_time": 0.16, "sce": 31.48, "nsm": 28.56, "valid_obs": 15, "valid_span": 25, "significant": true }, "geometry": { "type": "Point", "coordinates": [ 171.073271871825085, 7.219813549754955 ] } },
{ "type": "Feature", "properties": { "uid": "xc39hf6y17", "rate_time": -0.069, "sig_time": 0.926, "se_time": 0.736, "sce": 91.67, "nsm": -5.53, "valid_obs": 16, "valid_span": 25, "significant": false }, "geometry": { "type": "Point", "coordinates": [ 171.071955382074947, 7.220439783084581 ] } },
{ "type": "Feature", "properties": { "uid": "xc39hf6tk2", "rate_time": -0.249, "sig_time": 0.624, "se_time": 0.497, "sce": 60.73, "nsm": -2.03, "valid_obs": 16, "valid_span": 25, "significant": false }, "geometry": { "type": "Point", "coordinates": [ 171.071732103527523, 7.220292967423541 ] } },
{ "type": "Feature", "properties": { "uid": "xc39hf6s01", "rate_time": -0.966, "sig_time": 0.091, "se_time": 0.536, "sce": 80.47, "nsm": -2.34, "valid_obs": 17, "valid_span": 25, "significant": false }, "geometry": { "type": "Point", "coordinates": [ 171.071557324694311, 7.220087975520451 ] } },
{ "type": "Feature", "properties": { "uid": "xc39hf66w4", "rate_time": -0.498, "sig_time": 0.142, "se_time": 0.321, "sce": 45.28, "nsm": -1.96, "valid_obs": 17, "valid_span": 25, "significant": false }, "geometry": { "type": "Point", "coordinates": [ 171.071465775101103, 7.219833614471467 ] } },
{ "type": "Feature", "properties": { "uid": "xc39j41j29", "rate_time": 0.621, "sig_time": 0.022, "se_time": 0.242, "sce": 36.0, "nsm": 6.06, "valid_obs": 17, "valid_span": 25, "significant": true }, "geometry": { "type": "Point", "coordinates": [ 171.080502499615307, 7.218926786390513 ] } },
{ "type": "Feature", "properties": { "uid": "xc39j41hjj", "rate_time": 0.109, "sig_time": 0.861, "se_time": 0.613, "sce": 83.7, "nsm": 5.22, "valid_obs": 18, "valid_span": 25, "significant": false }, "geometry": { "type": "Point", "coordinates": [ 171.080695285841529, 7.218735846810374 ] } },
{ "type": "Feature", "properties": { "uid": "xc39j41719", "rate_time": 0.24, "sig_time": 0.57, "se_time": 0.414, "sce": 54.01, "nsm": 5.0, "valid_obs": 18, "valid_span": 25, "significant": false }, "geometry": { "type": "Point", "coordinates": [ 171.080883336270432, 7.218540002632541 ] } },
{ "type": "Feature", "properties": { "uid": "xc39j413yp", "rate_time": 0.0, "sig_time": 1.0, "se_time": 0.433, "sce": 67.77, "nsm": 6.41, "valid_obs": 19, "valid_span": 25, "significant": false }, "geometry": { "type": "Point", "coordinates": [ 171.081083231917802, 7.218356178719832 ] } },
{ "type": "Feature", "properties": { "uid": "xc39j418fe", "rate_time": 0.265, "sig_time": 0.314, "se_time": 0.256, "sce": 34.97, "nsm": 8.98, "valid_obs": 19, "valid_span": 25, "significant": false }, "geometry": { "type": "Point", "coordinates": [ 171.081275516440598, 7.218164459186421 ] } },
{ "type": "Feature", "properties": { "uid": "xc39j1cxws", "rate_time": 0.312, "sig_time": 0.181, "se_time": 0.223, "sce": 31.41, "nsm": 9.34, "valid_obs": 19, "valid_span": 25, "significant": false }, "geometry": { "type": "Point", "coordinates": [ 171.081446254978772, 7.217954291118227 ] } },
{ "type": "Feature", "properties": { "uid": "xc39j1cy61", "rate_time": 0.167, "sig_time": 0.646, "se_time": 0.358, "sce": 53.27, "nsm": 7.93, "valid_obs": 19, "valid_span": 25, "significant": false }, "geometry": { "type": "Point", "coordinates": [ 171.081596034315425, 7.217727867031664 ] } },
{ "type": "Feature", "properties": { "uid": "xc39j1cuvq", "rate_time": 0.51, "sig_time": 0.046, "se_time": 0.236, "sce": 30.99, "nsm": 6.99, "valid_obs": 18, "valid_span": 25, "significant": true }, "geometry": { "type": "Point", "coordinates": [ 171.081735093241207, 7.217494720380587 ] } },
{ "type": "Feature", "properties": { "uid": "xc39j1cgz2", "rate_time": 0.685, "sig_time": 0.004, "se_time": 0.208, "sce": 33.17, "nsm": 8.26, "valid_obs": 19, "valid_span": 25, "significant": true }, "geometry": { "type": "Point", "coordinates": [ 171.081824795657184, 7.21729057125983 ] } },
{ "type": "Feature", "properties": { "uid": "xc39j1cgxb", "rate_time": 0.547, "sig_time": 0.031, "se_time": 0.231, "sce": 33.42, "nsm": 8.43, "valid_obs": 18, "valid_span": 25, "significant": true }, "geometry": { "type": "Point", "coordinates": [ 171.081843260535891, 7.217246083924381 ] } },
{ "type": "Feature", "properties": { "uid": "xc39j1f43c", "rate_time": 0.742, "sig_time": 0.002, "se_time": 0.2, "sce": 33.55, "nsm": 10.49, "valid_obs": 19, "valid_span": 25, "significant": true }, "geometry": { "type": "Point", "coordinates": [ 171.081929090661561, 7.217039979207661 ] } },
{ "type": "Feature", "properties": { "uid": "xc39j1f443", "rate_time": 0.668, "sig_time": 0.005, "se_time": 0.207, "sce": 33.67, "nsm": 10.97, "valid_obs": 18, "valid_span": 25, "significant": true }, "geometry": { "type": "Point", "coordinates": [ 171.08194754626922, 7.216995488039471 ] } },
{ "type": "Feature", "properties": { "uid": "xc39j1f0g9", "rate_time": 0.8, "sig_time": 0.001, "se_time": 0.2, "sce": 34.05, "nsm": 10.92, "valid_obs": 19, "valid_span": 25, "significant": true }, "geometry": { "type": "Point", "coordinates": [ 171.082001603821425, 7.216780208130997 ] } },
{ "type": "Feature", "properties": { "uid": "xc39j1f0eb", "rate_time": 0.777, "sig_time": 0.001, "se_time": 0.193, "sce": 33.92, "nsm": 10.61, "valid_obs": 18, "valid_span": 25, "significant": true }, "geometry": { "type": "Point", "coordinates": [ 171.082009671419627, 7.216732729205912 ] } },
{ "type": "Feature", "properties": { "uid": "xc39j1dphr", "rate_time": 0.779, "sig_time": 0.001, "se_time": 0.194, "sce": 33.32, "nsm": 9.04, "valid_obs": 19, "valid_span": 25, "significant": true }, "geometry": { "type": "Point", "coordinates": [ 171.082035332011174, 7.216511166345184 ] } },
{ "type": "Feature", "properties": { "uid": "xc39j1djsu", "rate_time": 0.603, "sig_time": 0.009, "se_time": 0.204, "sce": 31.89, "nsm": 6.26, "valid_obs": 19, "valid_span": 25, "significant": true }, "geometry": { "type": "Point", "coordinates": [ 171.082055003148724, 7.216240521716881 ] } },
{ "type": "Feature", "properties": { "uid": "xc39j1dhj4", "rate_time": 0.544, "sig_time": 0.004, "se_time": 0.163, "sce": 28.59, "nsm": 5.02, "valid_obs": 19, "valid_span": 25, "significant": true }, "geometry": { "type": "Point", "coordinates": [ 171.08207184573979, 7.215969667488688 ] } },
{ "type": "Feature", "properties": { "uid": "xc39j1d4mx", "rate_time": 0.525, "sig_time": 0.001, "se_time": 0.136, "sce": 23.43, "nsm": 8.07, "valid_obs": 19, "valid_span": 25, "significant": true }, "geometry": { "type": "Point", "coordinates": [ 171.082093683889241, 7.215699207932269 ] } },
{ "type": "Feature", "properties": { "uid": "xc39j1d0ym", "rate_time": 0.704, "sig_time": 0.004, "se_time": 0.216, "sce": 39.03, "nsm": 12.73, "valid_obs": 20, "valid_span": 25, "significant": true }, "geometry": { "type": "Point", "coordinates": [ 171.082118141639683, 7.215428939033456 ] } },
{ "type": "Feature", "properties": { "uid": "xc39j1d0wk", "rate_time": 0.745, "sig_time": 0.066, "se_time": 0.382, "sce": 58.4, "nsm": 13.4, "valid_obs": 21, "valid_span": 25, "significant": false }, "geometry": { "type": "Point", "coordinates": [ 171.082122174793255, 7.215380950103307 ] } },
{ "type": "Feature", "properties": { "uid": "xc39j16pqg", "rate_time": 0.708, "sig_time": 0.0, "se_time": 0.153, "sce": 26.48, "nsm": 15.86, "valid_obs": 20, "valid_span": 25, "significant": true }, "geometry": { "type": "Point", "coordinates": [ 171.082143322275243, 7.215158741376162 ] } },
{ "type": "Feature", "properties": { "uid": "xc39j16pnf", "rate_time": 0.723, "sig_time": 0.001, "se_time": 0.189, "sce": 30.83, "nsm": 16.3, "valid_obs": 21, "valid_span": 25, "significant": true }, "geometry": { "type": "Point", "coordinates": [ 171.082148212706898, 7.215110832004336 ] } },
{ "type": "Feature", "properties": { "uid": "xc39j16jz8", "rate_time": 0.773, "sig_time": 0.0, "se_time": 0.154, "sce": 26.64, "nsm": 17.81, "valid_obs": 20, "valid_span": 25, "significant": true }, "geometry": { "type": "Point", "coordinates": [ 171.082171884576923, 7.214888870141257 ] } },
{ "type": "Feature", "properties": { "uid": "xc39j16jrx", "rate_time": 0.802, "sig_time": 0.0, "se_time": 0.152, "sce": 26.38, "nsm": 18.08, "valid_obs": 21, "valid_span": 25, "significant": true }, "geometry": { "type": "Point", "coordinates": [ 171.082177117794032, 7.214840996902743 ] } },
{ "type": "Feature", "properties": { "uid": "xc38mjk5gh", "rate_time": 0.583, "sig_time": 0.0, "se_time": 0.127, "sce": 21.86, "nsm": 17.01, "valid_obs": 17, "valid_span": 25, "significant": true }, "geometry": { "type": "Point", "coordinates": [ 171.084728062249752, 7.104700323359209 ] } },
{ "type": "Feature", "properties": { "uid": "xc38mjk7c7", "rate_time": 0.653, "sig_time": 0.001, "se_time": 0.153, "sce": 23.36, "nsm": 17.42, "valid_obs": 17, "valid_span": 25, "significant": true }, "geometry": { "type": "Point", "coordinates": [ 171.084999326945649, 7.104694796952888 ] } },
{ "type": "Feature", "properties": { "uid": "xc38mjk7zt", "rate_time": 0.615, "sig_time": 0.001, "se_time": 0.149, "sce": 21.77, "nsm": 15.82, "valid_obs": 17, "valid_span": 25, "significant": true }, "geometry": { "type": "Point", "coordinates": [ 171.08527044882058, 7.104710312047259 ] } },
{ "type": "Feature", "properties": { "uid": "xc38mjksn0", "rate_time": 0.541, "sig_time": 0.003, "se_time": 0.15, "sce": 18.92, "nsm": 13.93, "valid_obs": 17, "valid_span": 25, "significant": true }, "geometry": { "type": "Point", "coordinates": [ 171.085541662142816, 7.104723381177546 ] } },
{ "type": "Feature", "properties": { "uid": "xc38ms7p5f", "rate_time": -0.488, "sig_time": 0.0, "se_time": 0.091, "sce": 13.13, "nsm": -12.75, "valid_obs": 17, "valid_span": 25, "significant": true }, "geometry": { "type": "Point", "coordinates": [ 171.105361142501778, 7.099758578820158 ] } },
{ "type": "Feature", "properties": { "uid": "xc3b8twbjv", "rate_time": 22.657, "sig_time": 0.003, "se_time": 6.331, "sce": 458.28, "nsm": null, "valid_obs": 15, "valid_span": 16, "significant": true }, "geometry": { "type": "Point", "coordinates": [ 171.242432215104344, 7.149384425938622 ] } },
{ "type": "Feature", "properties": { "uid": "xc3b8twcwz", "rate_time": 21.597, "sig_time": 0.005, "se_time": 6.342, "sce": 447.04, "nsm": null, "valid_obs": 15, "valid_span": 16, "significant": true }, "geometry": { "type": "Point", "coordinates": [ 171.242471553924588, 7.14965045754411 ] } },
{ "type": "Feature", "properties": { "uid": "xc3b8tx51e", "rate_time": 25.105, "sig_time": 0.01, "se_time": 8.327, "sce": 618.19, "nsm": null, "valid_obs": 15, "valid_span": 16, "significant": true }, "geometry": { "type": "Point", "coordinates": [ 171.242592710759624, 7.149888417833159 ] } },
{ "type": "Feature", "properties": { "uid": "xc3b9j06gq", "rate_time": 163.702, "sig_time": 0.0, "se_time": 25.037, "sce": 4020.85, "nsm": 3076.39, "valid_obs": 19, "valid_span": 25, "significant": true }, "geometry": { "type": "Point", "coordinates": [ 171.255373997128345, 7.147114505991486 ] } },
{ "type": "Feature", "properties": { "uid": "xc3b9hbq5z", "rate_time": 140.904, "sig_time": 0.0, "se_time": 23.519, "sce": 3996.17, "nsm": 3088.33, "valid_obs": 18, "valid_span": 25, "significant": true }, "geometry": { "type": "Point", "coordinates": [ 171.255397303043111, 7.146304289576798 ] } },
{ "type": "Feature", "properties": { "uid": "xc3b9j03kk", "rate_time": 153.281, "sig_time": 0.0, "se_time": 26.108, "sce": 4043.27, "nsm": 3076.75, "valid_obs": 19, "valid_span": 25, "significant": true }, "geometry": { "type": "Point", "coordinates": [ 171.255412095802825, 7.146845812709385 ] } },
{ "type": "Feature", "properties": { "uid": "xc3b9hbrud", "rate_time": -126.024, "sig_time": 0.01, "se_time": 43.601, "sce": 5062.2, "nsm": -3080.6, "valid_obs": 19, "valid_span": 25, "significant": true }, "geometry": { "type": "Point", "coordinates": [ 171.25542133688063, 7.146574596860496 ] } },
{ "type": "Feature", "properties": { "uid": "xc3b9j0kkz", "rate_time": 157.524, "sig_time": 0.0, "se_time": 19.377, "sce": 3800.82, "nsm": 3065.58, "valid_obs": 19, "valid_span": 25, "significant": true }, "geometry": { "type": "Point", "coordinates": [ 171.255434677668717, 7.147378859040354 ] } },
{ "type": "Feature", "properties": { "uid": "xc3b9hbtc1", "rate_time": 139.231, "sig_time": 0.0, "se_time": 23.779, "sce": 3999.43, "nsm": 3065.38, "valid_obs": 18, "valid_span": 25, "significant": true }, "geometry": { "type": "Point", "coordinates": [ 171.255622339037814, 7.146227721205433 ] } },
{ "type": "Feature", "properties": { "uid": "xc3b9j0sfq", "rate_time": 156.017, "sig_time": 0.0, "se_time": 19.59, "sce": 3849.37, "nsm": 3038.41, "valid_obs": 19, "valid_span": 25, "significant": true }, "geometry": { "type": "Point", "coordinates": [ 171.25567196732348, 7.147459172233218 ] } },
{ "type": "Feature", "properties": { "uid": "xc3b9hbwxg", "rate_time": 143.51, "sig_time": 0.0, "se_time": 17.718, "sce": 3726.97, "nsm": 3031.13, "valid_obs": 19, "valid_span": 25, "significant": true }, "geometry": { "type": "Point", "coordinates": [ 171.255911777025261, 7.146370126951815 ] } },
{ "type": "Feature", "properties": { "uid": "xc3b9j0u83", "rate_time": 154.611, "sig_time": 0.0, "se_time": 19.896, "sce": 3906.95, "nsm": 3011.64, "valid_obs": 19, "valid_span": 25, "significant": true }, "geometry": { "type": "Point", "coordinates": [ 171.255926648332036, 7.147388443660445 ] } },
{ "type": "Feature", "properties": { "uid": "xc3b9j0cd4", "rate_time": 149.393, "sig_time": 0.0, "se_time": 27.036, "sce": 4167.34, "nsm": 3012.02, "valid_obs": 19, "valid_span": 25, "significant": true }, "geometry": { "type": "Point", "coordinates": [ 171.25600052896479, 7.146878930769947 ] } },
{ "type": "Feature", "properties": { "uid": "xc3b9j0b48", "rate_time": 137.119, "sig_time": 0.0, "se_time": 25.717, "sce": 4186.78, "nsm": 3014.46, "valid_obs": 19, "valid_span": 25, "significant": true }, "geometry": { "type": "Point", "coordinates": [ 171.256022797811738, 7.146610612820318 ] } },
{ "type": "Feature", "properties": { "uid": "xc3b9j0g5h", "rate_time": 148.766, "sig_time": 0.0, "se_time": 27.0, "sce": 4162.89, "nsm": 3002.94, "valid_obs": 19, "valid_span": 25, "significant": true }, "geometry": { "type": "Point", "coordinates": [ 171.256042217414489, 7.147144236173439 ] } },
{ "type": "Feature", "properties": { "uid": "xc3b9j5gsq", "rate_time": 122.229, "sig_time": 0.0, "se_time": 14.974, "sce": 2596.46, "nsm": 2546.12, "valid_obs": 18, "valid_span": 25, "significant": true }, "geometry": { "type": "Point", "coordinates": [ 171.260217784620181, 7.147243109783677 ] } },
{ "type": "Feature", "properties": { "uid": "xc3b9j5fjk", "rate_time": 89.922, "sig_time": 0.077, "se_time": 47.722, "sce": 6205.73, "nsm": 2546.58, "valid_obs": 19, "valid_span": 25, "significant": false }, "geometry": { "type": "Point", "coordinates": [ 171.260262093361405, 7.146975712591159 ] } },
{ "type": "Feature", "properties": { "uid": "xc3b9j5bxw", "rate_time": 89.738, "sig_time": 0.078, "se_time": 47.889, "sce": 6217.85, "nsm": 2541.31, "valid_obs": 19, "valid_span": 25, "significant": false }, "geometry": { "type": "Point", "coordinates": [ 171.260359033533604, 7.146725825016586 ] } },
{ "type": "Feature", "properties": { "uid": "xc3b9jhn84", "rate_time": 4.986, "sig_time": 0.929, "se_time": 54.72, "sce": 4919.76, "nsm": null, "valid_obs": 16, "valid_span": 23, "significant": false }, "geometry": { "type": "Point", "coordinates": [ 171.26037751489784, 7.147736019009216 ] } },
{ "type": "Feature", "properties": { "uid": "xc3b9jh1cy", "rate_time": 89.473, "sig_time": 0.079, "se_time": 47.864, "sce": 6207.07, "nsm": 2525.77, "valid_obs": 19, "valid_span": 25, "significant": false }, "geometry": { "type": "Point", "coordinates": [ 171.260460375156043, 7.146941296500899 ] } },
{ "type": "Feature", "properties": { "uid": "xc3b9jhnq6", "rate_time": 142.159, "sig_time": 0.0, "se_time": 25.3, "sce": 4657.53, "nsm": 2491.33, "valid_obs": 19, "valid_span": 25, "significant": true }, "geometry": { "type": "Point", "coordinates": [ 171.260645563105868, 7.14769439076046 ] } },
{ "type": "Feature", "properties": { "uid": "xc3b9jnmge", "rate_time": 109.151, "sig_time": 0.0, "se_time": 19.593, "sce": 2817.24, "nsm": 2168.77, "valid_obs": 16, "valid_span": 25, "significant": true }, "geometry": { "type": "Point", "coordinates": [ 171.26362433813722, 7.147610008726093 ] } },
{ "type": "Feature", "properties": { "uid": "xc3b9jnkm1", "rate_time": 107.109, "sig_time": 0.0, "se_time": 14.603, "sce": 2179.12, "nsm": 2168.16, "valid_obs": 16, "valid_span": 25, "significant": true }, "geometry": { "type": "Point", "coordinates": [ 171.263681336424355, 7.147345688127353 ] } },
{ "type": "Feature", "properties": { "uid": "xc3b9jngpq", "rate_time": 90.235, "sig_time": 0.01, "se_time": 30.105, "sce": 3969.78, "nsm": 2087.71, "valid_obs": 16, "valid_span": 25, "significant": true }, "geometry": { "type": "Point", "coordinates": [ 171.264465575403307, 7.147157668552681 ] } },
{ "type": "Feature", "properties": { "uid": "xc3b9jph7m", "rate_time": 104.923, "sig_time": 0.0, "se_time": 20.411, "sce": 2604.34, "nsm": 2064.25, "valid_obs": 16, "valid_span": 25, "significant": true }, "geometry": { "type": "Point", "coordinates": [ 171.264637607468615, 7.147367714286701 ] } },
{ "type": "Feature", "properties": { "uid": "xc3b9jpjyb", "rate_time": 87.958, "sig_time": 0.011, "se_time": 29.996, "sce": 3957.42, "nsm": 2043.06, "valid_obs": 16, "valid_span": 25, "significant": true }, "geometry": { "type": "Point", "coordinates": [ 171.264787118166225, 7.147593574639933 ] } },
{ "type": "Feature", "properties": { "uid": "xc3b9m64pu", "rate_time": 61.877, "sig_time": 0.064, "se_time": 30.81, "sce": 3947.45, "nsm": 1575.72, "valid_obs": 16, "valid_span": 25, "significant": false }, "geometry": { "type": "Point", "coordinates": [ 171.268952338765217, 7.148349090577827 ] } },
{ "type": "Feature", "properties": { "uid": "xc3b9m65xz", "rate_time": -82.735, "sig_time": 0.004, "se_time": 23.82, "sce": 3661.88, "nsm": -1569.64, "valid_obs": 16, "valid_span": 25, "significant": true }, "geometry": { "type": "Point", "coordinates": [ 171.268955468445512, 7.14861950895364 ] } },
{ "type": "Feature", "properties": { "uid": "xc3b9m629k", "rate_time": 61.652, "sig_time": 0.066, "se_time": 30.854, "sce": 3954.02, "nsm": 1575.05, "valid_obs": 16, "valid_span": 25, "significant": false }, "geometry": { "type": "Point", "coordinates": [ 171.269014538271136, 7.148089151422882 ] } },
{ "type": "Feature", "properties": { "uid": "xc3b9m6m1w", "rate_time": 82.812, "sig_time": 0.0, "se_time": 16.585, "sce": 2484.15, "nsm": 1556.27, "valid_obs": 16, "valid_span": 25, "significant": true }, "geometry": { "type": "Point", "coordinates": [ 171.269033093751773, 7.148874730797739 ] } },
{ "type": "Feature", "properties": { "uid": "xc3b9m4rv8", "rate_time": 79.163, "sig_time": 0.003, "se_time": 22.091, "sce": 3364.73, "nsm": 1558.49, "valid_obs": 16, "valid_span": 25, "significant": true }, "geometry": { "type": "Point", "coordinates": [ 171.269203845639169, 7.147936967794662 ] } },
{ "type": "Feature", "properties": { "uid": "xc3b9m6qq1", "rate_time": 59.833, "sig_time": 0.073, "se_time": 30.883, "sce": 3934.63, "nsm": 1532.93, "valid_obs": 16, "valid_span": 25, "significant": false }, "geometry": { "type": "Point", "coordinates": [ 171.269216784778962, 7.14906144634969 ] } },
{ "type": "Feature", "properties": { "uid": "xc3b9m6ctu", "rate_time": 76.135, "sig_time": 0.005, "se_time": 22.984, "sce": 3521.36, "nsm": 1475.56, "valid_obs": 16, "valid_span": 25, "significant": true }, "geometry": { "type": "Point", "coordinates": [ 171.269899903827366, 7.148258823264062 ] } },
{ "type": "Feature", "properties": { "uid": "xc3b9m6gpg", "rate_time": 54.629, "sig_time": 0.103, "se_time": 31.359, "sce": 3946.03, "nsm": 1460.74, "valid_obs": 16, "valid_span": 25, "significant": false }, "geometry": { "type": "Point", "coordinates": [ 171.269981256113795, 7.148515565680627 ] } },
{ "type": "Feature", "properties": { "uid": "xc3b9m6uxy", "rate_time": 54.487, "sig_time": 0.104, "se_time": 31.338, "sce": 3940.42, "nsm": 1454.31, "valid_obs": 16, "valid_span": 25, "significant": false }, "geometry": { "type": "Point", "coordinates": [ 171.26998677025756, 7.148786506628826 ] } },
{ "type": "Feature", "properties": { "uid": "xc3b9mkkxh", "rate_time": 85.781, "sig_time": 0.012, "se_time": 30.088, "sce": 3480.01, "nsm": 1235.65, "valid_obs": 18, "valid_span": 25, "significant": true }, "geometry": { "type": "Point", "coordinates": [ 171.272010397310567, 7.14877628488603 ] } },
{ "type": "Feature", "properties": { "uid": "xc3b9mk7pf", "rate_time": 85.529, "sig_time": 0.011, "se_time": 29.931, "sce": 3466.81, "nsm": 1238.98, "valid_obs": 18, "valid_span": 25, "significant": true }, "geometry": { "type": "Point", "coordinates": [ 171.272042990822712, 7.148507682283949 ] } },
{ "type": "Feature", "properties": { "uid": "xc3b9mkqpy", "rate_time": 84.999, "sig_time": 0.012, "se_time": 30.167, "sce": 3486.58, "nsm": 1226.02, "valid_obs": 18, "valid_span": 25, "significant": true }, "geometry": { "type": "Point", "coordinates": [ 171.272042968981822, 7.149042973614465 ] } },
{ "type": "Feature", "properties": { "uid": "xc3b9mkejn", "rate_time": 83.359, "sig_time": 0.013, "se_time": 29.841, "sce": 3443.67, "nsm": 1213.73, "valid_obs": 18, "valid_span": 25, "significant": true }, "geometry": { "type": "Point", "coordinates": [ 171.272272938968513, 7.14853095005301 ] } },
{ "type": "Feature", "properties": { "uid": "xc3b9mkwj2", "rate_time": 82.817, "sig_time": 0.014, "se_time": 30.058, "sce": 3460.8, "nsm": 1200.86, "valid_obs": 18, "valid_span": 25, "significant": true }, "geometry": { "type": "Point", "coordinates": [ 171.272281229069534, 7.149014826900298 ] } },
{ "type": "Feature", "properties": { "uid": "xc3b9mkswg", "rate_time": 82.531, "sig_time": 0.014, "se_time": 29.935, "sce": 3444.71, "nsm": 1199.38, "valid_obs": 18, "valid_span": 25, "significant": true }, "geometry": { "type": "Point", "coordinates": [ 171.272348232638677, 7.148771960749871 ] } },
{ "type": "Feature", "properties": { "uid": "xc3b0srnp1", "rate_time": 2.547, "sig_time": 0.018, "se_time": 0.944, "sce": 90.17, "nsm": null, "valid_obs": 15, "valid_span": 17, "significant": true }, "geometry": { "type": "Point", "coordinates": [ 171.242828600016878, 7.055633958245423 ] } },
{ "type": "Feature", "properties": { "uid": "xc3b0srqsg", "rate_time": 1.715, "sig_time": 0.068, "se_time": 0.861, "sce": 68.19, "nsm": null, "valid_obs": 15, "valid_span": 17, "significant": false }, "geometry": { "type": "Point", "coordinates": [ 171.24307997266564, 7.055733043823179 ] } },
{ "type": "Feature", "properties": { "uid": "xc3b1j98ur", "rate_time": 1.706, "sig_time": 0.0, "se_time": 0.333, "sce": 45.91, "nsm": 29.5, "valid_obs": 16, "valid_span": 25, "significant": true }, "geometry": { "type": "Point", "coordinates": [ 171.257135234594983, 7.061630582472204 ] } },
{ "type": "Feature", "properties": { "uid": "xc3b1j3jx7", "rate_time": 4.383, "sig_time": 0.0, "se_time": 0.451, "sce": 95.89, "nsm": 95.89, "valid_obs": 17, "valid_span": 25, "significant": true }, "geometry": { "type": "Point", "coordinates": [ 171.256574883722578, 7.06105398405623 ] } },
{ "type": "Feature", "properties": { "uid": "xc3b1j3x8v", "rate_time": 2.043, "sig_time": 0.0, "se_time": 0.353, "sce": 54.02, "nsm": 40.36, "valid_obs": 16, "valid_span": 25, "significant": true }, "geometry": { "type": "Point", "coordinates": [ 171.25698006238656, 7.061407903031147 ] } },
{ "type": "Feature", "properties": { "uid": "xc3b4rt2rk", "rate_time": 0.068, "sig_time": 0.768, "se_time": 0.227, "sce": 17.89, "nsm": null, "valid_obs": 15, "valid_span": 23, "significant": false }, "geometry": { "type": "Point", "coordinates": [ 171.317341470994279, 7.072514569621739 ] } },
{ "type": "Feature", "properties": { "uid": "xc3b4rt9hx", "rate_time": -0.05, "sig_time": 0.843, "se_time": 0.246, "sce": 19.07, "nsm": null, "valid_obs": 15, "valid_span": 23, "significant": false }, "geometry": { "type": "Point", "coordinates": [ 171.317570440109023, 7.072659834912916 ] } },
{ "type": "Feature", "properties": { "uid": "xc3b7x99tb", "rate_time": -0.682, "sig_time": 0.896, "se_time": 5.101, "sce": 292.01, "nsm": null, "valid_obs": 15, "valid_span": 19, "significant": false }, "geometry": { "type": "Point", "coordinates": [ 171.36705921113375, 7.116655084121785 ] } },
{ "type": "Feature", "properties": { "uid": "xc3b7x9rqq", "rate_time": -3.627, "sig_time": 0.415, "se_time": 4.312, "sce": 178.6, "nsm": null, "valid_obs": 15, "valid_span": 19, "significant": false }, "geometry": { "type": "Point", "coordinates": [ 171.366731566226548, 7.117674628326156 ] } },
{ "type": "Feature", "properties": { "uid": "xc3bd8jr7c", "rate_time": 0.365, "sig_time": 0.719, "se_time": 0.991, "sce": 89.86, "nsm": null, "valid_obs": 15, "valid_span": 23, "significant": false }, "geometry": { "type": "Point", "coordinates": [ 171.328179690838454, 7.12039304209298 ] } },
{ "type": "Feature", "properties": { "uid": "xc3bd8jqp9", "rate_time": -0.033, "sig_time": 0.972, "se_time": 0.903, "sce": 69.48, "nsm": null, "valid_obs": 15, "valid_span": 23, "significant": false }, "geometry": { "type": "Point", "coordinates": [ 171.328332762296839, 7.120179544883618 ] } },
{ "type": "Feature", "properties": { "uid": "xc3bdb2649", "rate_time": 8.662, "sig_time": 0.039, "se_time": 3.795, "sce": 295.31, "nsm": null, "valid_obs": 16, "valid_span": 23, "significant": true }, "geometry": { "type": "Point", "coordinates": [ 171.332237841000705, 7.120864705852507 ] } },
{ "type": "Feature", "properties": { "uid": "xc3bdb23xd", "rate_time": 9.412, "sig_time": 0.035, "se_time": 4.023, "sce": 317.48, "nsm": null, "valid_obs": 16, "valid_span": 23, "significant": true }, "geometry": { "type": "Point", "coordinates": [ 171.332454731796673, 7.120787345991022 ] } },
{ "type": "Feature", "properties": { "uid": "xc3bd8d9p2", "rate_time": 4.922, "sig_time": 0.234, "se_time": 3.94, "sce": 338.62, "nsm": null, "valid_obs": 15, "valid_span": 23, "significant": false }, "geometry": { "type": "Point", "coordinates": [ 171.324549582167521, 7.122061331746272 ] } },
{ "type": "Feature", "properties": { "uid": "xc3bd8k67p", "rate_time": 3.452, "sig_time": 0.352, "se_time": 3.58, "sce": 340.43, "nsm": null, "valid_obs": 15, "valid_span": 23, "significant": false }, "geometry": { "type": "Point", "coordinates": [ 171.326772555646812, 7.120940974645285 ] } },
{ "type": "Feature", "properties": { "uid": "xc3bd8kv8e", "rate_time": 2.228, "sig_time": 0.618, "se_time": 4.375, "sce": 395.69, "nsm": null, "valid_obs": 16, "valid_span": 23, "significant": false }, "geometry": { "type": "Point", "coordinates": [ 171.327348157146076, 7.121477320393304 ] } },
{ "type": "Feature", "properties": { "uid": "xc3bd8kz1t", "rate_time": -1.2, "sig_time": 0.765, "se_time": 3.937, "sce": 289.28, "nsm": null, "valid_obs": 16, "valid_span": 23, "significant": false }, "geometry": { "type": "Point", "coordinates": [ 171.327390805438739, 7.12174521254889 ] } },
{ "type": "Feature", "properties": { "uid": "xc3bd8sbkx", "rate_time": -1.605, "sig_time": 0.693, "se_time": 3.978, "sce": 291.66, "nsm": null, "valid_obs": 16, "valid_span": 23, "significant": false }, "geometry": { "type": "Point", "coordinates": [ 171.327523891375819, 7.121970001469187 ] } },
{ "type": "Feature", "properties": { "uid": "xc3bd8ksp9", "rate_time": -0.648, "sig_time": 0.864, "se_time": 3.727, "sce": 271.19, "nsm": null, "valid_obs": 16, "valid_span": 23, "significant": false }, "geometry": { "type": "Point", "coordinates": [ 171.327307897489305, 7.121209301162421 ] } },
{ "type": "Feature", "properties": { "uid": "xc3bd8kdw0", "rate_time": -0.175, "sig_time": 0.963, "se_time": 3.686, "sce": 269.26, "nsm": null, "valid_obs": 16, "valid_span": 23, "significant": false }, "geometry": { "type": "Point", "coordinates": [ 171.327242526181266, 7.120946012741936 ] } },
{ "type": "Feature", "properties": { "uid": "xc3bdbtqpj", "rate_time": 6.142, "sig_time": 0.087, "se_time": 3.318, "sce": 232.14, "nsm": null, "valid_obs": 15, "valid_span": 23, "significant": false }, "geometry": { "type": "Point", "coordinates": [ 171.33929997582527, 7.122947842886724 ] } },
{ "type": "Feature", "properties": { "uid": "xc3bdbtm4g", "rate_time": -7.884, "sig_time": 0.088, "se_time": 4.281, "sce": 407.43, "nsm": null, "valid_obs": 15, "valid_span": 23, "significant": false }, "geometry": { "type": "Point", "coordinates": [ 171.339121112364097, 7.122761911184805 ] } },
{ "type": "Feature", "properties": { "uid": "xc3bdbt796", "rate_time": 11.137, "sig_time": 0.007, "se_time": 3.492, "sce": 396.27, "nsm": null, "valid_obs": 15, "valid_span": 23, "significant": true }, "geometry": { "type": "Point", "coordinates": [ 171.339054342945644, 7.122501104375693 ] } },
{ "type": "Feature", "properties": { "uid": "xc3bd890tq", "rate_time": 5.633, "sig_time": 0.027, "se_time": 2.282, "sce": 189.16, "nsm": 188.25, "valid_obs": 16, "valid_span": 25, "significant": true }, "geometry": { "type": "Point", "coordinates": [ 171.322406434185723, 7.122009360878139 ] } },
{ "type": "Feature", "properties": { "uid": "xc3bd894q2", "rate_time": 6.513, "sig_time": 0.019, "se_time": 2.468, "sce": 268.7, "nsm": 183.86, "valid_obs": 16, "valid_span": 25, "significant": true }, "geometry": { "type": "Point", "coordinates": [ 171.322449979629653, 7.122277045727996 ] } },
{ "type": "Feature", "properties": { "uid": "xc3bd897b2", "rate_time": 7.324, "sig_time": 0.02, "se_time": 2.82, "sce": 356.86, "nsm": 185.94, "valid_obs": 17, "valid_span": 25, "significant": true }, "geometry": { "type": "Point", "coordinates": [ 171.322528722058564, 7.122535762685149 ] } },
{ "type": "Feature", "properties": { "uid": "xc3bd2z7n8", "rate_time": 2.576, "sig_time": 0.242, "se_time": 2.115, "sce": 211.78, "nsm": 88.38, "valid_obs": 17, "valid_span": 25, "significant": false }, "geometry": { "type": "Point", "coordinates": [ 171.320054622624298, 7.12377754382047 ] } },
{ "type": "Feature", "properties": { "uid": "xc3bd2z92r", "rate_time": 0.43, "sig_time": 0.799, "se_time": 1.655, "sce": 138.89, "nsm": 63.74, "valid_obs": 16, "valid_span": 25, "significant": false }, "geometry": { "type": "Point", "coordinates": [ 171.320125124269168, 7.123517709716319 ] } },
{ "type": "Feature", "properties": { "uid": "xc3bd2xxcw", "rate_time": 1.021, "sig_time": 0.402, "se_time": 1.179, "sce": 114.97, "nsm": 46.46, "valid_obs": 15, "valid_span": 25, "significant": false }, "geometry": { "type": "Point", "coordinates": [ 171.320187062098057, 7.12325358530146 ] } },
{ "type": "Feature", "properties": { "uid": "xc3bdbvbr9", "rate_time": 5.683, "sig_time": 0.083, "se_time": 3.03, "sce": 188.53, "nsm": null, "valid_obs": 15, "valid_span": 23, "significant": false }, "geometry": { "type": "Point", "coordinates": [ 171.340007355742983, 7.123311538987125 ] } },
{ "type": "Feature", "properties": { "uid": "xc3bd3dt2p", "rate_time": 19.031, "sig_time": 0.001, "se_time": 4.794, "sce": 426.14, "nsm": null, "valid_obs": 16, "valid_span": 17, "significant": true }, "geometry": { "type": "Point", "coordinates": [ 171.313252974465939, 7.128321679417704 ] } },
{ "type": "Feature", "properties": { "uid": "xc3bd3f48y", "rate_time": 11.796, "sig_time": 0.259, "se_time": 10.055, "sce": 1086.97, "nsm": null, "valid_obs": 17, "valid_span": 23, "significant": false }, "geometry": { "type": "Point", "coordinates": [ 171.312598830517715, 7.129218256065871 ] } },
{ "type": "Feature", "properties": { "uid": "xc3bd3cupn", "rate_time": -1.291, "sig_time": 0.899, "se_time": 10.03, "sce": 837.59, "nsm": null, "valid_obs": 16, "valid_span": 17, "significant": false }, "geometry": { "type": "Point", "coordinates": [ 171.312524641722888, 7.12947622458271 ] } },
{ "type": "Feature", "properties": { "uid": "xc3bd4tg33", "rate_time": 4.555, "sig_time": 0.432, "se_time": 5.628, "sce": 461.71, "nsm": null, "valid_obs": 16, "valid_span": 23, "significant": false }, "geometry": { "type": "Point", "coordinates": [ 171.306787803328234, 7.133437472508997 ] } },
{ "type": "Feature", "properties": { "uid": "xc3bd4tdk9", "rate_time": 1.82, "sig_time": 0.652, "se_time": 3.945, "sce": 254.13, "nsm": null, "valid_obs": 15, "valid_span": 23, "significant": false }, "geometry": { "type": "Point", "coordinates": [ 171.306577448431483, 7.133265726612942 ] } },
{ "type": "Feature", "properties": { "uid": "xc3bd4u0bm", "rate_time": 31.248, "sig_time": 0.041, "se_time": 13.983, "sce": 1431.79, "nsm": null, "valid_obs": 17, "valid_span": 23, "significant": true }, "geometry": { "type": "Point", "coordinates": [ 171.304335744978999, 7.134407128711701 ] } },
{ "type": "Feature", "properties": { "uid": "xc3bd4u4hm", "rate_time": 2.703, "sig_time": 0.831, "se_time": 12.402, "sce": 1029.48, "nsm": null, "valid_obs": 16, "valid_span": 23, "significant": false }, "geometry": { "type": "Point", "coordinates": [ 171.304504163089177, 7.134619067507241 ] } },
{ "type": "Feature", "properties": { "uid": "xc3bd4u5x4", "rate_time": 31.902, "sig_time": 0.038, "se_time": 13.983, "sce": 1445.41, "nsm": null, "valid_obs": 17, "valid_span": 23, "significant": true }, "geometry": { "type": "Point", "coordinates": [ 171.304626683534224, 7.134861280493734 ] } },
{ "type": "Feature", "properties": { "uid": "xc3bd4um19", "rate_time": -3.621, "sig_time": 0.795, "se_time": 13.673, "sce": 1265.52, "nsm": null, "valid_obs": 16, "valid_span": 23, "significant": false }, "geometry": { "type": "Point", "coordinates": [ 171.304732350998847, 7.135111211374399 ] } },
{ "type": "Feature", "properties": { "uid": "xc3bd4uqe8", "rate_time": 33.071, "sig_time": 0.034, "se_time": 14.133, "sce": 1467.38, "nsm": null, "valid_obs": 17, "valid_span": 23, "significant": true }, "geometry": { "type": "Point", "coordinates": [ 171.304821537215531, 7.135367431359251 ] } },
{ "type": "Feature", "properties": { "uid": "xc3bd55pjd", "rate_time": 24.735, "sig_time": 0.018, "se_time": 9.123, "sce": 1033.68, "nsm": null, "valid_obs": 15, "valid_span": 23, "significant": true }, "geometry": { "type": "Point", "coordinates": [ 171.303187950465315, 7.13683524877295 ] } },
{ "type": "Feature", "properties": { "uid": "xc3bd54uug", "rate_time": 18.403, "sig_time": 0.032, "se_time": 7.638, "sce": 568.0, "nsm": null, "valid_obs": 15, "valid_span": 23, "significant": true }, "geometry": { "type": "Point", "coordinates": [ 171.302812940270201, 7.136452600701579 ] } },
{ "type": "Feature", "properties": { "uid": "xc3bd548cz", "rate_time": 20.32, "sig_time": 0.014, "se_time": 7.156, "sce": 549.51, "nsm": null, "valid_obs": 15, "valid_span": 23, "significant": true }, "geometry": { "type": "Point", "coordinates": [ 171.302344523538324, 7.135788654582022 ] } },
{ "type": "Feature", "properties": { "uid": "xc3bd4fx2r", "rate_time": 20.376, "sig_time": 0.013, "se_time": 7.065, "sce": 536.66, "nsm": null, "valid_obs": 15, "valid_span": 23, "significant": true }, "geometry": { "type": "Point", "coordinates": [ 171.302274905425719, 7.135532184729676 ] } },
{ "type": "Feature", "properties": { "uid": "xc3bd4gbhy", "rate_time": 4.324, "sig_time": 0.742, "se_time": 12.895, "sce": 1027.86, "nsm": null, "valid_obs": 16, "valid_span": 23, "significant": false }, "geometry": { "type": "Point", "coordinates": [ 171.304188584490618, 7.1342815944215 ] } },
{ "type": "Feature", "properties": { "uid": "xc3bd4su7r", "rate_time": 5.613, "sig_time": 0.291, "se_time": 5.101, "sce": 378.54, "nsm": null, "valid_obs": 15, "valid_span": 23, "significant": false }, "geometry": { "type": "Point", "coordinates": [ 171.305494009422546, 7.133641269118209 ] } },
{ "type": "Feature", "properties": { "uid": "xc3bd4svxn", "rate_time": 9.014, "sig_time": 0.225, "se_time": 7.109, "sce": 583.37, "nsm": null, "valid_obs": 16, "valid_span": 23, "significant": false }, "geometry": { "type": "Point", "coordinates": [ 171.30566216543761, 7.133853754702202 ] } },
{ "type": "Feature", "properties": { "uid": "xc3bd4tngb", "rate_time": -12.363, "sig_time": 0.058, "se_time": 5.942, "sce": 690.0, "nsm": null, "valid_obs": 15, "valid_span": 23, "significant": false }, "geometry": { "type": "Point", "coordinates": [ 171.305863264024481, 7.134035294754345 ] } },
{ "type": "Feature", "properties": { "uid": "xc3bd4v0nq", "rate_time": -9.112, "sig_time": 0.333, "se_time": 9.082, "sce": 941.24, "nsm": null, "valid_obs": 16, "valid_span": 23, "significant": false }, "geometry": { "type": "Point", "coordinates": [ 171.305963933422106, 7.134281079248551 ] } },
{ "type": "Feature", "properties": { "uid": "xc3bd4ugnw", "rate_time": 14.371, "sig_time": 0.093, "se_time": 7.971, "sce": 658.55, "nsm": null, "valid_obs": 16, "valid_span": 23, "significant": false }, "geometry": { "type": "Point", "coordinates": [ 171.305635093249322, 7.13479781683439 ] } },
{ "type": "Feature", "properties": { "uid": "xc3bd4uf1z", "rate_time": 3.169, "sig_time": 0.766, "se_time": 10.422, "sce": 1079.11, "nsm": null, "valid_obs": 16, "valid_span": 23, "significant": false }, "geometry": { "type": "Point", "coordinates": [ 171.305432167952318, 7.134629233692618 ] } },
{ "type": "Feature", "properties": { "uid": "xc3bd4u8yf", "rate_time": 13.467, "sig_time": 0.117, "se_time": 8.066, "sce": 652.02, "nsm": null, "valid_obs": 16, "valid_span": 23, "significant": false }, "geometry": { "type": "Point", "coordinates": [ 171.305306907365122, 7.134388436361044 ] } },
{ "type": "Feature", "properties": { "uid": "xc3bd4sxe8", "rate_time": -6.074, "sig_time": 0.59, "se_time": 11.01, "sce": 1055.34, "nsm": null, "valid_obs": 16, "valid_span": 23, "significant": false }, "geometry": { "type": "Point", "coordinates": [ 171.305159038535777, 7.134161481227911 ] } },
{ "type": "Feature", "properties": { "uid": "xc3bd4sw0k", "rate_time": 11.667, "sig_time": 0.17, "se_time": 8.059, "sce": 643.7, "nsm": null, "valid_obs": 16, "valid_span": 23, "significant": false }, "geometry": { "type": "Point", "coordinates": [ 171.305019046797298, 7.133928927854594 ] } },
{ "type": "Feature", "properties": { "uid": "xc3bd4sewc", "rate_time": -5.392, "sig_time": 0.458, "se_time": 7.056, "sce": 749.47, "nsm": null, "valid_obs": 15, "valid_span": 23, "significant": false }, "geometry": { "type": "Point", "coordinates": [ 171.305299573652889, 7.133484660716593 ] } },
{ "type": "Feature", "properties": { "uid": "xc3b9u7b6d", "rate_time": 54.617, "sig_time": 0.014, "se_time": 19.92, "sce": 2267.58, "nsm": 1405.55, "valid_obs": 18, "valid_span": 25, "significant": true }, "geometry": { "type": "Point", "coordinates": [ 171.293105354038687, 7.142543388649366 ] } },
{ "type": "Feature", "properties": { "uid": "xc3b9u5yvh", "rate_time": 54.816, "sig_time": 0.014, "se_time": 19.771, "sce": 2241.81, "nsm": 1432.91, "valid_obs": 18, "valid_span": 25, "significant": true }, "geometry": { "type": "Point", "coordinates": [ 171.293213474676008, 7.142296042414991 ] } },
{ "type": "Feature", "properties": { "uid": "xc3b9ukrnx", "rate_time": 36.233, "sig_time": 0.056, "se_time": 17.362, "sce": 2312.77, "nsm": 1395.3, "valid_obs": 16, "valid_span": 25, "significant": false }, "geometry": { "type": "Point", "coordinates": [ 171.293960915649649, 7.143730807918114 ] } },
{ "type": "Feature", "properties": { "uid": "xc3b71xdrb", "rate_time": 3.202, "sig_time": 0.001, "se_time": 0.72, "sce": 59.38, "nsm": null, "valid_obs": 15, "valid_span": 19, "significant": true }, "geometry": { "type": "Point", "coordinates": [ 171.353411317548989, 7.083826270270302 ] } },
{ "type": "Feature", "properties": { "uid": "xc3b71xc5f", "rate_time": 2.688, "sig_time": 0.0, "se_time": 0.436, "sce": 44.56, "nsm": null, "valid_obs": 15, "valid_span": 19, "significant": true }, "geometry": { "type": "Point", "coordinates": [ 171.353585459978575, 7.083621935240789 ] } },
{ "type": "Feature", "properties": { "uid": "xc3b738033", "rate_time": 2.33, "sig_time": 0.0, "se_time": 0.195, "sce": 48.15, "nsm": null, "valid_obs": 15, "valid_span": 19, "significant": true }, "geometry": { "type": "Point", "coordinates": [ 171.353818742021446, 7.083485122834013 ] } },
{ "type": "Feature", "properties": { "uid": "xc3b73tqzy", "rate_time": 1.86, "sig_time": 0.288, "se_time": 1.677, "sce": 137.38, "nsm": null, "valid_obs": 15, "valid_span": 19, "significant": false }, "geometry": { "type": "Point", "coordinates": [ 171.361303081970505, 7.084626957282204 ] } },
{ "type": "Feature", "properties": { "uid": "xc3b7uh7b0", "rate_time": 12.408, "sig_time": 0.086, "se_time": 6.687, "sce": 518.09, "nsm": null, "valid_obs": 15, "valid_span": 19, "significant": false }, "geometry": { "type": "Point", "coordinates": [ 171.38157131905362, 7.097815286960091 ] } },
{ "type": "Feature", "properties": { "uid": "xc3b7uhjq0", "rate_time": -2.017, "sig_time": 0.736, "se_time": 5.865, "sce": 294.39, "nsm": null, "valid_obs": 15, "valid_span": 19, "significant": false }, "geometry": { "type": "Point", "coordinates": [ 171.381486888817761, 7.098073190383229 ] } },
{ "type": "Feature", "properties": { "uid": "xc3b7uhngb", "rate_time": 5.388, "sig_time": 0.449, "se_time": 6.898, "sce": 526.7, "nsm": null, "valid_obs": 15, "valid_span": 19, "significant": false }, "geometry": { "type": "Point", "coordinates": [ 171.38139199697747, 7.098327384671334 ] } },
{ "type": "Feature", "properties": { "uid": "xc3b7ttf86", "rate_time": 0.488, "sig_time": 0.037, "se_time": 0.21, "sce": 19.65, "nsm": null, "valid_obs": 15, "valid_span": 19, "significant": true }, "geometry": { "type": "Point", "coordinates": [ 171.372661342835329, 7.105849794514901 ] } },
{ "type": "Feature", "properties": { "uid": "xc3b7tw5hv", "rate_time": -0.118, "sig_time": 0.493, "se_time": 0.167, "sce": 11.14, "nsm": null, "valid_obs": 15, "valid_span": 19, "significant": false }, "geometry": { "type": "Point", "coordinates": [ 171.373192539339044, 7.105951740745797 ] } },
{ "type": "Feature", "properties": { "uid": "xc3b7tt7bd", "rate_time": 1.715, "sig_time": 0.012, "se_time": 0.588, "sce": 61.71, "nsm": null, "valid_obs": 15, "valid_span": 19, "significant": true }, "geometry": { "type": "Point", "coordinates": [ 171.371982242436275, 7.1060659858794 ] } },
{ "type": "Feature", "properties": { "uid": "xc3b7ttmen", "rate_time": 2.265, "sig_time": 0.001, "se_time": 0.496, "sce": 59.69, "nsm": null, "valid_obs": 15, "valid_span": 19, "significant": true }, "geometry": { "type": "Point", "coordinates": [ 171.372086618016823, 7.106386070788312 ] } },
{ "type": "Feature", "properties": { "uid": "xc3b7ttqz6", "rate_time": 2.422, "sig_time": 0.0, "se_time": 0.466, "sce": 45.23, "nsm": null, "valid_obs": 15, "valid_span": 19, "significant": true }, "geometry": { "type": "Point", "coordinates": [ 171.372274937227672, 7.106581663204506 ] } }
]
}
