{
"type": "FeatureCollection",
"name": "transects_wallis",
"crs": { "type": "name", "properties": { "name": "urn:ogc:def:crs:OGC:1.3:CRS84" } },
"features": [
{ "type": "Feature", "properties": { "uid": "2jdez4v7xt", "rate_time": -1.17, "sig_time": 0.045, "se_time": 0.534, "sce": 68.33, "nsm": -51.49, "valid_obs": 17, "valid_span": 25, "significant": true }, "geometry": { "type": "Point", "coordinates": [ -176.169223511031674, -13.387585074705722 ] } },
{ "type": "Feature", "properties": { "uid": "2jdez4vt46", "rate_time": -1.989, "sig_time": 0.0, "se_time": 0.361, "sce": 59.73, "nsm": -56.79, "valid_obs": 17, "valid_span": 25, "significant": true }, "geometry": { "type": "Point", "coordinates": [ -176.169102421298248, -13.387341273889197 ] } },
{ "type": "Feature", "properties": { "uid": "2jdez4vwt0", "rate_time": -2.235, "sig_time": 0.0, "se_time": 0.276, "sce": 58.96, "nsm": -57.38, "valid_obs": 17, "valid_span": 25, "significant": true }, "geometry": { "type": "Point", "coordinates": [ -176.168981421475195, -13.387097328468812 ] } },
{ "type": "Feature", "properties": { "uid": "2jdez4vxzy", "rate_time": -2.211, "sig_time": 0.0, "se_time": 0.263, "sce": 57.55, "nsm": -55.26, "valid_obs": 17, "valid_span": 25, "significant": true }, "geometry": { "type": "Point", "coordinates": [ -176.168865295352248, -13.386851124607652 ] } },
{ "type": "Feature", "properties": { "uid": "2jdez5jc6e", "rate_time": -2.069, "sig_time": 0.0, "se_time": 0.202, "sce": 54.31, "nsm": -50.72, "valid_obs": 17, "valid_span": 25, "significant": true }, "geometry": { "type": "Point", "coordinates": [ -176.168747364948388, -13.386605903498562 ] } },
{ "type": "Feature", "properties": { "uid": "2jdez55gmt", "rate_time": 0.085, "sig_time": 0.495, "se_time": 0.122, "sce": 17.7, "nsm": null, "valid_obs": 18, "valid_span": 24, "significant": false }, "geometry": { "type": "Point", "coordinates": [ -176.171369449607766, -13.386251474532436 ] } },
{ "type": "Feature", "properties": { "uid": "2jdez55f84", "rate_time": 0.312, "sig_time": 0.316, "se_time": 0.302, "sce": 57.01, "nsm": 19.81, "valid_obs": 20, "valid_span": 25, "significant": false }, "geometry": { "type": "Point", "coordinates": [ -176.171599093439227, -13.386398659639601 ] } },
{ "type": "Feature", "properties": { "uid": "2jdez559f7", "rate_time": 0.276, "sig_time": 0.031, "se_time": 0.118, "sce": 20.49, "nsm": 3.7, "valid_obs": 20, "valid_span": 25, "significant": true }, "geometry": { "type": "Point", "coordinates": [ -176.171845827453637, -13.386521990632078 ] } },
{ "type": "Feature", "properties": { "uid": "2jdez552vp", "rate_time": 0.176, "sig_time": 0.036, "se_time": 0.078, "sce": 13.78, "nsm": 0.92, "valid_obs": 20, "valid_span": 25, "significant": true }, "geometry": { "type": "Point", "coordinates": [ -176.172073594980333, -13.386669431112407 ] } },
{ "type": "Feature", "properties": { "uid": "2jdez4grdc", "rate_time": -0.114, "sig_time": 0.499, "se_time": 0.165, "sce": 29.11, "nsm": -6.26, "valid_obs": 20, "valid_span": 25, "significant": false }, "geometry": { "type": "Point", "coordinates": [ -176.172167200591645, -13.386920755381746 ] } },
{ "type": "Feature", "properties": { "uid": "2jdez4gmfy", "rate_time": -0.114, "sig_time": 0.194, "se_time": 0.084, "sce": 13.83, "nsm": -7.38, "valid_obs": 20, "valid_span": 25, "significant": false }, "geometry": { "type": "Point", "coordinates": [ -176.172170709000369, -13.387189658771071 ] } },
{ "type": "Feature", "properties": { "uid": "2jdez4gkkm", "rate_time": -0.313, "sig_time": 0.07, "se_time": 0.163, "sce": 30.42, "nsm": -26.96, "valid_obs": 20, "valid_span": 25, "significant": false }, "geometry": { "type": "Point", "coordinates": [ -176.172109857232925, -13.387453295104107 ] } },
{ "type": "Feature", "properties": { "uid": "2jdez5w98d", "rate_time": 0.193, "sig_time": 0.667, "se_time": 0.439, "sce": 61.65, "nsm": null, "valid_obs": 17, "valid_span": 24, "significant": false }, "geometry": { "type": "Point", "coordinates": [ -176.167808691176333, -13.383821121669897 ] } },
{ "type": "Feature", "properties": { "uid": "2jdez5we1j", "rate_time": -0.104, "sig_time": 0.862, "se_time": 0.589, "sce": 84.68, "nsm": null, "valid_obs": 17, "valid_span": 24, "significant": false }, "geometry": { "type": "Point", "coordinates": [ -176.167786705229872, -13.383552177018933 ] } },
{ "type": "Feature", "properties": { "uid": "2jdezhnrmw", "rate_time": -0.005, "sig_time": 0.972, "se_time": 0.135, "sce": 11.74, "nsm": null, "valid_obs": 15, "valid_span": 23, "significant": false }, "geometry": { "type": "Point", "coordinates": [ -176.167929908770901, -13.380069417043774 ] } },
{ "type": "Feature", "properties": { "uid": "2jdezhq3jb", "rate_time": 0.22, "sig_time": 0.231, "se_time": 0.175, "sce": 16.59, "nsm": null, "valid_obs": 15, "valid_span": 23, "significant": false }, "geometry": { "type": "Point", "coordinates": [ -176.16792383706229, -13.379798490943793 ] } },
{ "type": "Feature", "properties": { "uid": "2jdezhq6t4", "rate_time": 0.504, "sig_time": 0.154, "se_time": 0.334, "sce": 44.14, "nsm": null, "valid_obs": 16, "valid_span": 23, "significant": false }, "geometry": { "type": "Point", "coordinates": [ -176.167953235274041, -13.37952995866817 ] } },
{ "type": "Feature", "properties": { "uid": "2jdezhqmdm", "rate_time": 0.698, "sig_time": 0.049, "se_time": 0.324, "sce": 44.44, "nsm": null, "valid_obs": 16, "valid_span": 23, "significant": true }, "geometry": { "type": "Point", "coordinates": [ -176.168073209649123, -13.379000382710935 ] } },
{ "type": "Feature", "properties": { "uid": "2jdezhqr0y", "rate_time": 0.092, "sig_time": 0.212, "se_time": 0.07, "sce": 7.8, "nsm": null, "valid_obs": 15, "valid_span": 21, "significant": false }, "geometry": { "type": "Point", "coordinates": [ -176.168135454822533, -13.378736471545569 ] } },
{ "type": "Feature", "properties": { "uid": "2jdezhw0ww", "rate_time": 0.062, "sig_time": 0.445, "se_time": 0.078, "sce": 7.03, "nsm": null, "valid_obs": 15, "valid_span": 21, "significant": false }, "geometry": { "type": "Point", "coordinates": [ -176.16823264171768, -13.378482655511526 ] } },
{ "type": "Feature", "properties": { "uid": "2jdey5j60d", "rate_time": 2.693, "sig_time": 0.0, "se_time": 0.282, "sce": 75.26, "nsm": null, "valid_obs": 15, "valid_span": 24, "significant": true }, "geometry": { "type": "Point", "coordinates": [ -176.213467238960391, -13.386483307660322 ] } },
{ "type": "Feature", "properties": { "uid": "2jdeyh2e8k", "rate_time": 0.121, "sig_time": 0.251, "se_time": 0.101, "sce": 10.0, "nsm": null, "valid_obs": 16, "valid_span": 24, "significant": false }, "geometry": { "type": "Point", "coordinates": [ -176.220003324136542, -13.379347038700441 ] } },
{ "type": "Feature", "properties": { "uid": "2jdeyh2kvx", "rate_time": 0.298, "sig_time": 0.219, "se_time": 0.232, "sce": 36.27, "nsm": null, "valid_obs": 17, "valid_span": 24, "significant": false }, "geometry": { "type": "Point", "coordinates": [ -176.220113094271369, -13.379116801488028 ] } },
{ "type": "Feature", "properties": { "uid": "2jdeyhmj8d", "rate_time": -0.043, "sig_time": 0.565, "se_time": 0.074, "sce": 11.58, "nsm": 0.35, "valid_obs": 20, "valid_span": 25, "significant": false }, "geometry": { "type": "Point", "coordinates": [ -176.213804927500291, -13.379015702074094 ] } },
{ "type": "Feature", "properties": { "uid": "2jdeyhky4z", "rate_time": -0.031, "sig_time": 0.685, "se_time": 0.075, "sce": 8.96, "nsm": -0.1, "valid_obs": 20, "valid_span": 25, "significant": false }, "geometry": { "type": "Point", "coordinates": [ -176.214056860197786, -13.378903240728192 ] } },
{ "type": "Feature", "properties": { "uid": "2jdeyh2qtf", "rate_time": 0.085, "sig_time": 0.032, "se_time": 0.036, "sce": 5.41, "nsm": null, "valid_obs": 17, "valid_span": 24, "significant": true }, "geometry": { "type": "Point", "coordinates": [ -176.220110433703809, -13.378846940908788 ] } },
{ "type": "Feature", "properties": { "uid": "2jdeyhkwsx", "rate_time": 0.039, "sig_time": 0.551, "se_time": 0.065, "sce": 9.66, "nsm": 0.64, "valid_obs": 20, "valid_span": 25, "significant": false }, "geometry": { "type": "Point", "coordinates": [ -176.214319526751837, -13.378818784264395 ] } },
{ "type": "Feature", "properties": { "uid": "2jdeyhkrnt", "rate_time": 0.001, "sig_time": 0.986, "se_time": 0.085, "sce": 12.26, "nsm": -0.51, "valid_obs": 20, "valid_span": 25, "significant": false }, "geometry": { "type": "Point", "coordinates": [ -176.214585098267008, -13.378741646398041 ] } },
{ "type": "Feature", "properties": { "uid": "2jdeyhkr8m", "rate_time": -0.027, "sig_time": 0.908, "se_time": 0.226, "sce": 38.76, "nsm": -0.12, "valid_obs": 20, "valid_span": 25, "significant": false }, "geometry": { "type": "Point", "coordinates": [ -176.21484862695462, -13.378657998862799 ] } },
{ "type": "Feature", "properties": { "uid": "2jdeyh3xcu", "rate_time": 0.012, "sig_time": 0.873, "se_time": 0.072, "sce": 10.31, "nsm": 0.54, "valid_obs": 19, "valid_span": 25, "significant": false }, "geometry": { "type": "Point", "coordinates": [ -176.218563671946868, -13.37862207441241 ] } },
{ "type": "Feature", "properties": { "uid": "2jdeyh82ns", "rate_time": 0.113, "sig_time": 0.007, "se_time": 0.037, "sce": 4.65, "nsm": null, "valid_obs": 17, "valid_span": 24, "significant": true }, "geometry": { "type": "Point", "coordinates": [ -176.220073368034946, -13.37857822672874 ] } },
{ "type": "Feature", "properties": { "uid": "2jdeyhs04m", "rate_time": 0.001, "sig_time": 0.991, "se_time": 0.083, "sce": 12.34, "nsm": -0.28, "valid_obs": 20, "valid_span": 25, "significant": false }, "geometry": { "type": "Point", "coordinates": [ -176.215111521158946, -13.378572407646221 ] } },
{ "type": "Feature", "properties": { "uid": "2jdeyh9b24", "rate_time": -0.013, "sig_time": 0.775, "se_time": 0.045, "sce": 6.56, "nsm": 0.69, "valid_obs": 19, "valid_span": 25, "significant": false }, "geometry": { "type": "Point", "coordinates": [ -176.218298210064972, -13.378544568681198 ] } },
{ "type": "Feature", "properties": { "uid": "2jdeyh9bwk", "rate_time": -0.007, "sig_time": 0.913, "se_time": 0.063, "sce": 9.21, "nsm": 1.01, "valid_obs": 19, "valid_span": 25, "significant": false }, "geometry": { "type": "Point", "coordinates": [ -176.218026560224331, -13.378491295630337 ] } },
{ "type": "Feature", "properties": { "uid": "2jdeyhebu6", "rate_time": 0.052, "sig_time": 0.486, "se_time": 0.073, "sce": 9.71, "nsm": 0.28, "valid_obs": 20, "valid_span": 25, "significant": false }, "geometry": { "type": "Point", "coordinates": [ -176.215362152381005, -13.378461317935098 ] } },
{ "type": "Feature", "properties": { "uid": "2jdeyhd0uu", "rate_time": 0.072, "sig_time": 0.601, "se_time": 0.136, "sce": 23.08, "nsm": 0.4, "valid_obs": 20, "valid_span": 25, "significant": false }, "geometry": { "type": "Point", "coordinates": [ -176.217752677166033, -13.378450409318285 ] } },
{ "type": "Feature", "properties": { "uid": "2jdeyhd351", "rate_time": -0.051, "sig_time": 0.521, "se_time": 0.077, "sce": 9.45, "nsm": -0.14, "valid_obs": 20, "valid_span": 25, "significant": false }, "geometry": { "type": "Point", "coordinates": [ -176.217477119690017, -13.378422428655981 ] } },
{ "type": "Feature", "properties": { "uid": "2jdeyhd939", "rate_time": -0.001, "sig_time": 0.986, "se_time": 0.063, "sce": 7.35, "nsm": -0.44, "valid_obs": 20, "valid_span": 25, "significant": false }, "geometry": { "type": "Point", "coordinates": [ -176.217203858102351, -13.378377748811404 ] } },
{ "type": "Feature", "properties": { "uid": "2jdeyhe9wu", "rate_time": 0.099, "sig_time": 0.26, "se_time": 0.085, "sce": 10.31, "nsm": -0.31, "valid_obs": 20, "valid_span": 25, "significant": false }, "geometry": { "type": "Point", "coordinates": [ -176.215596704652881, -13.378318030343415 ] } },
{ "type": "Feature", "properties": { "uid": "2jdeyhd9z8", "rate_time": -0.026, "sig_time": 0.651, "se_time": 0.057, "sce": 7.44, "nsm": -1.7, "valid_obs": 20, "valid_span": 25, "significant": false }, "geometry": { "type": "Point", "coordinates": [ -176.216939494061421, -13.378296787331818 ] } },
{ "type": "Feature", "properties": { "uid": "2jdeyhdfjy", "rate_time": 0.277, "sig_time": 0.143, "se_time": 0.181, "sce": 32.12, "nsm": 28.54, "valid_obs": 20, "valid_span": 25, "significant": false }, "geometry": { "type": "Point", "coordinates": [ -176.21667356421014, -13.378220732003401 ] } },
{ "type": "Feature", "properties": { "uid": "2jdeyhed30", "rate_time": 0.068, "sig_time": 0.478, "se_time": 0.094, "sce": 11.53, "nsm": 0.06, "valid_obs": 20, "valid_span": 25, "significant": false }, "geometry": { "type": "Point", "coordinates": [ -176.215849473432314, -13.378210080734602 ] } },
{ "type": "Feature", "properties": { "uid": "2jdeyhe4kq", "rate_time": 0.363, "sig_time": 0.105, "se_time": 0.213, "sce": 38.68, "nsm": 33.49, "valid_obs": 20, "valid_span": 25, "significant": false }, "geometry": { "type": "Point", "coordinates": [ -176.216399998955495, -13.378179657892019 ] } },
{ "type": "Feature", "properties": { "uid": "2jdeyhe6d8", "rate_time": 0.084, "sig_time": 0.394, "se_time": 0.097, "sce": 12.55, "nsm": 3.52, "valid_obs": 20, "valid_span": 25, "significant": false }, "geometry": { "type": "Point", "coordinates": [ -176.216123279839735, -13.378171720227177 ] } },
{ "type": "Feature", "properties": { "uid": "2jdeyh8yu1", "rate_time": 0.204, "sig_time": 0.044, "se_time": 0.092, "sce": 10.92, "nsm": null, "valid_obs": 16, "valid_span": 24, "significant": true }, "geometry": { "type": "Point", "coordinates": [ -176.219499452538997, -13.377436551718688 ] } },
{ "type": "Feature", "properties": { "uid": "2jdeyh9p60", "rate_time": 0.208, "sig_time": 0.033, "se_time": 0.088, "sce": 10.17, "nsm": null, "valid_obs": 16, "valid_span": 24, "significant": true }, "geometry": { "type": "Point", "coordinates": [ -176.21923779155685, -13.377351650638463 ] } },
{ "type": "Feature", "properties": { "uid": "2jdeyh9r8k", "rate_time": 0.197, "sig_time": 0.003, "se_time": 0.056, "sce": 8.53, "nsm": null, "valid_obs": 16, "valid_span": 24, "significant": true }, "geometry": { "type": "Point", "coordinates": [ -176.218968571801867, -13.377287848926807 ] } },
{ "type": "Feature", "properties": { "uid": "2jdeyhmhy6", "rate_time": -0.001, "sig_time": 0.99, "se_time": 0.095, "sce": 13.66, "nsm": -0.08, "valid_obs": 20, "valid_span": 25, "significant": false }, "geometry": { "type": "Point", "coordinates": [ -176.213560782454437, -13.37914377822166 ] } },
{ "type": "Feature", "properties": { "uid": "2jdeyhmk5b", "rate_time": 0.055, "sig_time": 0.844, "se_time": 0.275, "sce": 46.74, "nsm": 1.11, "valid_obs": 20, "valid_span": 25, "significant": false }, "geometry": { "type": "Point", "coordinates": [ -176.21332453258637, -13.379285455609317 ] } },
{ "type": "Feature", "properties": { "uid": "2jdezhvb5e", "rate_time": 0.165, "sig_time": 0.036, "se_time": 0.071, "sce": 8.27, "nsm": null, "valid_obs": 15, "valid_span": 21, "significant": true }, "geometry": { "type": "Point", "coordinates": [ -176.168700935263473, -13.377207145434861 ] } },
{ "type": "Feature", "properties": { "uid": "2jdezjv0mu", "rate_time": 0.014, "sig_time": 0.825, "se_time": 0.062, "sce": 7.34, "nsm": null, "valid_obs": 17, "valid_span": 23, "significant": false }, "geometry": { "type": "Point", "coordinates": [ -176.169644199120626, -13.371665788609013 ] } },
{ "type": "Feature", "properties": { "uid": "2jdezjv1vx", "rate_time": -0.099, "sig_time": 0.682, "se_time": 0.236, "sce": 32.17, "nsm": null, "valid_obs": 17, "valid_span": 23, "significant": false }, "geometry": { "type": "Point", "coordinates": [ -176.16964825203064, -13.371394626211485 ] } },
{ "type": "Feature", "properties": { "uid": "2jdezjv5t3", "rate_time": 0.066, "sig_time": 0.349, "se_time": 0.068, "sce": 7.76, "nsm": null, "valid_obs": 16, "valid_span": 23, "significant": false }, "geometry": { "type": "Point", "coordinates": [ -176.169656051576112, -13.371123513974492 ] } },
{ "type": "Feature", "properties": { "uid": "2jdeyhc2q2", "rate_time": 0.109, "sig_time": 0.27, "se_time": 0.095, "sce": 9.05, "nsm": null, "valid_obs": 16, "valid_span": 24, "significant": false }, "geometry": { "type": "Point", "coordinates": [ -176.218716166456232, -13.377181155692279 ] } },
{ "type": "Feature", "properties": { "uid": "2jdeyhc95g", "rate_time": 0.133, "sig_time": 0.213, "se_time": 0.102, "sce": 9.99, "nsm": null, "valid_obs": 16, "valid_span": 24, "significant": false }, "geometry": { "type": "Point", "coordinates": [ -176.218482173246059, -13.377036826013608 ] } },
{ "type": "Feature", "properties": { "uid": "2jdeyj62s3", "rate_time": 0.536, "sig_time": 0.038, "se_time": 0.235, "sce": 44.38, "nsm": 32.96, "valid_obs": 17, "valid_span": 25, "significant": true }, "geometry": { "type": "Point", "coordinates": [ -176.217428856685132, -13.374387789185917 ] } },
{ "type": "Feature", "properties": { "uid": "2jdeyj665e", "rate_time": 0.168, "sig_time": 0.192, "se_time": 0.123, "sce": 15.65, "nsm": -4.14, "valid_obs": 17, "valid_span": 25, "significant": false }, "geometry": { "type": "Point", "coordinates": [ -176.217458483230672, -13.374118112287334 ] } },
{ "type": "Feature", "properties": { "uid": "2jdeyj67dt", "rate_time": 0.154, "sig_time": 0.11, "se_time": 0.091, "sce": 12.48, "nsm": 0.44, "valid_obs": 17, "valid_span": 25, "significant": false }, "geometry": { "type": "Point", "coordinates": [ -176.217500567907763, -13.373850044715594 ] } },
{ "type": "Feature", "properties": { "uid": "2jdeyj6m1z", "rate_time": 0.1, "sig_time": 0.157, "se_time": 0.067, "sce": 9.74, "nsm": 0.06, "valid_obs": 17, "valid_span": 25, "significant": false }, "geometry": { "type": "Point", "coordinates": [ -176.217535682857118, -13.373580985845766 ] } },
{ "type": "Feature", "properties": { "uid": "2jdeyj6qc4", "rate_time": 0.094, "sig_time": 0.185, "se_time": 0.068, "sce": 9.93, "nsm": 0.0, "valid_obs": 17, "valid_span": 25, "significant": false }, "geometry": { "type": "Point", "coordinates": [ -176.21756935653525, -13.373311747670096 ] } },
{ "type": "Feature", "properties": { "uid": "2jdeyn4bws", "rate_time": 0.183, "sig_time": 0.024, "se_time": 0.074, "sce": 12.55, "nsm": 2.77, "valid_obs": 19, "valid_span": 25, "significant": true }, "geometry": { "type": "Point", "coordinates": [ -176.216642346728037, -13.370251993559148 ] } },
{ "type": "Feature", "properties": { "uid": "2jdeyjgp1x", "rate_time": 0.149, "sig_time": 0.073, "se_time": 0.078, "sce": 11.96, "nsm": 2.61, "valid_obs": 19, "valid_span": 25, "significant": false }, "geometry": { "type": "Point", "coordinates": [ -176.21651582084948, -13.370493281021192 ] } },
{ "type": "Feature", "properties": { "uid": "2jdeyjgjvj", "rate_time": 0.119, "sig_time": 0.167, "se_time": 0.082, "sce": 13.76, "nsm": 2.09, "valid_obs": 19, "valid_span": 25, "significant": false }, "geometry": { "type": "Point", "coordinates": [ -176.216365340647258, -13.370720085004303 ] } },
{ "type": "Feature", "properties": { "uid": "2jdeyjgk9r", "rate_time": 0.167, "sig_time": 0.558, "se_time": 0.28, "sce": 41.4, "nsm": 2.09, "valid_obs": 21, "valid_span": 25, "significant": false }, "geometry": { "type": "Point", "coordinates": [ -176.216182509209489, -13.370923641414009 ] } },
{ "type": "Feature", "properties": { "uid": "2jdeyjg7wr", "rate_time": 0.317, "sig_time": 0.012, "se_time": 0.114, "sce": 19.22, "nsm": 2.87, "valid_obs": 21, "valid_span": 25, "significant": true }, "geometry": { "type": "Point", "coordinates": [ -176.215966600077053, -13.371091297363641 ] } },
{ "type": "Feature", "properties": { "uid": "2jdeyjgek6", "rate_time": 0.389, "sig_time": 0.006, "se_time": 0.125, "sce": 21.45, "nsm": 3.45, "valid_obs": 21, "valid_span": 25, "significant": true }, "geometry": { "type": "Point", "coordinates": [ -176.215709188916549, -13.371162540914234 ] } },
{ "type": "Feature", "properties": { "uid": "2jdeyju595", "rate_time": 0.475, "sig_time": 0.392, "se_time": 0.542, "sce": 70.31, "nsm": 6.93, "valid_obs": 21, "valid_span": 25, "significant": false }, "geometry": { "type": "Point", "coordinates": [ -176.215161659305181, -13.371112916638001 ] } },
{ "type": "Feature", "properties": { "uid": "2jdeyju5rt", "rate_time": 0.448, "sig_time": 0.003, "se_time": 0.13, "sce": 21.81, "nsm": 5.93, "valid_obs": 19, "valid_span": 25, "significant": true }, "geometry": { "type": "Point", "coordinates": [ -176.214887452861007, -13.371148116198535 ] } },
{ "type": "Feature", "properties": { "uid": "2jdeyju7jy", "rate_time": 0.422, "sig_time": 0.005, "se_time": 0.132, "sce": 21.89, "nsm": 4.84, "valid_obs": 19, "valid_span": 25, "significant": true }, "geometry": { "type": "Point", "coordinates": [ -176.214613658522467, -13.371183404140064 ] } },
{ "type": "Feature", "properties": { "uid": "2jdeyjueh6", "rate_time": 0.165, "sig_time": 0.744, "se_time": 0.499, "sce": 63.51, "nsm": 4.53, "valid_obs": 21, "valid_span": 25, "significant": false }, "geometry": { "type": "Point", "coordinates": [ -176.214338261414298, -13.371207416097588 ] } },
{ "type": "Feature", "properties": { "uid": "2jdeyjufd3", "rate_time": 0.216, "sig_time": 0.532, "se_time": 0.339, "sce": 42.86, "nsm": 3.55, "valid_obs": 22, "valid_span": 25, "significant": false }, "geometry": { "type": "Point", "coordinates": [ -176.214082968837658, -13.371295455941494 ] } },
{ "type": "Feature", "properties": { "uid": "2jdeyjucqz", "rate_time": 0.329, "sig_time": 0.001, "se_time": 0.087, "sce": 14.06, "nsm": 3.5, "valid_obs": 22, "valid_span": 25, "significant": true }, "geometry": { "type": "Point", "coordinates": [ -176.213885467256716, -13.371480159029996 ] } },
{ "type": "Feature", "properties": { "uid": "2jdeyjv012", "rate_time": 0.241, "sig_time": 0.011, "se_time": 0.086, "sce": 12.71, "nsm": 2.05, "valid_obs": 22, "valid_span": 25, "significant": true }, "geometry": { "type": "Point", "coordinates": [ -176.21378242884964, -13.371729341269528 ] } },
{ "type": "Feature", "properties": { "uid": "2jdeyjt04h", "rate_time": 0.06, "sig_time": 0.168, "se_time": 0.042, "sce": 5.0, "nsm": 0.33, "valid_obs": 21, "valid_span": 25, "significant": false }, "geometry": { "type": "Point", "coordinates": [ -176.213750024468595, -13.373081862067915 ] } },
{ "type": "Feature", "properties": { "uid": "2jdeyjt1dp", "rate_time": 0.103, "sig_time": 0.094, "se_time": 0.059, "sce": 9.35, "nsm": 1.0, "valid_obs": 21, "valid_span": 25, "significant": false }, "geometry": { "type": "Point", "coordinates": [ -176.213749014952697, -13.372810616877466 ] } },
{ "type": "Feature", "properties": { "uid": "2jdeyjtn6p", "rate_time": 0.228, "sig_time": 0.215, "se_time": 0.178, "sce": 33.69, "nsm": -0.58, "valid_obs": 22, "valid_span": 25, "significant": false }, "geometry": { "type": "Point", "coordinates": [ -176.213743138530248, -13.371997114504351 ] } },
{ "type": "Feature", "properties": { "uid": "2jdeyjt561", "rate_time": 0.203, "sig_time": 0.467, "se_time": 0.274, "sce": 60.28, "nsm": -0.45, "valid_obs": 22, "valid_span": 25, "significant": false }, "geometry": { "type": "Point", "coordinates": [ -176.213746383673509, -13.372539380390197 ] } },
{ "type": "Feature", "properties": { "uid": "2jdeyjthfk", "rate_time": 0.145, "sig_time": 0.079, "se_time": 0.078, "sce": 11.57, "nsm": -0.04, "valid_obs": 21, "valid_span": 25, "significant": false }, "geometry": { "type": "Point", "coordinates": [ -176.213739526031816, -13.372268225685 ] } },
{ "type": "Feature", "properties": { "uid": "2jdeyjm607", "rate_time": 0.082, "sig_time": 0.648, "se_time": 0.177, "sce": 21.38, "nsm": 0.99, "valid_obs": 20, "valid_span": 25, "significant": false }, "geometry": { "type": "Point", "coordinates": [ -176.213478078434463, -13.374120628459282 ] } },
{ "type": "Feature", "properties": { "uid": "2jdeyjm2du", "rate_time": 0.11, "sig_time": 0.545, "se_time": 0.179, "sce": 22.06, "nsm": 2.0, "valid_obs": 20, "valid_span": 25, "significant": false }, "geometry": { "type": "Point", "coordinates": [ -176.213370444789462, -13.374370502469468 ] } },
{ "type": "Feature", "properties": { "uid": "2jdeyjjrjz", "rate_time": 0.087, "sig_time": 0.589, "se_time": 0.159, "sce": 19.75, "nsm": 0.65, "valid_obs": 20, "valid_span": 25, "significant": false }, "geometry": { "type": "Point", "coordinates": [ -176.213244833992405, -13.374612265125554 ] } },
{ "type": "Feature", "properties": { "uid": "2jdeyj9yhc", "rate_time": 0.092, "sig_time": 0.276, "se_time": 0.081, "sce": 11.75, "nsm": 1.92, "valid_obs": 17, "valid_span": 25, "significant": false }, "geometry": { "type": "Point", "coordinates": [ -176.218086660299491, -13.372068433307577 ] } },
{ "type": "Feature", "properties": { "uid": "2jdeyj9z37", "rate_time": -0.012, "sig_time": 0.887, "se_time": 0.08, "sce": 11.91, "nsm": -1.72, "valid_obs": 17, "valid_span": 25, "significant": false }, "geometry": { "type": "Point", "coordinates": [ -176.218239088137295, -13.371842731570025 ] } },
{ "type": "Feature", "properties": { "uid": "2jdeyjc8t1", "rate_time": 0.149, "sig_time": 0.06, "se_time": 0.073, "sce": 10.47, "nsm": 2.96, "valid_obs": 17, "valid_span": 25, "significant": false }, "geometry": { "type": "Point", "coordinates": [ -176.218423195092811, -13.371641057085862 ] } },
{ "type": "Feature", "properties": { "uid": "2jdeyjbkbt", "rate_time": 0.336, "sig_time": 0.33, "se_time": 0.335, "sce": 54.58, "nsm": 4.65, "valid_obs": 19, "valid_span": 25, "significant": false }, "geometry": { "type": "Point", "coordinates": [ -176.220329042949885, -13.370889572403023 ] } },
{ "type": "Feature", "properties": { "uid": "2jdeyjbq3y", "rate_time": 0.2, "sig_time": 0.17, "se_time": 0.139, "sce": 23.61, "nsm": 1.48, "valid_obs": 19, "valid_span": 25, "significant": false }, "geometry": { "type": "Point", "coordinates": [ -176.220281350279521, -13.3706256381085 ] } },
{ "type": "Feature", "properties": { "uid": "2jdeyjbrgx", "rate_time": 0.136, "sig_time": 0.034, "se_time": 0.059, "sce": 7.72, "nsm": -0.42, "valid_obs": 19, "valid_span": 25, "significant": true }, "geometry": { "type": "Point", "coordinates": [ -176.220206727952103, -13.370364444727324 ] } },
{ "type": "Feature", "properties": { "uid": "2jdeyn03s3", "rate_time": 0.183, "sig_time": 0.01, "se_time": 0.064, "sce": 8.39, "nsm": 0.41, "valid_obs": 19, "valid_span": 25, "significant": true }, "geometry": { "type": "Point", "coordinates": [ -176.22017449928353, -13.370096049138571 ] } },
{ "type": "Feature", "properties": { "uid": "2jdeyn07h7", "rate_time": 0.221, "sig_time": 0.005, "se_time": 0.069, "sce": 10.64, "nsm": 0.81, "valid_obs": 19, "valid_span": 25, "significant": true }, "geometry": { "type": "Point", "coordinates": [ -176.220174878506924, -13.36982500621934 ] } },
{ "type": "Feature", "properties": { "uid": "2jdeyn0key", "rate_time": 0.21, "sig_time": 0.03, "se_time": 0.088, "sce": 12.16, "nsm": 0.58, "valid_obs": 19, "valid_span": 25, "significant": true }, "geometry": { "type": "Point", "coordinates": [ -176.220191411034335, -13.369554294869397 ] } },
{ "type": "Feature", "properties": { "uid": "2jdeyn0q70", "rate_time": 0.074, "sig_time": 0.779, "se_time": 0.258, "sce": 41.48, "nsm": 0.32, "valid_obs": 19, "valid_span": 25, "significant": false }, "geometry": { "type": "Point", "coordinates": [ -176.220223573448948, -13.369284963525311 ] } },
{ "type": "Feature", "properties": { "uid": "2jdeyn0rg7", "rate_time": 0.12, "sig_time": 0.116, "se_time": 0.072, "sce": 9.3, "nsm": 0.55, "valid_obs": 18, "valid_span": 25, "significant": false }, "geometry": { "type": "Point", "coordinates": [ -176.220219677534686, -13.369014603137913 ] } },
{ "type": "Feature", "properties": { "uid": "2jdeyn23ks", "rate_time": 0.042, "sig_time": 0.486, "se_time": 0.059, "sce": 6.45, "nsm": -0.56, "valid_obs": 18, "valid_span": 25, "significant": false }, "geometry": { "type": "Point", "coordinates": [ -176.220160219064553, -13.368750760735194 ] } },
{ "type": "Feature", "properties": { "uid": "2jdeyn26yj", "rate_time": 0.051, "sig_time": 0.338, "se_time": 0.052, "sce": 6.2, "nsm": 0.06, "valid_obs": 18, "valid_span": 25, "significant": false }, "geometry": { "type": "Point", "coordinates": [ -176.220095422585018, -13.36848708301226 ] } },
{ "type": "Feature", "properties": { "uid": "2jdeyn2kqz", "rate_time": 0.016, "sig_time": 0.759, "se_time": 0.053, "sce": 6.3, "nsm": -1.16, "valid_obs": 18, "valid_span": 25, "significant": false }, "geometry": { "type": "Point", "coordinates": [ -176.220064611063009, -13.36821826436233 ] } },
{ "type": "Feature", "properties": { "uid": "2jdeyn2qn3", "rate_time": 0.002, "sig_time": 0.967, "se_time": 0.051, "sce": 6.22, "nsm": -1.59, "valid_obs": 18, "valid_span": 25, "significant": false }, "geometry": { "type": "Point", "coordinates": [ -176.220082307751596, -13.367948525847153 ] } },
{ "type": "Feature", "properties": { "uid": "2jdeyn2rte", "rate_time": -0.006, "sig_time": 0.917, "se_time": 0.055, "sce": 6.17, "nsm": -1.32, "valid_obs": 18, "valid_span": 25, "significant": false }, "geometry": { "type": "Point", "coordinates": [ -176.220120539111349, -13.367679893527612 ] } },
{ "type": "Feature", "properties": { "uid": "2jdeyn83jn", "rate_time": -0.04, "sig_time": 0.526, "se_time": 0.062, "sce": 8.32, "nsm": -1.71, "valid_obs": 18, "valid_span": 25, "significant": false }, "geometry": { "type": "Point", "coordinates": [ -176.220142824058456, -13.367409805426956 ] } },
{ "type": "Feature", "properties": { "uid": "2jdeyn86u2", "rate_time": -0.074, "sig_time": 0.215, "se_time": 0.057, "sce": 7.57, "nsm": -2.45, "valid_obs": 18, "valid_span": 25, "significant": false }, "geometry": { "type": "Point", "coordinates": [ -176.220170005132587, -13.367140019578464 ] } },
{ "type": "Feature", "properties": { "uid": "2jdeyjdh8q", "rate_time": 0.095, "sig_time": 0.216, "se_time": 0.074, "sce": 10.19, "nsm": 1.95, "valid_obs": 17, "valid_span": 25, "significant": false }, "geometry": { "type": "Point", "coordinates": [ -176.217945682311239, -13.372301725760801 ] } },
{ "type": "Feature", "properties": { "uid": "2jdeyjd573", "rate_time": 0.109, "sig_time": 0.209, "se_time": 0.083, "sce": 11.22, "nsm": 1.85, "valid_obs": 17, "valid_span": 25, "significant": false }, "geometry": { "type": "Point", "coordinates": [ -176.217814609964108, -13.372540668650878 ] } },
{ "type": "Feature", "properties": { "uid": "2jdeyjd1yh", "rate_time": 0.123, "sig_time": 0.199, "se_time": 0.092, "sce": 12.29, "nsm": 1.51, "valid_obs": 17, "valid_span": 25, "significant": false }, "geometry": { "type": "Point", "coordinates": [ -176.217695108778628, -13.372784781669466 ] } },
{ "type": "Feature", "properties": { "uid": "2jdeyjd0rg", "rate_time": 0.11, "sig_time": 0.185, "se_time": 0.079, "sce": 11.18, "nsm": 0.6, "valid_obs": 17, "valid_span": 25, "significant": false }, "geometry": { "type": "Point", "coordinates": [ -176.217615590008563, -13.373044338158614 ] } },
{ "type": "Feature", "properties": { "uid": "2jdez5vm0z", "rate_time": 0.484, "sig_time": 0.038, "se_time": 0.214, "sce": 40.0, "nsm": 31.54, "valid_obs": 19, "valid_span": 25, "significant": true }, "geometry": { "type": "Point", "coordinates": [ -176.169508887773191, -13.381822692964557 ] } },
{ "type": "Feature", "properties": { "uid": "2jdez5vqbc", "rate_time": 0.163, "sig_time": 0.08, "se_time": 0.087, "sce": 11.92, "nsm": 1.8, "valid_obs": 19, "valid_span": 25, "significant": false }, "geometry": { "type": "Point", "coordinates": [ -176.169508391085969, -13.381551511093335 ] } },
{ "type": "Feature", "properties": { "uid": "2jdezhj22k", "rate_time": 0.192, "sig_time": 0.037, "se_time": 0.085, "sce": 12.08, "nsm": 2.75, "valid_obs": 19, "valid_span": 25, "significant": true }, "geometry": { "type": "Point", "coordinates": [ -176.169535648114703, -13.381281647077863 ] } },
{ "type": "Feature", "properties": { "uid": "2jdezhj1zn", "rate_time": 0.172, "sig_time": 0.057, "se_time": 0.084, "sce": 13.09, "nsm": 2.81, "valid_obs": 19, "valid_span": 25, "significant": false }, "geometry": { "type": "Point", "coordinates": [ -176.169581086203948, -13.381014120946384 ] } },
{ "type": "Feature", "properties": { "uid": "2jdezhj5mx", "rate_time": 0.102, "sig_time": 0.262, "se_time": 0.088, "sce": 14.37, "nsm": 1.58, "valid_obs": 19, "valid_span": 25, "significant": false }, "geometry": { "type": "Point", "coordinates": [ -176.169645045969929, -13.380750244393878 ] } },
{ "type": "Feature", "properties": { "uid": "2jdezhjhgz", "rate_time": 0.009, "sig_time": 0.932, "se_time": 0.1, "sce": 14.61, "nsm": 2.09, "valid_obs": 19, "valid_span": 25, "significant": false }, "geometry": { "type": "Point", "coordinates": [ -176.169729204783152, -13.380491893446489 ] } },
{ "type": "Feature", "properties": { "uid": "2jdezhjn3j", "rate_time": 0.288, "sig_time": 0.157, "se_time": 0.195, "sce": 34.98, "nsm": 26.62, "valid_obs": 19, "valid_span": 25, "significant": false }, "geometry": { "type": "Point", "coordinates": [ -176.169846800343407, -13.380246699669891 ] } },
{ "type": "Feature", "properties": { "uid": "2jdezhhzv8", "rate_time": -0.054, "sig_time": 0.627, "se_time": 0.108, "sce": 13.81, "nsm": null, "valid_obs": 18, "valid_span": 24, "significant": false }, "geometry": { "type": "Point", "coordinates": [ -176.169989387508309, -13.380014378177366 ] } },
{ "type": "Feature", "properties": { "uid": "2jdezh7bgp", "rate_time": -0.232, "sig_time": 0.001, "se_time": 0.059, "sce": 9.63, "nsm": null, "valid_obs": 18, "valid_span": 24, "significant": true }, "geometry": { "type": "Point", "coordinates": [ -176.171471551294673, -13.379806977871405 ] } },
{ "type": "Feature", "properties": { "uid": "2jdezhk119", "rate_time": -0.197, "sig_time": 0.006, "se_time": 0.062, "sce": 8.95, "nsm": null, "valid_obs": 18, "valid_span": 24, "significant": true }, "geometry": { "type": "Point", "coordinates": [ -176.17119507889268, -13.379794292495736 ] } },
{ "type": "Feature", "properties": { "uid": "2jdezh79hz", "rate_time": -0.329, "sig_time": 0.001, "se_time": 0.084, "sce": 13.82, "nsm": null, "valid_obs": 18, "valid_span": 24, "significant": true }, "geometry": { "type": "Point", "coordinates": [ -176.171744299715584, -13.379760546824615 ] } },
{ "type": "Feature", "properties": { "uid": "2jdezhk1xb", "rate_time": -0.24, "sig_time": 0.001, "se_time": 0.056, "sce": 9.01, "nsm": null, "valid_obs": 18, "valid_span": 24, "significant": true }, "geometry": { "type": "Point", "coordinates": [ -176.170929707036976, -13.379716379892773 ] } },
{ "type": "Feature", "properties": { "uid": "2jdezhk3vz", "rate_time": -0.357, "sig_time": 0.0, "se_time": 0.064, "sce": 10.76, "nsm": null, "valid_obs": 18, "valid_span": 24, "significant": true }, "geometry": { "type": "Point", "coordinates": [ -176.170666524339964, -13.379631771114054 ] } },
{ "type": "Feature", "properties": { "uid": "2jdez5v0w1", "rate_time": 0.036, "sig_time": 0.676, "se_time": 0.085, "sce": 10.71, "nsm": null, "valid_obs": 18, "valid_span": 24, "significant": false }, "geometry": { "type": "Point", "coordinates": [ -176.169624901431206, -13.382627981945427 ] } },
{ "type": "Feature", "properties": { "uid": "2jdez5tnuz", "rate_time": -0.038, "sig_time": 0.919, "se_time": 0.364, "sce": 54.15, "nsm": null, "valid_obs": 19, "valid_span": 24, "significant": false }, "geometry": { "type": "Point", "coordinates": [ -176.169679004997249, -13.382894005836253 ] } },
{ "type": "Feature", "properties": { "uid": "2jdez5t5cv", "rate_time": 0.495, "sig_time": 0.194, "se_time": 0.366, "sce": 78.94, "nsm": 35.44, "valid_obs": 20, "valid_span": 25, "significant": false }, "geometry": { "type": "Point", "coordinates": [ -176.169816128700063, -13.383419267880615 ] } },
{ "type": "Feature", "properties": { "uid": "2jdez5sfrv", "rate_time": 0.017, "sig_time": 0.879, "se_time": 0.112, "sce": 13.5, "nsm": -7.51, "valid_obs": 19, "valid_span": 25, "significant": false }, "geometry": { "type": "Point", "coordinates": [ -176.169893129142366, -13.38367982225491 ] } },
{ "type": "Feature", "properties": { "uid": "2jdez5sbvv", "rate_time": -0.065, "sig_time": 0.575, "se_time": 0.114, "sce": 15.41, "nsm": -5.88, "valid_obs": 19, "valid_span": 25, "significant": false }, "geometry": { "type": "Point", "coordinates": [ -176.169981760202717, -13.383936781763319 ] } },
{ "type": "Feature", "properties": { "uid": "2jdez5kz7q", "rate_time": -0.147, "sig_time": 0.133, "se_time": 0.093, "sce": 13.38, "nsm": -6.88, "valid_obs": 19, "valid_span": 25, "significant": false }, "geometry": { "type": "Point", "coordinates": [ -176.170085684902148, -13.384188106277902 ] } },
{ "type": "Feature", "properties": { "uid": "2jdez5kvcq", "rate_time": -0.227, "sig_time": 0.384, "se_time": 0.254, "sce": 41.7, "nsm": -8.72, "valid_obs": 19, "valid_span": 25, "significant": false }, "geometry": { "type": "Point", "coordinates": [ -176.170172016319299, -13.384445823532186 ] } },
{ "type": "Feature", "properties": { "uid": "2jdezjfuzh", "rate_time": -0.001, "sig_time": 0.995, "se_time": 0.113, "sce": 13.78, "nsm": 5.46, "valid_obs": 20, "valid_span": 25, "significant": false }, "geometry": { "type": "Point", "coordinates": [ -176.172674463375301, -13.370893953892164 ] } },
{ "type": "Feature", "properties": { "uid": "2jdezjfy5q", "rate_time": 0.062, "sig_time": 0.57, "se_time": 0.108, "sce": 16.31, "nsm": 9.49, "valid_obs": 20, "valid_span": 25, "significant": false }, "geometry": { "type": "Point", "coordinates": [ -176.172831060520707, -13.370670443978923 ] } },
{ "type": "Feature", "properties": { "uid": "2jdezjfxr4", "rate_time": 0.38, "sig_time": 0.138, "se_time": 0.245, "sce": 42.92, "nsm": 38.64, "valid_obs": 20, "valid_span": 25, "significant": false }, "geometry": { "type": "Point", "coordinates": [ -176.173022137103061, -13.370474483499811 ] } },
{ "type": "Feature", "properties": { "uid": "2jdezn43tf", "rate_time": -0.117, "sig_time": 0.127, "se_time": 0.073, "sce": 9.76, "nsm": null, "valid_obs": 18, "valid_span": 23, "significant": false }, "geometry": { "type": "Point", "coordinates": [ -176.173411977667257, -13.370089817234614 ] } },
{ "type": "Feature", "properties": { "uid": "2jdezn4688", "rate_time": 0.104, "sig_time": 0.326, "se_time": 0.102, "sce": 10.13, "nsm": null, "valid_obs": 18, "valid_span": 23, "significant": false }, "geometry": { "type": "Point", "coordinates": [ -176.17363580620102, -13.369930339399376 ] } },
{ "type": "Feature", "properties": { "uid": "2jdezn4577", "rate_time": 0.229, "sig_time": 0.209, "se_time": 0.175, "sce": 17.32, "nsm": null, "valid_obs": 18, "valid_span": 23, "significant": false }, "geometry": { "type": "Point", "coordinates": [ -176.173868456623751, -13.369783452359915 ] } },
{ "type": "Feature", "properties": { "uid": "2jdezn1yg1", "rate_time": 1.52, "sig_time": 0.0, "se_time": 0.217, "sce": 42.42, "nsm": null, "valid_obs": 18, "valid_span": 23, "significant": true }, "geometry": { "type": "Point", "coordinates": [ -176.174217175712613, -13.369197188152622 ] } },
{ "type": "Feature", "properties": { "uid": "2jdezn1zzt", "rate_time": 0.987, "sig_time": 0.0, "se_time": 0.102, "sce": 20.4, "nsm": null, "valid_obs": 18, "valid_span": 23, "significant": true }, "geometry": { "type": "Point", "coordinates": [ -176.17402843897338, -13.369003527022773 ] } },
{ "type": "Feature", "properties": { "uid": "2jdezn60ub", "rate_time": 0.378, "sig_time": 0.373, "se_time": 0.412, "sce": 59.73, "nsm": null, "valid_obs": 19, "valid_span": 23, "significant": false }, "geometry": { "type": "Point", "coordinates": [ -176.173796891735662, -13.368854654812752 ] } },
{ "type": "Feature", "properties": { "uid": "2jdezn63d9", "rate_time": 0.421, "sig_time": 0.034, "se_time": 0.183, "sce": 26.03, "nsm": null, "valid_obs": 19, "valid_span": 23, "significant": true }, "geometry": { "type": "Point", "coordinates": [ -176.173556381426067, -13.368720641343224 ] } },
{ "type": "Feature", "properties": { "uid": "2jdezn6d23", "rate_time": 0.469, "sig_time": 0.001, "se_time": 0.111, "sce": 16.95, "nsm": null, "valid_obs": 19, "valid_span": 23, "significant": true }, "geometry": { "type": "Point", "coordinates": [ -176.173312810428996, -13.368591442493438 ] } },
{ "type": "Feature", "properties": { "uid": "2jdezn6dyn", "rate_time": 0.348, "sig_time": 0.004, "se_time": 0.105, "sce": 14.48, "nsm": null, "valid_obs": 19, "valid_span": 23, "significant": true }, "geometry": { "type": "Point", "coordinates": [ -176.173061780878641, -13.36847863553977 ] } },
{ "type": "Feature", "properties": { "uid": "2jdezn6gkq", "rate_time": 0.247, "sig_time": 0.038, "se_time": 0.11, "sce": 14.66, "nsm": null, "valid_obs": 19, "valid_span": 23, "significant": true }, "geometry": { "type": "Point", "coordinates": [ -176.172798515625715, -13.368394893600295 ] } },
{ "type": "Feature", "properties": { "uid": "2jdezn75f7", "rate_time": 0.165, "sig_time": 0.241, "se_time": 0.136, "sce": 18.53, "nsm": null, "valid_obs": 19, "valid_span": 23, "significant": false }, "geometry": { "type": "Point", "coordinates": [ -176.172531221038327, -13.368323605458812 ] } },
{ "type": "Feature", "properties": { "uid": "2jdezn7k2d", "rate_time": 0.433, "sig_time": 0.065, "se_time": 0.22, "sce": 34.27, "nsm": null, "valid_obs": 19, "valid_span": 23, "significant": false }, "geometry": { "type": "Point", "coordinates": [ -176.172267273271331, -13.368242539416579 ] } },
{ "type": "Feature", "properties": { "uid": "2jdezn7kyw", "rate_time": 0.469, "sig_time": 0.282, "se_time": 0.422, "sce": 62.55, "nsm": null, "valid_obs": 19, "valid_span": 23, "significant": false }, "geometry": { "type": "Point", "coordinates": [ -176.172011777928276, -13.368139852942132 ] } },
{ "type": "Feature", "properties": { "uid": "2jdezn7tsp", "rate_time": 0.426, "sig_time": 0.007, "se_time": 0.136, "sce": 19.93, "nsm": null, "valid_obs": 18, "valid_span": 23, "significant": true }, "geometry": { "type": "Point", "coordinates": [ -176.171773846927209, -13.36800137672542 ] } },
{ "type": "Feature", "properties": { "uid": "2jdezh75v2", "rate_time": 0.028, "sig_time": 0.81, "se_time": 0.117, "sce": 15.8, "nsm": null, "valid_obs": 20, "valid_span": 24, "significant": false }, "geometry": { "type": "Point", "coordinates": [ -176.172409981287132, -13.379327321507674 ] } },
{ "type": "Feature", "properties": { "uid": "2jdezh7j4z", "rate_time": 0.145, "sig_time": 0.472, "se_time": 0.197, "sce": 35.72, "nsm": null, "valid_obs": 20, "valid_span": 24, "significant": false }, "geometry": { "type": "Point", "coordinates": [ -176.172511854996685, -13.379076075590818 ] } },
{ "type": "Feature", "properties": { "uid": "2jdezh7nf1", "rate_time": -0.049, "sig_time": 0.871, "se_time": 0.299, "sce": 44.71, "nsm": null, "valid_obs": 20, "valid_span": 24, "significant": false }, "geometry": { "type": "Point", "coordinates": [ -176.172544733808166, -13.378807556288599 ] } },
{ "type": "Feature", "properties": { "uid": "2jdezhe06g", "rate_time": 0.081, "sig_time": 0.466, "se_time": 0.108, "sce": 15.37, "nsm": null, "valid_obs": 20, "valid_span": 24, "significant": false }, "geometry": { "type": "Point", "coordinates": [ -176.172514050913009, -13.378537982170057 ] } },
{ "type": "Feature", "properties": { "uid": "2jdezhe1gv", "rate_time": 0.105, "sig_time": 0.113, "se_time": 0.063, "sce": 9.93, "nsm": null, "valid_obs": 20, "valid_span": 24, "significant": false }, "geometry": { "type": "Point", "coordinates": [ -176.172476904051649, -13.378269262243048 ] } },
{ "type": "Feature", "properties": { "uid": "2jdezhe5mp", "rate_time": 0.152, "sig_time": 0.049, "se_time": 0.072, "sce": 9.84, "nsm": null, "valid_obs": 20, "valid_span": 24, "significant": true }, "geometry": { "type": "Point", "coordinates": [ -176.172416504119099, -13.378004691415045 ] } },
{ "type": "Feature", "properties": { "uid": "2jdezhehzq", "rate_time": 0.193, "sig_time": 0.053, "se_time": 0.093, "sce": 15.48, "nsm": null, "valid_obs": 20, "valid_span": 24, "significant": false }, "geometry": { "type": "Point", "coordinates": [ -176.172322545706805, -13.377749520531218 ] } },
{ "type": "Feature", "properties": { "uid": "2jdezheq67", "rate_time": 0.047, "sig_time": 0.753, "se_time": 0.148, "sce": 22.62, "nsm": null, "valid_obs": 20, "valid_span": 24, "significant": false }, "geometry": { "type": "Point", "coordinates": [ -176.172192864185007, -13.377509857275683 ] } },
{ "type": "Feature", "properties": { "uid": "2jdezherw7", "rate_time": 0.006, "sig_time": 0.987, "se_time": 0.397, "sce": 74.67, "nsm": null, "valid_obs": 20, "valid_span": 24, "significant": false }, "geometry": { "type": "Point", "coordinates": [ -176.17202432581027, -13.377295473561659 ] } },
{ "type": "Feature", "properties": { "uid": "2jdezhg8f9", "rate_time": 0.259, "sig_time": 0.035, "se_time": 0.112, "sce": 15.54, "nsm": null, "valid_obs": 18, "valid_span": 24, "significant": true }, "geometry": { "type": "Point", "coordinates": [ -176.171841129279954, -13.377092435403185 ] } },
{ "type": "Feature", "properties": { "uid": "2jdezhgdju", "rate_time": 0.21, "sig_time": 0.074, "se_time": 0.11, "sce": 16.06, "nsm": null, "valid_obs": 18, "valid_span": 24, "significant": false }, "geometry": { "type": "Point", "coordinates": [ -176.171700008060895, -13.376862708668094 ] } },
{ "type": "Feature", "properties": { "uid": "2jdezj5b78", "rate_time": 0.048, "sig_time": 0.598, "se_time": 0.089, "sce": 13.99, "nsm": -2.62, "valid_obs": 19, "valid_span": 25, "significant": false }, "geometry": { "type": "Point", "coordinates": [ -176.171448466143516, -13.375807129177121 ] } },
{ "type": "Feature", "properties": { "uid": "2jdezj5cu7", "rate_time": 0.03, "sig_time": 0.74, "se_time": 0.089, "sce": 13.6, "nsm": -2.78, "valid_obs": 19, "valid_span": 25, "significant": false }, "geometry": { "type": "Point", "coordinates": [ -176.171416157054551, -13.375537831676953 ] } },
{ "type": "Feature", "properties": { "uid": "2jdezj5gkt", "rate_time": 0.055, "sig_time": 0.837, "se_time": 0.261, "sce": 42.33, "nsm": -2.5, "valid_obs": 20, "valid_span": 25, "significant": false }, "geometry": { "type": "Point", "coordinates": [ -176.171404533224148, -13.375266894440561 ] } },
{ "type": "Feature", "properties": { "uid": "2jdezj5vh8", "rate_time": 0.074, "sig_time": 0.433, "se_time": 0.092, "sce": 11.85, "nsm": -1.83, "valid_obs": 20, "valid_span": 25, "significant": false }, "geometry": { "type": "Point", "coordinates": [ -176.171409654412429, -13.374995709444587 ] } },
{ "type": "Feature", "properties": { "uid": "2jdezj5ys6", "rate_time": 0.101, "sig_time": 0.23, "se_time": 0.082, "sce": 10.17, "nsm": -0.03, "valid_obs": 20, "valid_span": 25, "significant": false }, "geometry": { "type": "Point", "coordinates": [ -176.171422998138013, -13.37472478836481 ] } },
{ "type": "Feature", "properties": { "uid": "2jdezj7b5v", "rate_time": 0.152, "sig_time": 0.135, "se_time": 0.097, "sce": 14.76, "nsm": 4.33, "valid_obs": 20, "valid_span": 25, "significant": false }, "geometry": { "type": "Point", "coordinates": [ -176.171443982499824, -13.374454348593138 ] } },
{ "type": "Feature", "properties": { "uid": "2jdezjg4jt", "rate_time": 0.082, "sig_time": 0.318, "se_time": 0.08, "sce": 12.64, "nsm": 4.87, "valid_obs": 20, "valid_span": 25, "significant": false }, "geometry": { "type": "Point", "coordinates": [ -176.17239140279429, -13.371360153692871 ] } },
{ "type": "Feature", "properties": { "uid": "2jdezjg5d9", "rate_time": -0.009, "sig_time": 0.937, "se_time": 0.109, "sce": 12.66, "nsm": 5.65, "valid_obs": 20, "valid_span": 25, "significant": false }, "geometry": { "type": "Point", "coordinates": [ -176.172530265004582, -13.371125443952465 ] } },
{ "type": "Feature", "properties": { "uid": "2jdeyhnxt5", "rate_time": -0.157, "sig_time": 0.021, "se_time": 0.061, "sce": 7.83, "nsm": -5.04, "valid_obs": 18, "valid_span": 25, "significant": true }, "geometry": { "type": "Point", "coordinates": [ -176.21155897210798, -13.380039409153406 ] } },
{ "type": "Feature", "properties": { "uid": "2jdeyhnzdx", "rate_time": -0.309, "sig_time": 0.225, "se_time": 0.245, "sce": 48.42, "nsm": -3.75, "valid_obs": 19, "valid_span": 25, "significant": false }, "geometry": { "type": "Point", "coordinates": [ -176.211323634618708, -13.380019807240187 ] } },
{ "type": "Feature", "properties": { "uid": "2jdeyhnryy", "rate_time": -0.254, "sig_time": 0.126, "se_time": 0.158, "sce": 25.81, "nsm": -3.89, "valid_obs": 19, "valid_span": 25, "significant": false }, "geometry": { "type": "Point", "coordinates": [ -176.211827162314052, -13.379980623472473 ] } },
{ "type": "Feature", "properties": { "uid": "2jdeyhq28c", "rate_time": 0.149, "sig_time": 0.46, "se_time": 0.198, "sce": 33.37, "nsm": -2.58, "valid_obs": 20, "valid_span": 25, "significant": false }, "geometry": { "type": "Point", "coordinates": [ -176.212083488486172, -13.379878956113986 ] } },
{ "type": "Feature", "properties": { "uid": "2jdeyhq174", "rate_time": -0.025, "sig_time": 0.648, "se_time": 0.054, "sce": 6.86, "nsm": -3.39, "valid_obs": 20, "valid_span": 25, "significant": false }, "geometry": { "type": "Point", "coordinates": [ -176.212325227596097, -13.37974789541159 ] } },
{ "type": "Feature", "properties": { "uid": "2jdeyhmfjs", "rate_time": -0.027, "sig_time": 0.782, "se_time": 0.095, "sce": 14.07, "nsm": -5.28, "valid_obs": 20, "valid_span": 25, "significant": false }, "geometry": { "type": "Point", "coordinates": [ -176.212562277198202, -13.379608327881112 ] } },
{ "type": "Feature", "properties": { "uid": "2jdeyhmdzf", "rate_time": 0.066, "sig_time": 0.811, "se_time": 0.272, "sce": 46.38, "nsm": -5.58, "valid_obs": 20, "valid_span": 25, "significant": false }, "geometry": { "type": "Point", "coordinates": [ -176.212811884843177, -13.379490746607985 ] } },
{ "type": "Feature", "properties": { "uid": "2jdeyhme3v", "rate_time": -0.021, "sig_time": 0.793, "se_time": 0.077, "sce": 11.85, "nsm": -3.77, "valid_obs": 19, "valid_span": 25, "significant": false }, "geometry": { "type": "Point", "coordinates": [ -176.213066843852488, -13.379384654760507 ] } },
{ "type": "Feature", "properties": { "uid": "2jdeyhze1y", "rate_time": 0.005, "sig_time": 0.934, "se_time": 0.056, "sce": 8.49, "nsm": 0.29, "valid_obs": 18, "valid_span": 25, "significant": false }, "geometry": { "type": "Point", "coordinates": [ -176.210328154139518, -13.376676797441771 ] } },
{ "type": "Feature", "properties": { "uid": "2jdeyhzkh0", "rate_time": 0.044, "sig_time": 0.372, "se_time": 0.048, "sce": 5.72, "nsm": -0.02, "valid_obs": 18, "valid_span": 25, "significant": false }, "geometry": { "type": "Point", "coordinates": [ -176.210566144107872, -13.376539698629003 ] } },
{ "type": "Feature", "properties": { "uid": "2jdeyhyup3", "rate_time": 0.23, "sig_time": 0.023, "se_time": 0.092, "sce": 14.34, "nsm": 1.71, "valid_obs": 18, "valid_span": 25, "significant": true }, "geometry": { "type": "Point", "coordinates": [ -176.211116757512769, -13.376535577053547 ] } },
{ "type": "Feature", "properties": { "uid": "2jdeyhyu0f", "rate_time": 0.262, "sig_time": 0.038, "se_time": 0.115, "sce": 17.03, "nsm": 1.67, "valid_obs": 18, "valid_span": 25, "significant": true }, "geometry": { "type": "Point", "coordinates": [ -176.211393188490717, -13.376526440175567 ] } },
{ "type": "Feature", "properties": { "uid": "2jdeyhzhjy", "rate_time": 0.132, "sig_time": 0.047, "se_time": 0.061, "sce": 9.09, "nsm": 0.57, "valid_obs": 18, "valid_span": 25, "significant": true }, "geometry": { "type": "Point", "coordinates": [ -176.210841156754867, -13.376508619099726 ] } },
{ "type": "Feature", "properties": { "uid": "2jdeyhysg0", "rate_time": 0.201, "sig_time": 0.1, "se_time": 0.115, "sce": 17.62, "nsm": 0.05, "valid_obs": 18, "valid_span": 25, "significant": false }, "geometry": { "type": "Point", "coordinates": [ -176.211643688409112, -13.376410669137961 ] } },
{ "type": "Feature", "properties": { "uid": "2jdeyjju5g", "rate_time": 0.094, "sig_time": 0.776, "se_time": 0.326, "sce": 39.84, "nsm": 1.03, "valid_obs": 20, "valid_span": 25, "significant": false }, "geometry": { "type": "Point", "coordinates": [ -176.212643916266074, -13.375150117798384 ] } },
{ "type": "Feature", "properties": { "uid": "2jdeyjjsym", "rate_time": 0.053, "sig_time": 0.777, "se_time": 0.185, "sce": 24.32, "nsm": -0.14, "valid_obs": 20, "valid_span": 25, "significant": false }, "geometry": { "type": "Point", "coordinates": [ -176.212879859435333, -13.37500853809687 ] } },
{ "type": "Feature", "properties": { "uid": "2jdeyjjtcm", "rate_time": 0.054, "sig_time": 0.751, "se_time": 0.169, "sce": 21.95, "nsm": -0.64, "valid_obs": 20, "valid_span": 25, "significant": false }, "geometry": { "type": "Point", "coordinates": [ -176.213090339868728, -13.374837281003238 ] } },
{ "type": "Feature", "properties": { "uid": "2jdeyn8k6c", "rate_time": -0.016, "sig_time": 0.773, "se_time": 0.055, "sce": 6.18, "nsm": -1.73, "valid_obs": 18, "valid_span": 25, "significant": false }, "geometry": { "type": "Point", "coordinates": [ -176.22024057580839, -13.366879007973512 ] } },
{ "type": "Feature", "properties": { "uid": "2jdeyn8mb9", "rate_time": 0.084, "sig_time": 0.021, "se_time": 0.033, "sce": 4.83, "nsm": 0.64, "valid_obs": 18, "valid_span": 25, "significant": true }, "geometry": { "type": "Point", "coordinates": [ -176.220328628618262, -13.36662190813866 ] } },
{ "type": "Feature", "properties": { "uid": "2jdeyn9qm1", "rate_time": 0.237, "sig_time": 0.001, "se_time": 0.055, "sce": 8.31, "nsm": 2.29, "valid_obs": 17, "valid_span": 25, "significant": true }, "geometry": { "type": "Point", "coordinates": [ -176.2187699648305, -13.366533549399605 ] } },
{ "type": "Feature", "properties": { "uid": "2jdeynbekb", "rate_time": 0.41, "sig_time": 0.0, "se_time": 0.085, "sce": 14.14, "nsm": null, "valid_obs": 16, "valid_span": 24, "significant": true }, "geometry": { "type": "Point", "coordinates": [ -176.219808021181052, -13.365681983438169 ] } },
{ "type": "Feature", "properties": { "uid": "2jdeynbhfu", "rate_time": 1.277, "sig_time": 0.005, "se_time": 0.39, "sce": 83.96, "nsm": 33.6, "valid_obs": 18, "valid_span": 25, "significant": true }, "geometry": { "type": "Point", "coordinates": [ -176.220576543143437, -13.365401413915983 ] } },
{ "type": "Feature", "properties": { "uid": "2jdsn0m9y2", "rate_time": 0.542, "sig_time": 0.26, "se_time": 0.462, "sce": 68.34, "nsm": 2.2, "valid_obs": 16, "valid_span": 25, "significant": false }, "geometry": { "type": "Point", "coordinates": [ -176.212881222553676, -13.357700279451434 ] } },
{ "type": "Feature", "properties": { "uid": "2jdsn0mcsm", "rate_time": 0.346, "sig_time": 0.011, "se_time": 0.116, "sce": 14.46, "nsm": 2.08, "valid_obs": 15, "valid_span": 25, "significant": true }, "geometry": { "type": "Point", "coordinates": [ -176.21261702769192, -13.357715638275698 ] } },
{ "type": "Feature", "properties": { "uid": "2jdsn0q146", "rate_time": 0.343, "sig_time": 0.005, "se_time": 0.102, "sce": 13.86, "nsm": 1.97, "valid_obs": 15, "valid_span": 25, "significant": true }, "geometry": { "type": "Point", "coordinates": [ -176.212360568646574, -13.357814928566075 ] } },
{ "type": "Feature", "properties": { "uid": "2jdsn0q0pw", "rate_time": -0.026, "sig_time": 0.952, "se_time": 0.422, "sce": 60.81, "nsm": 1.24, "valid_obs": 16, "valid_span": 25, "significant": false }, "geometry": { "type": "Point", "coordinates": [ -176.212132500626694, -13.357967680882656 ] } },
{ "type": "Feature", "properties": { "uid": "2jdsn0jtex", "rate_time": 0.276, "sig_time": 0.002, "se_time": 0.071, "sce": 12.19, "nsm": 1.9, "valid_obs": 16, "valid_span": 25, "significant": true }, "geometry": { "type": "Point", "coordinates": [ -176.21299092978316, -13.358390810183639 ] } },
{ "type": "Feature", "properties": { "uid": "2jdsn0jsqg", "rate_time": 0.373, "sig_time": 0.08, "se_time": 0.198, "sce": 31.93, "nsm": 3.65, "valid_obs": 16, "valid_span": 25, "significant": false }, "geometry": { "type": "Point", "coordinates": [ -176.212852691220405, -13.358625517745052 ] } },
{ "type": "Feature", "properties": { "uid": "2jdsn0nh50", "rate_time": 0.046, "sig_time": 0.434, "se_time": 0.056, "sce": 7.07, "nsm": 1.43, "valid_obs": 15, "valid_span": 25, "significant": false }, "geometry": { "type": "Point", "coordinates": [ -176.2123284013675, -13.358685397444079 ] } },
{ "type": "Feature", "properties": { "uid": "2jdsn0jguc", "rate_time": 0.39, "sig_time": 0.357, "se_time": 0.409, "sce": 59.98, "nsm": 2.64, "valid_obs": 16, "valid_span": 25, "significant": false }, "geometry": { "type": "Point", "coordinates": [ -176.212597001072481, -13.358722381771472 ] } },
{ "type": "Feature", "properties": { "uid": "2jdsjyhdth", "rate_time": 0.219, "sig_time": 0.799, "se_time": 0.844, "sce": 101.18, "nsm": 3.99, "valid_obs": 15, "valid_span": 25, "significant": false }, "geometry": { "type": "Point", "coordinates": [ -176.225287335850481, -13.325962455142847 ] } },
{ "type": "Feature", "properties": { "uid": "2jdevzjsy4", "rate_time": -0.075, "sig_time": 0.588, "se_time": 0.136, "sce": 23.02, "nsm": -4.89, "valid_obs": 18, "valid_span": 25, "significant": false }, "geometry": { "type": "Point", "coordinates": [ -176.22387228260493, -13.364039114551497 ] } },
{ "type": "Feature", "properties": { "uid": "2jdevzjves", "rate_time": 0.246, "sig_time": 0.5, "se_time": 0.356, "sce": 55.99, "nsm": -12.96, "valid_obs": 18, "valid_span": 25, "significant": false }, "geometry": { "type": "Point", "coordinates": [ -176.223634015193795, -13.363900729663468 ] } },
{ "type": "Feature", "properties": { "uid": "2jdevzkgpn", "rate_time": 0.116, "sig_time": 0.17, "se_time": 0.08, "sce": 11.05, "nsm": 0.53, "valid_obs": 16, "valid_span": 25, "significant": false }, "geometry": { "type": "Point", "coordinates": [ -176.224855951417396, -13.362945821238867 ] } },
{ "type": "Feature", "properties": { "uid": "2jdevzkf3z", "rate_time": 0.339, "sig_time": 0.295, "se_time": 0.313, "sce": 49.37, "nsm": 0.13, "valid_obs": 17, "valid_span": 25, "significant": false }, "geometry": { "type": "Point", "coordinates": [ -176.225087138343753, -13.36306961771874 ] } },
{ "type": "Feature", "properties": { "uid": "2jdevzk9nq", "rate_time": 0.134, "sig_time": 0.304, "se_time": 0.126, "sce": 17.88, "nsm": -2.0, "valid_obs": 17, "valid_span": 25, "significant": false }, "geometry": { "type": "Point", "coordinates": [ -176.225236360107857, -13.363290880535592 ] } },
{ "type": "Feature", "properties": { "uid": "2jdevzj78g", "rate_time": 0.033, "sig_time": 0.698, "se_time": 0.084, "sce": 14.27, "nsm": -0.07, "valid_obs": 18, "valid_span": 25, "significant": false }, "geometry": { "type": "Point", "coordinates": [ -176.22443851406274, -13.364247803313356 ] } },
{ "type": "Feature", "properties": { "uid": "2jdevzjkny", "rate_time": -0.051, "sig_time": 0.589, "se_time": 0.092, "sce": 15.28, "nsm": -1.37, "valid_obs": 18, "valid_span": 25, "significant": false }, "geometry": { "type": "Point", "coordinates": [ -176.224181071482946, -13.364147614297217 ] } },
{ "type": "Feature", "properties": { "uid": "2jdsjysype", "rate_time": 0.39, "sig_time": 0.355, "se_time": 0.408, "sce": 56.74, "nsm": -0.36, "valid_obs": 16, "valid_span": 25, "significant": false }, "geometry": { "type": "Point", "coordinates": [ -176.224836149534013, -13.322622756935631 ] } },
{ "type": "Feature", "properties": { "uid": "2jdsn44dcs", "rate_time": 0.621, "sig_time": 0.083, "se_time": 0.331, "sce": 40.82, "nsm": -3.09, "valid_obs": 15, "valid_span": 25, "significant": false }, "geometry": { "type": "Point", "coordinates": [ -176.217195969497538, -13.347894593817047 ] } },
{ "type": "Feature", "properties": { "uid": "2jdsn44sjm", "rate_time": 0.402, "sig_time": 0.271, "se_time": 0.349, "sce": 37.16, "nsm": -8.93, "valid_obs": 15, "valid_span": 25, "significant": false }, "geometry": { "type": "Point", "coordinates": [ -176.217039113609161, -13.347671213479803 ] } },
{ "type": "Feature", "properties": { "uid": "2jdsn44gg0", "rate_time": 0.017, "sig_time": 0.95, "se_time": 0.265, "sce": 28.45, "nsm": -5.88, "valid_obs": 15, "valid_span": 25, "significant": false }, "geometry": { "type": "Point", "coordinates": [ -176.216795662157381, -13.347743474740383 ] } },
{ "type": "Feature", "properties": { "uid": "2jdsn85qhe", "rate_time": 0.486, "sig_time": 0.23, "se_time": 0.389, "sce": 56.11, "nsm": 2.07, "valid_obs": 17, "valid_span": 25, "significant": false }, "geometry": { "type": "Point", "coordinates": [ -176.194070003174289, -13.358327171202705 ] } },
{ "type": "Feature", "properties": { "uid": "2jdsn85rse", "rate_time": 0.305, "sig_time": 0.151, "se_time": 0.201, "sce": 32.13, "nsm": 0.12, "valid_obs": 17, "valid_span": 25, "significant": false }, "geometry": { "type": "Point", "coordinates": [ -176.194073262827999, -13.358070459945935 ] } },
{ "type": "Feature", "properties": { "uid": "2jdsn85tdh", "rate_time": 0.491, "sig_time": 0.137, "se_time": 0.311, "sce": 49.31, "nsm": 2.5, "valid_obs": 16, "valid_span": 25, "significant": false }, "geometry": { "type": "Point", "coordinates": [ -176.193832459046433, -13.358407695969714 ] } },
{ "type": "Feature", "properties": { "uid": "2jdsn8k4bq", "rate_time": 0.361, "sig_time": 0.001, "se_time": 0.085, "sce": 13.8, "nsm": 3.25, "valid_obs": 18, "valid_span": 25, "significant": true }, "geometry": { "type": "Point", "coordinates": [ -176.193221453808633, -13.357495878923482 ] } },
{ "type": "Feature", "properties": { "uid": "2jdsn8kee2", "rate_time": 0.24, "sig_time": 0.57, "se_time": 0.414, "sce": 60.52, "nsm": 2.96, "valid_obs": 17, "valid_span": 25, "significant": false }, "geometry": { "type": "Point", "coordinates": [ -176.192408628040397, -13.357396097996368 ] } },
{ "type": "Feature", "properties": { "uid": "2jdsn8kdwb", "rate_time": 0.047, "sig_time": 0.908, "se_time": 0.402, "sce": 69.87, "nsm": 3.56, "valid_obs": 17, "valid_span": 25, "significant": false }, "geometry": { "type": "Point", "coordinates": [ -176.192258224229022, -13.357569943393857 ] } },
{ "type": "Feature", "properties": { "uid": "2jdsn8k27k", "rate_time": 0.106, "sig_time": 0.629, "se_time": 0.215, "sce": 31.36, "nsm": 3.32, "valid_obs": 17, "valid_span": 25, "significant": false }, "geometry": { "type": "Point", "coordinates": [ -176.192752317839989, -13.357932771841954 ] } },
{ "type": "Feature", "properties": { "uid": "2jdsnfm0we", "rate_time": -0.021, "sig_time": 0.769, "se_time": 0.072, "sce": 8.05, "nsm": 2.12, "valid_obs": 19, "valid_span": 25, "significant": false }, "geometry": { "type": "Point", "coordinates": [ -176.180597190721045, -13.346910224617531 ] } },
{ "type": "Feature", "properties": { "uid": "2jdsnfmg3k", "rate_time": -0.072, "sig_time": 0.343, "se_time": 0.074, "sce": 9.04, "nsm": 0.16, "valid_obs": 20, "valid_span": 25, "significant": false }, "geometry": { "type": "Point", "coordinates": [ -176.179790843394017, -13.346431544279298 ] } },
{ "type": "Feature", "properties": { "uid": "2jdsnfmuq9", "rate_time": -0.334, "sig_time": 0.02, "se_time": 0.131, "sce": 22.61, "nsm": -1.77, "valid_obs": 20, "valid_span": 25, "significant": true }, "geometry": { "type": "Point", "coordinates": [ -176.179561393205319, -13.346279635299373 ] } },
{ "type": "Feature", "properties": { "uid": "2jdsnfqt5v", "rate_time": -0.072, "sig_time": 0.148, "se_time": 0.048, "sce": 5.78, "nsm": -0.21, "valid_obs": 20, "valid_span": 25, "significant": false }, "geometry": { "type": "Point", "coordinates": [ -176.178654035798132, -13.346128523230638 ] } },
{ "type": "Feature", "properties": { "uid": "2jdsnfqjny", "rate_time": -0.171, "sig_time": 0.036, "se_time": 0.075, "sce": 10.91, "nsm": -1.7, "valid_obs": 20, "valid_span": 25, "significant": true }, "geometry": { "type": "Point", "coordinates": [ -176.179204085618551, -13.346122019977477 ] } },
{ "type": "Feature", "properties": { "uid": "2jdsnfqmm2", "rate_time": -0.067, "sig_time": 0.295, "se_time": 0.062, "sce": 8.48, "nsm": -0.59, "valid_obs": 20, "valid_span": 25, "significant": false }, "geometry": { "type": "Point", "coordinates": [ -176.178930282531383, -13.34611260977052 ] } },
{ "type": "Feature", "properties": { "uid": "2jdsnfqv65", "rate_time": -0.291, "sig_time": 0.128, "se_time": 0.182, "sce": 31.44, "nsm": 0.51, "valid_obs": 20, "valid_span": 25, "significant": false }, "geometry": { "type": "Point", "coordinates": [ -176.178381526099798, -13.346095616722952 ] } },
{ "type": "Feature", "properties": { "uid": "2jdsnfrjbh", "rate_time": -0.281, "sig_time": 0.139, "se_time": 0.181, "sce": 31.55, "nsm": 0.47, "valid_obs": 20, "valid_span": 25, "significant": false }, "geometry": { "type": "Point", "coordinates": [ -176.178121486414085, -13.346005521480967 ] } },
{ "type": "Feature", "properties": { "uid": "2jdsnfrnw1", "rate_time": -0.078, "sig_time": 0.319, "se_time": 0.076, "sce": 9.09, "nsm": -0.04, "valid_obs": 20, "valid_span": 25, "significant": false }, "geometry": { "type": "Point", "coordinates": [ -176.177869974729191, -13.345891888055714 ] } },
{ "type": "Feature", "properties": { "uid": "2jdsnfrr5z", "rate_time": -0.115, "sig_time": 0.136, "se_time": 0.074, "sce": 9.5, "nsm": -0.7, "valid_obs": 20, "valid_span": 25, "significant": false }, "geometry": { "type": "Point", "coordinates": [ -176.177621147815557, -13.345773528586708 ] } },
{ "type": "Feature", "properties": { "uid": "2jdsnfx812", "rate_time": -0.161, "sig_time": 0.089, "se_time": 0.09, "sce": 12.0, "nsm": -1.68, "valid_obs": 20, "valid_span": 25, "significant": false }, "geometry": { "type": "Point", "coordinates": [ -176.177381795767701, -13.34563809510253 ] } },
{ "type": "Feature", "properties": { "uid": "2jdsnfx8x9", "rate_time": -0.169, "sig_time": 0.154, "se_time": 0.113, "sce": 15.45, "nsm": -1.98, "valid_obs": 20, "valid_span": 25, "significant": false }, "geometry": { "type": "Point", "coordinates": [ -176.177121444344579, -13.345545819024649 ] } },
{ "type": "Feature", "properties": { "uid": "2jdsnfxbvv", "rate_time": -0.24, "sig_time": 0.086, "se_time": 0.132, "sce": 15.82, "nsm": -1.45, "valid_obs": 20, "valid_span": 25, "significant": false }, "geometry": { "type": "Point", "coordinates": [ -176.176851860511761, -13.345483677860095 ] } },
{ "type": "Feature", "properties": { "uid": "2jdsp4817y", "rate_time": -0.239, "sig_time": 0.025, "se_time": 0.098, "sce": 13.36, "nsm": -1.25, "valid_obs": 20, "valid_span": 25, "significant": true }, "geometry": { "type": "Point", "coordinates": [ -176.176591688753973, -13.345390554783004 ] } },
{ "type": "Feature", "properties": { "uid": "2jdsp4861x", "rate_time": -0.185, "sig_time": 0.036, "se_time": 0.082, "sce": 12.34, "nsm": -1.7, "valid_obs": 20, "valid_span": 25, "significant": true }, "geometry": { "type": "Point", "coordinates": [ -176.176349110159578, -13.345259780353352 ] } },
{ "type": "Feature", "properties": { "uid": "2jdsp487mg", "rate_time": -0.176, "sig_time": 0.035, "se_time": 0.077, "sce": 13.33, "nsm": -2.41, "valid_obs": 20, "valid_span": 25, "significant": true }, "geometry": { "type": "Point", "coordinates": [ -176.1761596932663, -13.345065986509473 ] } },
{ "type": "Feature", "properties": { "uid": "2jdsp48s9m", "rate_time": -0.129, "sig_time": 0.147, "se_time": 0.085, "sce": 14.36, "nsm": -2.29, "valid_obs": 20, "valid_span": 25, "significant": false }, "geometry": { "type": "Point", "coordinates": [ -176.176013033296812, -13.344838843069647 ] } },
{ "type": "Feature", "properties": { "uid": "2jdsp48w5m", "rate_time": -0.101, "sig_time": 0.226, "se_time": 0.081, "sce": 14.72, "nsm": -2.03, "valid_obs": 20, "valid_span": 25, "significant": false }, "geometry": { "type": "Point", "coordinates": [ -176.175929570228675, -13.344580614377174 ] } },
{ "type": "Feature", "properties": { "uid": "2jdsp48xsy", "rate_time": -0.025, "sig_time": 0.783, "se_time": 0.088, "sce": 15.9, "nsm": -1.03, "valid_obs": 20, "valid_span": 25, "significant": false }, "geometry": { "type": "Point", "coordinates": [ -176.175860628414057, -13.344318044342806 ] } },
{ "type": "Feature", "properties": { "uid": "2jdsp4b9nz", "rate_time": 0.088, "sig_time": 0.365, "se_time": 0.095, "sce": 16.05, "nsm": 1.19, "valid_obs": 20, "valid_span": 25, "significant": false }, "geometry": { "type": "Point", "coordinates": [ -176.175777923920805, -13.344059173842432 ] } },
{ "type": "Feature", "properties": { "uid": "2jdsp4bf8r", "rate_time": 0.12, "sig_time": 0.168, "se_time": 0.084, "sce": 14.31, "nsm": 2.04, "valid_obs": 20, "valid_span": 25, "significant": false }, "geometry": { "type": "Point", "coordinates": [ -176.175708859963208, -13.343796747499121 ] } },
{ "type": "Feature", "properties": { "uid": "2jdsp4bu39", "rate_time": 0.109, "sig_time": 0.156, "se_time": 0.073, "sce": 13.07, "nsm": 1.08, "valid_obs": 20, "valid_span": 25, "significant": false }, "geometry": { "type": "Point", "coordinates": [ -176.175657321348126, -13.343530236707322 ] } },
{ "type": "Feature", "properties": { "uid": "2jdsp4bvfg", "rate_time": 0.054, "sig_time": 0.483, "se_time": 0.075, "sce": 13.24, "nsm": -0.28, "valid_obs": 20, "valid_span": 25, "significant": false }, "geometry": { "type": "Point", "coordinates": [ -176.175601005393844, -13.343264775661357 ] } },
{ "type": "Feature", "properties": { "uid": "2jdsp51434", "rate_time": -0.032, "sig_time": 0.919, "se_time": 0.31, "sce": 51.9, "nsm": -0.3, "valid_obs": 20, "valid_span": 25, "significant": false }, "geometry": { "type": "Point", "coordinates": [ -176.175339568085178, -13.34249345327612 ] } },
{ "type": "Feature", "properties": { "uid": "2jdsp515fk", "rate_time": 0.173, "sig_time": 0.564, "se_time": 0.295, "sce": 50.58, "nsm": 0.61, "valid_obs": 20, "valid_span": 25, "significant": false }, "geometry": { "type": "Point", "coordinates": [ -176.175283067900239, -13.342227908080536 ] } },
{ "type": "Feature", "properties": { "uid": "2jdsp51j7n", "rate_time": 0.126, "sig_time": 0.294, "se_time": 0.116, "sce": 20.31, "nsm": 1.62, "valid_obs": 20, "valid_span": 25, "significant": false }, "geometry": { "type": "Point", "coordinates": [ -176.175250177568529, -13.34195858849159 ] } },
{ "type": "Feature", "properties": { "uid": "2jdsp51p51", "rate_time": 0.179, "sig_time": 0.014, "se_time": 0.065, "sce": 10.06, "nsm": 3.45, "valid_obs": 20, "valid_span": 25, "significant": true }, "geometry": { "type": "Point", "coordinates": [ -176.17525341015687, -13.341687397263781 ] } },
{ "type": "Feature", "properties": { "uid": "2jdsp53093", "rate_time": 0.302, "sig_time": 0.002, "se_time": 0.084, "sce": 14.16, "nsm": 6.07, "valid_obs": 20, "valid_span": 25, "significant": true }, "geometry": { "type": "Point", "coordinates": [ -176.175327916474657, -13.341426301258812 ] } },
{ "type": "Feature", "properties": { "uid": "2jdsp52ctp", "rate_time": 0.417, "sig_time": 0.069, "se_time": 0.216, "sce": 39.16, "nsm": 7.91, "valid_obs": 20, "valid_span": 25, "significant": false }, "geometry": { "type": "Point", "coordinates": [ -176.175509891762857, -13.341226765878439 ] } },
{ "type": "Feature", "properties": { "uid": "2jdsp52dr1", "rate_time": 0.225, "sig_time": 0.008, "se_time": 0.074, "sce": 11.02, "nsm": 5.41, "valid_obs": 19, "valid_span": 25, "significant": true }, "geometry": { "type": "Point", "coordinates": [ -176.175768762780876, -13.341130572343115 ] } },
{ "type": "Feature", "properties": { "uid": "2jdsp52d8y", "rate_time": 0.128, "sig_time": 0.043, "se_time": 0.059, "sce": 8.28, "nsm": 2.61, "valid_obs": 19, "valid_span": 25, "significant": true }, "geometry": { "type": "Point", "coordinates": [ -176.176035403595762, -13.341057075850367 ] } },
{ "type": "Feature", "properties": { "uid": "2jdsp5277p", "rate_time": 0.22, "sig_time": 0.178, "se_time": 0.157, "sce": 28.44, "nsm": 2.64, "valid_obs": 20, "valid_span": 25, "significant": false }, "geometry": { "type": "Point", "coordinates": [ -176.176275444436868, -13.340922309277707 ] } },
{ "type": "Feature", "properties": { "uid": "2jdsp52hw3", "rate_time": 0.105, "sig_time": 0.041, "se_time": 0.048, "sce": 7.63, "nsm": 1.92, "valid_obs": 20, "valid_span": 25, "significant": true }, "geometry": { "type": "Point", "coordinates": [ -176.176481559983557, -13.340743064864112 ] } },
{ "type": "Feature", "properties": { "uid": "2jdsp52j76", "rate_time": 0.137, "sig_time": 0.174, "se_time": 0.097, "sce": 16.03, "nsm": 1.65, "valid_obs": 20, "valid_span": 25, "significant": false }, "geometry": { "type": "Point", "coordinates": [ -176.176617618063261, -13.340609934534873 ] } },
{ "type": "Feature", "properties": { "uid": "2jdsngryqt", "rate_time": 0.138, "sig_time": 0.017, "se_time": 0.053, "sce": 8.05, "nsm": 3.87, "valid_obs": 20, "valid_span": 25, "significant": true }, "geometry": { "type": "Point", "coordinates": [ -176.176813290767456, -13.340417943215341 ] } },
{ "type": "Feature", "properties": { "uid": "2jdsngrz3z", "rate_time": 0.379, "sig_time": 0.284, "se_time": 0.343, "sce": 44.23, "nsm": 5.37, "valid_obs": 20, "valid_span": 25, "significant": false }, "geometry": { "type": "Point", "coordinates": [ -176.17702184096089, -13.340239907047714 ] } },
{ "type": "Feature", "properties": { "uid": "2jdsn56pse", "rate_time": -0.073, "sig_time": 0.473, "se_time": 0.099, "sce": 16.56, "nsm": -1.49, "valid_obs": 16, "valid_span": 25, "significant": false }, "geometry": { "type": "Point", "coordinates": [ -176.217757988125555, -13.340217787800846 ] } },
{ "type": "Feature", "properties": { "uid": "2jdsnh49cu", "rate_time": -0.007, "sig_time": 0.947, "se_time": 0.109, "sce": 14.62, "nsm": 0.53, "valid_obs": 15, "valid_span": 25, "significant": false }, "geometry": { "type": "Point", "coordinates": [ -176.217193389662839, -13.337080027043774 ] } },
{ "type": "Feature", "properties": { "uid": "2jdsjyfvjg", "rate_time": -0.337, "sig_time": 0.686, "se_time": 0.818, "sce": 97.19, "nsm": 3.85, "valid_obs": 16, "valid_span": 25, "significant": false }, "geometry": { "type": "Point", "coordinates": [ -176.227660154340754, -13.32142046013889 ] } },
{ "type": "Feature", "properties": { "uid": "2jdsjzh7bd", "rate_time": 0.461, "sig_time": 0.02, "se_time": 0.175, "sce": 25.19, "nsm": 9.19, "valid_obs": 16, "valid_span": 25, "significant": true }, "geometry": { "type": "Point", "coordinates": [ -176.225829272470691, -13.32026581441462 ] } },
{ "type": "Feature", "properties": { "uid": "2jdsjyfdwh", "rate_time": 0.705, "sig_time": 0.43, "se_time": 0.867, "sce": 150.5, "nsm": 10.34, "valid_obs": 16, "valid_span": 25, "significant": false }, "geometry": { "type": "Point", "coordinates": [ -176.227997948005964, -13.321841945273201 ] } },
{ "type": "Feature", "properties": { "uid": "2jdsjyf7m2", "rate_time": -0.324, "sig_time": 0.686, "se_time": 0.785, "sce": 99.47, "nsm": 14.45, "valid_obs": 16, "valid_span": 25, "significant": false }, "geometry": { "type": "Point", "coordinates": [ -176.228371688417951, -13.321735010010233 ] } },
{ "type": "Feature", "properties": { "uid": "2jdsjyfgf4", "rate_time": 1.533, "sig_time": 0.052, "se_time": 0.72, "sce": 91.89, "nsm": 7.51, "valid_obs": 16, "valid_span": 25, "significant": false }, "geometry": { "type": "Point", "coordinates": [ -176.2278219601545, -13.321639011218585 ] } },
{ "type": "Feature", "properties": { "uid": "2jdsjygukr", "rate_time": 0.431, "sig_time": 0.728, "se_time": 1.213, "sce": 195.2, "nsm": 30.78, "valid_obs": 16, "valid_span": 25, "significant": false }, "geometry": { "type": "Point", "coordinates": [ -176.226354295572435, -13.321528493595897 ] } },
{ "type": "Feature", "properties": { "uid": "2jdsjyfky4", "rate_time": -0.113, "sig_time": 0.87, "se_time": 0.677, "sce": 91.48, "nsm": 12.7, "valid_obs": 16, "valid_span": 25, "significant": false }, "geometry": { "type": "Point", "coordinates": [ -176.228335880746528, -13.321466127047485 ] } },
{ "type": "Feature", "properties": { "uid": "2jdsjygvz4", "rate_time": 0.292, "sig_time": 0.76, "se_time": 0.936, "sce": 138.97, "nsm": 28.18, "valid_obs": 16, "valid_span": 25, "significant": false }, "geometry": { "type": "Point", "coordinates": [ -176.226233252297504, -13.321296361935815 ] } },
{ "type": "Feature", "properties": { "uid": "2jdsjz5fnh", "rate_time": 0.387, "sig_time": 0.351, "se_time": 0.401, "sce": 55.96, "nsm": 14.16, "valid_obs": 16, "valid_span": 25, "significant": false }, "geometry": { "type": "Point", "coordinates": [ -176.226280553240457, -13.320557789722365 ] } },
{ "type": "Feature", "properties": { "uid": "2jdsjzh54w", "rate_time": 0.324, "sig_time": 0.152, "se_time": 0.214, "sce": 27.29, "nsm": 8.83, "valid_obs": 16, "valid_span": 25, "significant": false }, "geometry": { "type": "Point", "coordinates": [ -176.226081639655575, -13.320373312910057 ] } },
{ "type": "Feature", "properties": { "uid": "2jdsjzhknf", "rate_time": 0.328, "sig_time": 0.305, "se_time": 0.308, "sce": 38.1, "nsm": 8.13, "valid_obs": 16, "valid_span": 25, "significant": false }, "geometry": { "type": "Point", "coordinates": [ -176.225558873934887, -13.320220272599071 ] } },
{ "type": "Feature", "properties": { "uid": "2jdsjyv0vq", "rate_time": 0.258, "sig_time": 0.062, "se_time": 0.127, "sce": 15.76, "nsm": -1.16, "valid_obs": 16, "valid_span": 25, "significant": false }, "geometry": { "type": "Point", "coordinates": [ -176.224596470688908, -13.322134514365196 ] } },
{ "type": "Feature", "properties": { "uid": "2jdsjytp6x", "rate_time": 0.254, "sig_time": 0.271, "se_time": 0.222, "sce": 25.45, "nsm": -1.85, "valid_obs": 16, "valid_span": 25, "significant": false }, "geometry": { "type": "Point", "coordinates": [ -176.224709055471521, -13.322382289052321 ] } },
{ "type": "Feature", "properties": { "uid": "2jdsjyczu0", "rate_time": 0.557, "sig_time": 0.0, "se_time": 0.111, "sce": 17.05, "nsm": 13.23, "valid_obs": 15, "valid_span": 25, "significant": true }, "geometry": { "type": "Point", "coordinates": [ -176.229106043154218, -13.320960863828867 ] } },
{ "type": "Feature", "properties": { "uid": "2jdsm2p516", "rate_time": 3.7, "sig_time": 0.037, "se_time": 1.601, "sce": 266.03, "nsm": 54.96, "valid_obs": 16, "valid_span": 25, "significant": true }, "geometry": { "type": "Point", "coordinates": [ -176.243984748491386, -13.314899361618567 ] } },
{ "type": "Feature", "properties": { "uid": "2jdsm2p5xq", "rate_time": 2.953, "sig_time": 0.042, "se_time": 1.323, "sce": 206.37, "nsm": 47.88, "valid_obs": 16, "valid_span": 25, "significant": true }, "geometry": { "type": "Point", "coordinates": [ -176.243730633399139, -13.31479144815944 ] } },
{ "type": "Feature", "properties": { "uid": "2jdsm2pkss", "rate_time": 2.048, "sig_time": 0.088, "se_time": 1.118, "sce": 156.32, "nsm": 35.89, "valid_obs": 16, "valid_span": 25, "significant": false }, "geometry": { "type": "Point", "coordinates": [ -176.243504603596136, -13.314635301534562 ] } },
{ "type": "Feature", "properties": { "uid": "2jdsm2pt9g", "rate_time": 1.056, "sig_time": 0.0, "se_time": 0.209, "sce": 25.78, "nsm": 22.89, "valid_obs": 15, "valid_span": 25, "significant": true }, "geometry": { "type": "Point", "coordinates": [ -176.243287310902133, -13.314467227078817 ] } },
{ "type": "Feature", "properties": { "uid": "2jdsm2pwrn", "rate_time": 0.49, "sig_time": 0.002, "se_time": 0.127, "sce": 16.34, "nsm": 12.3, "valid_obs": 15, "valid_span": 25, "significant": true }, "geometry": { "type": "Point", "coordinates": [ -176.243056364815004, -13.314320840748048 ] } },
{ "type": "Feature", "properties": { "uid": "2jdsm2pzj1", "rate_time": 0.241, "sig_time": 0.07, "se_time": 0.122, "sce": 14.66, "nsm": 6.18, "valid_obs": 15, "valid_span": 25, "significant": false }, "geometry": { "type": "Point", "coordinates": [ -176.242800417075955, -13.314219430027368 ] } },
{ "type": "Feature", "properties": { "uid": "2jdsm80p7m", "rate_time": 0.162, "sig_time": 0.621, "se_time": 0.321, "sce": 44.25, "nsm": 3.12, "valid_obs": 16, "valid_span": 25, "significant": false }, "geometry": { "type": "Point", "coordinates": [ -176.24253208872787, -13.314153262425668 ] } },
{ "type": "Feature", "properties": { "uid": "2jdsm80r9t", "rate_time": 0.052, "sig_time": 0.611, "se_time": 0.1, "sce": 13.83, "nsm": 2.56, "valid_obs": 16, "valid_span": 25, "significant": false }, "geometry": { "type": "Point", "coordinates": [ -176.24225839913808, -13.314113909030242 ] } },
{ "type": "Feature", "properties": { "uid": "2jdsm80x8n", "rate_time": 0.159, "sig_time": 0.058, "se_time": 0.077, "sce": 10.85, "nsm": 5.18, "valid_obs": 16, "valid_span": 25, "significant": false }, "geometry": { "type": "Point", "coordinates": [ -176.241982074790343, -13.314107428084913 ] } },
{ "type": "Feature", "properties": { "uid": "2jdsm80xwd", "rate_time": 0.312, "sig_time": 0.009, "se_time": 0.104, "sce": 14.91, "nsm": 10.25, "valid_obs": 16, "valid_span": 25, "significant": true }, "geometry": { "type": "Point", "coordinates": [ -176.241705924737204, -13.314128227654578 ] } },
{ "type": "Feature", "properties": { "uid": "2jdsm80zt0", "rate_time": 0.413, "sig_time": 0.023, "se_time": 0.163, "sce": 22.64, "nsm": 13.66, "valid_obs": 16, "valid_span": 25, "significant": true }, "geometry": { "type": "Point", "coordinates": [ -176.241429351002722, -13.31414188720157 ] } },
{ "type": "Feature", "properties": { "uid": "2jdsm6egf9", "rate_time": 0.028, "sig_time": 0.787, "se_time": 0.101, "sce": 11.17, "nsm": -0.72, "valid_obs": 18, "valid_span": 25, "significant": false }, "geometry": { "type": "Point", "coordinates": [ -176.248396842393419, -13.301042938913202 ] } },
{ "type": "Feature", "properties": { "uid": "2jdsm6evjw", "rate_time": 0.1, "sig_time": 0.339, "se_time": 0.101, "sce": 11.02, "nsm": -0.94, "valid_obs": 18, "valid_span": 25, "significant": false }, "geometry": { "type": "Point", "coordinates": [ -176.248266459334474, -13.300803995338701 ] } },
{ "type": "Feature", "properties": { "uid": "2jdsrwhkz0", "rate_time": -0.121, "sig_time": 0.723, "se_time": 0.335, "sce": 45.4, "nsm": 11.16, "valid_obs": 17, "valid_span": 25, "significant": false }, "geometry": { "type": "Point", "coordinates": [ -176.14864606189326, -13.281653091342417 ] } },
{ "type": "Feature", "properties": { "uid": "2jdsrwhw1r", "rate_time": -0.467, "sig_time": 0.308, "se_time": 0.443, "sce": 75.14, "nsm": 6.58, "valid_obs": 17, "valid_span": 25, "significant": false }, "geometry": { "type": "Point", "coordinates": [ -176.148543933906666, -13.281401935346999 ] } },
{ "type": "Feature", "properties": { "uid": "2jdsrwj0bb", "rate_time": -0.168, "sig_time": 0.191, "se_time": 0.123, "sce": 18.04, "nsm": 1.14, "valid_obs": 18, "valid_span": 25, "significant": false }, "geometry": { "type": "Point", "coordinates": [ -176.147884535022797, -13.282338410359269 ] } },
{ "type": "Feature", "properties": { "uid": "2jdsrtvpyh", "rate_time": -0.178, "sig_time": 0.056, "se_time": 0.086, "sce": 13.0, "nsm": -0.33, "valid_obs": 18, "valid_span": 25, "significant": false }, "geometry": { "type": "Point", "coordinates": [ -176.147653617966256, -13.282486925885152 ] } },
{ "type": "Feature", "properties": { "uid": "2jdsrtvqgj", "rate_time": -0.429, "sig_time": 0.177, "se_time": 0.305, "sce": 50.77, "nsm": 0.15, "valid_obs": 19, "valid_span": 25, "significant": false }, "geometry": { "type": "Point", "coordinates": [ -176.147436691471228, -13.282655484065952 ] } },
{ "type": "Feature", "properties": { "uid": "2jdsrtvw0v", "rate_time": -0.174, "sig_time": 0.185, "se_time": 0.126, "sce": 19.66, "nsm": -0.4, "valid_obs": 19, "valid_span": 25, "significant": false }, "geometry": { "type": "Point", "coordinates": [ -176.147192884233249, -13.282783001226568 ] } },
{ "type": "Feature", "properties": { "uid": "2jdsrtvtxj", "rate_time": -0.034, "sig_time": 0.828, "se_time": 0.154, "sce": 24.54, "nsm": 0.0, "valid_obs": 20, "valid_span": 25, "significant": false }, "geometry": { "type": "Point", "coordinates": [ -176.146930143662871, -13.282868095177005 ] } },
{ "type": "Feature", "properties": { "uid": "2jdsrtvvm3", "rate_time": 0.043, "sig_time": 0.724, "se_time": 0.12, "sce": 15.85, "nsm": 1.92, "valid_obs": 20, "valid_span": 25, "significant": false }, "geometry": { "type": "Point", "coordinates": [ -176.146662287323124, -13.282936715430193 ] } },
{ "type": "Feature", "properties": { "uid": "2jdsrtyj59", "rate_time": 0.01, "sig_time": 0.946, "se_time": 0.143, "sce": 17.23, "nsm": 2.36, "valid_obs": 20, "valid_span": 25, "significant": false }, "geometry": { "type": "Point", "coordinates": [ -176.146388655518479, -13.282976278696307 ] } },
{ "type": "Feature", "properties": { "uid": "2jdsrtykfp", "rate_time": -0.049, "sig_time": 0.713, "se_time": 0.13, "sce": 14.65, "nsm": -0.29, "valid_obs": 20, "valid_span": 25, "significant": false }, "geometry": { "type": "Point", "coordinates": [ -176.146112288250038, -13.282990855848571 ] } },
{ "type": "Feature", "properties": { "uid": "2jdsrtysbx", "rate_time": -0.026, "sig_time": 0.808, "se_time": 0.105, "sce": 13.92, "nsm": -0.52, "valid_obs": 20, "valid_span": 25, "significant": false }, "geometry": { "type": "Point", "coordinates": [ -176.145835401901934, -13.282990693805377 ] } },
{ "type": "Feature", "properties": { "uid": "2jdsrtytny", "rate_time": 0.048, "sig_time": 0.602, "se_time": 0.091, "sce": 13.3, "nsm": 0.58, "valid_obs": 20, "valid_span": 25, "significant": false }, "geometry": { "type": "Point", "coordinates": [ -176.145561831858885, -13.282952631855215 ] } },
{ "type": "Feature", "properties": { "uid": "2jdsrtyvtn", "rate_time": 0.109, "sig_time": 0.451, "se_time": 0.141, "sce": 26.08, "nsm": 0.97, "valid_obs": 20, "valid_span": 25, "significant": false }, "geometry": { "type": "Point", "coordinates": [ -176.14530036214947, -13.282865967133811 ] } },
{ "type": "Feature", "properties": { "uid": "2jdsrtzn6x", "rate_time": -0.013, "sig_time": 0.873, "se_time": 0.08, "sce": 12.21, "nsm": -0.19, "valid_obs": 19, "valid_span": 25, "significant": false }, "geometry": { "type": "Point", "coordinates": [ -176.145060915461755, -13.282732186935917 ] } },
{ "type": "Feature", "properties": { "uid": "2jdsrtzprq", "rate_time": 0.062, "sig_time": 0.481, "se_time": 0.086, "sce": 11.67, "nsm": -0.31, "valid_obs": 19, "valid_span": 25, "significant": false }, "geometry": { "type": "Point", "coordinates": [ -176.14485736208735, -13.282566613280538 ] } },
{ "type": "Feature", "properties": { "uid": "2jdsrwp2kp", "rate_time": 0.164, "sig_time": 0.466, "se_time": 0.219, "sce": 34.31, "nsm": -0.27, "valid_obs": 19, "valid_span": 25, "significant": false }, "geometry": { "type": "Point", "coordinates": [ -176.144648556665544, -13.28238858436422 ] } },
{ "type": "Feature", "properties": { "uid": "2jdsrwrt7k", "rate_time": -0.06, "sig_time": 0.694, "se_time": 0.151, "sce": 20.59, "nsm": 0.19, "valid_obs": 17, "valid_span": 25, "significant": false }, "geometry": { "type": "Point", "coordinates": [ -176.144336200407992, -13.280172087342281 ] } },
{ "type": "Feature", "properties": { "uid": "2jdsqcs1ue", "rate_time": 0.123, "sig_time": 0.283, "se_time": 0.11, "sce": 15.61, "nsm": 5.23, "valid_obs": 16, "valid_span": 25, "significant": false }, "geometry": { "type": "Point", "coordinates": [ -176.182056276402648, -13.30687247212494 ] } },
{ "type": "Feature", "properties": { "uid": "2jdsqcecyn", "rate_time": 0.067, "sig_time": 0.618, "se_time": 0.132, "sce": 21.08, "nsm": 3.07, "valid_obs": 16, "valid_span": 25, "significant": false }, "geometry": { "type": "Point", "coordinates": [ -176.182331660791533, -13.306855775899152 ] } },
{ "type": "Feature", "properties": { "uid": "2jdsqcs3fz", "rate_time": 0.237, "sig_time": 0.459, "se_time": 0.313, "sce": 50.06, "nsm": 10.3, "valid_obs": 17, "valid_span": 25, "significant": false }, "geometry": { "type": "Point", "coordinates": [ -176.181780598616683, -13.30685095580715 ] } },
{ "type": "Feature", "properties": { "uid": "2jdsqcsd32", "rate_time": 0.474, "sig_time": 0.055, "se_time": 0.228, "sce": 36.37, "nsm": 13.2, "valid_obs": 17, "valid_span": 25, "significant": false }, "geometry": { "type": "Point", "coordinates": [ -176.181508552385083, -13.306801523628948 ] } },
{ "type": "Feature", "properties": { "uid": "2jdsqcedrg", "rate_time": 0.164, "sig_time": 0.284, "se_time": 0.147, "sce": 24.51, "nsm": 5.19, "valid_obs": 16, "valid_span": 25, "significant": false }, "geometry": { "type": "Point", "coordinates": [ -176.182596626709227, -13.306783684455473 ] } },
{ "type": "Feature", "properties": { "uid": "2jdsqcsdz3", "rate_time": 0.395, "sig_time": 0.016, "se_time": 0.145, "sce": 23.35, "nsm": 9.3, "valid_obs": 17, "valid_span": 25, "significant": true }, "geometry": { "type": "Point", "coordinates": [ -176.18124844875743, -13.306711345028354 ] } },
{ "type": "Feature", "properties": { "uid": "2jdsqcee44", "rate_time": 0.342, "sig_time": 0.023, "se_time": 0.134, "sce": 23.51, "nsm": 10.24, "valid_obs": 16, "valid_span": 25, "significant": true }, "geometry": { "type": "Point", "coordinates": [ -176.182844880841628, -13.306663528211725 ] } },
{ "type": "Feature", "properties": { "uid": "2jdsqcsgmk", "rate_time": 0.219, "sig_time": 0.088, "se_time": 0.12, "sce": 16.5, "nsm": 3.84, "valid_obs": 17, "valid_span": 25, "significant": false }, "geometry": { "type": "Point", "coordinates": [ -176.18099337225047, -13.306605763740487 ] } },
{ "type": "Feature", "properties": { "uid": "2jdsqce7sq", "rate_time": 0.445, "sig_time": 0.011, "se_time": 0.153, "sce": 27.63, "nsm": 16.71, "valid_obs": 16, "valid_span": 25, "significant": true }, "geometry": { "type": "Point", "coordinates": [ -176.183097749622164, -13.306553051858897 ] } },
{ "type": "Feature", "properties": { "uid": "2jdsqcth4v", "rate_time": 0.045, "sig_time": 0.679, "se_time": 0.106, "sce": 15.68, "nsm": 0.01, "valid_obs": 17, "valid_span": 25, "significant": false }, "geometry": { "type": "Point", "coordinates": [ -176.180753870132918, -13.306472292408476 ] } },
{ "type": "Feature", "properties": { "uid": "2jdsqcehqx", "rate_time": 0.514, "sig_time": 0.013, "se_time": 0.18, "sce": 29.87, "nsm": 17.07, "valid_obs": 16, "valid_span": 25, "significant": true }, "geometry": { "type": "Point", "coordinates": [ -176.183337763002328, -13.306417692340707 ] } },
{ "type": "Feature", "properties": { "uid": "2jdsqctjpy", "rate_time": 0.023, "sig_time": 0.827, "se_time": 0.106, "sce": 16.57, "nsm": 0.22, "valid_obs": 17, "valid_span": 25, "significant": false }, "geometry": { "type": "Point", "coordinates": [ -176.180542478226243, -13.306298135252755 ] } },
{ "type": "Feature", "properties": { "uid": "2jdsqcej3x", "rate_time": 0.448, "sig_time": 0.025, "se_time": 0.179, "sce": 27.33, "nsm": 12.8, "valid_obs": 16, "valid_span": 25, "significant": true }, "geometry": { "type": "Point", "coordinates": [ -176.183552878044111, -13.306247439378396 ] } },
{ "type": "Feature", "properties": { "uid": "2jdsqctqk5", "rate_time": 0.065, "sig_time": 0.401, "se_time": 0.076, "sce": 10.86, "nsm": 1.63, "valid_obs": 17, "valid_span": 25, "significant": false }, "geometry": { "type": "Point", "coordinates": [ -176.180354530887769, -13.306098962965045 ] } },
{ "type": "Feature", "properties": { "uid": "2jdsqcdysb", "rate_time": 0.266, "sig_time": 0.052, "se_time": 0.125, "sce": 21.0, "nsm": 8.57, "valid_obs": 16, "valid_span": 25, "significant": false }, "geometry": { "type": "Point", "coordinates": [ -176.183763105659523, -13.306070863545271 ] } },
{ "type": "Feature", "properties": { "uid": "2jdsqcdxxc", "rate_time": 0.271, "sig_time": 0.066, "se_time": 0.136, "sce": 19.7, "nsm": 6.69, "valid_obs": 16, "valid_span": 25, "significant": false }, "geometry": { "type": "Point", "coordinates": [ -176.183975309997521, -13.305896881777853 ] } },
{ "type": "Feature", "properties": { "uid": "2jdsqcf86k", "rate_time": 0.618, "sig_time": 0.153, "se_time": 0.41, "sce": 65.71, "nsm": 11.91, "valid_obs": 17, "valid_span": 25, "significant": false }, "geometry": { "type": "Point", "coordinates": [ -176.184208236258286, -13.305750161625163 ] } },
{ "type": "Feature", "properties": { "uid": "2jdsqcc2zc", "rate_time": 0.573, "sig_time": 0.043, "se_time": 0.261, "sce": 31.11, "nsm": 11.91, "valid_obs": 18, "valid_span": 25, "significant": true }, "geometry": { "type": "Point", "coordinates": [ -176.185689810688075, -13.30568047993879 ] } },
{ "type": "Feature", "properties": { "uid": "2jdsqcf3m4", "rate_time": 0.699, "sig_time": 0.057, "se_time": 0.34, "sce": 50.07, "nsm": 15.0, "valid_obs": 18, "valid_span": 25, "significant": false }, "geometry": { "type": "Point", "coordinates": [ -176.184432025339248, -13.305590391780198 ] } },
{ "type": "Feature", "properties": { "uid": "2jdsqcc9mw", "rate_time": 0.464, "sig_time": 0.008, "se_time": 0.155, "sce": 19.89, "nsm": 9.75, "valid_obs": 18, "valid_span": 25, "significant": true }, "geometry": { "type": "Point", "coordinates": [ -176.185441311913621, -13.305569494443274 ] } },
{ "type": "Feature", "properties": { "uid": "2jdsqccf58", "rate_time": 0.35, "sig_time": 0.01, "se_time": 0.12, "sce": 16.27, "nsm": 8.21, "valid_obs": 18, "valid_span": 25, "significant": true }, "geometry": { "type": "Point", "coordinates": [ -176.185183161017392, -13.305473130129315 ] } },
{ "type": "Feature", "properties": { "uid": "2jdsqcvdpt", "rate_time": 0.034, "sig_time": 0.603, "se_time": 0.064, "sce": 9.32, "nsm": 3.33, "valid_obs": 18, "valid_span": 25, "significant": false }, "geometry": { "type": "Point", "coordinates": [ -176.179867209600218, -13.305446336548009 ] } },
{ "type": "Feature", "properties": { "uid": "2jdsqcf4py", "rate_time": 0.49, "sig_time": 0.063, "se_time": 0.245, "sce": 35.5, "nsm": 12.59, "valid_obs": 18, "valid_span": 25, "significant": false }, "geometry": { "type": "Point", "coordinates": [ -176.184662636129048, -13.305440416213495 ] } },
{ "type": "Feature", "properties": { "uid": "2jdsqcf43w", "rate_time": 0.321, "sig_time": 0.1, "se_time": 0.184, "sce": 22.32, "nsm": 8.4, "valid_obs": 18, "valid_span": 25, "significant": false }, "geometry": { "type": "Point", "coordinates": [ -176.184922495702722, -13.305395499370485 ] } },
{ "type": "Feature", "properties": { "uid": "2jdsqbcytf", "rate_time": -0.364, "sig_time": 0.164, "se_time": 0.248, "sce": 31.93, "nsm": -0.63, "valid_obs": 16, "valid_span": 25, "significant": false }, "geometry": { "type": "Point", "coordinates": [ -176.185091335874745, -13.310183109395762 ] } },
{ "type": "Feature", "properties": { "uid": "2jdsqbcz21", "rate_time": -0.057, "sig_time": 0.775, "se_time": 0.197, "sce": 21.86, "nsm": 4.37, "valid_obs": 16, "valid_span": 25, "significant": false }, "geometry": { "type": "Point", "coordinates": [ -176.185335088337581, -13.310058287659849 ] } },
{ "type": "Feature", "properties": { "uid": "2jdsqbcx9u", "rate_time": 0.238, "sig_time": 0.611, "se_time": 0.458, "sce": 52.02, "nsm": 6.71, "valid_obs": 18, "valid_span": 25, "significant": false }, "geometry": { "type": "Point", "coordinates": [ -176.185605106294219, -13.309997986903998 ] } },
{ "type": "Feature", "properties": { "uid": "2jdsqc125z", "rate_time": 0.309, "sig_time": 0.482, "se_time": 0.429, "sce": 47.76, "nsm": 12.53, "valid_obs": 18, "valid_span": 25, "significant": false }, "geometry": { "type": "Point", "coordinates": [ -176.185857726288134, -13.309895552212204 ] } },
{ "type": "Feature", "properties": { "uid": "2jdsqc1380", "rate_time": 0.644, "sig_time": 0.089, "se_time": 0.356, "sce": 42.31, "nsm": 18.25, "valid_obs": 18, "valid_span": 25, "significant": false }, "geometry": { "type": "Point", "coordinates": [ -176.186018637207241, -13.309676481074829 ] } },
{ "type": "Feature", "properties": { "uid": "2jdsqc14vz", "rate_time": 0.856, "sig_time": 0.001, "se_time": 0.223, "sce": 32.42, "nsm": 21.13, "valid_obs": 18, "valid_span": 25, "significant": true }, "geometry": { "type": "Point", "coordinates": [ -176.186122145370661, -13.309425715068389 ] } },
{ "type": "Feature", "properties": { "uid": "2jdsqc1h14", "rate_time": 0.669, "sig_time": 0.0, "se_time": 0.147, "sce": 24.21, "nsm": 17.33, "valid_obs": 18, "valid_span": 25, "significant": true }, "geometry": { "type": "Point", "coordinates": [ -176.18632301041086, -13.309238972537123 ] } },
{ "type": "Feature", "properties": { "uid": "2jdsqc0ugz", "rate_time": 0.769, "sig_time": 0.036, "se_time": 0.337, "sce": 58.52, "nsm": 20.26, "valid_obs": 19, "valid_span": 25, "significant": true }, "geometry": { "type": "Point", "coordinates": [ -176.186547751965463, -13.309083337114437 ] } },
{ "type": "Feature", "properties": { "uid": "2jdsqc0ty6", "rate_time": 0.718, "sig_time": 0.0, "se_time": 0.138, "sce": 25.4, "nsm": 18.25, "valid_obs": 19, "valid_span": 25, "significant": true }, "geometry": { "type": "Point", "coordinates": [ -176.186780705709992, -13.308937144083052 ] } },
{ "type": "Feature", "properties": { "uid": "2jdsqc0x42", "rate_time": 0.539, "sig_time": 0.0, "se_time": 0.087, "sce": 17.26, "nsm": 15.79, "valid_obs": 19, "valid_span": 25, "significant": true }, "geometry": { "type": "Point", "coordinates": [ -176.186959364852981, -13.308733353351277 ] } },
{ "type": "Feature", "properties": { "uid": "2jdsqc2882", "rate_time": 0.581, "sig_time": 0.0, "se_time": 0.124, "sce": 19.78, "nsm": 17.67, "valid_obs": 19, "valid_span": 25, "significant": true }, "geometry": { "type": "Point", "coordinates": [ -176.187042200748408, -13.308476331803519 ] } },
{ "type": "Feature", "properties": { "uid": "2jdsqc2e8k", "rate_time": 0.657, "sig_time": 0.001, "se_time": 0.174, "sce": 25.29, "nsm": 19.0, "valid_obs": 19, "valid_span": 25, "significant": true }, "geometry": { "type": "Point", "coordinates": [ -176.187046658576918, -13.307936985163407 ] } },
{ "type": "Feature", "properties": { "uid": "2jdsqc2t0x", "rate_time": 0.496, "sig_time": 0.04, "se_time": 0.224, "sce": 32.46, "nsm": 18.31, "valid_obs": 19, "valid_span": 25, "significant": true }, "geometry": { "type": "Point", "coordinates": [ -176.187035223118073, -13.307665998561403 ] } },
{ "type": "Feature", "properties": { "uid": "2jdsqc2wdp", "rate_time": 0.524, "sig_time": 0.091, "se_time": 0.293, "sce": 40.91, "nsm": 18.73, "valid_obs": 19, "valid_span": 25, "significant": false }, "geometry": { "type": "Point", "coordinates": [ -176.18697135272987, -13.30740707657635 ] } },
{ "type": "Feature", "properties": { "uid": "2jdsqc88j9", "rate_time": 0.759, "sig_time": 0.008, "se_time": 0.252, "sce": 39.3, "nsm": 21.26, "valid_obs": 19, "valid_span": 25, "significant": true }, "geometry": { "type": "Point", "coordinates": [ -176.186818606971741, -13.307181355092695 ] } },
{ "type": "Feature", "properties": { "uid": "2jdsrnkdxg", "rate_time": 0.322, "sig_time": 0.001, "se_time": 0.085, "sce": 14.55, "nsm": 9.44, "valid_obs": 19, "valid_span": 25, "significant": true }, "geometry": { "type": "Point", "coordinates": [ -176.170240739554401, -13.280651200059355 ] } },
{ "type": "Feature", "properties": { "uid": "2jdsrnku44", "rate_time": 0.298, "sig_time": 0.018, "se_time": 0.114, "sce": 17.84, "nsm": 7.41, "valid_obs": 19, "valid_span": 25, "significant": true }, "geometry": { "type": "Point", "coordinates": [ -176.170147320038495, -13.280396354572334 ] } },
{ "type": "Feature", "properties": { "uid": "2jdsrnkvmm", "rate_time": 0.222, "sig_time": 0.049, "se_time": 0.105, "sce": 18.01, "nsm": 6.61, "valid_obs": 19, "valid_span": 25, "significant": true }, "geometry": { "type": "Point", "coordinates": [ -176.17000263165454, -13.28016534497597 ] } },
{ "type": "Feature", "properties": { "uid": "2jdsrnmn8z", "rate_time": 0.271, "sig_time": 0.042, "se_time": 0.123, "sce": 20.54, "nsm": 8.76, "valid_obs": 19, "valid_span": 25, "significant": true }, "geometry": { "type": "Point", "coordinates": [ -176.169849958830355, -13.279939243338255 ] } },
{ "type": "Feature", "properties": { "uid": "2jdsrnt0hh", "rate_time": 0.427, "sig_time": 0.003, "se_time": 0.123, "sce": 21.32, "nsm": 11.34, "valid_obs": 19, "valid_span": 25, "significant": true }, "geometry": { "type": "Point", "coordinates": [ -176.169714875619462, -13.279702561169508 ] } },
{ "type": "Feature", "properties": { "uid": "2jdsrnt1rr", "rate_time": 0.574, "sig_time": 0.0, "se_time": 0.12, "sce": 21.06, "nsm": 14.06, "valid_obs": 19, "valid_span": 25, "significant": true }, "geometry": { "type": "Point", "coordinates": [ -176.169578013814686, -13.279467174152202 ] } },
{ "type": "Feature", "properties": { "uid": "2jdsrnt6g1", "rate_time": 0.733, "sig_time": 0.0, "se_time": 0.111, "sce": 20.4, "nsm": 18.48, "valid_obs": 19, "valid_span": 25, "significant": true }, "geometry": { "type": "Point", "coordinates": [ -176.169417256820992, -13.279246305992062 ] } },
{ "type": "Feature", "properties": { "uid": "2jdsrntknf", "rate_time": 0.824, "sig_time": 0.0, "se_time": 0.105, "sce": 21.33, "nsm": 21.0, "valid_obs": 19, "valid_span": 25, "significant": true }, "geometry": { "type": "Point", "coordinates": [ -176.169256331186631, -13.279025556820875 ] } },
{ "type": "Feature", "properties": { "uid": "2jdsrntt6k", "rate_time": 0.774, "sig_time": 0.0, "se_time": 0.104, "sce": 22.44, "nsm": 19.2, "valid_obs": 19, "valid_span": 25, "significant": true }, "geometry": { "type": "Point", "coordinates": [ -176.169105446384464, -13.278798132817689 ] } },
{ "type": "Feature", "properties": { "uid": "2jdsrwsupe", "rate_time": -0.025, "sig_time": 0.939, "se_time": 0.325, "sce": 32.26, "nsm": -9.64, "valid_obs": 16, "valid_span": 25, "significant": false }, "geometry": { "type": "Point", "coordinates": [ -176.147939704440347, -13.27901786753934 ] } },
{ "type": "Feature", "properties": { "uid": "2jdsrwthmc", "rate_time": -0.142, "sig_time": 0.584, "se_time": 0.254, "sce": 25.55, "nsm": -5.63, "valid_obs": 16, "valid_span": 25, "significant": false }, "geometry": { "type": "Point", "coordinates": [ -176.147664647692551, -13.27898868602014 ] } },
{ "type": "Feature", "properties": { "uid": "2jdsrwtksh", "rate_time": -0.21, "sig_time": 0.393, "se_time": 0.238, "sce": 25.35, "nsm": -3.17, "valid_obs": 16, "valid_span": 25, "significant": false }, "geometry": { "type": "Point", "coordinates": [ -176.147395479677101, -13.278928227768734 ] } },
{ "type": "Feature", "properties": { "uid": "2jdsrwxkf7", "rate_time": 0.067, "sig_time": 0.829, "se_time": 0.306, "sce": 43.11, "nsm": 2.23, "valid_obs": 17, "valid_span": 25, "significant": false }, "geometry": { "type": "Point", "coordinates": [ -176.144726982193305, -13.278890060478247 ] } },
{ "type": "Feature", "properties": { "uid": "2jdsrwwr4g", "rate_time": 0.027, "sig_time": 0.91, "se_time": 0.235, "sce": 33.28, "nsm": 3.43, "valid_obs": 16, "valid_span": 25, "significant": false }, "geometry": { "type": "Point", "coordinates": [ -176.146082763802639, -13.27850507281758 ] } },
{ "type": "Feature", "properties": { "uid": "2jdsrwxp7d", "rate_time": -0.59, "sig_time": 0.309, "se_time": 0.562, "sce": 87.41, "nsm": 6.17, "valid_obs": 18, "valid_span": 25, "significant": false }, "geometry": { "type": "Point", "coordinates": [ -176.1450172092066, -13.278463759485765 ] } },
{ "type": "Feature", "properties": { "uid": "2jdsrwwx8b", "rate_time": 0.083, "sig_time": 0.736, "se_time": 0.242, "sce": 35.28, "nsm": 4.3, "valid_obs": 16, "valid_span": 25, "significant": false }, "geometry": { "type": "Point", "coordinates": [ -176.145816242610294, -13.278431417768607 ] } },
{ "type": "Feature", "properties": { "uid": "2jdsrwwzvt", "rate_time": -0.12, "sig_time": 0.763, "se_time": 0.39, "sce": 60.21, "nsm": 5.19, "valid_obs": 17, "valid_span": 25, "significant": false }, "geometry": { "type": "Point", "coordinates": [ -176.145272195813192, -13.27836399011327 ] } },
{ "type": "Feature", "properties": { "uid": "2jdsrxz424", "rate_time": -0.049, "sig_time": 0.415, "se_time": 0.059, "sce": 7.76, "nsm": 2.25, "valid_obs": 19, "valid_span": 25, "significant": false }, "geometry": { "type": "Point", "coordinates": [ -176.145171342200854, -13.272457656695027 ] } },
{ "type": "Feature", "properties": { "uid": "2jdsrxt91h", "rate_time": -0.262, "sig_time": 0.101, "se_time": 0.151, "sce": 22.42, "nsm": -3.69, "valid_obs": 19, "valid_span": 25, "significant": false }, "geometry": { "type": "Point", "coordinates": [ -176.147187207159334, -13.274036989542306 ] } },
{ "type": "Feature", "properties": { "uid": "2jdsrxt9x4", "rate_time": -0.043, "sig_time": 0.896, "se_time": 0.323, "sce": 56.96, "nsm": -6.08, "valid_obs": 20, "valid_span": 25, "significant": false }, "geometry": { "type": "Point", "coordinates": [ -176.14692168457924, -13.273959956146998 ] } },
{ "type": "Feature", "properties": { "uid": "2jdsrxtfj7", "rate_time": -0.212, "sig_time": 0.252, "se_time": 0.179, "sce": 26.59, "nsm": -6.37, "valid_obs": 20, "valid_span": 25, "significant": false }, "geometry": { "type": "Point", "coordinates": [ -176.146661484409861, -13.273867144382278 ] } },
{ "type": "Feature", "properties": { "uid": "2jdsrxw4fu", "rate_time": -0.168, "sig_time": 0.308, "se_time": 0.16, "sce": 21.25, "nsm": -6.45, "valid_obs": 20, "valid_span": 25, "significant": false }, "geometry": { "type": "Point", "coordinates": [ -176.146421294700389, -13.273732825558692 ] } },
{ "type": "Feature", "properties": { "uid": "2jdsrxw78t", "rate_time": 0.015, "sig_time": 0.944, "se_time": 0.214, "sce": 35.78, "nsm": -2.73, "valid_obs": 20, "valid_span": 25, "significant": false }, "geometry": { "type": "Point", "coordinates": [ -176.146178666928506, -13.273602221440228 ] } },
{ "type": "Feature", "properties": { "uid": "2jdsrxwkqj", "rate_time": 0.123, "sig_time": 0.732, "se_time": 0.353, "sce": 60.1, "nsm": 0.54, "valid_obs": 20, "valid_span": 25, "significant": false }, "geometry": { "type": "Point", "coordinates": [ -176.145936398576623, -13.273470899489144 ] } },
{ "type": "Feature", "properties": { "uid": "2jdsrxwt76", "rate_time": -0.07, "sig_time": 0.555, "se_time": 0.116, "sce": 12.93, "nsm": 1.32, "valid_obs": 19, "valid_span": 25, "significant": false }, "geometry": { "type": "Point", "coordinates": [ -176.145709935738097, -13.273316365273198 ] } },
{ "type": "Feature", "properties": { "uid": "2jdsrxwwrx", "rate_time": -0.235, "sig_time": 0.124, "se_time": 0.145, "sce": 17.13, "nsm": 0.33, "valid_obs": 19, "valid_span": 25, "significant": false }, "geometry": { "type": "Point", "coordinates": [ -176.145526840870218, -13.273116877304521 ] } },
{ "type": "Feature", "properties": { "uid": "2jdsrxwzfm", "rate_time": -0.231, "sig_time": 0.065, "se_time": 0.117, "sce": 14.07, "nsm": -0.05, "valid_obs": 19, "valid_span": 25, "significant": false }, "geometry": { "type": "Point", "coordinates": [ -176.145408697830447, -13.272871601474098 ] } },
{ "type": "Feature", "properties": { "uid": "2jdsrxscny", "rate_time": -0.011, "sig_time": 0.982, "se_time": 0.472, "sce": 83.55, "nsm": -2.47, "valid_obs": 19, "valid_span": 25, "significant": false }, "geometry": { "type": "Point", "coordinates": [ -176.147963000055768, -13.274025823905989 ] } },
{ "type": "Feature", "properties": { "uid": "2jdsrxt0v7", "rate_time": -0.155, "sig_time": 0.545, "se_time": 0.251, "sce": 34.03, "nsm": -2.61, "valid_obs": 19, "valid_span": 25, "significant": false }, "geometry": { "type": "Point", "coordinates": [ -176.147693115979393, -13.274081663008763 ] } },
{ "type": "Feature", "properties": { "uid": "2jdsrxt2gs", "rate_time": -0.167, "sig_time": 0.366, "se_time": 0.18, "sce": 24.11, "nsm": -2.05, "valid_obs": 19, "valid_span": 25, "significant": false }, "geometry": { "type": "Point", "coordinates": [ -176.147417196531734, -13.274078725847795 ] } },
{ "type": "Feature", "properties": { "uid": "2jdsrxf84r", "rate_time": -0.079, "sig_time": 0.063, "se_time": 0.039, "sce": 5.61, "nsm": -0.71, "valid_obs": 19, "valid_span": 25, "significant": false }, "geometry": { "type": "Point", "coordinates": [ -176.151246065073508, -13.272814977037465 ] } },
{ "type": "Feature", "properties": { "uid": "2jdsrxf9sr", "rate_time": -0.01, "sig_time": 0.874, "se_time": 0.064, "sce": 8.92, "nsm": 0.3, "valid_obs": 19, "valid_span": 25, "significant": false }, "geometry": { "type": "Point", "coordinates": [ -176.151165735746758, -13.272557499422783 ] } },
{ "type": "Feature", "properties": { "uid": "2jdsrxfvu6", "rate_time": 0.158, "sig_time": 0.001, "se_time": 0.04, "sce": 6.4, "nsm": 2.28, "valid_obs": 19, "valid_span": 25, "significant": true }, "geometry": { "type": "Point", "coordinates": [ -176.150825881959634, -13.271855103025652 ] } },
{ "type": "Feature", "properties": { "uid": "2jdsrxgn4t", "rate_time": 0.117, "sig_time": 0.008, "se_time": 0.039, "sce": 6.55, "nsm": 1.26, "valid_obs": 19, "valid_span": 25, "significant": true }, "geometry": { "type": "Point", "coordinates": [ -176.150556752683855, -13.271797485694576 ] } },
{ "type": "Feature", "properties": { "uid": "2jdsrxgq2y", "rate_time": -0.063, "sig_time": 0.328, "se_time": 0.062, "sce": 9.43, "nsm": 0.69, "valid_obs": 19, "valid_span": 25, "significant": false }, "geometry": { "type": "Point", "coordinates": [ -176.150283804146426, -13.271751711968408 ] } },
{ "type": "Feature", "properties": { "uid": "2jdsrxgrnd", "rate_time": -0.168, "sig_time": 0.034, "se_time": 0.073, "sce": 13.16, "nsm": -0.27, "valid_obs": 19, "valid_span": 25, "significant": true }, "geometry": { "type": "Point", "coordinates": [ -176.150032780293998, -13.271640381357839 ] } },
{ "type": "Feature", "properties": { "uid": "2jdsrxgxu9", "rate_time": -0.29, "sig_time": 0.005, "se_time": 0.089, "sce": 13.17, "nsm": -0.84, "valid_obs": 19, "valid_span": 25, "significant": true }, "geometry": { "type": "Point", "coordinates": [ -176.149785237580033, -13.271518866305227 ] } },
{ "type": "Feature", "properties": { "uid": "2jdsx85b6d", "rate_time": -0.364, "sig_time": 0.004, "se_time": 0.109, "sce": 13.89, "nsm": 0.06, "valid_obs": 19, "valid_span": 25, "significant": true }, "geometry": { "type": "Point", "coordinates": [ -176.149525481994004, -13.271427921512224 ] } },
{ "type": "Feature", "properties": { "uid": "2jdsx8h08g", "rate_time": -0.405, "sig_time": 0.009, "se_time": 0.137, "sce": 16.99, "nsm": 0.87, "valid_obs": 19, "valid_span": 25, "significant": true }, "geometry": { "type": "Point", "coordinates": [ -176.149253790678841, -13.271380386928181 ] } },
{ "type": "Feature", "properties": { "uid": "2jdsrxs9fm", "rate_time": -0.111, "sig_time": 0.468, "se_time": 0.149, "sce": 21.53, "nsm": 2.36, "valid_obs": 17, "valid_span": 25, "significant": false }, "geometry": { "type": "Point", "coordinates": [ -176.148501181696929, -13.273898949095358 ] } },
{ "type": "Feature", "properties": { "uid": "2jdsrx3bfv", "rate_time": -0.799, "sig_time": 0.184, "se_time": 0.571, "sce": 78.29, "nsm": -3.84, "valid_obs": 16, "valid_span": 25, "significant": false }, "geometry": { "type": "Point", "coordinates": [ -176.152262051724506, -13.275445709190748 ] } },
{ "type": "Feature", "properties": { "uid": "2jdsrx1xj3", "rate_time": -0.139, "sig_time": 0.606, "se_time": 0.263, "sce": 40.34, "nsm": -0.77, "valid_obs": 16, "valid_span": 25, "significant": false }, "geometry": { "type": "Point", "coordinates": [ -176.152492063512142, -13.275768232353995 ] } },
{ "type": "Feature", "properties": { "uid": "2jdsx21nss", "rate_time": 0.049, "sig_time": 0.373, "se_time": 0.053, "sce": 7.76, "nsm": 4.63, "valid_obs": 17, "valid_span": 25, "significant": false }, "geometry": { "type": "Point", "coordinates": [ -176.164200260093395, -13.270342083343051 ] } },
{ "type": "Feature", "properties": { "uid": "2jdsx2f17d", "rate_time": 1.054, "sig_time": 0.0, "se_time": 0.122, "sce": 27.03, "nsm": 18.98, "valid_obs": 19, "valid_span": 25, "significant": true }, "geometry": { "type": "Point", "coordinates": [ -176.162873389990438, -13.267137027177997 ] } },
{ "type": "Feature", "properties": { "uid": "2jdsx2f4xh", "rate_time": 0.753, "sig_time": 0.0, "se_time": 0.123, "sce": 25.43, "nsm": 17.4, "valid_obs": 19, "valid_span": 25, "significant": true }, "geometry": { "type": "Point", "coordinates": [ -176.162721688230477, -13.266911398373935 ] } },
{ "type": "Feature", "properties": { "uid": "2jdsx2f7fv", "rate_time": 0.53, "sig_time": 0.001, "se_time": 0.136, "sce": 24.59, "nsm": 14.16, "valid_obs": 19, "valid_span": 25, "significant": true }, "geometry": { "type": "Point", "coordinates": [ -176.162557321927551, -13.266693294309235 ] } },
{ "type": "Feature", "properties": { "uid": "2jdsx2fmq0", "rate_time": 0.327, "sig_time": 0.043, "se_time": 0.149, "sce": 24.49, "nsm": 9.28, "valid_obs": 19, "valid_span": 25, "significant": true }, "geometry": { "type": "Point", "coordinates": [ -176.162413754933397, -13.266462328943625 ] } },
{ "type": "Feature", "properties": { "uid": "2jdsx2fw8x", "rate_time": 0.163, "sig_time": 0.265, "se_time": 0.141, "sce": 22.39, "nsm": 3.42, "valid_obs": 19, "valid_span": 25, "significant": false }, "geometry": { "type": "Point", "coordinates": [ -176.162312110339712, -13.266210029158016 ] } },
{ "type": "Feature", "properties": { "uid": "2jdsx2fx9c", "rate_time": 0.155, "sig_time": 0.301, "se_time": 0.146, "sce": 23.46, "nsm": 2.39, "valid_obs": 19, "valid_span": 25, "significant": false }, "geometry": { "type": "Point", "coordinates": [ -176.162260961840872, -13.26607018156486 ] } },
{ "type": "Feature", "properties": { "uid": "2jdsx349h0", "rate_time": 0.179, "sig_time": 0.087, "se_time": 0.099, "sce": 17.35, "nsm": 4.61, "valid_obs": 19, "valid_span": 25, "significant": false }, "geometry": { "type": "Point", "coordinates": [ -176.162161862930077, -13.265816986876207 ] } },
{ "type": "Feature", "properties": { "uid": "2jdsx34efw", "rate_time": 0.053, "sig_time": 0.873, "se_time": 0.327, "sce": 57.06, "nsm": 13.04, "valid_obs": 19, "valid_span": 25, "significant": false }, "geometry": { "type": "Point", "coordinates": [ -176.162221988007332, -13.265310349418547 ] } },
{ "type": "Feature", "properties": { "uid": "2jdsx34mn4", "rate_time": 0.37, "sig_time": 0.0, "se_time": 0.071, "sce": 14.85, "nsm": 14.24, "valid_obs": 18, "valid_span": 25, "significant": true }, "geometry": { "type": "Point", "coordinates": [ -176.162418981398133, -13.26512076365635 ] } },
{ "type": "Feature", "properties": { "uid": "2jdsx34mbt", "rate_time": 0.353, "sig_time": 0.0, "se_time": 0.07, "sce": 12.38, "nsm": 10.24, "valid_obs": 18, "valid_span": 25, "significant": true }, "geometry": { "type": "Point", "coordinates": [ -176.162651582287651, -13.264973669471207 ] } },
{ "type": "Feature", "properties": { "uid": "2jdsx33vbz", "rate_time": 0.379, "sig_time": 0.032, "se_time": 0.16, "sce": 24.06, "nsm": 8.05, "valid_obs": 17, "valid_span": 25, "significant": true }, "geometry": { "type": "Point", "coordinates": [ -176.163334566238916, -13.263589007040812 ] } },
{ "type": "Feature", "properties": { "uid": "2jdstcs8pg", "rate_time": 0.5, "sig_time": 0.023, "se_time": 0.197, "sce": 28.03, "nsm": 14.66, "valid_obs": 17, "valid_span": 25, "significant": true }, "geometry": { "type": "Point", "coordinates": [ -176.225175285570714, -13.263226200720389 ] } },
{ "type": "Feature", "properties": { "uid": "2jdstcs97g", "rate_time": 0.547, "sig_time": 0.04, "se_time": 0.244, "sce": 35.46, "nsm": 11.91, "valid_obs": 17, "valid_span": 25, "significant": true }, "geometry": { "type": "Point", "coordinates": [ -176.225346060427427, -13.263013572980826 ] } },
{ "type": "Feature", "properties": { "uid": "2jdstcs6rr", "rate_time": 0.583, "sig_time": 0.011, "se_time": 0.201, "sce": 29.45, "nsm": 11.19, "valid_obs": 17, "valid_span": 25, "significant": true }, "geometry": { "type": "Point", "coordinates": [ -176.225538980007059, -13.26282010961722 ] } },
{ "type": "Feature", "properties": { "uid": "2jdstcs7d9", "rate_time": 0.504, "sig_time": 0.002, "se_time": 0.132, "sce": 18.91, "nsm": 10.43, "valid_obs": 17, "valid_span": 25, "significant": true }, "geometry": { "type": "Point", "coordinates": [ -176.225742662719085, -13.262636399740241 ] } },
{ "type": "Feature", "properties": { "uid": "2jdstcsht2", "rate_time": 0.377, "sig_time": 0.003, "se_time": 0.106, "sce": 15.39, "nsm": 10.39, "valid_obs": 17, "valid_span": 25, "significant": true }, "geometry": { "type": "Point", "coordinates": [ -176.225960506744059, -13.26246894165488 ] } },
{ "type": "Feature", "properties": { "uid": "2jdstcsj89", "rate_time": 0.354, "sig_time": 0.007, "se_time": 0.114, "sce": 17.98, "nsm": 11.61, "valid_obs": 17, "valid_span": 25, "significant": true }, "geometry": { "type": "Point", "coordinates": [ -176.226170279639717, -13.262292909291816 ] } },
{ "type": "Feature", "properties": { "uid": "2jdsx33wd9", "rate_time": 0.107, "sig_time": 0.8, "se_time": 0.416, "sce": 59.79, "nsm": 7.3, "valid_obs": 18, "valid_span": 25, "significant": false }, "geometry": { "type": "Point", "coordinates": [ -176.163593911152248, -13.263494030693069 ] } },
{ "type": "Feature", "properties": { "uid": "2jdsx33rhu", "rate_time": 0.146, "sig_time": 0.578, "se_time": 0.256, "sce": 31.96, "nsm": 7.85, "valid_obs": 18, "valid_span": 25, "significant": false }, "geometry": { "type": "Point", "coordinates": [ -176.163850269358932, -13.263391536703695 ] } },
{ "type": "Feature", "properties": { "uid": "2jdsx33pwd", "rate_time": 0.176, "sig_time": 0.486, "se_time": 0.246, "sce": 29.96, "nsm": 7.01, "valid_obs": 18, "valid_span": 25, "significant": false }, "geometry": { "type": "Point", "coordinates": [ -176.164116107800481, -13.263315590439621 ] } },
{ "type": "Feature", "properties": { "uid": "2jdsx8hfy4", "rate_time": 0.091, "sig_time": 0.178, "se_time": 0.065, "sce": 10.03, "nsm": 2.89, "valid_obs": 19, "valid_span": 25, "significant": false }, "geometry": { "type": "Point", "coordinates": [ -176.147996058763226, -13.270999997335846 ] } },
{ "type": "Feature", "properties": { "uid": "2jdsx8j5fv", "rate_time": 0.21, "sig_time": 0.017, "se_time": 0.079, "sce": 15.09, "nsm": 3.54, "valid_obs": 19, "valid_span": 25, "significant": true }, "geometry": { "type": "Point", "coordinates": [ -176.147796761024637, -13.270811671730275 ] } },
{ "type": "Feature", "properties": { "uid": "2jdsx8jkb0", "rate_time": 0.192, "sig_time": 0.03, "se_time": 0.081, "sce": 15.56, "nsm": 4.28, "valid_obs": 19, "valid_span": 25, "significant": true }, "geometry": { "type": "Point", "coordinates": [ -176.147565771294069, -13.27066392113657 ] } },
{ "type": "Feature", "properties": { "uid": "2jdsx8jmnr", "rate_time": 0.214, "sig_time": 0.029, "se_time": 0.089, "sce": 17.51, "nsm": 4.6, "valid_obs": 19, "valid_span": 25, "significant": true }, "geometry": { "type": "Point", "coordinates": [ -176.147305000589597, -13.270585873975515 ] } },
{ "type": "Feature", "properties": { "uid": "2jdsx8jths", "rate_time": 0.103, "sig_time": 0.341, "se_time": 0.105, "sce": 19.67, "nsm": 3.61, "valid_obs": 19, "valid_span": 25, "significant": false }, "geometry": { "type": "Point", "coordinates": [ -176.147032252907479, -13.270599757350521 ] } },
{ "type": "Feature", "properties": { "uid": "2jdsx8judz", "rate_time": 0.069, "sig_time": 0.176, "se_time": 0.049, "sce": 8.26, "nsm": 2.32, "valid_obs": 19, "valid_span": 25, "significant": false }, "geometry": { "type": "Point", "coordinates": [ -176.146766663314168, -13.270673592748794 ] } },
{ "type": "Feature", "properties": { "uid": "2jdsx8nh0v", "rate_time": 0.042, "sig_time": 0.338, "se_time": 0.042, "sce": 6.07, "nsm": 2.06, "valid_obs": 19, "valid_span": 25, "significant": false }, "geometry": { "type": "Point", "coordinates": [ -176.146507761458309, -13.270769656938137 ] } },
{ "type": "Feature", "properties": { "uid": "2jdsx8n5wc", "rate_time": 0.025, "sig_time": 0.689, "se_time": 0.062, "sce": 8.2, "nsm": 2.47, "valid_obs": 19, "valid_span": 25, "significant": false }, "geometry": { "type": "Point", "coordinates": [ -176.146252965868229, -13.270875848155242 ] } },
{ "type": "Feature", "properties": { "uid": "2jdsx8n6ud", "rate_time": 0.106, "sig_time": 0.047, "se_time": 0.05, "sce": 8.11, "nsm": 2.61, "valid_obs": 19, "valid_span": 25, "significant": true }, "geometry": { "type": "Point", "coordinates": [ -176.146006232074342, -13.27099719554554 ] } },
{ "type": "Feature", "properties": { "uid": "2jdsx8n9cz", "rate_time": 0.049, "sig_time": 0.311, "se_time": 0.047, "sce": 7.56, "nsm": 2.95, "valid_obs": 19, "valid_span": 25, "significant": false }, "geometry": { "type": "Point", "coordinates": [ -176.145774546057197, -13.271145698642346 ] } },
{ "type": "Feature", "properties": { "uid": "2jdsx8n9p6", "rate_time": 0.086, "sig_time": 0.114, "se_time": 0.052, "sce": 8.3, "nsm": 2.98, "valid_obs": 19, "valid_span": 25, "significant": false }, "geometry": { "type": "Point", "coordinates": [ -176.145547055161018, -13.27130036639938 ] } },
{ "type": "Feature", "properties": { "uid": "2jdsx8nbh0", "rate_time": 0.071, "sig_time": 0.193, "se_time": 0.052, "sce": 8.74, "nsm": 2.99, "valid_obs": 19, "valid_span": 25, "significant": false }, "geometry": { "type": "Point", "coordinates": [ -176.145339243717501, -13.271479533962868 ] } },
{ "type": "Feature", "properties": { "uid": "2jdsrxznb1", "rate_time": 0.052, "sig_time": 0.334, "se_time": 0.052, "sce": 8.9, "nsm": 2.86, "valid_obs": 19, "valid_span": 25, "significant": false }, "geometry": { "type": "Point", "coordinates": [ -176.145168637683923, -13.271688747354375 ] } },
{ "type": "Feature", "properties": { "uid": "2jdsrxzj67", "rate_time": -0.015, "sig_time": 0.809, "se_time": 0.062, "sce": 9.67, "nsm": 2.78, "valid_obs": 19, "valid_span": 25, "significant": false }, "geometry": { "type": "Point", "coordinates": [ -176.145068751509626, -13.271937602820806 ] } },
{ "type": "Feature", "properties": { "uid": "2jdu2pc2ur", "rate_time": -0.172, "sig_time": 0.996, "se_time": 32.039, "sce": 3568.29, "nsm": -157.25, "valid_obs": 21, "valid_span": 25, "significant": false }, "geometry": { "type": "Point", "coordinates": [ -176.130910514714373, -13.272688558231625 ] } },
{ "type": "Feature", "properties": { "uid": "2jdu2pcfqz", "rate_time": 51.036, "sig_time": 0.104, "se_time": 29.995, "sce": 4432.22, "nsm": -66.3, "valid_obs": 22, "valid_span": 25, "significant": false }, "geometry": { "type": "Point", "coordinates": [ -176.130110068816776, -13.272431322912759 ] } },
{ "type": "Feature", "properties": { "uid": "2jdu2pcgxu", "rate_time": 51.761, "sig_time": 0.102, "se_time": 30.181, "sce": 4442.94, "nsm": -53.67, "valid_obs": 22, "valid_span": 25, "significant": false }, "geometry": { "type": "Point", "coordinates": [ -176.130066454531089, -13.272233714939794 ] } },
{ "type": "Feature", "properties": { "uid": "2jdu2pfj42", "rate_time": 53.116, "sig_time": 0.097, "se_time": 30.487, "sce": 4461.35, "nsm": -34.53, "valid_obs": 22, "valid_span": 25, "significant": false }, "geometry": { "type": "Point", "coordinates": [ -176.129963311761998, -13.271999036921247 ] } },
{ "type": "Feature", "properties": { "uid": "2jdu2pf1ut", "rate_time": 53.174, "sig_time": 0.095, "se_time": 30.296, "sce": 4453.54, "nsm": -45.97, "valid_obs": 22, "valid_span": 25, "significant": false }, "geometry": { "type": "Point", "coordinates": [ -176.129864566766855, -13.272528130644488 ] } },
{ "type": "Feature", "properties": { "uid": "2jdu2p9401", "rate_time": 62.339, "sig_time": 0.022, "se_time": 24.928, "sce": 3282.65, "nsm": -107.29, "valid_obs": 21, "valid_span": 25, "significant": true }, "geometry": { "type": "Point", "coordinates": [ -176.131428565677709, -13.27387919675067 ] } },
{ "type": "Feature", "properties": { "uid": "2jdu2p8bte", "rate_time": 62.181, "sig_time": 0.021, "se_time": 24.73, "sce": 3255.39, "nsm": -107.64, "valid_obs": 21, "valid_span": 25, "significant": true }, "geometry": { "type": "Point", "coordinates": [ -176.131538338638393, -13.274128180007031 ] } },
{ "type": "Feature", "properties": { "uid": "2jdu2pd38x", "rate_time": 3.545, "sig_time": 0.916, "se_time": 33.317, "sce": 3521.49, "nsm": -21.98, "valid_obs": 21, "valid_span": 25, "significant": false }, "geometry": { "type": "Point", "coordinates": [ -176.129692088405562, -13.273931635057254 ] } },
{ "type": "Feature", "properties": { "uid": "2jdu2pd6w1", "rate_time": 14.887, "sig_time": 0.63, "se_time": 30.447, "sce": 3513.46, "nsm": -30.37, "valid_obs": 21, "valid_span": 25, "significant": false }, "geometry": { "type": "Point", "coordinates": [ -176.129455489176848, -13.273791192743756 ] } },
{ "type": "Feature", "properties": { "uid": "2jdsrjtq5m", "rate_time": 7.535, "sig_time": 0.004, "se_time": 2.265, "sce": 318.52, "nsm": 124.11, "valid_obs": 20, "valid_span": 25, "significant": true }, "geometry": { "type": "Point", "coordinates": [ -176.169400867142002, -13.284155407491006 ] } },
{ "type": "Feature", "properties": { "uid": "2jdsrjtw17", "rate_time": 7.484, "sig_time": 0.008, "se_time": 2.496, "sce": 333.12, "nsm": 116.93, "valid_obs": 20, "valid_span": 25, "significant": true }, "geometry": { "type": "Point", "coordinates": [ -176.169143104982112, -13.284166424965502 ] } },
{ "type": "Feature", "properties": { "uid": "2jdsrwpdtn", "rate_time": 0.063, "sig_time": 0.518, "se_time": 0.095, "sce": 15.53, "nsm": 1.54, "valid_obs": 18, "valid_span": 25, "significant": false }, "geometry": { "type": "Point", "coordinates": [ -176.144267457738749, -13.282008477045913 ] } },
{ "type": "Feature", "properties": { "uid": "2jdsrwrevs", "rate_time": -0.013, "sig_time": 0.918, "se_time": 0.128, "sce": 17.44, "nsm": 0.13, "valid_obs": 17, "valid_span": 25, "significant": false }, "geometry": { "type": "Point", "coordinates": [ -176.144243054144283, -13.280427460463253 ] } },
{ "type": "Feature", "properties": { "uid": "2jdsrwrdrs", "rate_time": 0.037, "sig_time": 0.756, "se_time": 0.116, "sce": 14.57, "nsm": 0.97, "valid_obs": 17, "valid_span": 25, "significant": false }, "geometry": { "type": "Point", "coordinates": [ -176.144157217417785, -13.280685337673701 ] } },
{ "type": "Feature", "properties": { "uid": "2jdsrwrbbg", "rate_time": 0.067, "sig_time": 0.539, "se_time": 0.107, "sce": 16.1, "nsm": 1.61, "valid_obs": 17, "valid_span": 25, "significant": false }, "geometry": { "type": "Point", "coordinates": [ -176.14410266067685, -13.280949751634909 ] } },
{ "type": "Feature", "properties": { "uid": "2jdsndbuuy", "rate_time": -16.325, "sig_time": 0.363, "se_time": 17.525, "sce": 2389.17, "nsm": 17.21, "valid_obs": 22, "valid_span": 25, "significant": false }, "geometry": { "type": "Point", "coordinates": [ -176.19749167951224, -13.343419338905344 ] } },
{ "type": "Feature", "properties": { "uid": "2jdsndch6y", "rate_time": -15.984, "sig_time": 0.37, "se_time": 17.43, "sce": 2388.26, "nsm": 10.82, "valid_obs": 22, "valid_span": 25, "significant": false }, "geometry": { "type": "Point", "coordinates": [ -176.197229035679158, -13.343502597523097 ] } },
{ "type": "Feature", "properties": { "uid": "2jdsndcggk", "rate_time": -7.231, "sig_time": 0.657, "se_time": 16.008, "sce": 2309.11, "nsm": 17.99, "valid_obs": 21, "valid_span": 25, "significant": false }, "geometry": { "type": "Point", "coordinates": [ -176.196184327133636, -13.343600021417977 ] } },
{ "type": "Feature", "properties": { "uid": "2jdsndcfwf", "rate_time": -11.693, "sig_time": 0.44, "se_time": 14.805, "sce": 2224.2, "nsm": 14.15, "valid_obs": 20, "valid_span": 25, "significant": false }, "geometry": { "type": "Point", "coordinates": [ -176.196030309425083, -13.343824146673988 ] } },
{ "type": "Feature", "properties": { "uid": "2jdsndf11t", "rate_time": -1.493, "sig_time": 0.904, "se_time": 12.131, "sce": 1822.86, "nsm": 10.66, "valid_obs": 18, "valid_span": 25, "significant": false }, "geometry": { "type": "Point", "coordinates": [ -176.195910251292219, -13.34406790516304 ] } },
{ "type": "Feature", "properties": { "uid": "2jdsnddpuc", "rate_time": 3.922, "sig_time": 0.751, "se_time": 12.152, "sce": 1818.39, "nsm": 9.84, "valid_obs": 18, "valid_span": 25, "significant": false }, "geometry": { "type": "Point", "coordinates": [ -176.195778262771512, -13.344304888468882 ] } },
{ "type": "Feature", "properties": { "uid": "2jdsnddq8f", "rate_time": -9.695, "sig_time": 0.337, "se_time": 9.773, "sce": 1501.34, "nsm": 7.86, "valid_obs": 17, "valid_span": 25, "significant": false }, "geometry": { "type": "Point", "coordinates": [ -176.195605613057296, -13.344514421856823 ] } },
{ "type": "Feature", "properties": { "uid": "2jdsntnbm6", "rate_time": 0.517, "sig_time": 0.13, "se_time": 0.324, "sce": 46.84, "nsm": 4.33, "valid_obs": 18, "valid_span": 25, "significant": false }, "geometry": { "type": "Point", "coordinates": [ -176.189229510511751, -13.331853623793593 ] } },
{ "type": "Feature", "properties": { "uid": "2jdsntn8rn", "rate_time": 0.496, "sig_time": 0.151, "se_time": 0.329, "sce": 46.27, "nsm": -1.64, "valid_obs": 18, "valid_span": 25, "significant": false }, "geometry": { "type": "Point", "coordinates": [ -176.189499134365207, -13.331831214123433 ] } },
{ "type": "Feature", "properties": { "uid": "2jdsntp0et", "rate_time": 0.19, "sig_time": 0.597, "se_time": 0.352, "sce": 44.3, "nsm": 1.71, "valid_obs": 18, "valid_span": 25, "significant": false }, "geometry": { "type": "Point", "coordinates": [ -176.188961589879227, -13.331791268794394 ] } },
{ "type": "Feature", "properties": { "uid": "2jdsntn917", "rate_time": 0.38, "sig_time": 0.321, "se_time": 0.371, "sce": 45.66, "nsm": -6.64, "valid_obs": 18, "valid_span": 25, "significant": false }, "geometry": { "type": "Point", "coordinates": [ -176.189749529846694, -13.331720866266776 ] } },
{ "type": "Feature", "properties": { "uid": "2jdsntp339", "rate_time": 0.552, "sig_time": 0.244, "se_time": 0.457, "sce": 54.84, "nsm": -1.18, "valid_obs": 18, "valid_span": 25, "significant": false }, "geometry": { "type": "Point", "coordinates": [ -176.188707827906114, -13.331684399761457 ] } },
{ "type": "Feature", "properties": { "uid": "2jdsntn6ht", "rate_time": 0.665, "sig_time": 0.094, "se_time": 0.373, "sce": 50.09, "nsm": 2.09, "valid_obs": 18, "valid_span": 25, "significant": false }, "geometry": { "type": "Point", "coordinates": [ -176.189947211076969, -13.33153400984161 ] } },
{ "type": "Feature", "properties": { "uid": "2jdsntnqrv", "rate_time": 0.473, "sig_time": 0.272, "se_time": 0.416, "sce": 50.35, "nsm": 4.16, "valid_obs": 19, "valid_span": 25, "significant": false }, "geometry": { "type": "Point", "coordinates": [ -176.189807824955238, -13.330805452018684 ] } },
{ "type": "Feature", "properties": { "uid": "2jdsntnxkv", "rate_time": 0.021, "sig_time": 0.966, "se_time": 0.477, "sce": 56.13, "nsm": -15.69, "valid_obs": 19, "valid_span": 25, "significant": false }, "geometry": { "type": "Point", "coordinates": [ -176.189593372027986, -13.330637399466077 ] } },
{ "type": "Feature", "properties": { "uid": "2jdsntnzfv", "rate_time": -0.085, "sig_time": 0.864, "se_time": 0.489, "sce": 53.61, "nsm": -16.47, "valid_obs": 19, "valid_span": 25, "significant": false }, "geometry": { "type": "Point", "coordinates": [ -176.189332938175795, -13.330547053555124 ] } },
{ "type": "Feature", "properties": { "uid": "2jdsntx0s2", "rate_time": 0.577, "sig_time": 0.024, "se_time": 0.227, "sce": 27.27, "nsm": 8.25, "valid_obs": 15, "valid_span": 25, "significant": true }, "geometry": { "type": "Point", "coordinates": [ -176.188932601486272, -13.329074177575686 ] } },
{ "type": "Feature", "properties": { "uid": "2jdsntwcrn", "rate_time": 0.928, "sig_time": 0.018, "se_time": 0.346, "sce": 54.59, "nsm": 10.31, "valid_obs": 16, "valid_span": 25, "significant": true }, "geometry": { "type": "Point", "coordinates": [ -176.189153102976547, -13.328915697809554 ] } },
{ "type": "Feature", "properties": { "uid": "2jdsntwf17", "rate_time": 0.332, "sig_time": 0.166, "se_time": 0.227, "sce": 32.07, "nsm": 7.67, "valid_obs": 16, "valid_span": 25, "significant": false }, "geometry": { "type": "Point", "coordinates": [ -176.189403863107771, -13.328802728292764 ] } },
{ "type": "Feature", "properties": { "uid": "2jdsnccsdd", "rate_time": 0.204, "sig_time": 0.083, "se_time": 0.108, "sce": 13.08, "nsm": 9.81, "valid_obs": 15, "valid_span": 25, "significant": false }, "geometry": { "type": "Point", "coordinates": [ -176.185573001162368, -13.348975893012227 ] } },
{ "type": "Feature", "properties": { "uid": "2jdsnccgb0", "rate_time": 0.115, "sig_time": 0.2, "se_time": 0.085, "sce": 9.51, "nsm": 6.46, "valid_obs": 15, "valid_span": 25, "significant": false }, "geometry": { "type": "Point", "coordinates": [ -176.18533905161965, -13.349115104700861 ] } },
{ "type": "Feature", "properties": { "uid": "2jdsnu0mdd", "rate_time": -0.021, "sig_time": 0.863, "se_time": 0.118, "sce": 11.7, "nsm": 5.89, "valid_obs": 18, "valid_span": 25, "significant": false }, "geometry": { "type": "Point", "coordinates": [ -176.187288777790286, -13.336447320313633 ] } },
{ "type": "Feature", "properties": { "uid": "2jdsnu0knp", "rate_time": 0.051, "sig_time": 0.749, "se_time": 0.156, "sce": 16.75, "nsm": 8.45, "valid_obs": 18, "valid_span": 25, "significant": false }, "geometry": { "type": "Point", "coordinates": [ -176.187141743751738, -13.336676042207676 ] } },
{ "type": "Feature", "properties": { "uid": "2jdsnu0e46", "rate_time": 0.42, "sig_time": 0.025, "se_time": 0.17, "sce": 21.69, "nsm": 14.39, "valid_obs": 18, "valid_span": 25, "significant": true }, "geometry": { "type": "Point", "coordinates": [ -176.18695505036348, -13.33687398929537 ] } },
{ "type": "Feature", "properties": { "uid": "2jdsngby87", "rate_time": 0.124, "sig_time": 0.651, "se_time": 0.268, "sce": 33.89, "nsm": 5.33, "valid_obs": 18, "valid_span": 25, "significant": false }, "geometry": { "type": "Point", "coordinates": [ -176.186699817310625, -13.337642042322011 ] } },
{ "type": "Feature", "properties": { "uid": "2jdsngbvk4", "rate_time": 0.124, "sig_time": 0.588, "se_time": 0.225, "sce": 28.32, "nsm": 7.28, "valid_obs": 18, "valid_span": 25, "significant": false }, "geometry": { "type": "Point", "coordinates": [ -176.186536979553779, -13.337860768005408 ] } },
{ "type": "Feature", "properties": { "uid": "2jdsngch07", "rate_time": 0.218, "sig_time": 0.487, "se_time": 0.306, "sce": 41.78, "nsm": 7.25, "valid_obs": 18, "valid_span": 25, "significant": false }, "geometry": { "type": "Point", "coordinates": [ -176.186358438709817, -13.338068140125614 ] } },
{ "type": "Feature", "properties": { "uid": "2jdsngc3c4", "rate_time": -0.5, "sig_time": 0.391, "se_time": 0.564, "sce": 86.95, "nsm": 3.96, "valid_obs": 16, "valid_span": 25, "significant": false }, "geometry": { "type": "Point", "coordinates": [ -176.185981144651862, -13.338464205862376 ] } },
{ "type": "Feature", "properties": { "uid": "2jdsngc2yq", "rate_time": 0.175, "sig_time": 0.594, "se_time": 0.32, "sce": 39.11, "nsm": 3.05, "valid_obs": 15, "valid_span": 25, "significant": false }, "geometry": { "type": "Point", "coordinates": [ -176.185748715312116, -13.338611761881978 ] } },
{ "type": "Feature", "properties": { "uid": "2jdsngc85f", "rate_time": 0.102, "sig_time": 0.723, "se_time": 0.282, "sce": 33.66, "nsm": 0.49, "valid_obs": 15, "valid_span": 25, "significant": false }, "geometry": { "type": "Point", "coordinates": [ -176.185519279804026, -13.338763744014177 ] } },
{ "type": "Feature", "properties": { "uid": "2jdsng9z3d", "rate_time": 0.12, "sig_time": 0.667, "se_time": 0.274, "sce": 32.85, "nsm": 0.63, "valid_obs": 15, "valid_span": 25, "significant": false }, "geometry": { "type": "Point", "coordinates": [ -176.185276271452381, -13.338893265905366 ] } },
{ "type": "Feature", "properties": { "uid": "2jdsng9yxx", "rate_time": 0.117, "sig_time": 0.739, "se_time": 0.345, "sce": 41.45, "nsm": 4.03, "valid_obs": 15, "valid_span": 25, "significant": false }, "geometry": { "type": "Point", "coordinates": [ -176.185018571091717, -13.338990657683503 ] } },
{ "type": "Feature", "properties": { "uid": "2jdsngdnmy", "rate_time": 0.122, "sig_time": 0.789, "se_time": 0.449, "sce": 53.03, "nsm": 7.18, "valid_obs": 15, "valid_span": 25, "significant": false }, "geometry": { "type": "Point", "coordinates": [ -176.184747957501344, -13.339040862916075 ] } },
{ "type": "Feature", "properties": { "uid": "2jdsngdzqb", "rate_time": 0.246, "sig_time": 0.543, "se_time": 0.394, "sce": 48.84, "nsm": -1.88, "valid_obs": 15, "valid_span": 25, "significant": false }, "geometry": { "type": "Point", "coordinates": [ -176.183676531190713, -13.338903024217128 ] } },
{ "type": "Feature", "properties": { "uid": "2jdsngg0h6", "rate_time": 0.308, "sig_time": 0.36, "se_time": 0.324, "sce": 37.62, "nsm": -0.48, "valid_obs": 15, "valid_span": 25, "significant": false }, "geometry": { "type": "Point", "coordinates": [ -176.183441096911224, -13.338760262511094 ] } },
{ "type": "Feature", "properties": { "uid": "2jdsngg315", "rate_time": 0.623, "sig_time": 0.086, "se_time": 0.335, "sce": 37.63, "nsm": 12.55, "valid_obs": 15, "valid_span": 25, "significant": false }, "geometry": { "type": "Point", "coordinates": [ -176.183231791236523, -13.338584849870227 ] } },
{ "type": "Feature", "properties": { "uid": "2jdsngg3yu", "rate_time": 0.734, "sig_time": 0.06, "se_time": 0.356, "sce": 46.06, "nsm": 17.55, "valid_obs": 15, "valid_span": 25, "significant": false }, "geometry": { "type": "Point", "coordinates": [ -176.182989433733951, -13.338453500467599 ] } },
{ "type": "Feature", "properties": { "uid": "2jdsnggdsd", "rate_time": 0.657, "sig_time": 0.105, "se_time": 0.377, "sce": 44.07, "nsm": 15.42, "valid_obs": 15, "valid_span": 25, "significant": false }, "geometry": { "type": "Point", "coordinates": [ -176.182742192822474, -13.338331280998782 ] } },
{ "type": "Feature", "properties": { "uid": "2jdsntp3zr", "rate_time": 0.273, "sig_time": 0.399, "se_time": 0.314, "sce": 40.38, "nsm": 0.11, "valid_obs": 16, "valid_span": 25, "significant": false }, "geometry": { "type": "Point", "coordinates": [ -176.188458417572889, -13.33156820829616 ] } },
{ "type": "Feature", "properties": { "uid": "2jdsnubem0", "rate_time": -0.252, "sig_time": 0.262, "se_time": 0.216, "sce": 21.92, "nsm": 3.72, "valid_obs": 16, "valid_span": 25, "significant": false }, "geometry": { "type": "Point", "coordinates": [ -176.186839938986395, -13.332720969426157 ] } },
{ "type": "Feature", "properties": { "uid": "2jdsnv0v00", "rate_time": 0.314, "sig_time": 0.159, "se_time": 0.21, "sce": 26.31, "nsm": 4.45, "valid_obs": 15, "valid_span": 25, "significant": false }, "geometry": { "type": "Point", "coordinates": [ -176.186706173057843, -13.331045802540784 ] } },
{ "type": "Feature", "properties": { "uid": "2jdsnubu69", "rate_time": -0.238, "sig_time": 0.282, "se_time": 0.212, "sce": 23.27, "nsm": 2.94, "valid_obs": 16, "valid_span": 25, "significant": false }, "geometry": { "type": "Point", "coordinates": [ -176.186605841546537, -13.332544824045431 ] } },
{ "type": "Feature", "properties": { "uid": "2jdsnv0vns", "rate_time": 0.217, "sig_time": 0.007, "se_time": 0.068, "sce": 10.81, "nsm": 5.99, "valid_obs": 15, "valid_span": 25, "significant": true }, "geometry": { "type": "Point", "coordinates": [ -176.186430212609395, -13.331026760507568 ] } },
{ "type": "Feature", "properties": { "uid": "2jdsnubvpu", "rate_time": -0.162, "sig_time": 0.367, "se_time": 0.173, "sce": 18.95, "nsm": 3.21, "valid_obs": 16, "valid_span": 25, "significant": false }, "geometry": { "type": "Point", "coordinates": [ -176.186371148658822, -13.332401093549425 ] } },
{ "type": "Feature", "properties": { "uid": "2jdsnv1jj1", "rate_time": 0.003, "sig_time": 0.991, "se_time": 0.262, "sce": 33.72, "nsm": 8.67, "valid_obs": 15, "valid_span": 25, "significant": false }, "geometry": { "type": "Point", "coordinates": [ -176.186154705069839, -13.331045390023073 ] } },
{ "type": "Feature", "properties": { "uid": "2jdsnucjvf", "rate_time": -0.026, "sig_time": 0.872, "se_time": 0.161, "sce": 17.89, "nsm": 5.72, "valid_obs": 16, "valid_span": 25, "significant": false }, "geometry": { "type": "Point", "coordinates": [ -176.1861214132947, -13.332284395726209 ] } },
{ "type": "Feature", "properties": { "uid": "2jdsnucqe8", "rate_time": -0.009, "sig_time": 0.957, "se_time": 0.155, "sce": 17.17, "nsm": 4.4, "valid_obs": 16, "valid_span": 25, "significant": false }, "geometry": { "type": "Point", "coordinates": [ -176.185872990124437, -13.332164604664339 ] } },
{ "type": "Feature", "properties": { "uid": "2jdsnucx1s", "rate_time": -0.065, "sig_time": 0.644, "se_time": 0.137, "sce": 15.26, "nsm": 2.5, "valid_obs": 16, "valid_span": 25, "significant": false }, "geometry": { "type": "Point", "coordinates": [ -176.185618646257979, -13.332058066360327 ] } },
{ "type": "Feature", "properties": { "uid": "2jdsny9h2k", "rate_time": 0.06, "sig_time": 0.889, "se_time": 0.423, "sce": 55.03, "nsm": 12.92, "valid_obs": 15, "valid_span": 25, "significant": false }, "geometry": { "type": "Point", "coordinates": [ -176.186350429164776, -13.322913237317758 ] } },
{ "type": "Feature", "properties": { "uid": "2jdsny8mx3", "rate_time": -0.037, "sig_time": 0.875, "se_time": 0.234, "sce": 30.7, "nsm": 10.17, "valid_obs": 15, "valid_span": 25, "significant": false }, "geometry": { "type": "Point", "coordinates": [ -176.187083925981568, -13.322719820374447 ] } },
{ "type": "Feature", "properties": { "uid": "2jdsny8ttv", "rate_time": 0.798, "sig_time": 0.132, "se_time": 0.497, "sce": 68.32, "nsm": 12.22, "valid_obs": 15, "valid_span": 25, "significant": false }, "geometry": { "type": "Point", "coordinates": [ -176.186808157276118, -13.322694620174209 ] } },
{ "type": "Feature", "properties": { "uid": "2jdsny8q18", "rate_time": 0.166, "sig_time": 0.295, "se_time": 0.152, "sce": 13.41, "nsm": 13.25, "valid_obs": 15, "valid_span": 25, "significant": false }, "geometry": { "type": "Point", "coordinates": [ -176.187333759853431, -13.322637443500538 ] } },
{ "type": "Feature", "properties": { "uid": "2jdsqb3w19", "rate_time": 0.36, "sig_time": 0.129, "se_time": 0.222, "sce": 30.49, "nsm": 1.42, "valid_obs": 15, "valid_span": 25, "significant": false }, "geometry": { "type": "Point", "coordinates": [ -176.185609800364858, -13.313016308738733 ] } },
{ "type": "Feature", "properties": { "uid": "2jdsqb3wry", "rate_time": 0.193, "sig_time": 0.245, "se_time": 0.159, "sce": 20.0, "nsm": 0.57, "valid_obs": 15, "valid_span": 25, "significant": false }, "geometry": { "type": "Point", "coordinates": [ -176.18534314423303, -13.312946410447109 ] } },
{ "type": "Feature", "properties": { "uid": "2jdsn1sxep", "rate_time": 1.551, "sig_time": 0.717, "se_time": 4.195, "sce": 495.55, "nsm": 13.65, "valid_obs": 16, "valid_span": 25, "significant": false }, "geometry": { "type": "Point", "coordinates": [ -176.214391502814209, -13.349809813723299 ] } },
{ "type": "Feature", "properties": { "uid": "2jdsn1ub86", "rate_time": 2.178, "sig_time": 0.617, "se_time": 4.257, "sce": 507.44, "nsm": 15.8, "valid_obs": 16, "valid_span": 25, "significant": false }, "geometry": { "type": "Point", "coordinates": [ -176.21416052560761, -13.349660459882525 ] } },
{ "type": "Feature", "properties": { "uid": "2jdsn1ucqh", "rate_time": 2.667, "sig_time": 0.554, "se_time": 4.403, "sce": 546.9, "nsm": 19.86, "valid_obs": 16, "valid_span": 25, "significant": false }, "geometry": { "type": "Point", "coordinates": [ -176.213920559694884, -13.34952578136598 ] } },
{ "type": "Feature", "properties": { "uid": "2jdstfupc0", "rate_time": 2.188, "sig_time": 0.144, "se_time": 1.414, "sce": 186.12, "nsm": 61.62, "valid_obs": 16, "valid_span": 25, "significant": false }, "geometry": { "type": "Point", "coordinates": [ -176.226152190515052, -13.255047209827005 ] } },
{ "type": "Feature", "properties": { "uid": "2jdsx5sbpw", "rate_time": 0.144, "sig_time": 0.4, "se_time": 0.166, "sce": 17.42, "nsm": 7.5, "valid_obs": 16, "valid_span": 25, "significant": false }, "geometry": { "type": "Point", "coordinates": [ -176.169906120492413, -13.252222326928116 ] } },
{ "type": "Feature", "properties": { "uid": "2jdsx5t0n0", "rate_time": 0.102, "sig_time": 0.737, "se_time": 0.298, "sce": 44.56, "nsm": 7.95, "valid_obs": 17, "valid_span": 25, "significant": false }, "geometry": { "type": "Point", "coordinates": [ -176.169631223942872, -13.252253259638831 ] } },
{ "type": "Feature", "properties": { "uid": "2jdsx5mvy4", "rate_time": 0.316, "sig_time": 0.377, "se_time": 0.348, "sce": 45.11, "nsm": 5.64, "valid_obs": 20, "valid_span": 25, "significant": false }, "geometry": { "type": "Point", "coordinates": [ -176.168598985700811, -13.252630744720468 ] } },
{ "type": "Feature", "properties": { "uid": "2jdsx5qhgw", "rate_time": 0.106, "sig_time": 0.349, "se_time": 0.11, "sce": 13.21, "nsm": 6.16, "valid_obs": 20, "valid_span": 25, "significant": false }, "geometry": { "type": "Point", "coordinates": [ -176.168367714148786, -13.252779582519915 ] } },
{ "type": "Feature", "properties": { "uid": "2jdsx5qk0g", "rate_time": 0.146, "sig_time": 0.156, "se_time": 0.098, "sce": 12.09, "nsm": 8.46, "valid_obs": 20, "valid_span": 25, "significant": false }, "geometry": { "type": "Point", "coordinates": [ -176.168135578182984, -13.252927377153346 ] } },
{ "type": "Feature", "properties": { "uid": "2jdsx5q7ju", "rate_time": 0.161, "sig_time": 0.103, "se_time": 0.094, "sce": 10.8, "nsm": 10.69, "valid_obs": 20, "valid_span": 25, "significant": false }, "geometry": { "type": "Point", "coordinates": [ -176.167917252711476, -13.25309356155984 ] } },
{ "type": "Feature", "properties": { "uid": "2jdsx5q9mn", "rate_time": 0.214, "sig_time": 0.049, "se_time": 0.101, "sce": 13.92, "nsm": 13.52, "valid_obs": 20, "valid_span": 25, "significant": true }, "geometry": { "type": "Point", "coordinates": [ -176.167612627333739, -13.253381311926136 ] } },
{ "type": "Feature", "properties": { "uid": "2jdswn2mzc", "rate_time": 0.124, "sig_time": 0.524, "se_time": 0.19, "sce": 26.75, "nsm": -1.1, "valid_obs": 19, "valid_span": 25, "significant": false }, "geometry": { "type": "Point", "coordinates": [ -176.220020359334598, -13.236156456942595 ] } },
{ "type": "Feature", "properties": { "uid": "2jdswn2rjr", "rate_time": 0.143, "sig_time": 0.494, "se_time": 0.205, "sce": 27.29, "nsm": -0.52, "valid_obs": 19, "valid_span": 25, "significant": false }, "geometry": { "type": "Point", "coordinates": [ -176.220130581576569, -13.235911955791332 ] } },
{ "type": "Feature", "properties": { "uid": "2jdswn823n", "rate_time": 0.074, "sig_time": 0.778, "se_time": 0.259, "sce": 37.94, "nsm": -0.46, "valid_obs": 19, "valid_span": 25, "significant": false }, "geometry": { "type": "Point", "coordinates": [ -176.220306441688734, -13.235703302658985 ] } },
{ "type": "Feature", "properties": { "uid": "2jdswn81s9", "rate_time": -0.081, "sig_time": 0.801, "se_time": 0.317, "sce": 59.13, "nsm": 1.19, "valid_obs": 18, "valid_span": 25, "significant": false }, "geometry": { "type": "Point", "coordinates": [ -176.220506440747783, -13.235515891070129 ] } },
{ "type": "Feature", "properties": { "uid": "2jdstyxfxg", "rate_time": 0.116, "sig_time": 0.386, "se_time": 0.13, "sce": 17.61, "nsm": 0.75, "valid_obs": 17, "valid_span": 25, "significant": false }, "geometry": { "type": "Point", "coordinates": [ -176.220706339023451, -13.235328290875511 ] } },
{ "type": "Feature", "properties": { "uid": "2jdstyxguz", "rate_time": 0.063, "sig_time": 0.558, "se_time": 0.106, "sce": 12.07, "nsm": -0.66, "valid_obs": 17, "valid_span": 25, "significant": false }, "geometry": { "type": "Point", "coordinates": [ -176.220839350769182, -13.235094568798003 ] } },
{ "type": "Feature", "properties": { "uid": "2jdswyexcb", "rate_time": 0.065, "sig_time": 0.85, "se_time": 0.336, "sce": 48.82, "nsm": 5.8, "valid_obs": 18, "valid_span": 25, "significant": false }, "geometry": { "type": "Point", "coordinates": [ -176.18285227918787, -13.234446212097449 ] } },
{ "type": "Feature", "properties": { "uid": "2jdswp6r2q", "rate_time": 0.798, "sig_time": 0.217, "se_time": 0.62, "sce": 114.61, "nsm": 6.7, "valid_obs": 18, "valid_span": 25, "significant": false }, "geometry": { "type": "Point", "coordinates": [ -176.217597934967841, -13.230376967282282 ] } },
{ "type": "Feature", "properties": { "uid": "2jdswp6rwc", "rate_time": 0.644, "sig_time": 0.097, "se_time": 0.366, "sce": 66.86, "nsm": 5.91, "valid_obs": 18, "valid_span": 25, "significant": false }, "geometry": { "type": "Point", "coordinates": [ -176.217321423763252, -13.230365649088339 ] } },
{ "type": "Feature", "properties": { "uid": "2jdsy0ms76", "rate_time": -0.011, "sig_time": 0.929, "se_time": 0.119, "sce": 15.11, "nsm": 0.27, "valid_obs": 17, "valid_span": 25, "significant": false }, "geometry": { "type": "Point", "coordinates": [ -176.213006498790577, -13.225423241380479 ] } },
{ "type": "Feature", "properties": { "uid": "2jdsy0mtgk", "rate_time": 0.126, "sig_time": 0.442, "se_time": 0.159, "sce": 20.6, "nsm": 2.62, "valid_obs": 17, "valid_span": 25, "significant": false }, "geometry": { "type": "Point", "coordinates": [ -176.213003554126686, -13.225152734255857 ] } },
{ "type": "Feature", "properties": { "uid": "2jdsy0mxbu", "rate_time": 0.251, "sig_time": 0.561, "se_time": 0.422, "sce": 58.41, "nsm": 1.1, "valid_obs": 17, "valid_span": 25, "significant": false }, "geometry": { "type": "Point", "coordinates": [ -176.213110890179564, -13.224809036025873 ] } },
{ "type": "Feature", "properties": { "uid": "2jdsy8w600", "rate_time": 0.902, "sig_time": 0.058, "se_time": 0.439, "sce": 68.52, "nsm": 13.55, "valid_obs": 17, "valid_span": 25, "significant": false }, "geometry": { "type": "Point", "coordinates": [ -176.190140994504105, -13.224445225029081 ] } },
{ "type": "Feature", "properties": { "uid": "2jdsy8w6nt", "rate_time": 0.63, "sig_time": 0.222, "se_time": 0.494, "sce": 63.27, "nsm": 11.4, "valid_obs": 17, "valid_span": 25, "significant": false }, "geometry": { "type": "Point", "coordinates": [ -176.18986558618451, -13.224418953088335 ] } },
{ "type": "Feature", "properties": { "uid": "2jdsy8x41s", "rate_time": 0.653, "sig_time": 0.01, "se_time": 0.222, "sce": 32.01, "nsm": 15.72, "valid_obs": 17, "valid_span": 25, "significant": true }, "geometry": { "type": "Point", "coordinates": [ -176.189042894945402, -13.22442519996957 ] } },
{ "type": "Feature", "properties": { "uid": "2jdsy8x3bh", "rate_time": 0.497, "sig_time": 0.011, "se_time": 0.171, "sce": 25.69, "nsm": 14.43, "valid_obs": 17, "valid_span": 25, "significant": true }, "geometry": { "type": "Point", "coordinates": [ -176.188771553454217, -13.224467080826004 ] } },
{ "type": "Feature", "properties": { "uid": "2jdsy8x3ys", "rate_time": 0.487, "sig_time": 0.122, "se_time": 0.297, "sce": 46.24, "nsm": 12.32, "valid_obs": 17, "valid_span": 25, "significant": false }, "geometry": { "type": "Point", "coordinates": [ -176.188494760625304, -13.224466248225209 ] } },
{ "type": "Feature", "properties": { "uid": "2jdsyb2c0j", "rate_time": 0.751, "sig_time": 0.0, "se_time": 0.117, "sce": 22.34, "nsm": 17.37, "valid_obs": 18, "valid_span": 25, "significant": true }, "geometry": { "type": "Point", "coordinates": [ -176.186710666917691, -13.225963649594949 ] } },
{ "type": "Feature", "properties": { "uid": "2jdsyb2bhu", "rate_time": 0.818, "sig_time": 0.0, "se_time": 0.139, "sce": 28.02, "nsm": 17.61, "valid_obs": 18, "valid_span": 25, "significant": true }, "geometry": { "type": "Point", "coordinates": [ -176.186503332045049, -13.226143272500691 ] } },
{ "type": "Feature", "properties": { "uid": "2jdsyreshe", "rate_time": 0.038, "sig_time": 0.419, "se_time": 0.045, "sce": 5.12, "nsm": 2.28, "valid_obs": 15, "valid_span": 25, "significant": false }, "geometry": { "type": "Point", "coordinates": [ -176.204713362212487, -13.185633635175712 ] } },
{ "type": "Feature", "properties": { "uid": "2jdsz1sx65", "rate_time": 2.408, "sig_time": 0.111, "se_time": 1.442, "sce": 242.51, "nsm": 40.8, "valid_obs": 21, "valid_span": 25, "significant": false }, "geometry": { "type": "Point", "coordinates": [ -176.170483456824428, -13.218035789432422 ] } },
{ "type": "Feature", "properties": { "uid": "2jdsz1sxzf", "rate_time": 1.75, "sig_time": 0.264, "se_time": 1.52, "sce": 237.29, "nsm": 33.09, "valid_obs": 21, "valid_span": 25, "significant": false }, "geometry": { "type": "Point", "coordinates": [ -176.170244689758533, -13.217956317136077 ] } },
{ "type": "Feature", "properties": { "uid": "2jdsz1t13x", "rate_time": 0.129, "sig_time": 0.141, "se_time": 0.084, "sce": 12.97, "nsm": 1.74, "valid_obs": 21, "valid_span": 25, "significant": false }, "geometry": { "type": "Point", "coordinates": [ -176.169818818301792, -13.219043628124609 ] } },
{ "type": "Feature", "properties": { "uid": "2jdsz1t20b", "rate_time": 0.16, "sig_time": 0.38, "se_time": 0.179, "sce": 30.43, "nsm": 1.44, "valid_obs": 21, "valid_span": 25, "significant": false }, "geometry": { "type": "Point", "coordinates": [ -176.169508531212131, -13.21929580476244 ] } },
{ "type": "Feature", "properties": { "uid": "2jdsy3wdyr", "rate_time": 0.386, "sig_time": 0.373, "se_time": 0.421, "sce": 63.88, "nsm": 8.97, "valid_obs": 18, "valid_span": 25, "significant": false }, "geometry": { "type": "Point", "coordinates": [ -176.200520418735806, -13.218785931603309 ] } },
{ "type": "Feature", "properties": { "uid": "2jdsy3wf5d", "rate_time": 0.078, "sig_time": 0.118, "se_time": 0.047, "sce": 5.53, "nsm": 5.14, "valid_obs": 17, "valid_span": 25, "significant": false }, "geometry": { "type": "Point", "coordinates": [ -176.200293684538167, -13.218940252328665 ] } },
{ "type": "Feature", "properties": { "uid": "2jdsy3x19e", "rate_time": 0.14, "sig_time": 0.019, "se_time": 0.053, "sce": 8.42, "nsm": 5.86, "valid_obs": 17, "valid_span": 25, "significant": true }, "geometry": { "type": "Point", "coordinates": [ -176.200031484421146, -13.219025357759289 ] } },
{ "type": "Feature", "properties": { "uid": "2jdsy986kx", "rate_time": 0.034, "sig_time": 0.596, "se_time": 0.062, "sce": 7.61, "nsm": 5.78, "valid_obs": 17, "valid_span": 25, "significant": false }, "geometry": { "type": "Point", "coordinates": [ -176.198185987384875, -13.21887285908222 ] } },
{ "type": "Feature", "properties": { "uid": "2jdsy989dq", "rate_time": 0.203, "sig_time": 0.01, "se_time": 0.07, "sce": 11.02, "nsm": 11.02, "valid_obs": 17, "valid_span": 25, "significant": true }, "geometry": { "type": "Point", "coordinates": [ -176.197946808624721, -13.219009477499776 ] } },
{ "type": "Feature", "properties": { "uid": "2jdsy988zu", "rate_time": 0.272, "sig_time": 0.008, "se_time": 0.088, "sce": 14.06, "nsm": 14.01, "valid_obs": 17, "valid_span": 25, "significant": true }, "geometry": { "type": "Point", "coordinates": [ -176.197708342711366, -13.219147295061036 ] } },
{ "type": "Feature", "properties": { "uid": "2jdsy98bj7", "rate_time": 0.29, "sig_time": 0.003, "se_time": 0.081, "sce": 13.26, "nsm": 12.92, "valid_obs": 17, "valid_span": 25, "significant": true }, "geometry": { "type": "Point", "coordinates": [ -176.197467705634409, -13.219281250434026 ] } },
{ "type": "Feature", "properties": { "uid": "2jdsyukf37", "rate_time": 0.61, "sig_time": 0.165, "se_time": 0.417, "sce": 68.27, "nsm": -1.64, "valid_obs": 16, "valid_span": 25, "significant": false }, "geometry": { "type": "Point", "coordinates": [ -176.181160269789842, -13.203788759531243 ] } },
{ "type": "Feature", "properties": { "uid": "2jdsyukgq6", "rate_time": 0.37, "sig_time": 0.445, "se_time": 0.471, "sce": 79.41, "nsm": -1.28, "valid_obs": 16, "valid_span": 25, "significant": false }, "geometry": { "type": "Point", "coordinates": [ -176.180944918248827, -13.203619965338664 ] } },
{ "type": "Feature", "properties": { "uid": "2jdsyumhh1", "rate_time": 0.197, "sig_time": 0.625, "se_time": 0.394, "sce": 53.6, "nsm": -3.39, "valid_obs": 15, "valid_span": 25, "significant": false }, "geometry": { "type": "Point", "coordinates": [ -176.180697334741041, -13.203498590152311 ] } },
{ "type": "Feature", "properties": { "uid": "2jdsyumwsp", "rate_time": -0.809, "sig_time": 0.582, "se_time": 1.435, "sce": 174.27, "nsm": -14.54, "valid_obs": 16, "valid_span": 25, "significant": false }, "geometry": { "type": "Point", "coordinates": [ -176.180012966623565, -13.203039253248201 ] } },
{ "type": "Feature", "properties": { "uid": "2jdsyujuxp", "rate_time": -0.023, "sig_time": 0.775, "se_time": 0.079, "sce": 11.24, "nsm": -2.61, "valid_obs": 17, "valid_span": 25, "significant": false }, "geometry": { "type": "Point", "coordinates": [ -176.179540329416966, -13.204751674060111 ] } },
{ "type": "Feature", "properties": { "uid": "2jdsyun5u0", "rate_time": -0.046, "sig_time": 0.594, "se_time": 0.085, "sce": 11.01, "nsm": -2.44, "valid_obs": 17, "valid_span": 25, "significant": false }, "geometry": { "type": "Point", "coordinates": [ -176.179322341996794, -13.204918888786063 ] } },
{ "type": "Feature", "properties": { "uid": "2jdsyun6c6", "rate_time": 0.077, "sig_time": 0.36, "se_time": 0.081, "sce": 10.22, "nsm": -1.44, "valid_obs": 17, "valid_span": 25, "significant": false }, "geometry": { "type": "Point", "coordinates": [ -176.179102218180333, -13.205083238409058 ] } },
{ "type": "Feature", "properties": { "uid": "2jdsyun3yt", "rate_time": -0.037, "sig_time": 0.697, "se_time": 0.092, "sce": 10.64, "nsm": -0.18, "valid_obs": 17, "valid_span": 25, "significant": false }, "geometry": { "type": "Point", "coordinates": [ -176.178874816437798, -13.20523780193996 ] } },
{ "type": "Feature", "properties": { "uid": "2jdsyun9hq", "rate_time": 0.089, "sig_time": 0.266, "se_time": 0.077, "sce": 10.38, "nsm": 0.35, "valid_obs": 17, "valid_span": 25, "significant": false }, "geometry": { "type": "Point", "coordinates": [ -176.178630469860707, -13.205361947861419 ] } },
{ "type": "Feature", "properties": { "uid": "2jdsyunbdm", "rate_time": 0.011, "sig_time": 0.888, "se_time": 0.076, "sce": 9.35, "nsm": -0.97, "valid_obs": 17, "valid_span": 25, "significant": false }, "geometry": { "type": "Point", "coordinates": [ -176.178368342957413, -13.205449221560672 ] } },
{ "type": "Feature", "properties": { "uid": "2jdsyup00s", "rate_time": 0.11, "sig_time": 0.158, "se_time": 0.074, "sce": 12.0, "nsm": 1.31, "valid_obs": 17, "valid_span": 25, "significant": false }, "geometry": { "type": "Point", "coordinates": [ -176.178109021838111, -13.205543477369842 ] } },
{ "type": "Feature", "properties": { "uid": "2jdsytzbbn", "rate_time": -8.952, "sig_time": 0.507, "se_time": 13.26, "sce": 1773.24, "nsm": -13.96, "valid_obs": 22, "valid_span": 25, "significant": false }, "geometry": { "type": "Point", "coordinates": [ -176.188077816737632, -13.195790600947234 ] } },
{ "type": "Feature", "properties": { "uid": "2jdsyv8ps0", "rate_time": -11.236, "sig_time": 0.425, "se_time": 13.782, "sce": 1773.53, "nsm": -4.74, "valid_obs": 22, "valid_span": 25, "significant": false }, "geometry": { "type": "Point", "coordinates": [ -176.187570469168662, -13.196038368552751 ] } },
{ "type": "Feature", "properties": { "uid": "2jdsyvb0zb", "rate_time": -5.373, "sig_time": 0.684, "se_time": 13.018, "sce": 2221.57, "nsm": 4.37, "valid_obs": 22, "valid_span": 25, "significant": false }, "geometry": { "type": "Point", "coordinates": [ -176.187404608756225, -13.195821188898599 ] } },
{ "type": "Feature", "properties": { "uid": "2jdsyugh9z", "rate_time": 1.976, "sig_time": 0.907, "se_time": 16.66, "sce": 2729.1, "nsm": -19.18, "valid_obs": 22, "valid_span": 25, "significant": false }, "geometry": { "type": "Point", "coordinates": [ -176.183545612722895, -13.200634997589855 ] } },
{ "type": "Feature", "properties": { "uid": "2jdsyugjvy", "rate_time": -17.206, "sig_time": 0.315, "se_time": 16.71, "sce": 2726.99, "nsm": -20.16, "valid_obs": 22, "valid_span": 25, "significant": false }, "geometry": { "type": "Point", "coordinates": [ -176.183370039102584, -13.200426107650674 ] } },
{ "type": "Feature", "properties": { "uid": "2jdsyughn3", "rate_time": 2.107, "sig_time": 0.901, "se_time": 16.691, "sce": 2777.75, "nsm": -10.71, "valid_obs": 22, "valid_span": 25, "significant": false }, "geometry": { "type": "Point", "coordinates": [ -176.183350054647008, -13.200752963494613 ] } },
{ "type": "Feature", "properties": { "uid": "2jdsyugr1x", "rate_time": -20.065, "sig_time": 0.232, "se_time": 16.288, "sce": 2891.96, "nsm": -13.32, "valid_obs": 22, "valid_span": 25, "significant": false }, "geometry": { "type": "Point", "coordinates": [ -176.183212787832247, -13.200202864452466 ] } },
{ "type": "Feature", "properties": { "uid": "2jdsyug7uv", "rate_time": 6.202, "sig_time": 0.71, "se_time": 16.434, "sce": 2824.64, "nsm": -9.0, "valid_obs": 22, "valid_span": 25, "significant": false }, "geometry": { "type": "Point", "coordinates": [ -176.183076744696677, -13.200772683320313 ] } },
{ "type": "Feature", "properties": { "uid": "2jdsyv52mx", "rate_time": -14.399, "sig_time": 0.404, "se_time": 16.874, "sce": 2889.79, "nsm": -0.67, "valid_obs": 22, "valid_span": 25, "significant": false }, "geometry": { "type": "Point", "coordinates": [ -176.183043273494206, -13.199988890218716 ] } },
{ "type": "Feature", "properties": { "uid": "2jdsyv59c1", "rate_time": -4.53, "sig_time": 0.787, "se_time": 16.551, "sce": 2221.34, "nsm": 21.06, "valid_obs": 22, "valid_span": 25, "significant": false }, "geometry": { "type": "Point", "coordinates": [ -176.182891972496151, -13.199764279199817 ] } },
{ "type": "Feature", "properties": { "uid": "2jdsyugs6b", "rate_time": 6.193, "sig_time": 0.712, "se_time": 16.532, "sce": 2859.6, "nsm": -5.63, "valid_obs": 22, "valid_span": 25, "significant": false }, "geometry": { "type": "Point", "coordinates": [ -176.182809374787212, -13.200712324551123 ] } },
{ "type": "Feature", "properties": { "uid": "2jdsyugv0r", "rate_time": -12.989, "sig_time": 0.454, "se_time": 17.009, "sce": 3046.26, "nsm": -1.58, "valid_obs": 22, "valid_span": 25, "significant": false }, "geometry": { "type": "Point", "coordinates": [ -176.182575724251052, -13.20055063325068 ] } },
{ "type": "Feature", "properties": { "uid": "2jdsyw7mnn", "rate_time": 0.27, "sig_time": 0.023, "se_time": 0.108, "sce": 16.06, "nsm": 9.31, "valid_obs": 19, "valid_span": 25, "significant": true }, "geometry": { "type": "Point", "coordinates": [ -176.194008134680018, -13.192310937952135 ] } },
{ "type": "Feature", "properties": { "uid": "2jdsyw7efp", "rate_time": 0.199, "sig_time": 0.061, "se_time": 0.099, "sce": 14.52, "nsm": 6.31, "valid_obs": 19, "valid_span": 25, "significant": false }, "geometry": { "type": "Point", "coordinates": [ -176.193832972674869, -13.192520948020507 ] } },
{ "type": "Feature", "properties": { "uid": "2jdsyw7dy0", "rate_time": -0.047, "sig_time": 0.557, "se_time": 0.079, "sce": 9.88, "nsm": 2.33, "valid_obs": 19, "valid_span": 25, "significant": false }, "geometry": { "type": "Point", "coordinates": [ -176.193657683842531, -13.192730701557156 ] } },
{ "type": "Feature", "properties": { "uid": "2jdsywgv18", "rate_time": -0.087, "sig_time": 0.401, "se_time": 0.101, "sce": 14.12, "nsm": 0.76, "valid_obs": 17, "valid_span": 25, "significant": false }, "geometry": { "type": "Point", "coordinates": [ -176.193506853369655, -13.189599732169663 ] } },
{ "type": "Feature", "properties": { "uid": "2jdsyw7c3y", "rate_time": 0.058, "sig_time": 0.424, "se_time": 0.071, "sce": 8.96, "nsm": 1.38, "valid_obs": 19, "valid_span": 25, "significant": false }, "geometry": { "type": "Point", "coordinates": [ -176.193504694790988, -13.192956416576948 ] } },
{ "type": "Feature", "properties": { "uid": "2jdsyw7bjk", "rate_time": 0.108, "sig_time": 0.22, "se_time": 0.085, "sce": 11.15, "nsm": 1.81, "valid_obs": 19, "valid_span": 25, "significant": false }, "geometry": { "type": "Point", "coordinates": [ -176.193353609203029, -13.193183532126064 ] } },
{ "type": "Feature", "properties": { "uid": "2jdsywhnc5", "rate_time": 0.14, "sig_time": 0.072, "se_time": 0.073, "sce": 10.13, "nsm": 1.97, "valid_obs": 19, "valid_span": 25, "significant": false }, "geometry": { "type": "Point", "coordinates": [ -176.193189122526405, -13.193401170108002 ] } },
{ "type": "Feature", "properties": { "uid": "2jdsywhjy5", "rate_time": 0.187, "sig_time": 0.033, "se_time": 0.081, "sce": 11.26, "nsm": 3.51, "valid_obs": 19, "valid_span": 25, "significant": true }, "geometry": { "type": "Point", "coordinates": [ -176.19297771814891, -13.193575678598195 ] } },
{ "type": "Feature", "properties": { "uid": "2jdsywhkgq", "rate_time": 0.28, "sig_time": 0.274, "se_time": 0.248, "sce": 47.44, "nsm": 14.76, "valid_obs": 19, "valid_span": 25, "significant": false }, "geometry": { "type": "Point", "coordinates": [ -176.192751143976523, -13.193731003709738 ] } },
{ "type": "Feature", "properties": { "uid": "2jdsytvnpe", "rate_time": 1.223, "sig_time": 0.301, "se_time": 1.141, "sce": 171.7, "nsm": null, "valid_obs": 17, "valid_span": 24, "significant": false }, "geometry": { "type": "Point", "coordinates": [ -176.191536022916722, -13.194906305747262 ] } },
{ "type": "Feature", "properties": { "uid": "2jdsytvqms", "rate_time": 4.115, "sig_time": 0.0, "se_time": 0.719, "sce": 122.56, "nsm": 122.56, "valid_obs": 18, "valid_span": 25, "significant": true }, "geometry": { "type": "Point", "coordinates": [ -176.1912749991547, -13.194858418329829 ] } },
{ "type": "Feature", "properties": { "uid": "2jdsywcjcn", "rate_time": -0.181, "sig_time": 0.143, "se_time": 0.117, "sce": 16.16, "nsm": -1.31, "valid_obs": 17, "valid_span": 25, "significant": false }, "geometry": { "type": "Point", "coordinates": [ -176.197310006364091, -13.189438005336122 ] } },
{ "type": "Feature", "properties": { "uid": "2jdsyx35gf", "rate_time": -0.156, "sig_time": 0.169, "se_time": 0.108, "sce": 12.15, "nsm": -2.38, "valid_obs": 17, "valid_span": 25, "significant": false }, "geometry": { "type": "Point", "coordinates": [ -176.197192960302289, -13.187056695289966 ] } },
{ "type": "Feature", "properties": { "uid": "2jdsywchvu", "rate_time": -0.08, "sig_time": 0.417, "se_time": 0.096, "sce": 11.05, "nsm": -0.05, "valid_obs": 17, "valid_span": 25, "significant": false }, "geometry": { "type": "Point", "coordinates": [ -176.197106463939349, -13.189621691534272 ] } },
{ "type": "Feature", "properties": { "uid": "2jdsywc7f2", "rate_time": -0.018, "sig_time": 0.833, "se_time": 0.082, "sce": 8.22, "nsm": 2.5, "valid_obs": 17, "valid_span": 25, "significant": false }, "geometry": { "type": "Point", "coordinates": [ -176.196909481606809, -13.189812235301256 ] } },
{ "type": "Feature", "properties": { "uid": "2jdsywc6xn", "rate_time": -0.043, "sig_time": 0.612, "se_time": 0.083, "sce": 9.03, "nsm": 3.81, "valid_obs": 17, "valid_span": 25, "significant": false }, "geometry": { "type": "Point", "coordinates": [ -176.196707024405868, -13.189997119900058 ] } },
{ "type": "Feature", "properties": { "uid": "2jdsywc9sn", "rate_time": -0.192, "sig_time": 0.621, "se_time": 0.381, "sce": 59.04, "nsm": 3.31, "valid_obs": 18, "valid_span": 25, "significant": false }, "geometry": { "type": "Point", "coordinates": [ -176.196494238096392, -13.190170494967072 ] } },
{ "type": "Feature", "properties": { "uid": "2jdsywcbcd", "rate_time": -0.162, "sig_time": 0.408, "se_time": 0.19, "sce": 30.42, "nsm": 1.36, "valid_obs": 18, "valid_span": 25, "significant": false }, "geometry": { "type": "Point", "coordinates": [ -176.196262177884876, -13.190318333023768 ] } },
{ "type": "Feature", "properties": { "uid": "2jdsyw9zys", "rate_time": -0.09, "sig_time": 0.113, "se_time": 0.054, "sce": 8.87, "nsm": -1.07, "valid_obs": 18, "valid_span": 25, "significant": false }, "geometry": { "type": "Point", "coordinates": [ -176.196041404293624, -13.190481612685391 ] } },
{ "type": "Feature", "properties": { "uid": "2jdsywdng3", "rate_time": -0.258, "sig_time": 0.049, "se_time": 0.121, "sce": 22.77, "nsm": -2.54, "valid_obs": 18, "valid_span": 25, "significant": true }, "geometry": { "type": "Point", "coordinates": [ -176.195839542170063, -13.190665939941391 ] } },
{ "type": "Feature", "properties": { "uid": "2jdsywdjxv", "rate_time": -0.207, "sig_time": 0.077, "se_time": 0.109, "sce": 14.92, "nsm": -3.25, "valid_obs": 18, "valid_span": 25, "significant": false }, "geometry": { "type": "Point", "coordinates": [ -176.195646007099668, -13.190859816620076 ] } },
{ "type": "Feature", "properties": { "uid": "2jdsywdktp", "rate_time": -0.151, "sig_time": 0.155, "se_time": 0.101, "sce": 14.75, "nsm": -3.31, "valid_obs": 18, "valid_span": 25, "significant": false }, "geometry": { "type": "Point", "coordinates": [ -176.195422652635983, -13.191019613329534 ] } },
{ "type": "Feature", "properties": { "uid": "2jdsywdef3", "rate_time": -0.1, "sig_time": 0.722, "se_time": 0.277, "sce": 42.9, "nsm": -2.96, "valid_obs": 19, "valid_span": 25, "significant": false }, "geometry": { "type": "Point", "coordinates": [ -176.195199892129409, -13.191180551043685 ] } },
{ "type": "Feature", "properties": { "uid": "2jdsywddwy", "rate_time": -0.137, "sig_time": 0.241, "se_time": 0.112, "sce": 18.49, "nsm": -1.82, "valid_obs": 19, "valid_span": 25, "significant": false }, "geometry": { "type": "Point", "coordinates": [ -176.195002099409038, -13.191369598827157 ] } },
{ "type": "Feature", "properties": { "uid": "2jdsywdce1", "rate_time": -0.108, "sig_time": 0.148, "se_time": 0.071, "sce": 8.17, "nsm": -0.04, "valid_obs": 19, "valid_span": 25, "significant": false }, "geometry": { "type": "Point", "coordinates": [ -176.194816107102952, -13.191570470946903 ] } },
{ "type": "Feature", "properties": { "uid": "2jdsyx4gkc", "rate_time": 0.61, "sig_time": 0.154, "se_time": 0.406, "sce": 64.62, "nsm": 49.19, "valid_obs": 17, "valid_span": 25, "significant": false }, "geometry": { "type": "Point", "coordinates": [ -176.19474624576668, -13.188521050564892 ] } },
{ "type": "Feature", "properties": { "uid": "2jdsywdbry", "rate_time": -0.015, "sig_time": 0.818, "se_time": 0.064, "sce": 7.34, "nsm": 3.22, "valid_obs": 19, "valid_span": 25, "significant": false }, "geometry": { "type": "Point", "coordinates": [ -176.194613942494925, -13.191755774504431 ] } },
{ "type": "Feature", "properties": { "uid": "2jdsyw7pkv", "rate_time": 0.128, "sig_time": 0.107, "se_time": 0.075, "sce": 9.41, "nsm": 6.95, "valid_obs": 19, "valid_span": 25, "significant": false }, "geometry": { "type": "Point", "coordinates": [ -176.194404075995209, -13.191932601301462 ] } },
{ "type": "Feature", "properties": { "uid": "2jdsyw7q3e", "rate_time": 0.245, "sig_time": 0.018, "se_time": 0.094, "sce": 13.56, "nsm": 9.26, "valid_obs": 19, "valid_span": 25, "significant": true }, "geometry": { "type": "Point", "coordinates": [ -176.194199784659361, -13.192115239105336 ] } },
{ "type": "Feature", "properties": { "uid": "2jdsyx4sp4", "rate_time": -0.163, "sig_time": 0.482, "se_time": 0.225, "sce": 24.03, "nsm": -19.93, "valid_obs": 17, "valid_span": 25, "significant": false }, "geometry": { "type": "Point", "coordinates": [ -176.194987031396067, -13.188387804443144 ] } },
{ "type": "Feature", "properties": { "uid": "2jdsyx4scs", "rate_time": -0.108, "sig_time": 0.634, "se_time": 0.222, "sce": 26.64, "nsm": -5.62, "valid_obs": 17, "valid_span": 25, "significant": false }, "geometry": { "type": "Point", "coordinates": [ -176.195223474629131, -13.188247229479243 ] } },
{ "type": "Feature", "properties": { "uid": "2jdsyx4msr", "rate_time": -0.037, "sig_time": 0.855, "se_time": 0.202, "sce": 24.56, "nsm": -3.27, "valid_obs": 17, "valid_span": 25, "significant": false }, "geometry": { "type": "Point", "coordinates": [ -176.195457422095075, -13.188102752251718 ] } },
{ "type": "Feature", "properties": { "uid": "2jdsyx4nqx", "rate_time": 0.005, "sig_time": 0.978, "se_time": 0.191, "sce": 21.84, "nsm": -2.93, "valid_obs": 17, "valid_span": 25, "significant": false }, "geometry": { "type": "Point", "coordinates": [ -176.195699398733609, -13.187971290416346 ] } },
{ "type": "Feature", "properties": { "uid": "2jdsyx4p3k", "rate_time": 0.081, "sig_time": 0.624, "se_time": 0.161, "sce": 19.88, "nsm": -1.22, "valid_obs": 17, "valid_span": 25, "significant": false }, "geometry": { "type": "Point", "coordinates": [ -176.195926453286916, -13.187816143852654 ] } },
{ "type": "Feature", "properties": { "uid": "2jdsyrq0j2", "rate_time": 0.135, "sig_time": 0.147, "se_time": 0.089, "sce": 11.43, "nsm": 0.06, "valid_obs": 17, "valid_span": 25, "significant": false }, "geometry": { "type": "Point", "coordinates": [ -176.201246083399354, -13.187711044628308 ] } },
{ "type": "Feature", "properties": { "uid": "2jdsyrq31x", "rate_time": 0.093, "sig_time": 0.425, "se_time": 0.113, "sce": 15.9, "nsm": -1.38, "valid_obs": 17, "valid_span": 25, "significant": false }, "geometry": { "type": "Point", "coordinates": [ -176.201067895043707, -13.187503838474662 ] } },
{ "type": "Feature", "properties": { "uid": "2jdsyrq6q4", "rate_time": 0.199, "sig_time": 0.555, "se_time": 0.33, "sce": 45.05, "nsm": -1.84, "valid_obs": 17, "valid_span": 25, "significant": false }, "geometry": { "type": "Point", "coordinates": [ -176.200868969973612, -13.187316030639233 ] } },
{ "type": "Feature", "properties": { "uid": "2jdsyrqe74", "rate_time": 0.356, "sig_time": 0.1, "se_time": 0.203, "sce": 31.78, "nsm": -1.83, "valid_obs": 17, "valid_span": 25, "significant": false }, "geometry": { "type": "Point", "coordinates": [ -176.200654704741538, -13.187144276154209 ] } },
{ "type": "Feature", "properties": { "uid": "2jdsyrphsn", "rate_time": 0.365, "sig_time": 0.105, "se_time": 0.213, "sce": 43.05, "nsm": 2.02, "valid_obs": 19, "valid_span": 25, "significant": false }, "geometry": { "type": "Point", "coordinates": [ -176.199926505465555, -13.18828111459664 ] } },
{ "type": "Feature", "properties": { "uid": "2jdsyrpm47", "rate_time": 0.143, "sig_time": 0.222, "se_time": 0.113, "sce": 18.98, "nsm": 1.95, "valid_obs": 19, "valid_span": 25, "significant": false }, "geometry": { "type": "Point", "coordinates": [ -176.199660249130773, -13.188207228614825 ] } },
{ "type": "Feature", "properties": { "uid": "2jdsyrpt29", "rate_time": 0.034, "sig_time": 0.751, "se_time": 0.105, "sce": 17.77, "nsm": 1.04, "valid_obs": 19, "valid_span": 25, "significant": false }, "geometry": { "type": "Point", "coordinates": [ -176.199387546270259, -13.188178359848171 ] } },
{ "type": "Feature", "properties": { "uid": "2jdsyrpsyz", "rate_time": -0.067, "sig_time": 0.548, "se_time": 0.109, "sce": 16.82, "nsm": 0.51, "valid_obs": 19, "valid_span": 25, "significant": false }, "geometry": { "type": "Point", "coordinates": [ -176.19912011224082, -13.18823158413494 ] } },
{ "type": "Feature", "properties": { "uid": "2jdsyrpuku", "rate_time": -0.093, "sig_time": 0.4, "se_time": 0.108, "sce": 14.95, "nsm": 0.35, "valid_obs": 19, "valid_span": 25, "significant": false }, "geometry": { "type": "Point", "coordinates": [ -176.198864173770147, -13.188334602150048 ] } },
{ "type": "Feature", "properties": { "uid": "2jdsyx8j1h", "rate_time": 1.376, "sig_time": 0.262, "se_time": 1.18, "sce": 154.23, "nsm": 24.63, "valid_obs": 17, "valid_span": 25, "significant": false }, "geometry": { "type": "Point", "coordinates": [ -176.198685900869776, -13.185460130001646 ] } },
{ "type": "Feature", "properties": { "uid": "2jdsyx05dw", "rate_time": -0.073, "sig_time": 0.522, "se_time": 0.112, "sce": 15.83, "nsm": 0.27, "valid_obs": 19, "valid_span": 25, "significant": false }, "geometry": { "type": "Point", "coordinates": [ -176.198614844761437, -13.188452144544501 ] } },
{ "type": "Feature", "properties": { "uid": "2jdsyx80dw", "rate_time": 0.073, "sig_time": 0.527, "se_time": 0.113, "sce": 14.72, "nsm": 1.87, "valid_obs": 18, "valid_span": 25, "significant": false }, "geometry": { "type": "Point", "coordinates": [ -176.198616689101897, -13.186220174132531 ] } },
{ "type": "Feature", "properties": { "uid": "2jdsyx2rb5", "rate_time": -0.106, "sig_time": 0.583, "se_time": 0.189, "sce": 30.21, "nsm": 1.19, "valid_obs": 18, "valid_span": 25, "significant": false }, "geometry": { "type": "Point", "coordinates": [ -176.198382021521411, -13.186363745354241 ] } },
{ "type": "Feature", "properties": { "uid": "2jdsyx06bq", "rate_time": -0.148, "sig_time": 0.211, "se_time": 0.114, "sce": 16.38, "nsm": -1.53, "valid_obs": 19, "valid_span": 25, "significant": false }, "geometry": { "type": "Point", "coordinates": [ -176.198370256167919, -13.188579175077342 ] } },
{ "type": "Feature", "properties": { "uid": "2jdsyx2rjg", "rate_time": -0.073, "sig_time": 0.087, "se_time": 0.04, "sce": 3.84, "nsm": 1.34, "valid_obs": 17, "valid_span": 25, "significant": false }, "geometry": { "type": "Point", "coordinates": [ -176.198138443198076, -13.18649263499425 ] } },
{ "type": "Feature", "properties": { "uid": "2jdsyx06jv", "rate_time": -0.19, "sig_time": 0.147, "se_time": 0.125, "sce": 15.2, "nsm": -2.22, "valid_obs": 19, "valid_span": 25, "significant": false }, "geometry": { "type": "Point", "coordinates": [ -176.198129918112699, -13.188712894349257 ] } },
{ "type": "Feature", "properties": { "uid": "2jdsyx094d", "rate_time": -0.264, "sig_time": 0.378, "se_time": 0.292, "sce": 45.35, "nsm": -1.34, "valid_obs": 19, "valid_span": 25, "significant": false }, "geometry": { "type": "Point", "coordinates": [ -176.197934763996784, -13.188904396746691 ] } },
{ "type": "Feature", "properties": { "uid": "2jdsyx2w76", "rate_time": -0.117, "sig_time": 0.128, "se_time": 0.073, "sce": 8.56, "nsm": 0.76, "valid_obs": 17, "valid_span": 25, "significant": false }, "geometry": { "type": "Point", "coordinates": [ -176.19789907044688, -13.186628606489011 ] } },
{ "type": "Feature", "properties": { "uid": "2jdsywbxzn", "rate_time": -0.279, "sig_time": 0.172, "se_time": 0.195, "sce": 27.83, "nsm": -0.28, "valid_obs": 18, "valid_span": 25, "significant": false }, "geometry": { "type": "Point", "coordinates": [ -176.197739645868836, -13.189096464594943 ] } },
{ "type": "Feature", "properties": { "uid": "2jdsyx2v8b", "rate_time": -0.094, "sig_time": 0.367, "se_time": 0.101, "sce": 12.82, "nsm": -0.38, "valid_obs": 17, "valid_span": 25, "significant": false }, "geometry": { "type": "Point", "coordinates": [ -176.197661361507045, -13.186767560114218 ] } },
{ "type": "Feature", "properties": { "uid": "2jdsywbyuj", "rate_time": -0.346, "sig_time": 0.369, "se_time": 0.375, "sce": 58.79, "nsm": -0.62, "valid_obs": 18, "valid_span": 25, "significant": false }, "geometry": { "type": "Point", "coordinates": [ -176.197527933677179, -13.189270830648582 ] } },
{ "type": "Feature", "properties": { "uid": "2jdsyx2uwm", "rate_time": -0.139, "sig_time": 0.243, "se_time": 0.114, "sce": 13.59, "nsm": -1.71, "valid_obs": 17, "valid_span": 25, "significant": false }, "geometry": { "type": "Point", "coordinates": [ -176.19742687882723, -13.186911673855919 ] } },
{ "type": "Feature", "properties": { "uid": "2jdsyrkp1t", "rate_time": 0.261, "sig_time": 0.375, "se_time": 0.285, "sce": 38.59, "nsm": 2.14, "valid_obs": 16, "valid_span": 25, "significant": false }, "geometry": { "type": "Point", "coordinates": [ -176.204152038546056, -13.18648334136504 ] } },
{ "type": "Feature", "properties": { "uid": "2jdsyrs1wr", "rate_time": -0.378, "sig_time": 0.214, "se_time": 0.291, "sce": 42.31, "nsm": 0.5, "valid_obs": 17, "valid_span": 25, "significant": false }, "geometry": { "type": "Point", "coordinates": [ -176.203953906840638, -13.186040842638223 ] } },
{ "type": "Feature", "properties": { "uid": "2jdsyrs5r9", "rate_time": -0.143, "sig_time": 0.26, "se_time": 0.122, "sce": 14.09, "nsm": -0.73, "valid_obs": 17, "valid_span": 25, "significant": false }, "geometry": { "type": "Point", "coordinates": [ -176.20389336317163, -13.185776259832416 ] } },
{ "type": "Feature", "properties": { "uid": "2jdsyrsq79", "rate_time": -0.134, "sig_time": 0.709, "se_time": 0.353, "sce": 48.17, "nsm": 0.68, "valid_obs": 17, "valid_span": 25, "significant": false }, "geometry": { "type": "Point", "coordinates": [ -176.203728193075563, -13.185258498216736 ] } }
]
}
