{
"type": "FeatureCollection",
"name": "transects_nanumea",
"crs": { "type": "name", "properties": { "name": "urn:ogc:def:crs:OGC:1.3:CRS84" } },
"features": [
{ "type": "Feature", "properties": { "uid": "ryvpykd77g", "rate_time": -1.536, "sig_time": 0.0, "se_time": 0.326, "sce": 36.65, "nsm": null, "valid_obs": 15, "valid_span": 18, "significant": true }, "geometry": { "type": "Point", "coordinates": [ 176.0591617558552, -5.643651010688024 ] } },
{ "type": "Feature", "properties": { "uid": "ryvpykdkut", "rate_time": -1.503, "sig_time": 0.0, "se_time": 0.317, "sce": 36.06, "nsm": null, "valid_obs": 15, "valid_span": 18, "significant": true }, "geometry": { "type": "Point", "coordinates": [ 176.059191732982868, -5.643382192984755 ] } },
{ "type": "Feature", "properties": { "uid": "ryvpykdqqm", "rate_time": -1.52, "sig_time": 0.0, "se_time": 0.222, "sce": 31.07, "nsm": null, "valid_obs": 15, "valid_span": 18, "significant": true }, "geometry": { "type": "Point", "coordinates": [ 176.059270910569779, -5.643124556587964 ] } },
{ "type": "Feature", "properties": { "uid": "ryvpykdxdj", "rate_time": -1.664, "sig_time": 0.002, "se_time": 0.431, "sce": 49.66, "nsm": null, "valid_obs": 15, "valid_span": 18, "significant": true }, "geometry": { "type": "Point", "coordinates": [ 176.059434089864538, -5.642909815935995 ] } },
{ "type": "Feature", "properties": { "uid": "ryvpykg1e5", "rate_time": 0.217, "sig_time": 0.415, "se_time": 0.259, "sce": 23.43, "nsm": null, "valid_obs": 18, "valid_span": 21, "significant": false }, "geometry": { "type": "Point", "coordinates": [ 176.060158959696992, -5.642575205400859 ] } },
{ "type": "Feature", "properties": { "uid": "ryvpykg3cj", "rate_time": 0.542, "sig_time": 0.036, "se_time": 0.237, "sce": 21.33, "nsm": null, "valid_obs": 18, "valid_span": 21, "significant": true }, "geometry": { "type": "Point", "coordinates": [ 176.060424933487838, -5.642523873721044 ] } },
{ "type": "Feature", "properties": { "uid": "ryvpykg6pm", "rate_time": 1.006, "sig_time": 0.001, "se_time": 0.234, "sce": 27.37, "nsm": null, "valid_obs": 18, "valid_span": 21, "significant": true }, "geometry": { "type": "Point", "coordinates": [ 176.060692076221869, -5.64247966383247 ] } },
{ "type": "Feature", "properties": { "uid": "ryvpykgdmc", "rate_time": 1.256, "sig_time": 0.0, "se_time": 0.277, "sce": 31.62, "nsm": null, "valid_obs": 18, "valid_span": 21, "significant": true }, "geometry": { "type": "Point", "coordinates": [ 176.060961508200876, -5.642459626099805 ] } },
{ "type": "Feature", "properties": { "uid": "ryvpykgfhh", "rate_time": 1.167, "sig_time": 0.002, "se_time": 0.307, "sce": 34.9, "nsm": null, "valid_obs": 18, "valid_span": 21, "significant": true }, "geometry": { "type": "Point", "coordinates": [ 176.061230960487961, -5.642483176312206 ] } },
{ "type": "Feature", "properties": { "uid": "ryvpyku1f5", "rate_time": 0.93, "sig_time": 0.004, "se_time": 0.277, "sce": 27.94, "nsm": null, "valid_obs": 18, "valid_span": 21, "significant": true }, "geometry": { "type": "Point", "coordinates": [ 176.061497096433214, -5.642533686785904 ] } },
{ "type": "Feature", "properties": { "uid": "ryvpyku386", "rate_time": 0.874, "sig_time": 0.001, "se_time": 0.212, "sce": 24.4, "nsm": null, "valid_obs": 18, "valid_span": 21, "significant": true }, "geometry": { "type": "Point", "coordinates": [ 176.061763280711915, -5.642583909464967 ] } },
{ "type": "Feature", "properties": { "uid": "ryvpyku3q9", "rate_time": 0.912, "sig_time": 0.0, "se_time": 0.176, "sce": 22.76, "nsm": null, "valid_obs": 18, "valid_span": 21, "significant": true }, "geometry": { "type": "Point", "coordinates": [ 176.062030209020435, -5.642630024455665 ] } },
{ "type": "Feature", "properties": { "uid": "ryvpykwrt3", "rate_time": 0.443, "sig_time": 0.213, "se_time": 0.34, "sce": 37.95, "nsm": null, "valid_obs": 17, "valid_span": 21, "significant": false }, "geometry": { "type": "Point", "coordinates": [ 176.064717728779385, -5.642931421986136 ] } },
{ "type": "Feature", "properties": { "uid": "ryvpys89v0", "rate_time": 0.234, "sig_time": 0.295, "se_time": 0.215, "sce": 22.81, "nsm": null, "valid_obs": 17, "valid_span": 21, "significant": false }, "geometry": { "type": "Point", "coordinates": [ 176.067804532111438, -5.643921373773209 ] } },
{ "type": "Feature", "properties": { "uid": "ryvpys8c71", "rate_time": 0.314, "sig_time": 0.151, "se_time": 0.208, "sce": 23.83, "nsm": null, "valid_obs": 17, "valid_span": 21, "significant": false }, "geometry": { "type": "Point", "coordinates": [ 176.068062094456394, -5.644005271849893 ] } },
{ "type": "Feature", "properties": { "uid": "ryvpys90c1", "rate_time": 0.317, "sig_time": 0.123, "se_time": 0.194, "sce": 23.86, "nsm": null, "valid_obs": 17, "valid_span": 21, "significant": false }, "geometry": { "type": "Point", "coordinates": [ 176.068319089256335, -5.644090937903352 ] } },
{ "type": "Feature", "properties": { "uid": "ryvpys90r4", "rate_time": 0.28, "sig_time": 0.171, "se_time": 0.195, "sce": 23.71, "nsm": null, "valid_obs": 17, "valid_span": 21, "significant": false }, "geometry": { "type": "Point", "coordinates": [ 176.06857813412941, -5.644170170587691 ] } },
{ "type": "Feature", "properties": { "uid": "ryvpys3rv4", "rate_time": 0.313, "sig_time": 0.174, "se_time": 0.219, "sce": 26.25, "nsm": null, "valid_obs": 17, "valid_span": 21, "significant": false }, "geometry": { "type": "Point", "coordinates": [ 176.068835336293489, -5.644254190380394 ] } },
{ "type": "Feature", "properties": { "uid": "ryvpys3x5p", "rate_time": 0.389, "sig_time": 0.101, "se_time": 0.222, "sce": 26.02, "nsm": null, "valid_obs": 17, "valid_span": 21, "significant": false }, "geometry": { "type": "Point", "coordinates": [ 176.069086856493385, -5.644354882538799 ] } },
{ "type": "Feature", "properties": { "uid": "ryvpys3y8v", "rate_time": 0.417, "sig_time": 0.059, "se_time": 0.204, "sce": 22.99, "nsm": null, "valid_obs": 17, "valid_span": 21, "significant": false }, "geometry": { "type": "Point", "coordinates": [ 176.069339300901106, -5.644453246647937 ] } },
{ "type": "Feature", "properties": { "uid": "ryvpys3ynf", "rate_time": 0.397, "sig_time": 0.092, "se_time": 0.22, "sce": 23.88, "nsm": null, "valid_obs": 17, "valid_span": 21, "significant": false }, "geometry": { "type": "Point", "coordinates": [ 176.069589636873076, -5.64455668039087 ] } },
{ "type": "Feature", "properties": { "uid": "ryvpys6kf2", "rate_time": 0.586, "sig_time": 0.055, "se_time": 0.282, "sce": 31.2, "nsm": null, "valid_obs": 17, "valid_span": 21, "significant": false }, "geometry": { "type": "Point", "coordinates": [ 176.070083332589121, -5.64477994171935 ] } },
{ "type": "Feature", "properties": { "uid": "ryvpys6kpb", "rate_time": 0.478, "sig_time": 0.079, "se_time": 0.254, "sce": 28.12, "nsm": null, "valid_obs": 17, "valid_span": 21, "significant": false }, "geometry": { "type": "Point", "coordinates": [ 176.070321082427625, -5.644909671660422 ] } },
{ "type": "Feature", "properties": { "uid": "ryvpys6emd", "rate_time": 0.432, "sig_time": 0.074, "se_time": 0.226, "sce": 24.84, "nsm": null, "valid_obs": 17, "valid_span": 21, "significant": false }, "geometry": { "type": "Point", "coordinates": [ 176.070565335950846, -5.645026876066665 ] } },
{ "type": "Feature", "properties": { "uid": "ryvpys6fe4", "rate_time": 0.302, "sig_time": 0.23, "se_time": 0.241, "sce": 27.71, "nsm": null, "valid_obs": 17, "valid_span": 21, "significant": false }, "geometry": { "type": "Point", "coordinates": [ 176.070803165767472, -5.645156164849712 ] } },
{ "type": "Feature", "properties": { "uid": "ryvpys71bd", "rate_time": 0.266, "sig_time": 0.329, "se_time": 0.263, "sce": 30.25, "nsm": null, "valid_obs": 17, "valid_span": 21, "significant": false }, "geometry": { "type": "Point", "coordinates": [ 176.071040254843922, -5.64528729538325 ] } },
{ "type": "Feature", "properties": { "uid": "ryvpydyvkb", "rate_time": 0.257, "sig_time": 0.001, "se_time": 0.062, "sce": 8.77, "nsm": 5.64, "valid_obs": 18, "valid_span": 25, "significant": true }, "geometry": { "type": "Point", "coordinates": [ 176.076375966227403, -5.652936820951454 ] } },
{ "type": "Feature", "properties": { "uid": "ryvpydzhgp", "rate_time": 0.326, "sig_time": 0.0, "se_time": 0.07, "sce": 9.94, "nsm": 7.33, "valid_obs": 18, "valid_span": 25, "significant": true }, "geometry": { "type": "Point", "coordinates": [ 176.076642620559937, -5.652984277400387 ] } },
{ "type": "Feature", "properties": { "uid": "ryvpydzkc2", "rate_time": 0.426, "sig_time": 0.0, "se_time": 0.096, "sce": 14.84, "nsm": 9.14, "valid_obs": 18, "valid_span": 25, "significant": true }, "geometry": { "type": "Point", "coordinates": [ 176.07691088774925, -5.653021794529002 ] } },
{ "type": "Feature", "properties": { "uid": "ryvpydzkx9", "rate_time": 0.456, "sig_time": 0.001, "se_time": 0.114, "sce": 15.83, "nsm": 9.55, "valid_obs": 18, "valid_span": 25, "significant": true }, "geometry": { "type": "Point", "coordinates": [ 176.077179255383896, -5.653058329774989 ] } },
{ "type": "Feature", "properties": { "uid": "ryvpydzsmb", "rate_time": 0.489, "sig_time": 0.002, "se_time": 0.129, "sce": 17.45, "nsm": 10.24, "valid_obs": 18, "valid_span": 25, "significant": true }, "geometry": { "type": "Point", "coordinates": [ 176.077446216199348, -5.653104201379738 ] } },
{ "type": "Feature", "properties": { "uid": "ryvpydzuh5", "rate_time": 0.527, "sig_time": 0.001, "se_time": 0.135, "sce": 18.94, "nsm": 12.0, "valid_obs": 18, "valid_span": 25, "significant": true }, "geometry": { "type": "Point", "coordinates": [ 176.077714493772788, -5.65313356719896 ] } },
{ "type": "Feature", "properties": { "uid": "ryvpz3ehc7", "rate_time": -0.04, "sig_time": 0.805, "se_time": 0.157, "sce": 12.51, "nsm": null, "valid_obs": 17, "valid_span": 21, "significant": false }, "geometry": { "type": "Point", "coordinates": [ 176.104035565220357, -5.659872051909629 ] } },
{ "type": "Feature", "properties": { "uid": "ryvpz3dwnk", "rate_time": 0.52, "sig_time": 0.407, "se_time": 0.61, "sce": 66.96, "nsm": null, "valid_obs": 17, "valid_span": 21, "significant": false }, "geometry": { "type": "Point", "coordinates": [ 176.103556519900195, -5.659650775972632 ] } },
{ "type": "Feature", "properties": { "uid": "ryvpz3fbuc", "rate_time": 0.625, "sig_time": 0.14, "se_time": 0.401, "sce": 44.58, "nsm": null, "valid_obs": 17, "valid_span": 21, "significant": false }, "geometry": { "type": "Point", "coordinates": [ 176.10383550281631, -5.659194508346678 ] } },
{ "type": "Feature", "properties": { "uid": "ryvpz3g3wb", "rate_time": -0.864, "sig_time": 0.636, "se_time": 1.789, "sce": 185.64, "nsm": null, "valid_obs": 17, "valid_span": 21, "significant": false }, "geometry": { "type": "Point", "coordinates": [ 176.104609036888945, -5.659074209388745 ] } },
{ "type": "Feature", "properties": { "uid": "ryvpz3z389", "rate_time": 0.117, "sig_time": 0.851, "se_time": 0.615, "sce": 92.44, "nsm": 14.54, "valid_obs": 20, "valid_span": 25, "significant": false }, "geometry": { "type": "Point", "coordinates": [ 176.109835226391056, -5.659066032682922 ] } },
{ "type": "Feature", "properties": { "uid": "ryvpz3z6gu", "rate_time": -0.179, "sig_time": 0.82, "se_time": 0.773, "sce": 98.84, "nsm": 14.94, "valid_obs": 20, "valid_span": 25, "significant": false }, "geometry": { "type": "Point", "coordinates": [ 176.10997619683701, -5.658837829445575 ] } },
{ "type": "Feature", "properties": { "uid": "ryvpz3xmtv", "rate_time": 0.26, "sig_time": 0.179, "se_time": 0.186, "sce": 29.4, "nsm": 14.67, "valid_obs": 21, "valid_span": 25, "significant": false }, "geometry": { "type": "Point", "coordinates": [ 176.110060353999103, -5.659731098541972 ] } },
{ "type": "Feature", "properties": { "uid": "ryvpz3xt7v", "rate_time": 0.278, "sig_time": 0.012, "se_time": 0.101, "sce": 11.49, "nsm": 8.64, "valid_obs": 21, "valid_span": 25, "significant": true }, "geometry": { "type": "Point", "coordinates": [ 176.110324707595169, -5.659773858649165 ] } },
{ "type": "Feature", "properties": { "uid": "ryvpz3xv62", "rate_time": 0.229, "sig_time": 0.028, "se_time": 0.096, "sce": 12.03, "nsm": 4.24, "valid_obs": 21, "valid_span": 25, "significant": true }, "geometry": { "type": "Point", "coordinates": [ 176.110593850920424, -5.659799781237782 ] } },
{ "type": "Feature", "properties": { "uid": "ryvpz98hb6", "rate_time": 0.155, "sig_time": 0.129, "se_time": 0.098, "sce": 11.46, "nsm": 2.64, "valid_obs": 21, "valid_span": 25, "significant": false }, "geometry": { "type": "Point", "coordinates": [ 176.110851054120729, -5.659877367138778 ] } },
{ "type": "Feature", "properties": { "uid": "ryvpz2b6wu", "rate_time": -1.803, "sig_time": 0.193, "se_time": 1.318, "sce": 143.26, "nsm": null, "valid_obs": 16, "valid_span": 19, "significant": false }, "geometry": { "type": "Point", "coordinates": [ 176.100497173506341, -5.664369873401011 ] } },
{ "type": "Feature", "properties": { "uid": "ryvpz2b96s", "rate_time": -0.932, "sig_time": 0.049, "se_time": 0.43, "sce": 28.24, "nsm": null, "valid_obs": 15, "valid_span": 19, "significant": true }, "geometry": { "type": "Point", "coordinates": [ 176.100650024499743, -5.664586605291275 ] } },
{ "type": "Feature", "properties": { "uid": "ryvpxrzr68", "rate_time": 1.268, "sig_time": 0.0, "se_time": 0.238, "sce": 42.91, "nsm": 42.91, "valid_obs": 20, "valid_span": 25, "significant": true }, "geometry": { "type": "Point", "coordinates": [ 176.109927467303862, -5.669072453539974 ] } },
{ "type": "Feature", "properties": { "uid": "ryvpxrzmu2", "rate_time": 0.469, "sig_time": 0.026, "se_time": 0.193, "sce": 22.07, "nsm": 22.07, "valid_obs": 20, "valid_span": 25, "significant": true }, "geometry": { "type": "Point", "coordinates": [ 176.109996978888688, -5.669328160483849 ] } },
{ "type": "Feature", "properties": { "uid": "ryvpz2p2rj", "rate_time": 1.82, "sig_time": 0.0, "se_time": 0.347, "sce": 54.1, "nsm": 53.71, "valid_obs": 20, "valid_span": 25, "significant": true }, "geometry": { "type": "Point", "coordinates": [ 176.110112923433604, -5.668874661056818 ] } },
{ "type": "Feature", "properties": { "uid": "ryvpxrzkrk", "rate_time": 0.024, "sig_time": 0.9, "se_time": 0.19, "sce": 22.35, "nsm": 10.96, "valid_obs": 20, "valid_span": 25, "significant": false }, "geometry": { "type": "Point", "coordinates": [ 176.110130338187503, -5.669563635885466 ] } },
{ "type": "Feature", "properties": { "uid": "ryvpxrze4f", "rate_time": -0.313, "sig_time": 0.057, "se_time": 0.153, "sce": 22.31, "nsm": 1.39, "valid_obs": 20, "valid_span": 25, "significant": false }, "geometry": { "type": "Point", "coordinates": [ 176.110280703395148, -5.669789223730854 ] } },
{ "type": "Feature", "properties": { "uid": "ryvpxrz9wr", "rate_time": -0.712, "sig_time": 0.006, "se_time": 0.231, "sce": 42.55, "nsm": -5.03, "valid_obs": 20, "valid_span": 25, "significant": true }, "geometry": { "type": "Point", "coordinates": [ 176.110421533261388, -5.670020687610731 ] } },
{ "type": "Feature", "properties": { "uid": "ryvpxrzb37", "rate_time": -0.579, "sig_time": 0.001, "se_time": 0.142, "sce": 19.89, "nsm": -7.36, "valid_obs": 19, "valid_span": 25, "significant": true }, "geometry": { "type": "Point", "coordinates": [ 176.110551208839894, -5.670258780438834 ] } },
{ "type": "Feature", "properties": { "uid": "ryvpxrxyuq", "rate_time": -0.457, "sig_time": 0.001, "se_time": 0.11, "sce": 15.41, "nsm": -5.91, "valid_obs": 19, "valid_span": 25, "significant": true }, "geometry": { "type": "Point", "coordinates": [ 176.110679762128512, -5.670497033921837 ] } },
{ "type": "Feature", "properties": { "uid": "ryvpxx8j8n", "rate_time": -0.387, "sig_time": 0.001, "se_time": 0.099, "sce": 15.31, "nsm": -6.04, "valid_obs": 19, "valid_span": 25, "significant": true }, "geometry": { "type": "Point", "coordinates": [ 176.110845573634833, -5.6707115473462 ] } },
{ "type": "Feature", "properties": { "uid": "ryvpz80011", "rate_time": 0.281, "sig_time": 0.003, "se_time": 0.081, "sce": 10.21, "nsm": 2.89, "valid_obs": 19, "valid_span": 25, "significant": true }, "geometry": { "type": "Point", "coordinates": [ 176.110892711701297, -5.668938989836689 ] } },
{ "type": "Feature", "properties": { "uid": "ryvpxx8h7t", "rate_time": -0.264, "sig_time": 0.055, "se_time": 0.128, "sce": 16.58, "nsm": -3.96, "valid_obs": 19, "valid_span": 25, "significant": false }, "geometry": { "type": "Point", "coordinates": [ 176.111000768890989, -5.67093391519378 ] } },
{ "type": "Feature", "properties": { "uid": "ryvpxx85nc", "rate_time": -0.255, "sig_time": 0.057, "se_time": 0.125, "sce": 17.33, "nsm": -3.27, "valid_obs": 19, "valid_span": 25, "significant": false }, "geometry": { "type": "Point", "coordinates": [ 176.111135351561188, -5.671169261224774 ] } },
{ "type": "Feature", "properties": { "uid": "ryvpxxbpz7", "rate_time": 0.199, "sig_time": 0.052, "se_time": 0.095, "sce": 11.59, "nsm": 2.52, "valid_obs": 19, "valid_span": 25, "significant": false }, "geometry": { "type": "Point", "coordinates": [ 176.111161495567302, -5.668968052201396 ] } },
{ "type": "Feature", "properties": { "uid": "ryvpxx83f2", "rate_time": -0.304, "sig_time": 0.018, "se_time": 0.116, "sce": 16.4, "nsm": -4.19, "valid_obs": 19, "valid_span": 25, "significant": true }, "geometry": { "type": "Point", "coordinates": [ 176.111289929979563, -5.671390946461652 ] } },
{ "type": "Feature", "properties": { "uid": "ryvpxxbrvf", "rate_time": 0.165, "sig_time": 0.17, "se_time": 0.115, "sce": 14.55, "nsm": 5.26, "valid_obs": 19, "valid_span": 25, "significant": false }, "geometry": { "type": "Point", "coordinates": [ 176.111432170355585, -5.668976947392899 ] } },
{ "type": "Feature", "properties": { "uid": "ryvpxx82w9", "rate_time": -0.302, "sig_time": 0.015, "se_time": 0.112, "sce": 16.29, "nsm": -4.62, "valid_obs": 19, "valid_span": 25, "significant": true }, "geometry": { "type": "Point", "coordinates": [ 176.111464226714304, -5.671598663283762 ] } },
{ "type": "Feature", "properties": { "uid": "ryvpxx2x6d", "rate_time": -0.269, "sig_time": 0.032, "se_time": 0.115, "sce": 16.91, "nsm": -4.27, "valid_obs": 19, "valid_span": 25, "significant": true }, "geometry": { "type": "Point", "coordinates": [ 176.111637884575686, -5.671806918260242 ] } },
{ "type": "Feature", "properties": { "uid": "ryvpxxbx7y", "rate_time": 0.34, "sig_time": 0.008, "se_time": 0.112, "sce": 15.01, "nsm": 9.45, "valid_obs": 19, "valid_span": 25, "significant": true }, "geometry": { "type": "Point", "coordinates": [ 176.111693051998941, -5.669039454938622 ] } },
{ "type": "Feature", "properties": { "uid": "ryvpxx2wne", "rate_time": -0.202, "sig_time": 0.137, "se_time": 0.129, "sce": 16.89, "nsm": -2.96, "valid_obs": 19, "valid_span": 25, "significant": false }, "geometry": { "type": "Point", "coordinates": [ 176.111809953663737, -5.67201625114533 ] } },
{ "type": "Feature", "properties": { "uid": "ryvpxxby2x", "rate_time": 0.404, "sig_time": 0.0, "se_time": 0.091, "sce": 12.61, "nsm": 10.76, "valid_obs": 19, "valid_span": 25, "significant": true }, "geometry": { "type": "Point", "coordinates": [ 176.111892051986445, -5.66920718465262 ] } },
{ "type": "Feature", "properties": { "uid": "ryvpxx2ugp", "rate_time": -0.244, "sig_time": 0.04, "se_time": 0.11, "sce": 17.55, "nsm": -2.98, "valid_obs": 19, "valid_span": 25, "significant": true }, "geometry": { "type": "Point", "coordinates": [ 176.111999577647083, -5.672210038364207 ] } },
{ "type": "Feature", "properties": { "uid": "ryvpxxbv5v", "rate_time": 0.602, "sig_time": 0.0, "se_time": 0.095, "sce": 17.05, "nsm": 14.19, "valid_obs": 19, "valid_span": 25, "significant": true }, "geometry": { "type": "Point", "coordinates": [ 176.112040939523382, -5.669432963222085 ] } },
{ "type": "Feature", "properties": { "uid": "ryvpxx2gzt", "rate_time": -0.231, "sig_time": 0.013, "se_time": 0.083, "sce": 12.79, "nsm": -4.09, "valid_obs": 19, "valid_span": 25, "significant": true }, "geometry": { "type": "Point", "coordinates": [ 176.11220003431518, -5.67239220572619 ] } },
{ "type": "Feature", "properties": { "uid": "ryvpxx34us", "rate_time": -0.504, "sig_time": 0.023, "se_time": 0.203, "sce": 37.6, "nsm": -6.2, "valid_obs": 20, "valid_span": 25, "significant": true }, "geometry": { "type": "Point", "coordinates": [ 176.112407068335642, -5.67256711296712 ] } },
{ "type": "Feature", "properties": { "uid": "ryvpxxc1j3", "rate_time": 0.378, "sig_time": 0.182, "se_time": 0.273, "sce": 43.67, "nsm": 5.47, "valid_obs": 20, "valid_span": 25, "significant": false }, "geometry": { "type": "Point", "coordinates": [ 176.112441052501595, -5.670136236749999 ] } },
{ "type": "Feature", "properties": { "uid": "ryvpxx33c5", "rate_time": -0.422, "sig_time": 0.117, "se_time": 0.257, "sce": 43.62, "nsm": -10.13, "valid_obs": 21, "valid_span": 25, "significant": false }, "geometry": { "type": "Point", "coordinates": [ 176.112608858820806, -5.67274811858328 ] } },
{ "type": "Feature", "properties": { "uid": "ryvpxxc241", "rate_time": 0.152, "sig_time": 0.148, "se_time": 0.101, "sce": 12.06, "nsm": 0.74, "valid_obs": 20, "valid_span": 25, "significant": false }, "geometry": { "type": "Point", "coordinates": [ 176.112642342165628, -5.67031320935823 ] } },
{ "type": "Feature", "properties": { "uid": "ryvpz97352", "rate_time": 0.06, "sig_time": 0.608, "se_time": 0.114, "sce": 11.74, "nsm": 2.69, "valid_obs": 20, "valid_span": 25, "significant": false }, "geometry": { "type": "Point", "coordinates": [ 176.115443592754048, -5.661905517492554 ] } },
{ "type": "Feature", "properties": { "uid": "ryvpz9782b", "rate_time": 0.135, "sig_time": 0.496, "se_time": 0.194, "sce": 29.21, "nsm": 3.0, "valid_obs": 20, "valid_span": 25, "significant": false }, "geometry": { "type": "Point", "coordinates": [ 176.115681814795153, -5.662031927998741 ] } },
{ "type": "Feature", "properties": { "uid": "ryvpz95xq5", "rate_time": 0.199, "sig_time": 0.044, "se_time": 0.091, "sce": 9.9, "nsm": 4.87, "valid_obs": 19, "valid_span": 25, "significant": true }, "geometry": { "type": "Point", "coordinates": [ 176.115904311223233, -5.662186668949703 ] } },
{ "type": "Feature", "properties": { "uid": "ryvpz95y7n", "rate_time": 0.424, "sig_time": 0.0, "se_time": 0.093, "sce": 12.39, "nsm": 8.16, "valid_obs": 19, "valid_span": 25, "significant": true }, "geometry": { "type": "Point", "coordinates": [ 176.116124105592689, -5.66234523746481 ] } },
{ "type": "Feature", "properties": { "uid": "ryvpz9evkx", "rate_time": 0.527, "sig_time": 0.495, "se_time": 0.754, "sce": 89.7, "nsm": null, "valid_obs": 17, "valid_span": 21, "significant": false }, "geometry": { "type": "Point", "coordinates": [ 176.116185357831142, -5.659766552075478 ] } },
{ "type": "Feature", "properties": { "uid": "ryvpz9hjbb", "rate_time": 0.421, "sig_time": 0.0, "se_time": 0.079, "sce": 11.94, "nsm": 8.04, "valid_obs": 19, "valid_span": 25, "significant": true }, "geometry": { "type": "Point", "coordinates": [ 176.116367628279193, -5.662463977489964 ] } },
{ "type": "Feature", "properties": { "uid": "ryvpz9shfw", "rate_time": 0.343, "sig_time": 0.549, "se_time": 0.559, "sce": 53.6, "nsm": null, "valid_obs": 16, "valid_span": 21, "significant": false }, "geometry": { "type": "Point", "coordinates": [ 176.116440659354964, -5.659856945348099 ] } },
{ "type": "Feature", "properties": { "uid": "ryvpz9hjnt", "rate_time": 0.445, "sig_time": 0.0, "se_time": 0.095, "sce": 13.64, "nsm": 9.94, "valid_obs": 19, "valid_span": 25, "significant": true }, "geometry": { "type": "Point", "coordinates": [ 176.116619274043245, -5.662564138944244 ] } },
{ "type": "Feature", "properties": { "uid": "ryvpz9hkse", "rate_time": 0.385, "sig_time": 0.091, "se_time": 0.216, "sce": 36.36, "nsm": 7.12, "valid_obs": 20, "valid_span": 25, "significant": false }, "geometry": { "type": "Point", "coordinates": [ 176.116872799514169, -5.66265971076263 ] } },
{ "type": "Feature", "properties": { "uid": "ryvpz9hefq", "rate_time": 0.334, "sig_time": 0.001, "se_time": 0.088, "sce": 14.17, "nsm": 6.61, "valid_obs": 20, "valid_span": 25, "significant": true }, "geometry": { "type": "Point", "coordinates": [ 176.117117483118705, -5.662775370512933 ] } },
{ "type": "Feature", "properties": { "uid": "ryvpz9hepy", "rate_time": 0.282, "sig_time": 0.001, "se_time": 0.072, "sce": 11.6, "nsm": 5.24, "valid_obs": 20, "valid_span": 25, "significant": true }, "geometry": { "type": "Point", "coordinates": [ 176.117357326924861, -5.66290119605736 ] } },
{ "type": "Feature", "properties": { "uid": "ryvpz9j8mq", "rate_time": -0.447, "sig_time": 0.366, "se_time": 0.48, "sce": 40.03, "nsm": null, "valid_obs": 17, "valid_span": 21, "significant": false }, "geometry": { "type": "Point", "coordinates": [ 176.118620335609023, -5.663375994609429 ] } },
{ "type": "Feature", "properties": { "uid": "ryvpz9mxjg", "rate_time": 1.174, "sig_time": 0.182, "se_time": 0.84, "sce": 98.52, "nsm": 39.39, "valid_obs": 18, "valid_span": 25, "significant": false }, "geometry": { "type": "Point", "coordinates": [ 176.118646761109858, -5.660860382918941 ] } },
{ "type": "Feature", "properties": { "uid": "ryvpxxhhpw", "rate_time": -0.04, "sig_time": 0.704, "se_time": 0.104, "sce": 15.17, "nsm": -0.66, "valid_obs": 20, "valid_span": 25, "significant": false }, "geometry": { "type": "Point", "coordinates": [ 176.116656117977072, -5.673718869145126 ] } },
{ "type": "Feature", "properties": { "uid": "ryvpxxh7tk", "rate_time": 0.055, "sig_time": 0.669, "se_time": 0.127, "sce": 19.0, "nsm": -1.45, "valid_obs": 20, "valid_span": 25, "significant": false }, "geometry": { "type": "Point", "coordinates": [ 176.116909950522711, -5.673813637146942 ] } },
{ "type": "Feature", "properties": { "uid": "ryvpxwtkzp", "rate_time": 0.122, "sig_time": 0.144, "se_time": 0.08, "sce": 11.27, "nsm": 1.9, "valid_obs": 20, "valid_span": 25, "significant": false }, "geometry": { "type": "Point", "coordinates": [ 176.118355456713203, -5.676329589756396 ] } },
{ "type": "Feature", "properties": { "uid": "ryvpxwteg0", "rate_time": 0.112, "sig_time": 0.197, "se_time": 0.084, "sce": 10.28, "nsm": 2.52, "valid_obs": 20, "valid_span": 25, "significant": false }, "geometry": { "type": "Point", "coordinates": [ 176.118525546576535, -5.676540452761693 ] } },
{ "type": "Feature", "properties": { "uid": "ryvpxws4m0", "rate_time": -0.17, "sig_time": 0.283, "se_time": 0.154, "sce": 18.18, "nsm": -2.16, "valid_obs": 20, "valid_span": 25, "significant": false }, "geometry": { "type": "Point", "coordinates": [ 176.116557757478375, -5.676793505273596 ] } },
{ "type": "Feature", "properties": { "uid": "ryvpxws31y", "rate_time": -0.201, "sig_time": 0.175, "se_time": 0.142, "sce": 16.79, "nsm": -0.69, "valid_obs": 20, "valid_span": 25, "significant": false }, "geometry": { "type": "Point", "coordinates": [ 176.116756767731431, -5.676977263004688 ] } },
{ "type": "Feature", "properties": { "uid": "ryvpxws2n6", "rate_time": -0.184, "sig_time": 0.172, "se_time": 0.129, "sce": 15.64, "nsm": 0.92, "valid_obs": 20, "valid_span": 25, "significant": false }, "geometry": { "type": "Point", "coordinates": [ 176.116947695677567, -5.677169613231455 ] } },
{ "type": "Feature", "properties": { "uid": "ryvpxwkx54", "rate_time": -0.151, "sig_time": 0.262, "se_time": 0.13, "sce": 15.82, "nsm": 0.97, "valid_obs": 20, "valid_span": 25, "significant": false }, "geometry": { "type": "Point", "coordinates": [ 176.117157120794786, -5.677341594673122 ] } },
{ "type": "Feature", "properties": { "uid": "ryvpxwkwpc", "rate_time": -0.057, "sig_time": 0.691, "se_time": 0.141, "sce": 16.53, "nsm": 1.29, "valid_obs": 20, "valid_span": 25, "significant": false }, "geometry": { "type": "Point", "coordinates": [ 176.117362249728757, -5.677518744682365 ] } },
{ "type": "Feature", "properties": { "uid": "ryvpxwkuuw", "rate_time": -0.074, "sig_time": 0.613, "se_time": 0.143, "sce": 17.13, "nsm": 1.5, "valid_obs": 20, "valid_span": 25, "significant": false }, "geometry": { "type": "Point", "coordinates": [ 176.11755880282945, -5.677705468707264 ] } },
{ "type": "Feature", "properties": { "uid": "ryvpxwm5c5", "rate_time": -0.136, "sig_time": 0.437, "se_time": 0.171, "sce": 19.4, "nsm": 1.44, "valid_obs": 20, "valid_span": 25, "significant": false }, "geometry": { "type": "Point", "coordinates": [ 176.117749520813902, -5.677898110159133 ] } },
{ "type": "Feature", "properties": { "uid": "ryvpxwm4tq", "rate_time": -0.172, "sig_time": 0.374, "se_time": 0.189, "sce": 21.41, "nsm": 1.12, "valid_obs": 20, "valid_span": 25, "significant": false }, "geometry": { "type": "Point", "coordinates": [ 176.117935810290533, -5.678095037413792 ] } },
{ "type": "Feature", "properties": { "uid": "ryvpxwm398", "rate_time": -0.2, "sig_time": 0.33, "se_time": 0.199, "sce": 23.42, "nsm": 1.52, "valid_obs": 20, "valid_span": 25, "significant": false }, "geometry": { "type": "Point", "coordinates": [ 176.118116149181049, -5.678297518550726 ] } },
{ "type": "Feature", "properties": { "uid": "ryvpxwm2mu", "rate_time": -0.239, "sig_time": 0.236, "se_time": 0.195, "sce": 22.81, "nsm": 1.04, "valid_obs": 20, "valid_span": 25, "significant": false }, "geometry": { "type": "Point", "coordinates": [ 176.1183035121079, -5.678493452242185 ] } },
{ "type": "Feature", "properties": { "uid": "ryvpxwjx4j", "rate_time": -0.183, "sig_time": 0.381, "se_time": 0.203, "sce": 23.73, "nsm": 2.23, "valid_obs": 20, "valid_span": 25, "significant": false }, "geometry": { "type": "Point", "coordinates": [ 176.118481178471285, -5.678698171435268 ] } },
{ "type": "Feature", "properties": { "uid": "ryvpxwjtyn", "rate_time": -0.08, "sig_time": 0.706, "se_time": 0.208, "sce": 25.08, "nsm": 3.73, "valid_obs": 20, "valid_span": 25, "significant": false }, "geometry": { "type": "Point", "coordinates": [ 176.1186526943643, -5.67890813801849 ] } },
{ "type": "Feature", "properties": { "uid": "ryvpxwju9y", "rate_time": 0.126, "sig_time": 0.564, "se_time": 0.214, "sce": 25.0, "nsm": 5.94, "valid_obs": 20, "valid_span": 25, "significant": false }, "geometry": { "type": "Point", "coordinates": [ 176.118816129882475, -5.679124538907278 ] } },
{ "type": "Feature", "properties": { "uid": "ryvpxwjgmz", "rate_time": 0.139, "sig_time": 0.515, "se_time": 0.21, "sce": 23.09, "nsm": 5.85, "valid_obs": 20, "valid_span": 25, "significant": false }, "geometry": { "type": "Point", "coordinates": [ 176.118985956958795, -5.679335951000025 ] } },
{ "type": "Feature", "properties": { "uid": "ryvpxwn43b", "rate_time": 0.106, "sig_time": 0.596, "se_time": 0.197, "sce": 20.84, "nsm": 5.36, "valid_obs": 20, "valid_span": 25, "significant": false }, "geometry": { "type": "Point", "coordinates": [ 176.119161671424536, -5.679542387172807 ] } },
{ "type": "Feature", "properties": { "uid": "ryvpxwn1n4", "rate_time": 0.11, "sig_time": 0.529, "se_time": 0.171, "sce": 18.95, "nsm": 6.34, "valid_obs": 20, "valid_span": 25, "significant": false }, "geometry": { "type": "Point", "coordinates": [ 176.119341092931506, -5.679745682939124 ] } },
{ "type": "Feature", "properties": { "uid": "ryvpxtz03w", "rate_time": 0.123, "sig_time": 0.505, "se_time": 0.182, "sce": 25.81, "nsm": 5.78, "valid_obs": 20, "valid_span": 25, "significant": false }, "geometry": { "type": "Point", "coordinates": [ 176.120526011468058, -5.681228051739587 ] } },
{ "type": "Feature", "properties": { "uid": "ryvpz8r04b", "rate_time": 0.101, "sig_time": 0.277, "se_time": 0.09, "sce": 11.61, "nsm": 4.08, "valid_obs": 20, "valid_span": 25, "significant": false }, "geometry": { "type": "Point", "coordinates": [ 176.120577376333614, -5.667568752887181 ] } },
{ "type": "Feature", "properties": { "uid": "ryvpz8qcrv", "rate_time": 0.061, "sig_time": 0.799, "se_time": 0.236, "sce": 40.7, "nsm": 3.52, "valid_obs": 21, "valid_span": 25, "significant": false }, "geometry": { "type": "Point", "coordinates": [ 176.120449531845736, -5.667329522106242 ] } },
{ "type": "Feature", "properties": { "uid": "ryvpz8qfv4", "rate_time": -0.025, "sig_time": 0.809, "se_time": 0.103, "sce": 12.61, "nsm": 1.94, "valid_obs": 21, "valid_span": 25, "significant": false }, "geometry": { "type": "Point", "coordinates": [ 176.120330041716244, -5.667085988709984 ] } },
{ "type": "Feature", "properties": { "uid": "ryvpz8qu4p", "rate_time": -0.026, "sig_time": 0.898, "se_time": 0.197, "sce": 35.45, "nsm": 1.7, "valid_obs": 21, "valid_span": 25, "significant": false }, "geometry": { "type": "Point", "coordinates": [ 176.120202047914603, -5.666847249618947 ] } },
{ "type": "Feature", "properties": { "uid": "ryvpz8qtx5", "rate_time": 0.1, "sig_time": 0.355, "se_time": 0.106, "sce": 19.1, "nsm": 1.43, "valid_obs": 21, "valid_span": 25, "significant": false }, "geometry": { "type": "Point", "coordinates": [ 176.120077186163769, -5.666606861512658 ] } },
{ "type": "Feature", "properties": { "uid": "ryvpz8qxhf", "rate_time": 0.027, "sig_time": 0.841, "se_time": 0.132, "sce": 21.7, "nsm": 1.92, "valid_obs": 21, "valid_span": 25, "significant": false }, "geometry": { "type": "Point", "coordinates": [ 176.119978039791675, -5.666354403843656 ] } },
{ "type": "Feature", "properties": { "uid": "ryvpz8w8e5", "rate_time": 0.064, "sig_time": 0.567, "se_time": 0.11, "sce": 12.8, "nsm": 2.37, "valid_obs": 21, "valid_span": 25, "significant": false }, "geometry": { "type": "Point", "coordinates": [ 176.119899248995353, -5.666094905779378 ] } },
{ "type": "Feature", "properties": { "uid": "ryvpz8wd1s", "rate_time": 0.131, "sig_time": 0.331, "se_time": 0.131, "sce": 16.53, "nsm": 2.01, "valid_obs": 21, "valid_span": 25, "significant": false }, "geometry": { "type": "Point", "coordinates": [ 176.119837660202023, -5.665830699752143 ] } },
{ "type": "Feature", "properties": { "uid": "ryvpz8w7xs", "rate_time": 0.03, "sig_time": 0.808, "se_time": 0.123, "sce": 13.74, "nsm": 1.91, "valid_obs": 21, "valid_span": 25, "significant": false }, "geometry": { "type": "Point", "coordinates": [ 176.119751888875015, -5.665573300898161 ] } },
{ "type": "Feature", "properties": { "uid": "ryvpz8wmj7", "rate_time": 0.04, "sig_time": 0.689, "se_time": 0.099, "sce": 9.64, "nsm": 2.09, "valid_obs": 21, "valid_span": 25, "significant": false }, "geometry": { "type": "Point", "coordinates": [ 176.1196517097342, -5.665321186410665 ] } },
{ "type": "Feature", "properties": { "uid": "ryvpz8wqsj", "rate_time": -0.025, "sig_time": 0.853, "se_time": 0.134, "sce": 19.64, "nsm": 1.09, "valid_obs": 21, "valid_span": 25, "significant": false }, "geometry": { "type": "Point", "coordinates": [ 176.119599015144161, -5.665055455009399 ] } },
{ "type": "Feature", "properties": { "uid": "ryvpz8y25r", "rate_time": -0.084, "sig_time": 0.772, "se_time": 0.286, "sce": 43.25, "nsm": 0.31, "valid_obs": 21, "valid_span": 25, "significant": false }, "geometry": { "type": "Point", "coordinates": [ 176.119563063494127, -5.664786528561015 ] } },
{ "type": "Feature", "properties": { "uid": "ryvpz8y3f0", "rate_time": -0.124, "sig_time": 0.322, "se_time": 0.122, "sce": 13.41, "nsm": -0.79, "valid_obs": 20, "valid_span": 25, "significant": false }, "geometry": { "type": "Point", "coordinates": [ 176.119512327460257, -5.664520038274627 ] } },
{ "type": "Feature", "properties": { "uid": "ryvpz8y721", "rate_time": 0.075, "sig_time": 0.641, "se_time": 0.158, "sce": 16.97, "nsm": 3.66, "valid_obs": 20, "valid_span": 25, "significant": false }, "geometry": { "type": "Point", "coordinates": [ 176.11943013974161, -5.664261754287494 ] } },
{ "type": "Feature", "properties": { "uid": "ryvpxz284y", "rate_time": 0.794, "sig_time": 0.0, "se_time": 0.131, "sce": 19.94, "nsm": 17.66, "valid_obs": 20, "valid_span": 25, "significant": true }, "geometry": { "type": "Point", "coordinates": [ 176.122636106032871, -5.67303257298846 ] } },
{ "type": "Feature", "properties": { "uid": "ryvpxz23np", "rate_time": 0.646, "sig_time": 0.0, "se_time": 0.142, "sce": 19.13, "nsm": 15.75, "valid_obs": 20, "valid_span": 25, "significant": true }, "geometry": { "type": "Point", "coordinates": [ 176.122431561541902, -5.67285497184886 ] } },
{ "type": "Feature", "properties": { "uid": "ryvpxz261p", "rate_time": 0.287, "sig_time": 0.014, "se_time": 0.105, "sce": 14.43, "nsm": 7.59, "valid_obs": 20, "valid_span": 25, "significant": true }, "geometry": { "type": "Point", "coordinates": [ 176.122222172831727, -5.67268287200656 ] } },
{ "type": "Feature", "properties": { "uid": "ryvpxz25hr", "rate_time": -0.069, "sig_time": 0.51, "se_time": 0.103, "sce": 13.0, "nsm": 0.61, "valid_obs": 20, "valid_span": 25, "significant": false }, "geometry": { "type": "Point", "coordinates": [ 176.122014937245638, -5.672508207625162 ] } },
{ "type": "Feature", "properties": { "uid": "ryvpxxrur8", "rate_time": -0.203, "sig_time": 0.032, "se_time": 0.087, "sce": 14.05, "nsm": -3.14, "valid_obs": 20, "valid_span": 25, "significant": true }, "geometry": { "type": "Point", "coordinates": [ 176.12180811176637, -5.67233297515255 ] } },
{ "type": "Feature", "properties": { "uid": "ryvpxxrv4m", "rate_time": 0.01, "sig_time": 0.914, "se_time": 0.092, "sce": 11.65, "nsm": 0.22, "valid_obs": 20, "valid_span": 25, "significant": false }, "geometry": { "type": "Point", "coordinates": [ 176.121585239466498, -5.672178850340734 ] } },
{ "type": "Feature", "properties": { "uid": "ryvpxxrtuz", "rate_time": 0.055, "sig_time": 0.67, "se_time": 0.126, "sce": 15.3, "nsm": 2.27, "valid_obs": 20, "valid_span": 25, "significant": false }, "geometry": { "type": "Point", "coordinates": [ 176.121352773077888, -5.672039904599377 ] } },
{ "type": "Feature", "properties": { "uid": "ryvpxxxhmz", "rate_time": -0.02, "sig_time": 0.853, "se_time": 0.107, "sce": 13.23, "nsm": 3.43, "valid_obs": 19, "valid_span": 25, "significant": false }, "geometry": { "type": "Point", "coordinates": [ 176.120702391452937, -5.670919645642833 ] } },
{ "type": "Feature", "properties": { "uid": "ryvpxxxnjf", "rate_time": -0.061, "sig_time": 0.515, "se_time": 0.092, "sce": 11.77, "nsm": 1.49, "valid_obs": 19, "valid_span": 25, "significant": false }, "geometry": { "type": "Point", "coordinates": [ 176.120707343498339, -5.670648927462083 ] } },
{ "type": "Feature", "properties": { "uid": "ryvpxxxpx5", "rate_time": -0.106, "sig_time": 0.377, "se_time": 0.117, "sce": 12.39, "nsm": -0.48, "valid_obs": 20, "valid_span": 25, "significant": false }, "geometry": { "type": "Point", "coordinates": [ 176.120760103106306, -5.670383646640031 ] } },
{ "type": "Feature", "properties": { "uid": "ryvpxxz31h", "rate_time": -0.163, "sig_time": 0.148, "se_time": 0.108, "sce": 13.53, "nsm": -1.92, "valid_obs": 20, "valid_span": 25, "significant": false }, "geometry": { "type": "Point", "coordinates": [ 176.12084312905327, -5.670125377893346 ] } },
{ "type": "Feature", "properties": { "uid": "ryvpxxz6du", "rate_time": 0.124, "sig_time": 0.67, "se_time": 0.286, "sce": 44.67, "nsm": -1.23, "valid_obs": 21, "valid_span": 25, "significant": false }, "geometry": { "type": "Point", "coordinates": [ 176.120914757423805, -5.669863833802212 ] } },
{ "type": "Feature", "properties": { "uid": "ryvpxxzk5y", "rate_time": -0.031, "sig_time": 0.814, "se_time": 0.129, "sce": 17.49, "nsm": 0.76, "valid_obs": 21, "valid_span": 25, "significant": false }, "geometry": { "type": "Point", "coordinates": [ 176.120965793992752, -5.669597371036507 ] } },
{ "type": "Feature", "properties": { "uid": "ryvpxxzmub", "rate_time": -0.061, "sig_time": 0.705, "se_time": 0.159, "sce": 26.25, "nsm": 2.68, "valid_obs": 21, "valid_span": 25, "significant": false }, "geometry": { "type": "Point", "coordinates": [ 176.12100949483326, -5.669329600765158 ] } },
{ "type": "Feature", "properties": { "uid": "ryvpz8p6qq", "rate_time": -0.153, "sig_time": 0.242, "se_time": 0.127, "sce": 14.96, "nsm": -1.3, "valid_obs": 20, "valid_span": 25, "significant": false }, "geometry": { "type": "Point", "coordinates": [ 176.121074658024781, -5.668521788879879 ] } },
{ "type": "Feature", "properties": { "uid": "ryvpz8p7ux", "rate_time": -0.081, "sig_time": 0.513, "se_time": 0.122, "sce": 14.6, "nsm": 0.63, "valid_obs": 20, "valid_span": 25, "significant": false }, "geometry": { "type": "Point", "coordinates": [ 176.12099942897737, -5.668262298376617 ] } },
{ "type": "Feature", "properties": { "uid": "ryvpz8pm3g", "rate_time": -0.033, "sig_time": 0.735, "se_time": 0.096, "sce": 12.14, "nsm": 0.73, "valid_obs": 20, "valid_span": 25, "significant": false }, "geometry": { "type": "Point", "coordinates": [ 176.1208722436362, -5.668022737690944 ] } },
{ "type": "Feature", "properties": { "uid": "ryvpz8pnwj", "rate_time": 0.1, "sig_time": 0.171, "se_time": 0.07, "sce": 10.2, "nsm": 2.9, "valid_obs": 20, "valid_span": 25, "significant": false }, "geometry": { "type": "Point", "coordinates": [ 176.120714596886444, -5.667802191288865 ] } },
{ "type": "Feature", "properties": { "uid": "ryvpxz0vdw", "rate_time": 0.242, "sig_time": 0.002, "se_time": 0.069, "sce": 8.29, "nsm": 6.36, "valid_obs": 20, "valid_span": 25, "significant": true }, "geometry": { "type": "Point", "coordinates": [ 176.122969745803147, -5.673458639017699 ] } },
{ "type": "Feature", "properties": { "uid": "ryvpxv2n8b", "rate_time": 0.213, "sig_time": 0.489, "se_time": 0.301, "sce": 37.51, "nsm": 11.58, "valid_obs": 20, "valid_span": 25, "significant": false }, "geometry": { "type": "Point", "coordinates": [ 176.121859643569763, -5.682935370853433 ] } },
{ "type": "Feature", "properties": { "uid": "ryvpxv2jkf", "rate_time": 0.198, "sig_time": 0.562, "se_time": 0.335, "sce": 39.87, "nsm": 10.21, "valid_obs": 20, "valid_span": 25, "significant": false }, "geometry": { "type": "Point", "coordinates": [ 176.122038806356045, -5.683138905717387 ] } },
{ "type": "Feature", "properties": { "uid": "ryvpxv2k15", "rate_time": 0.156, "sig_time": 0.665, "se_time": 0.355, "sce": 43.12, "nsm": 8.84, "valid_obs": 20, "valid_span": 25, "significant": false }, "geometry": { "type": "Point", "coordinates": [ 176.122216667943519, -5.683343474336056 ] } },
{ "type": "Feature", "properties": { "uid": "ryvpxv26vh", "rate_time": 0.18, "sig_time": 0.636, "se_time": 0.373, "sce": 49.19, "nsm": 8.65, "valid_obs": 20, "valid_span": 25, "significant": false }, "geometry": { "type": "Point", "coordinates": [ 176.122388230419148, -5.68355339876659 ] } },
{ "type": "Feature", "properties": { "uid": "ryvpxv298u", "rate_time": 0.329, "sig_time": 0.436, "se_time": 0.413, "sce": 57.58, "nsm": 11.51, "valid_obs": 20, "valid_span": 25, "significant": false }, "geometry": { "type": "Point", "coordinates": [ 176.122553319539634, -5.683768543808815 ] } },
{ "type": "Feature", "properties": { "uid": "ryvpxv28kv", "rate_time": 0.389, "sig_time": 0.33, "se_time": 0.389, "sce": 53.2, "nsm": 12.98, "valid_obs": 20, "valid_span": 25, "significant": false }, "geometry": { "type": "Point", "coordinates": [ 176.122726342131784, -5.683977176377918 ] } },
{ "type": "Feature", "properties": { "uid": "ryvpxv0z30", "rate_time": 0.482, "sig_time": 0.17, "se_time": 0.338, "sce": 45.03, "nsm": 16.86, "valid_obs": 20, "valid_span": 25, "significant": false }, "geometry": { "type": "Point", "coordinates": [ 176.122908415790079, -5.68417806518564 ] } },
{ "type": "Feature", "properties": { "uid": "ryvpxv1hcy", "rate_time": 0.274, "sig_time": 0.266, "se_time": 0.238, "sce": 26.11, "nsm": 10.05, "valid_obs": 20, "valid_span": 25, "significant": false }, "geometry": { "type": "Point", "coordinates": [ 176.123279627536476, -5.684573332692739 ] } },
{ "type": "Feature", "properties": { "uid": "ryvpxv15y1", "rate_time": 0.146, "sig_time": 0.54, "se_time": 0.233, "sce": 22.09, "nsm": 5.74, "valid_obs": 20, "valid_span": 25, "significant": false }, "geometry": { "type": "Point", "coordinates": [ 176.123460240206413, -5.684775568336074 ] } },
{ "type": "Feature", "properties": { "uid": "ryvpxv16d4", "rate_time": 0.117, "sig_time": 0.62, "se_time": 0.231, "sce": 22.81, "nsm": 4.55, "valid_obs": 20, "valid_span": 25, "significant": false }, "geometry": { "type": "Point", "coordinates": [ 176.12363703948543, -5.684981163174634 ] } },
{ "type": "Feature", "properties": { "uid": "ryvpxv9kee", "rate_time": -0.279, "sig_time": 0.001, "se_time": 0.073, "sce": 10.13, "nsm": -5.06, "valid_obs": 20, "valid_span": 25, "significant": true }, "geometry": { "type": "Point", "coordinates": [ 176.123697195517195, -5.681887049090665 ] } },
{ "type": "Feature", "properties": { "uid": "ryvpxv13qm", "rate_time": 0.116, "sig_time": 0.626, "se_time": 0.235, "sce": 26.57, "nsm": 3.46, "valid_obs": 20, "valid_span": 25, "significant": false }, "geometry": { "type": "Point", "coordinates": [ 176.123818954970801, -5.685182065464772 ] } },
{ "type": "Feature", "properties": { "uid": "ryvpxv186b", "rate_time": 0.072, "sig_time": 0.763, "se_time": 0.236, "sce": 29.4, "nsm": 1.04, "valid_obs": 20, "valid_span": 25, "significant": false }, "geometry": { "type": "Point", "coordinates": [ 176.124004986227163, -5.685379164837385 ] } },
{ "type": "Feature", "properties": { "uid": "ryvpxz11vu", "rate_time": -0.245, "sig_time": 0.001, "se_time": 0.06, "sce": 6.67, "nsm": -6.26, "valid_obs": 20, "valid_span": 25, "significant": true }, "geometry": { "type": "Point", "coordinates": [ 176.123449396299833, -5.674115574666468 ] } },
{ "type": "Feature", "properties": { "uid": "ryvpxzh54c", "rate_time": 0.471, "sig_time": 0.065, "se_time": 0.24, "sce": 29.24, "nsm": 15.22, "valid_obs": 20, "valid_span": 25, "significant": false }, "geometry": { "type": "Point", "coordinates": [ 176.127445621047343, -5.673914656864103 ] } },
{ "type": "Feature", "properties": { "uid": "ryvpxz154j", "rate_time": -0.09, "sig_time": 0.133, "se_time": 0.057, "sce": 6.71, "nsm": -2.53, "valid_obs": 20, "valid_span": 25, "significant": false }, "geometry": { "type": "Point", "coordinates": [ 176.123291825349298, -5.673894977409321 ] } },
{ "type": "Feature", "properties": { "uid": "ryvpxz0uqm", "rate_time": 0.052, "sig_time": 0.404, "se_time": 0.061, "sce": 7.49, "nsm": 1.37, "valid_obs": 20, "valid_span": 25, "significant": false }, "geometry": { "type": "Point", "coordinates": [ 176.123128187206618, -5.673678742658215 ] } },
{ "type": "Feature", "properties": { "uid": "ryvpxzhh94", "rate_time": 0.508, "sig_time": 0.03, "se_time": 0.216, "sce": 25.13, "nsm": 15.86, "valid_obs": 20, "valid_span": 25, "significant": true }, "geometry": { "type": "Point", "coordinates": [ 176.12736638039172, -5.673655213951068 ] } },
{ "type": "Feature", "properties": { "uid": "ryvpxz5yp6", "rate_time": 0.593, "sig_time": 0.003, "se_time": 0.173, "sce": 19.14, "nsm": 19.14, "valid_obs": 20, "valid_span": 25, "significant": true }, "geometry": { "type": "Point", "coordinates": [ 176.127289343272906, -5.673395343782039 ] } },
{ "type": "Feature", "properties": { "uid": "ryvpxz5zt1", "rate_time": 0.518, "sig_time": 0.034, "se_time": 0.227, "sce": 31.21, "nsm": 19.05, "valid_obs": 21, "valid_span": 25, "significant": true }, "geometry": { "type": "Point", "coordinates": [ 176.127193847270462, -5.673141509068013 ] } },
{ "type": "Feature", "properties": { "uid": "ryvpxz7c54", "rate_time": 0.626, "sig_time": 0.004, "se_time": 0.191, "sce": 23.18, "nsm": 21.07, "valid_obs": 21, "valid_span": 25, "significant": true }, "geometry": { "type": "Point", "coordinates": [ 176.127114816708797, -5.672881953297656 ] } },
{ "type": "Feature", "properties": { "uid": "ryvpxz7f96", "rate_time": 0.975, "sig_time": 0.033, "se_time": 0.425, "sce": 59.93, "nsm": 24.28, "valid_obs": 21, "valid_span": 25, "significant": true }, "geometry": { "type": "Point", "coordinates": [ 176.127034467088578, -5.672623073878733 ] } },
{ "type": "Feature", "properties": { "uid": "ryvpxz7eyx", "rate_time": 0.65, "sig_time": 0.002, "se_time": 0.178, "sce": 25.3, "nsm": 22.38, "valid_obs": 20, "valid_span": 25, "significant": true }, "geometry": { "type": "Point", "coordinates": [ 176.12691245074322, -5.672380932701875 ] } },
{ "type": "Feature", "properties": { "uid": "ryvpxz7t7s", "rate_time": 0.659, "sig_time": 0.002, "se_time": 0.181, "sce": 27.32, "nsm": 22.0, "valid_obs": 20, "valid_span": 25, "significant": true }, "geometry": { "type": "Point", "coordinates": [ 176.126792434951739, -5.672137671061945 ] } },
{ "type": "Feature", "properties": { "uid": "ryvpxz7wb8", "rate_time": 0.618, "sig_time": 0.002, "se_time": 0.167, "sce": 25.17, "nsm": 19.88, "valid_obs": 20, "valid_span": 25, "significant": true }, "geometry": { "type": "Point", "coordinates": [ 176.12665664556755, -5.671903275318088 ] } },
{ "type": "Feature", "properties": { "uid": "ryvpxze2jy", "rate_time": 0.599, "sig_time": 0.001, "se_time": 0.155, "sce": 25.02, "nsm": 19.45, "valid_obs": 20, "valid_span": 25, "significant": true }, "geometry": { "type": "Point", "coordinates": [ 176.126538438553808, -5.671659113468977 ] } },
{ "type": "Feature", "properties": { "uid": "ryvpxze3dd", "rate_time": 0.365, "sig_time": 0.115, "se_time": 0.22, "sce": 34.69, "nsm": 17.12, "valid_obs": 20, "valid_span": 25, "significant": false }, "geometry": { "type": "Point", "coordinates": [ 176.126405285645546, -5.671423352720406 ] } },
{ "type": "Feature", "properties": { "uid": "ryvpxze4zz", "rate_time": 0.537, "sig_time": 0.001, "se_time": 0.134, "sce": 21.01, "nsm": 16.01, "valid_obs": 19, "valid_span": 25, "significant": true }, "geometry": { "type": "Point", "coordinates": [ 176.126284489876184, -5.671180508500414 ] } },
{ "type": "Feature", "properties": { "uid": "ryvpxzehmh", "rate_time": 0.583, "sig_time": 0.001, "se_time": 0.137, "sce": 22.2, "nsm": 16.85, "valid_obs": 19, "valid_span": 25, "significant": true }, "geometry": { "type": "Point", "coordinates": [ 176.126163601139922, -5.670937839176006 ] } },
{ "type": "Feature", "properties": { "uid": "ryvpxzejf1", "rate_time": 0.55, "sig_time": 0.001, "se_time": 0.131, "sce": 20.88, "nsm": 15.73, "valid_obs": 19, "valid_span": 25, "significant": true }, "geometry": { "type": "Point", "coordinates": [ 176.126041034716309, -5.670695975866644 ] } },
{ "type": "Feature", "properties": { "uid": "ryvpxzdzpx", "rate_time": 0.619, "sig_time": 0.0, "se_time": 0.138, "sce": 22.28, "nsm": 17.02, "valid_obs": 19, "valid_span": 25, "significant": true }, "geometry": { "type": "Point", "coordinates": [ 176.125930513301995, -5.670448278878716 ] } },
{ "type": "Feature", "properties": { "uid": "ryvpzb3c2f", "rate_time": 0.659, "sig_time": 0.002, "se_time": 0.182, "sce": 18.97, "nsm": null, "valid_obs": 17, "valid_span": 21, "significant": true }, "geometry": { "type": "Point", "coordinates": [ 176.124268141591756, -5.667343523738417 ] } },
{ "type": "Feature", "properties": { "uid": "ryvpxy6b1z", "rate_time": 0.121, "sig_time": 0.107, "se_time": 0.071, "sce": 8.97, "nsm": 2.02, "valid_obs": 20, "valid_span": 25, "significant": false }, "geometry": { "type": "Point", "coordinates": [ 176.125686575226212, -5.678517370697306 ] } },
{ "type": "Feature", "properties": { "uid": "ryvpxy69w3", "rate_time": 0.181, "sig_time": 0.021, "se_time": 0.072, "sce": 8.82, "nsm": 3.2, "valid_obs": 20, "valid_span": 25, "significant": true }, "geometry": { "type": "Point", "coordinates": [ 176.12553778578831, -5.678290974921472 ] } },
{ "type": "Feature", "properties": { "uid": "ryvpxy6df9", "rate_time": 0.117, "sig_time": 0.123, "se_time": 0.072, "sce": 7.86, "nsm": 2.38, "valid_obs": 20, "valid_span": 25, "significant": false }, "geometry": { "type": "Point", "coordinates": [ 176.125367632280557, -5.678079825222177 ] } },
{ "type": "Feature", "properties": { "uid": "ryvpxy67yh", "rate_time": -0.002, "sig_time": 0.976, "se_time": 0.067, "sce": 8.56, "nsm": -0.36, "valid_obs": 20, "valid_span": 25, "significant": false }, "geometry": { "type": "Point", "coordinates": [ 176.125174885111448, -5.677889405735013 ] } },
{ "type": "Feature", "properties": { "uid": "ryvpxy6m45", "rate_time": -0.015, "sig_time": 0.823, "se_time": 0.067, "sce": 9.21, "nsm": -0.86, "valid_obs": 20, "valid_span": 25, "significant": false }, "geometry": { "type": "Point", "coordinates": [ 176.125002519188769, -5.677682906490569 ] } },
{ "type": "Feature", "properties": { "uid": "ryvpxy6nx2", "rate_time": -0.061, "sig_time": 0.424, "se_time": 0.074, "sce": 10.55, "nsm": -1.17, "valid_obs": 20, "valid_span": 25, "significant": false }, "geometry": { "type": "Point", "coordinates": [ 176.124886714722294, -5.677439349169343 ] } },
{ "type": "Feature", "properties": { "uid": "ryvpxyd0jc", "rate_time": -0.036, "sig_time": 0.733, "se_time": 0.103, "sce": 11.65, "nsm": -0.33, "valid_obs": 20, "valid_span": 25, "significant": false }, "geometry": { "type": "Point", "coordinates": [ 176.124827982261451, -5.677175806109455 ] } },
{ "type": "Feature", "properties": { "uid": "ryvpxyd1tu", "rate_time": -0.004, "sig_time": 0.971, "se_time": 0.123, "sce": 12.99, "nsm": -0.16, "valid_obs": 20, "valid_span": 25, "significant": false }, "geometry": { "type": "Point", "coordinates": [ 176.124822038427169, -5.676904839352604 ] } },
{ "type": "Feature", "properties": { "uid": "ryvpxyd5nn", "rate_time": 0.017, "sig_time": 0.883, "se_time": 0.115, "sce": 11.73, "nsm": -0.15, "valid_obs": 20, "valid_span": 25, "significant": false }, "geometry": { "type": "Point", "coordinates": [ 176.12483451219336, -5.676633869502938 ] } },
{ "type": "Feature", "properties": { "uid": "ryvpxydhvc", "rate_time": 0.004, "sig_time": 0.96, "se_time": 0.089, "sce": 10.46, "nsm": 0.6, "valid_obs": 20, "valid_span": 25, "significant": false }, "geometry": { "type": "Point", "coordinates": [ 176.124824556722245, -5.676363197308355 ] } },
{ "type": "Feature", "properties": { "uid": "ryvpxydnkg", "rate_time": -0.047, "sig_time": 0.464, "se_time": 0.063, "sce": 7.7, "nsm": 0.18, "valid_obs": 20, "valid_span": 25, "significant": false }, "geometry": { "type": "Point", "coordinates": [ 176.124779079740904, -5.676096005676537 ] } },
{ "type": "Feature", "properties": { "uid": "ryvpxydpgk", "rate_time": -0.097, "sig_time": 0.096, "se_time": 0.055, "sce": 6.12, "nsm": -1.99, "valid_obs": 20, "valid_span": 25, "significant": false }, "geometry": { "type": "Point", "coordinates": [ 176.124718825913817, -5.675831716085686 ] } },
{ "type": "Feature", "properties": { "uid": "ryvpxyf137", "rate_time": -0.033, "sig_time": 0.573, "se_time": 0.058, "sce": 7.1, "nsm": -1.32, "valid_obs": 20, "valid_span": 25, "significant": false }, "geometry": { "type": "Point", "coordinates": [ 176.124628479554843, -5.675576835681409 ] } },
{ "type": "Feature", "properties": { "uid": "ryvpxycfwp", "rate_time": 0.06, "sig_time": 0.42, "se_time": 0.073, "sce": 9.09, "nsm": 0.57, "valid_obs": 20, "valid_span": 25, "significant": false }, "geometry": { "type": "Point", "coordinates": [ 176.124493638198857, -5.67534148678704 ] } },
{ "type": "Feature", "properties": { "uid": "ryvpxycu4f", "rate_time": 0.017, "sig_time": 0.821, "se_time": 0.073, "sce": 9.01, "nsm": -0.58, "valid_obs": 20, "valid_span": 25, "significant": false }, "geometry": { "type": "Point", "coordinates": [ 176.124348865367011, -5.675112129554919 ] } },
{ "type": "Feature", "properties": { "uid": "ryvpxyctnx", "rate_time": 0.078, "sig_time": 0.357, "se_time": 0.083, "sce": 10.51, "nsm": -1.7, "valid_obs": 20, "valid_span": 25, "significant": false }, "geometry": { "type": "Point", "coordinates": [ 176.12416908282691, -5.67491055304987 ] } },
{ "type": "Feature", "properties": { "uid": "ryvpxycw3c", "rate_time": -0.044, "sig_time": 0.465, "se_time": 0.059, "sce": 6.51, "nsm": -1.92, "valid_obs": 20, "valid_span": 25, "significant": false }, "geometry": { "type": "Point", "coordinates": [ 176.12396643361069, -5.674730582557534 ] } },
{ "type": "Feature", "properties": { "uid": "ryvpxycrkc", "rate_time": -0.074, "sig_time": 0.221, "se_time": 0.058, "sce": 6.87, "nsm": -2.56, "valid_obs": 20, "valid_span": 25, "significant": false }, "geometry": { "type": "Point", "coordinates": [ 176.123755693759762, -5.674560081471324 ] } },
{ "type": "Feature", "properties": { "uid": "ryvpxz1291", "rate_time": -0.081, "sig_time": 0.413, "se_time": 0.096, "sce": 10.31, "nsm": -5.32, "valid_obs": 20, "valid_span": 25, "significant": false }, "geometry": { "type": "Point", "coordinates": [ 176.123596220023273, -5.674343585780233 ] } },
{ "type": "Feature", "properties": { "uid": "ryvpxzh1t6", "rate_time": 0.473, "sig_time": 0.064, "se_time": 0.24, "sce": 30.55, "nsm": 16.16, "valid_obs": 20, "valid_span": 25, "significant": false }, "geometry": { "type": "Point", "coordinates": [ 176.127548025209506, -5.674165427460595 ] } },
{ "type": "Feature", "properties": { "uid": "ryvpxzh0ps", "rate_time": 0.444, "sig_time": 0.079, "se_time": 0.238, "sce": 29.09, "nsm": 16.36, "valid_obs": 20, "valid_span": 25, "significant": false }, "geometry": { "type": "Point", "coordinates": [ 176.127651379613837, -5.674416081731867 ] } },
{ "type": "Feature", "properties": { "uid": "ryvpxyuqdj", "rate_time": 0.49, "sig_time": 0.094, "se_time": 0.277, "sce": 36.39, "nsm": 17.5, "valid_obs": 20, "valid_span": 25, "significant": false }, "geometry": { "type": "Point", "coordinates": [ 176.127752923968615, -5.674667596612469 ] } },
{ "type": "Feature", "properties": { "uid": "ryvpxyumhx", "rate_time": 0.498, "sig_time": 0.153, "se_time": 0.334, "sce": 45.96, "nsm": 17.87, "valid_obs": 20, "valid_span": 25, "significant": false }, "geometry": { "type": "Point", "coordinates": [ 176.127865215711552, -5.674913942999833 ] } },
{ "type": "Feature", "properties": { "uid": "ryvpxyu7yb", "rate_time": 0.552, "sig_time": 0.016, "se_time": 0.207, "sce": 25.04, "nsm": 16.73, "valid_obs": 19, "valid_span": 25, "significant": true }, "geometry": { "type": "Point", "coordinates": [ 176.127961121547628, -5.675167717846807 ] } },
{ "type": "Feature", "properties": { "uid": "ryvpxyud33", "rate_time": 0.576, "sig_time": 0.032, "se_time": 0.247, "sce": 31.52, "nsm": 18.52, "valid_obs": 19, "valid_span": 25, "significant": true }, "geometry": { "type": "Point", "coordinates": [ 176.128067991342306, -5.675416722842556 ] } },
{ "type": "Feature", "properties": { "uid": "ryvpxyu8u5", "rate_time": 0.65, "sig_time": 0.018, "se_time": 0.248, "sce": 31.11, "nsm": 21.13, "valid_obs": 19, "valid_span": 25, "significant": true }, "geometry": { "type": "Point", "coordinates": [ 176.128178846589861, -5.675663343776545 ] } },
{ "type": "Feature", "properties": { "uid": "ryvpxysxm6", "rate_time": 0.576, "sig_time": 0.025, "se_time": 0.234, "sce": 27.54, "nsm": 18.59, "valid_obs": 19, "valid_span": 25, "significant": true }, "geometry": { "type": "Point", "coordinates": [ 176.128241823788642, -5.675927269446124 ] } },
{ "type": "Feature", "properties": { "uid": "ryvpxystz1", "rate_time": 0.597, "sig_time": 0.031, "se_time": 0.254, "sce": 33.65, "nsm": 18.71, "valid_obs": 19, "valid_span": 25, "significant": true }, "geometry": { "type": "Point", "coordinates": [ 176.128313447836547, -5.67618830849567 ] } },
{ "type": "Feature", "properties": { "uid": "ryvpxysu3u", "rate_time": 0.878, "sig_time": 0.004, "se_time": 0.263, "sce": 33.22, "nsm": 25.33, "valid_obs": 19, "valid_span": 25, "significant": true }, "geometry": { "type": "Point", "coordinates": [ 176.128433809275464, -5.676431412948963 ] } },
{ "type": "Feature", "properties": { "uid": "ryvpxyscx0", "rate_time": 0.972, "sig_time": 0.002, "se_time": 0.272, "sce": 40.06, "nsm": 26.65, "valid_obs": 19, "valid_span": 25, "significant": true }, "geometry": { "type": "Point", "coordinates": [ 176.128659051758405, -5.676924866254407 ] } },
{ "type": "Feature", "properties": { "uid": "ryvpxyt012", "rate_time": 1.026, "sig_time": 0.001, "se_time": 0.253, "sce": 39.8, "nsm": 27.12, "valid_obs": 19, "valid_span": 25, "significant": true }, "geometry": { "type": "Point", "coordinates": [ 176.128748427681415, -5.677180467979306 ] } },
{ "type": "Feature", "properties": { "uid": "ryvpxymne3", "rate_time": 0.981, "sig_time": 0.001, "se_time": 0.236, "sce": 37.71, "nsm": 25.86, "valid_obs": 19, "valid_span": 25, "significant": true }, "geometry": { "type": "Point", "coordinates": [ 176.128837224867453, -5.677436759710093 ] } },
{ "type": "Feature", "properties": { "uid": "ryvpxymjn5", "rate_time": 1.236, "sig_time": 0.0, "se_time": 0.241, "sce": 39.21, "nsm": 30.67, "valid_obs": 19, "valid_span": 25, "significant": true }, "geometry": { "type": "Point", "coordinates": [ 176.128951641513822, -5.677682179616254 ] } },
{ "type": "Feature", "properties": { "uid": "ryvpxvvusy", "rate_time": 0.227, "sig_time": 0.425, "se_time": 0.278, "sce": 31.69, "nsm": null, "valid_obs": 19, "valid_span": 21, "significant": false }, "geometry": { "type": "Point", "coordinates": [ 176.129934850234179, -5.680495541498065 ] } },
{ "type": "Feature", "properties": { "uid": "ryvpxvvgny", "rate_time": 0.201, "sig_time": 0.452, "se_time": 0.261, "sce": 30.04, "nsm": null, "valid_obs": 19, "valid_span": 21, "significant": false }, "geometry": { "type": "Point", "coordinates": [ 176.130021425153103, -5.680752607422731 ] } },
{ "type": "Feature", "properties": { "uid": "ryvpxvwjju", "rate_time": -0.012, "sig_time": 0.952, "se_time": 0.204, "sce": 17.02, "nsm": null, "valid_obs": 19, "valid_span": 21, "significant": false }, "geometry": { "type": "Point", "coordinates": [ 176.130318623522527, -5.681796270822961 ] } },
{ "type": "Feature", "properties": { "uid": "ryvpxvw5xu", "rate_time": 0.045, "sig_time": 0.837, "se_time": 0.214, "sce": 19.44, "nsm": null, "valid_obs": 19, "valid_span": 21, "significant": false }, "geometry": { "type": "Point", "coordinates": [ 176.130403576319907, -5.682053916270418 ] } },
{ "type": "Feature", "properties": { "uid": "ryvpxvw61u", "rate_time": 0.16, "sig_time": 0.511, "se_time": 0.238, "sce": 23.9, "nsm": null, "valid_obs": 19, "valid_span": 21, "significant": false }, "geometry": { "type": "Point", "coordinates": [ 176.130491312335494, -5.682310646887261 ] } },
{ "type": "Feature", "properties": { "uid": "ryvpxvq9j4", "rate_time": 0.388, "sig_time": 0.037, "se_time": 0.173, "sce": 21.79, "nsm": 13.02, "valid_obs": 21, "valid_span": 25, "significant": true }, "geometry": { "type": "Point", "coordinates": [ 176.13097059964457, -5.683865238079237 ] } },
{ "type": "Feature", "properties": { "uid": "ryvpxvnxwf", "rate_time": 0.388, "sig_time": 0.035, "se_time": 0.171, "sce": 21.8, "nsm": 12.16, "valid_obs": 21, "valid_span": 25, "significant": true }, "geometry": { "type": "Point", "coordinates": [ 176.131051230146113, -5.684124019421374 ] } },
{ "type": "Feature", "properties": { "uid": "ryvpxvny03", "rate_time": 0.354, "sig_time": 0.049, "se_time": 0.168, "sce": 20.94, "nsm": 10.31, "valid_obs": 21, "valid_span": 25, "significant": true }, "geometry": { "type": "Point", "coordinates": [ 176.131114317047803, -5.684387908311786 ] } },
{ "type": "Feature", "properties": { "uid": "ryvpxvnu9b", "rate_time": 0.342, "sig_time": 0.081, "se_time": 0.185, "sce": 23.33, "nsm": 10.09, "valid_obs": 21, "valid_span": 25, "significant": false }, "geometry": { "type": "Point", "coordinates": [ 176.131177289513886, -5.684651764590619 ] } },
{ "type": "Feature", "properties": { "uid": "ryvpxvnfgx", "rate_time": 0.375, "sig_time": 0.13, "se_time": 0.237, "sce": 30.7, "nsm": 11.13, "valid_obs": 21, "valid_span": 25, "significant": false }, "geometry": { "type": "Point", "coordinates": [ 176.13124899661662, -5.68491343831056 ] } },
{ "type": "Feature", "properties": { "uid": "ryvpxvncmn", "rate_time": 0.471, "sig_time": 0.109, "se_time": 0.28, "sce": 40.37, "nsm": 15.0, "valid_obs": 21, "valid_span": 25, "significant": false }, "geometry": { "type": "Point", "coordinates": [ 176.13131924960021, -5.685175238101138 ] } },
{ "type": "Feature", "properties": { "uid": "ryvpxuz50w", "rate_time": 0.148, "sig_time": 0.209, "se_time": 0.113, "sce": 13.7, "nsm": 2.99, "valid_obs": 20, "valid_span": 25, "significant": false }, "geometry": { "type": "Point", "coordinates": [ 176.131470450286173, -5.686249429500318 ] } },
{ "type": "Feature", "properties": { "uid": "ryvpxuz1dh", "rate_time": 0.347, "sig_time": 0.017, "se_time": 0.132, "sce": 16.18, "nsm": 7.47, "valid_obs": 20, "valid_span": 25, "significant": true }, "geometry": { "type": "Point", "coordinates": [ 176.131527769384235, -5.68651463733355 ] } },
{ "type": "Feature", "properties": { "uid": "ryvpxuz05e", "rate_time": 0.438, "sig_time": 0.005, "se_time": 0.138, "sce": 18.3, "nsm": 10.75, "valid_obs": 20, "valid_span": 25, "significant": true }, "geometry": { "type": "Point", "coordinates": [ 176.131596475348346, -5.686777077205091 ] } },
{ "type": "Feature", "properties": { "uid": "ryvpxuxnsf", "rate_time": 0.438, "sig_time": 0.007, "se_time": 0.143, "sce": 18.37, "nsm": 11.75, "valid_obs": 20, "valid_span": 25, "significant": true }, "geometry": { "type": "Point", "coordinates": [ 176.131650352129441, -5.687043016106537 ] } },
{ "type": "Feature", "properties": { "uid": "ryvpxuxjn0", "rate_time": 0.461, "sig_time": 0.007, "se_time": 0.153, "sce": 19.45, "nsm": 13.46, "valid_obs": 20, "valid_span": 25, "significant": true }, "geometry": { "type": "Point", "coordinates": [ 176.131700916337707, -5.687309607982971 ] } },
{ "type": "Feature", "properties": { "uid": "ryvpxux5rr", "rate_time": 0.497, "sig_time": 0.005, "se_time": 0.157, "sce": 20.3, "nsm": 14.51, "valid_obs": 20, "valid_span": 25, "significant": true }, "geometry": { "type": "Point", "coordinates": [ 176.131753969038073, -5.687575714803152 ] } },
{ "type": "Feature", "properties": { "uid": "ryvpxux3bt", "rate_time": 0.521, "sig_time": 0.004, "se_time": 0.157, "sce": 21.24, "nsm": 14.92, "valid_obs": 20, "valid_span": 25, "significant": true }, "geometry": { "type": "Point", "coordinates": [ 176.131808607726413, -5.687841449025504 ] } },
{ "type": "Feature", "properties": { "uid": "ryvpxur7tx", "rate_time": 0.53, "sig_time": 0.004, "se_time": 0.159, "sce": 21.08, "nsm": 15.8, "valid_obs": 20, "valid_span": 25, "significant": true }, "geometry": { "type": "Point", "coordinates": [ 176.132022666952537, -5.688905322764819 ] } },
{ "type": "Feature", "properties": { "uid": "ryvpxvwnsh", "rate_time": 0.021, "sig_time": 0.924, "se_time": 0.218, "sce": 18.17, "nsm": null, "valid_obs": 19, "valid_span": 21, "significant": false }, "geometry": { "type": "Point", "coordinates": [ 176.130239859554905, -5.68153663391363 ] } },
{ "type": "Feature", "properties": { "uid": "ryvpxvy04m", "rate_time": 0.061, "sig_time": 0.798, "se_time": 0.236, "sce": 22.01, "nsm": null, "valid_obs": 19, "valid_span": 21, "significant": false }, "geometry": { "type": "Point", "coordinates": [ 176.130163738621263, -5.681276223616848 ] } },
{ "type": "Feature", "properties": { "uid": "ryvpxvy18w", "rate_time": 0.138, "sig_time": 0.57, "se_time": 0.239, "sce": 24.62, "nsm": null, "valid_obs": 19, "valid_span": 21, "significant": false }, "geometry": { "type": "Point", "coordinates": [ 176.130093671720232, -5.68101409643944 ] } },
{ "type": "Feature", "properties": { "uid": "ryvpxur6nv", "rate_time": 0.584, "sig_time": 0.008, "se_time": 0.196, "sce": 24.97, "nsm": 16.7, "valid_obs": 20, "valid_span": 25, "significant": true }, "geometry": { "type": "Point", "coordinates": [ 176.13207920129642, -5.689170697342069 ] } },
{ "type": "Feature", "properties": { "uid": "ryvpxur885", "rate_time": 0.575, "sig_time": 0.007, "se_time": 0.189, "sce": 23.33, "nsm": 15.06, "valid_obs": 20, "valid_span": 25, "significant": true }, "geometry": { "type": "Point", "coordinates": [ 176.132128913415784, -5.689437418402923 ] } },
{ "type": "Feature", "properties": { "uid": "ryvr85878b", "rate_time": 0.238, "sig_time": 0.389, "se_time": 0.267, "sce": 21.66, "nsm": null, "valid_obs": 16, "valid_span": 19, "significant": false }, "geometry": { "type": "Point", "coordinates": [ 176.133193149604921, -5.69306241619762 ] } },
{ "type": "Feature", "properties": { "uid": "ryvr852shy", "rate_time": 0.251, "sig_time": 0.401, "se_time": 0.29, "sce": 31.95, "nsm": null, "valid_obs": 16, "valid_span": 21, "significant": false }, "geometry": { "type": "Point", "coordinates": [ 176.133710365064388, -5.694314956173221 ] } },
{ "type": "Feature", "properties": { "uid": "ryvr852dz2", "rate_time": 0.372, "sig_time": 0.015, "se_time": 0.134, "sce": 14.51, "nsm": null, "valid_obs": 15, "valid_span": 21, "significant": true }, "geometry": { "type": "Point", "coordinates": [ 176.133815168780473, -5.694565051272563 ] } },
{ "type": "Feature", "properties": { "uid": "ryvpxgp6se", "rate_time": -0.338, "sig_time": 0.005, "se_time": 0.106, "sce": 16.29, "nsm": -7.12, "valid_obs": 20, "valid_span": 25, "significant": true }, "geometry": { "type": "Point", "coordinates": [ 176.131983540271818, -5.695964398842123 ] } },
{ "type": "Feature", "properties": { "uid": "ryvpxgp926", "rate_time": -0.375, "sig_time": 0.008, "se_time": 0.125, "sce": 18.56, "nsm": -7.74, "valid_obs": 20, "valid_span": 25, "significant": true }, "geometry": { "type": "Point", "coordinates": [ 176.132142589931362, -5.696184015911693 ] } },
{ "type": "Feature", "properties": { "uid": "ryvpxgp8h7", "rate_time": -0.458, "sig_time": 0.002, "se_time": 0.128, "sce": 20.33, "nsm": -10.75, "valid_obs": 20, "valid_span": 25, "significant": true }, "geometry": { "type": "Point", "coordinates": [ 176.13231284060123, -5.696394978538877 ] } },
{ "type": "Feature", "properties": { "uid": "ryvpxfzyb4", "rate_time": -0.485, "sig_time": 0.001, "se_time": 0.124, "sce": 18.96, "nsm": -11.85, "valid_obs": 20, "valid_span": 25, "significant": true }, "geometry": { "type": "Point", "coordinates": [ 176.132472044108653, -5.696614126789672 ] } },
{ "type": "Feature", "properties": { "uid": "ryvpxfzv7r", "rate_time": -0.384, "sig_time": 0.012, "se_time": 0.137, "sce": 18.72, "nsm": -9.9, "valid_obs": 20, "valid_span": 25, "significant": true }, "geometry": { "type": "Point", "coordinates": [ 176.132618020489559, -5.696842709619856 ] } },
{ "type": "Feature", "properties": { "uid": "ryvpxfzunv", "rate_time": -0.342, "sig_time": 0.07, "se_time": 0.177, "sce": 21.13, "nsm": -8.75, "valid_obs": 20, "valid_span": 25, "significant": false }, "geometry": { "type": "Point", "coordinates": [ 176.132767428184167, -5.697069063642558 ] } },
{ "type": "Feature", "properties": { "uid": "ryvr84b4fs", "rate_time": -0.473, "sig_time": 0.025, "se_time": 0.193, "sce": 24.2, "nsm": -11.54, "valid_obs": 20, "valid_span": 25, "significant": true }, "geometry": { "type": "Point", "coordinates": [ 176.132929990149648, -5.697286127891581 ] } },
{ "type": "Feature", "properties": { "uid": "ryvr84b1w7", "rate_time": -0.492, "sig_time": 0.069, "se_time": 0.254, "sce": 32.11, "nsm": -11.82, "valid_obs": 20, "valid_span": 25, "significant": false }, "geometry": { "type": "Point", "coordinates": [ 176.133089151080611, -5.697505681471054 ] } },
{ "type": "Feature", "properties": { "uid": "ryvr84b265", "rate_time": -0.504, "sig_time": 0.046, "se_time": 0.235, "sce": 26.59, "nsm": -11.52, "valid_obs": 20, "valid_span": 25, "significant": true }, "geometry": { "type": "Point", "coordinates": [ 176.133251269365331, -5.697723017492491 ] } },
{ "type": "Feature", "properties": { "uid": "ryvr848rjf", "rate_time": -0.603, "sig_time": 0.037, "se_time": 0.268, "sce": 29.35, "nsm": -12.73, "valid_obs": 20, "valid_span": 25, "significant": true }, "geometry": { "type": "Point", "coordinates": [ 176.133412727323474, -5.697940905841437 ] } },
{ "type": "Feature", "properties": { "uid": "ryvr848tc9", "rate_time": -0.701, "sig_time": 0.025, "se_time": 0.286, "sce": 31.96, "nsm": -14.11, "valid_obs": 20, "valid_span": 25, "significant": true }, "geometry": { "type": "Point", "coordinates": [ 176.133572184863596, -5.698160276189754 ] } },
{ "type": "Feature", "properties": { "uid": "ryvr848st3", "rate_time": -0.732, "sig_time": 0.029, "se_time": 0.309, "sce": 34.27, "nsm": -15.18, "valid_obs": 20, "valid_span": 25, "significant": true }, "geometry": { "type": "Point", "coordinates": [ 176.133733632752467, -5.698378167730093 ] } },
{ "type": "Feature", "properties": { "uid": "ryvr848g0z", "rate_time": -0.749, "sig_time": 0.035, "se_time": 0.328, "sce": 34.97, "nsm": -13.27, "valid_obs": 20, "valid_span": 25, "significant": true }, "geometry": { "type": "Point", "coordinates": [ 176.133881955824847, -5.698605150060203 ] } },
{ "type": "Feature", "properties": { "uid": "ryvr848cut", "rate_time": -0.846, "sig_time": 0.021, "se_time": 0.333, "sce": 34.71, "nsm": -13.51, "valid_obs": 20, "valid_span": 25, "significant": true }, "geometry": { "type": "Point", "coordinates": [ 176.134038438861808, -5.698826368039343 ] } },
{ "type": "Feature", "properties": { "uid": "ryvr850yqv", "rate_time": 0.629, "sig_time": 0.002, "se_time": 0.167, "sce": 17.37, "nsm": null, "valid_obs": 16, "valid_span": 21, "significant": true }, "geometry": { "type": "Point", "coordinates": [ 176.134141912602445, -5.69531010235741 ] } },
{ "type": "Feature", "properties": { "uid": "ryvr851hcx", "rate_time": 0.675, "sig_time": 0.007, "se_time": 0.213, "sce": 19.14, "nsm": null, "valid_obs": 16, "valid_span": 21, "significant": true }, "geometry": { "type": "Point", "coordinates": [ 176.134259161714255, -5.695554565067649 ] } },
{ "type": "Feature", "properties": { "uid": "ryvr8515s3", "rate_time": 0.719, "sig_time": 0.002, "se_time": 0.186, "sce": 17.08, "nsm": null, "valid_obs": 16, "valid_span": 21, "significant": true }, "geometry": { "type": "Point", "coordinates": [ 176.134374911945486, -5.695799654393346 ] } },
{ "type": "Feature", "properties": { "uid": "ryvr84crmt", "rate_time": 2.145, "sig_time": 0.001, "se_time": 0.518, "sce": 77.69, "nsm": null, "valid_obs": 16, "valid_span": 21, "significant": true }, "geometry": { "type": "Point", "coordinates": [ 176.134771629524892, -5.696509731409371 ] } },
{ "type": "Feature", "properties": { "uid": "ryvr84908w", "rate_time": -0.892, "sig_time": 0.018, "se_time": 0.342, "sce": 38.68, "nsm": -14.53, "valid_obs": 20, "valid_span": 25, "significant": true }, "geometry": { "type": "Point", "coordinates": [ 176.134207410479775, -5.699038355507094 ] } },
{ "type": "Feature", "properties": { "uid": "ryvr843pkq", "rate_time": -0.909, "sig_time": 0.017, "se_time": 0.346, "sce": 41.61, "nsm": -15.01, "valid_obs": 20, "valid_span": 25, "significant": true }, "geometry": { "type": "Point", "coordinates": [ 176.134375284040118, -5.699251285126904 ] } },
{ "type": "Feature", "properties": { "uid": "ryvr843q0j", "rate_time": -0.854, "sig_time": 0.057, "se_time": 0.42, "sce": 53.59, "nsm": -13.28, "valid_obs": 20, "valid_span": 25, "significant": false }, "geometry": { "type": "Point", "coordinates": [ 176.134534808058788, -5.69947051177626 ] } },
{ "type": "Feature", "properties": { "uid": "ryvr843kgv", "rate_time": -0.877, "sig_time": 0.146, "se_time": 0.577, "sce": 81.28, "nsm": -10.9, "valid_obs": 20, "valid_span": 25, "significant": false }, "geometry": { "type": "Point", "coordinates": [ 176.134697356784898, -5.699687564387845 ] } },
{ "type": "Feature", "properties": { "uid": "ryvr8437xv", "rate_time": -0.922, "sig_time": 0.244, "se_time": 0.765, "sce": 112.4, "nsm": -8.85, "valid_obs": 20, "valid_span": 25, "significant": false }, "geometry": { "type": "Point", "coordinates": [ 176.13486200283262, -5.699903016135417 ] } },
{ "type": "Feature", "properties": { "uid": "ryvpxx9rrv", "rate_time": 0.079, "sig_time": 0.346, "se_time": 0.082, "sce": 12.5, "nsm": -0.94, "valid_obs": 20, "valid_span": 25, "significant": false }, "geometry": { "type": "Point", "coordinates": [ 176.112890135421793, -5.670420042816697 ] } },
{ "type": "Feature", "properties": { "uid": "ryvpxx9xnp", "rate_time": 0.105, "sig_time": 0.269, "se_time": 0.092, "sce": 13.01, "nsm": 0.29, "valid_obs": 20, "valid_span": 25, "significant": false }, "geometry": { "type": "Point", "coordinates": [ 176.113158839244647, -5.670451640603645 ] } },
{ "type": "Feature", "properties": { "uid": "ryvpxx9zk3", "rate_time": 0.137, "sig_time": 0.263, "se_time": 0.119, "sce": 15.27, "nsm": 2.51, "valid_obs": 20, "valid_span": 25, "significant": false }, "geometry": { "type": "Point", "coordinates": [ 176.113429532845146, -5.670441594265657 ] } },
{ "type": "Feature", "properties": { "uid": "ryvpxxdp69", "rate_time": 0.237, "sig_time": 0.174, "se_time": 0.168, "sce": 18.42, "nsm": 5.01, "valid_obs": 20, "valid_span": 25, "significant": false }, "geometry": { "type": "Point", "coordinates": [ 176.113700381849895, -5.670438329121653 ] } },
{ "type": "Feature", "properties": { "uid": "ryvpxxdubq", "rate_time": -0.27, "sig_time": 0.025, "se_time": 0.107, "sce": 9.93, "nsm": null, "valid_obs": 15, "valid_span": 18, "significant": true }, "geometry": { "type": "Point", "coordinates": [ 176.114637018324061, -5.670843268448659 ] } },
{ "type": "Feature", "properties": { "uid": "ryvpxx7j25", "rate_time": 0.01, "sig_time": 0.913, "se_time": 0.09, "sce": 8.69, "nsm": 3.31, "valid_obs": 20, "valid_span": 25, "significant": false }, "geometry": { "type": "Point", "coordinates": [ 176.114960058317365, -5.672145068999074 ] } },
{ "type": "Feature", "properties": { "uid": "ryvpxx75ft", "rate_time": 0.093, "sig_time": 0.282, "se_time": 0.084, "sce": 9.09, "nsm": 3.77, "valid_obs": 20, "valid_span": 25, "significant": false }, "geometry": { "type": "Point", "coordinates": [ 176.115067459002603, -5.672392721387207 ] } },
{ "type": "Feature", "properties": { "uid": "ryvpxx74w5", "rate_time": 0.091, "sig_time": 0.296, "se_time": 0.084, "sce": 9.15, "nsm": 3.13, "valid_obs": 20, "valid_span": 25, "significant": false }, "geometry": { "type": "Point", "coordinates": [ 176.115221048219638, -5.67261624885501 ] } },
{ "type": "Feature", "properties": { "uid": "ryvpxxhj40", "rate_time": 0.015, "sig_time": 0.921, "se_time": 0.151, "sce": 18.9, "nsm": 2.83, "valid_obs": 20, "valid_span": 25, "significant": false }, "geometry": { "type": "Point", "coordinates": [ 176.116424124814586, -5.673578928279007 ] } },
{ "type": "Feature", "properties": { "uid": "ryvpxx32vb", "rate_time": -0.44, "sig_time": 0.0, "se_time": 0.098, "sce": 13.91, "nsm": -10.34, "valid_obs": 21, "valid_span": 25, "significant": true }, "geometry": { "type": "Point", "coordinates": [ 176.112804199108808, -5.672936115321213 ] } },
{ "type": "Feature", "properties": { "uid": "ryvpxx1xdq", "rate_time": -0.404, "sig_time": 0.001, "se_time": 0.107, "sce": 13.28, "nsm": -10.25, "valid_obs": 21, "valid_span": 25, "significant": true }, "geometry": { "type": "Point", "coordinates": [ 176.113006264073306, -5.673116787321852 ] } },
{ "type": "Feature", "properties": { "uid": "ryvpxx1wxm", "rate_time": -0.355, "sig_time": 0.002, "se_time": 0.097, "sce": 13.03, "nsm": -10.35, "valid_obs": 21, "valid_span": 25, "significant": true }, "geometry": { "type": "Point", "coordinates": [ 176.113212085025509, -5.673293123290724 ] } },
{ "type": "Feature", "properties": { "uid": "ryvpxx1veg", "rate_time": -0.394, "sig_time": 0.001, "se_time": 0.095, "sce": 13.87, "nsm": -11.64, "valid_obs": 21, "valid_span": 25, "significant": true }, "geometry": { "type": "Point", "coordinates": [ 176.113411253182591, -5.673476831674104 ] } },
{ "type": "Feature", "properties": { "uid": "ryvpxx4h2j", "rate_time": -0.387, "sig_time": 0.0, "se_time": 0.085, "sce": 13.18, "nsm": -10.7, "valid_obs": 21, "valid_span": 25, "significant": true }, "geometry": { "type": "Point", "coordinates": [ 176.113590588543758, -5.67368021095251 ] } },
{ "type": "Feature", "properties": { "uid": "ryvpxx45hj", "rate_time": -0.396, "sig_time": 0.0, "se_time": 0.093, "sce": 12.59, "nsm": -9.36, "valid_obs": 21, "valid_span": 25, "significant": true }, "geometry": { "type": "Point", "coordinates": [ 176.113760253555057, -5.673891708714074 ] } },
{ "type": "Feature", "properties": { "uid": "ryvpxx43bp", "rate_time": -0.248, "sig_time": 0.001, "se_time": 0.067, "sce": 7.59, "nsm": -6.6, "valid_obs": 21, "valid_span": 25, "significant": true }, "geometry": { "type": "Point", "coordinates": [ 176.113934086806637, -5.674099773452457 ] } },
{ "type": "Feature", "properties": { "uid": "ryvpxx42u6", "rate_time": -0.275, "sig_time": 0.001, "se_time": 0.069, "sce": 7.95, "nsm": -7.12, "valid_obs": 21, "valid_span": 25, "significant": true }, "geometry": { "type": "Point", "coordinates": [ 176.114122718283852, -5.674294496843093 ] } },
{ "type": "Feature", "properties": { "uid": "ryvpxwfx8z", "rate_time": -0.359, "sig_time": 0.0, "se_time": 0.079, "sce": 9.05, "nsm": -8.37, "valid_obs": 21, "valid_span": 25, "significant": true }, "geometry": { "type": "Point", "coordinates": [ 176.114315096278432, -5.674485509720517 ] } },
{ "type": "Feature", "properties": { "uid": "ryvpxwfwts", "rate_time": -0.327, "sig_time": 0.0, "se_time": 0.066, "sce": 9.89, "nsm": -8.27, "valid_obs": 21, "valid_span": 25, "significant": true }, "geometry": { "type": "Point", "coordinates": [ 176.114513402366612, -5.674670101733241 ] } },
{ "type": "Feature", "properties": { "uid": "ryvpxwfv3w", "rate_time": -0.208, "sig_time": 0.011, "se_time": 0.074, "sce": 10.04, "nsm": -5.34, "valid_obs": 21, "valid_span": 25, "significant": true }, "geometry": { "type": "Point", "coordinates": [ 176.114688537258132, -5.674876669657061 ] } },
{ "type": "Feature", "properties": { "uid": "ryvpxwfujw", "rate_time": -0.055, "sig_time": 0.616, "se_time": 0.109, "sce": 14.49, "nsm": -1.77, "valid_obs": 21, "valid_span": 25, "significant": false }, "geometry": { "type": "Point", "coordinates": [ 176.114852552711795, -5.675092171400541 ] } },
{ "type": "Feature", "properties": { "uid": "ryvpxwg4bd", "rate_time": 0.121, "sig_time": 0.492, "se_time": 0.173, "sce": 28.46, "nsm": 2.66, "valid_obs": 21, "valid_span": 25, "significant": false }, "geometry": { "type": "Point", "coordinates": [ 176.114990851174127, -5.675325502610952 ] } },
{ "type": "Feature", "properties": { "uid": "ryvpxwerh4", "rate_time": 0.175, "sig_time": 0.125, "se_time": 0.109, "sce": 15.0, "nsm": 0.91, "valid_obs": 20, "valid_span": 25, "significant": false }, "geometry": { "type": "Point", "coordinates": [ 176.115485206922102, -5.675967766480887 ] } },
{ "type": "Feature", "properties": { "uid": "ryvpxwew0c", "rate_time": -0.013, "sig_time": 0.908, "se_time": 0.113, "sce": 14.46, "nsm": -0.72, "valid_obs": 20, "valid_span": 25, "significant": false }, "geometry": { "type": "Point", "coordinates": [ 176.11568862570067, -5.676146694723944 ] } },
{ "type": "Feature", "properties": { "uid": "ryvpxwetn5", "rate_time": -0.043, "sig_time": 0.743, "se_time": 0.129, "sce": 15.1, "nsm": -1.28, "valid_obs": 20, "valid_span": 25, "significant": false }, "geometry": { "type": "Point", "coordinates": [ 176.115908279313089, -5.676305412876652 ] } },
{ "type": "Feature", "properties": { "uid": "ryvpxweu5j", "rate_time": -0.045, "sig_time": 0.737, "se_time": 0.133, "sce": 16.47, "nsm": -0.78, "valid_obs": 20, "valid_span": 25, "significant": false }, "geometry": { "type": "Point", "coordinates": [ 176.116123121492564, -5.676470605786879 ] } },
{ "type": "Feature", "properties": { "uid": "ryvpxws522", "rate_time": -0.086, "sig_time": 0.561, "se_time": 0.144, "sce": 18.76, "nsm": -2.56, "valid_obs": 20, "valid_span": 25, "significant": false }, "geometry": { "type": "Point", "coordinates": [ 176.116347472729132, -5.676622684946499 ] } },
{ "type": "Feature", "properties": { "uid": "ryvpxtxky5", "rate_time": -0.156, "sig_time": 0.586, "se_time": 0.281, "sce": 36.45, "nsm": 2.1, "valid_obs": 21, "valid_span": 25, "significant": false }, "geometry": { "type": "Point", "coordinates": [ 176.121057331763694, -5.681843297325229 ] } },
{ "type": "Feature", "properties": { "uid": "ryvpxv9scx", "rate_time": -0.283, "sig_time": 0.002, "se_time": 0.076, "sce": 11.48, "nsm": -4.35, "valid_obs": 20, "valid_span": 25, "significant": true }, "geometry": { "type": "Point", "coordinates": [ 176.123959713953099, -5.681821093782276 ] } },
{ "type": "Feature", "properties": { "uid": "ryvpxv8vrs", "rate_time": 0.142, "sig_time": 0.221, "se_time": 0.112, "sce": 13.03, "nsm": 5.15, "valid_obs": 20, "valid_span": 25, "significant": false }, "geometry": { "type": "Point", "coordinates": [ 176.123182495915813, -5.681751889370916 ] } },
{ "type": "Feature", "properties": { "uid": "ryvpxv9txe", "rate_time": -0.094, "sig_time": 0.424, "se_time": 0.114, "sce": 14.47, "nsm": 0.97, "valid_obs": 20, "valid_span": 25, "significant": false }, "geometry": { "type": "Point", "coordinates": [ 176.124209320632332, -5.681715652493584 ] } },
{ "type": "Feature", "properties": { "uid": "ryvpxtxq1b", "rate_time": -0.064, "sig_time": 0.856, "se_time": 0.35, "sce": 50.42, "nsm": 4.94, "valid_obs": 21, "valid_span": 25, "significant": false }, "geometry": { "type": "Point", "coordinates": [ 176.120874242943955, -5.68164339964607 ] } },
{ "type": "Feature", "properties": { "uid": "ryvpxtxpjw", "rate_time": 0.092, "sig_time": 0.639, "se_time": 0.194, "sce": 27.04, "nsm": 6.5, "valid_obs": 20, "valid_span": 25, "significant": false }, "geometry": { "type": "Point", "coordinates": [ 176.120694300115673, -5.681440694395053 ] } },
{ "type": "Feature", "properties": { "uid": "ryvpxvf0pe", "rate_time": -0.029, "sig_time": 0.779, "se_time": 0.101, "sce": 12.37, "nsm": -0.93, "valid_obs": 21, "valid_span": 25, "significant": false }, "geometry": { "type": "Point", "coordinates": [ 176.124900307620237, -5.68128877260713 ] } },
{ "type": "Feature", "properties": { "uid": "ryvpxvf3h8", "rate_time": 0.016, "sig_time": 0.868, "se_time": 0.094, "sce": 10.71, "nsm": -0.35, "valid_obs": 21, "valid_span": 25, "significant": false }, "geometry": { "type": "Point", "coordinates": [ 176.125118537849318, -5.68112853367555 ] } },
{ "type": "Feature", "properties": { "uid": "ryvpxvfd16", "rate_time": 0.139, "sig_time": 0.28, "se_time": 0.125, "sce": 13.75, "nsm": 4.6, "valid_obs": 21, "valid_span": 25, "significant": false }, "geometry": { "type": "Point", "coordinates": [ 176.12532297522344, -5.680950592585079 ] } },
{ "type": "Feature", "properties": { "uid": "ryvpxvfenh", "rate_time": 1.007, "sig_time": 0.006, "se_time": 0.322, "sce": 43.69, "nsm": 34.13, "valid_obs": 21, "valid_span": 25, "significant": true }, "geometry": { "type": "Point", "coordinates": [ 176.125520451195911, -5.68076483881227 ] } },
{ "type": "Feature", "properties": { "uid": "ryvpxvfu66", "rate_time": 0.229, "sig_time": 0.147, "se_time": 0.151, "sce": 19.1, "nsm": 10.47, "valid_obs": 21, "valid_span": 25, "significant": false }, "geometry": { "type": "Point", "coordinates": [ 176.125699400724699, -5.680561642385162 ] } },
{ "type": "Feature", "properties": { "uid": "ryvpxvbj3y", "rate_time": 0.121, "sig_time": 0.712, "se_time": 0.323, "sce": 42.86, "nsm": 7.02, "valid_obs": 20, "valid_span": 25, "significant": false }, "geometry": { "type": "Point", "coordinates": [ 176.121903653504035, -5.680366275589059 ] } },
{ "type": "Feature", "properties": { "uid": "ryvpxvfvtp", "rate_time": 0.019, "sig_time": 0.889, "se_time": 0.133, "sce": 14.64, "nsm": 3.58, "valid_obs": 21, "valid_span": 25, "significant": false }, "geometry": { "type": "Point", "coordinates": [ 176.12582242044823, -5.680322485619446 ] } },
{ "type": "Feature", "properties": { "uid": "ryvpxtzyy0", "rate_time": 0.167, "sig_time": 0.608, "se_time": 0.32, "sce": 39.29, "nsm": 7.71, "valid_obs": 20, "valid_span": 25, "significant": false }, "geometry": { "type": "Point", "coordinates": [ 176.121750666864926, -5.680142386871877 ] } },
{ "type": "Feature", "properties": { "uid": "ryvpxvfznz", "rate_time": 0.041, "sig_time": 0.792, "se_time": 0.153, "sce": 16.8, "nsm": 4.12, "valid_obs": 21, "valid_span": 25, "significant": false }, "geometry": { "type": "Point", "coordinates": [ 176.125901789220251, -5.68006406785752 ] } },
{ "type": "Feature", "properties": { "uid": "ryvpxwpb43", "rate_time": 0.097, "sig_time": 0.811, "se_time": 0.4, "sce": 47.41, "nsm": 6.79, "valid_obs": 20, "valid_span": 25, "significant": false }, "geometry": { "type": "Point", "coordinates": [ 176.121589526971832, -5.679924284739947 ] } },
{ "type": "Feature", "properties": { "uid": "ryvpxy50b0", "rate_time": 0.055, "sig_time": 0.69, "se_time": 0.136, "sce": 13.75, "nsm": 3.23, "valid_obs": 21, "valid_span": 25, "significant": false }, "geometry": { "type": "Point", "coordinates": [ 176.125953834663818, -5.67979791749934 ] } },
{ "type": "Feature", "properties": { "uid": "ryvpxwp9q9", "rate_time": 0.02, "sig_time": 0.967, "se_time": 0.47, "sce": 57.31, "nsm": 5.1, "valid_obs": 20, "valid_span": 25, "significant": false }, "geometry": { "type": "Point", "coordinates": [ 176.121424840067704, -5.679708859239612 ] } },
{ "type": "Feature", "properties": { "uid": "ryvpxy5435", "rate_time": 0.006, "sig_time": 0.982, "se_time": 0.246, "sce": 37.08, "nsm": 2.18, "valid_obs": 21, "valid_span": 25, "significant": false }, "geometry": { "type": "Point", "coordinates": [ 176.125990124574571, -5.679529098558088 ] } },
{ "type": "Feature", "properties": { "uid": "ryvpxwpddc", "rate_time": 0.046, "sig_time": 0.912, "se_time": 0.406, "sce": 47.95, "nsm": 5.36, "valid_obs": 20, "valid_span": 25, "significant": false }, "geometry": { "type": "Point", "coordinates": [ 176.121259980068686, -5.679493540303066 ] } },
{ "type": "Feature", "properties": { "uid": "ryvpxwp7z4", "rate_time": 0.022, "sig_time": 0.949, "se_time": 0.346, "sce": 44.68, "nsm": 5.41, "valid_obs": 20, "valid_span": 25, "significant": false }, "geometry": { "type": "Point", "coordinates": [ 176.121100903610113, -5.679274444471775 ] } },
{ "type": "Feature", "properties": { "uid": "ryvpxy55cj", "rate_time": 0.008, "sig_time": 0.92, "se_time": 0.075, "sce": 7.9, "nsm": 1.0, "valid_obs": 20, "valid_span": 25, "significant": false }, "geometry": { "type": "Point", "coordinates": [ 176.125993910268846, -5.679258684218644 ] } },
{ "type": "Feature", "properties": { "uid": "ryvpxy4vry", "rate_time": -0.061, "sig_time": 0.433, "se_time": 0.077, "sce": 8.78, "nsm": -0.53, "valid_obs": 20, "valid_span": 25, "significant": false }, "geometry": { "type": "Point", "coordinates": [ 176.125937989733899, -5.678995503870642 ] } },
{ "type": "Feature", "properties": { "uid": "ryvpxy4yvh", "rate_time": -0.03, "sig_time": 0.69, "se_time": 0.075, "sce": 9.57, "nsm": -0.41, "valid_obs": 20, "valid_span": 25, "significant": false }, "geometry": { "type": "Point", "coordinates": [ 176.125825694929716, -5.678750172611347 ] } },
{ "type": "Feature", "properties": { "uid": "ryvpxtxbbz", "rate_time": 0.295, "sig_time": 0.366, "se_time": 0.319, "sce": 46.99, "nsm": 11.78, "valid_obs": 21, "valid_span": 25, "significant": false }, "geometry": { "type": "Point", "coordinates": [ 176.121524729560946, -5.682509083334828 ] } },
{ "type": "Feature", "properties": { "uid": "ryvpxtrzsz", "rate_time": 0.158, "sig_time": 0.684, "se_time": 0.381, "sce": 54.8, "nsm": 12.01, "valid_obs": 21, "valid_span": 25, "significant": false }, "geometry": { "type": "Point", "coordinates": [ 176.121687182724997, -5.682726175009951 ] } },
{ "type": "Feature", "properties": { "uid": "ryvpxv9htr", "rate_time": -0.163, "sig_time": 0.041, "se_time": 0.074, "sce": 9.0, "nsm": -2.18, "valid_obs": 20, "valid_span": 25, "significant": true }, "geometry": { "type": "Point", "coordinates": [ 176.123428408746832, -5.68186357900623 ] } },
{ "type": "Feature", "properties": { "uid": "ryvpxu7thd", "rate_time": -0.008, "sig_time": 0.935, "se_time": 0.101, "sce": 11.96, "nsm": 0.72, "valid_obs": 20, "valid_span": 25, "significant": false }, "geometry": { "type": "Point", "coordinates": [ 176.126828793122201, -5.688671000913906 ] } },
{ "type": "Feature", "properties": { "uid": "ryvpxu7gbv", "rate_time": -0.042, "sig_time": 0.614, "se_time": 0.083, "sce": 10.37, "nsm": -1.83, "valid_obs": 20, "valid_span": 25, "significant": false }, "geometry": { "type": "Point", "coordinates": [ 176.127012200732992, -5.688870707120076 ] } },
{ "type": "Feature", "properties": { "uid": "ryvpxu7fv1", "rate_time": -0.057, "sig_time": 0.512, "se_time": 0.085, "sce": 12.45, "nsm": -3.67, "valid_obs": 20, "valid_span": 25, "significant": false }, "geometry": { "type": "Point", "coordinates": [ 176.127201017773928, -5.68906521479559 ] } },
{ "type": "Feature", "properties": { "uid": "ryvpxuk197", "rate_time": 0.039, "sig_time": 0.761, "se_time": 0.127, "sce": 18.22, "nsm": -3.71, "valid_obs": 20, "valid_span": 25, "significant": false }, "geometry": { "type": "Point", "coordinates": [ 176.12737797014023, -5.689270611648181 ] } },
{ "type": "Feature", "properties": { "uid": "ryvpxuk0mk", "rate_time": -0.042, "sig_time": 0.663, "se_time": 0.095, "sce": 14.18, "nsm": -3.1, "valid_obs": 20, "valid_span": 25, "significant": false }, "geometry": { "type": "Point", "coordinates": [ 176.127554278297168, -5.689476514536934 ] } },
{ "type": "Feature", "properties": { "uid": "ryvpxuhr1m", "rate_time": 0.051, "sig_time": 0.751, "se_time": 0.159, "sce": 27.51, "nsm": -0.13, "valid_obs": 20, "valid_span": 25, "significant": false }, "geometry": { "type": "Point", "coordinates": [ 176.127725682467627, -5.689686649612788 ] } },
{ "type": "Feature", "properties": { "uid": "ryvpxuhmvm", "rate_time": 0.071, "sig_time": 0.498, "se_time": 0.103, "sce": 12.88, "nsm": 0.29, "valid_obs": 19, "valid_span": 25, "significant": false }, "geometry": { "type": "Point", "coordinates": [ 176.127891929721159, -5.689900758762103 ] } },
{ "type": "Feature", "properties": { "uid": "ryvpxuhs9j", "rate_time": 0.029, "sig_time": 0.785, "se_time": 0.103, "sce": 11.45, "nsm": 0.59, "valid_obs": 19, "valid_span": 25, "significant": false }, "geometry": { "type": "Point", "coordinates": [ 176.128058488901928, -5.690114703859639 ] } },
{ "type": "Feature", "properties": { "uid": "ryvpxuhekv", "rate_time": -0.047, "sig_time": 0.595, "se_time": 0.088, "sce": 12.09, "nsm": -0.94, "valid_obs": 19, "valid_span": 25, "significant": false }, "geometry": { "type": "Point", "coordinates": [ 176.128219930547885, -5.690332276252356 ] } },
{ "type": "Feature", "properties": { "uid": "ryvpxuhf0e", "rate_time": 0.033, "sig_time": 0.715, "se_time": 0.089, "sce": 12.77, "nsm": 1.22, "valid_obs": 19, "valid_span": 25, "significant": false }, "geometry": { "type": "Point", "coordinates": [ 176.128371896373409, -5.690556775353655 ] } },
{ "type": "Feature", "properties": { "uid": "ryvpxuhbgb", "rate_time": 0.09, "sig_time": 0.284, "se_time": 0.081, "sce": 10.26, "nsm": 2.91, "valid_obs": 19, "valid_span": 25, "significant": false }, "geometry": { "type": "Point", "coordinates": [ 176.12851689539832, -5.690785991831543 ] } },
{ "type": "Feature", "properties": { "uid": "ryvpxguzrx", "rate_time": 0.059, "sig_time": 0.575, "se_time": 0.103, "sce": 15.67, "nsm": 2.02, "valid_obs": 19, "valid_span": 25, "significant": false }, "geometry": { "type": "Point", "coordinates": [ 176.128676497838825, -5.691005130200688 ] } },
{ "type": "Feature", "properties": { "uid": "ryvpxgvn5q", "rate_time": 0.11, "sig_time": 0.687, "se_time": 0.268, "sce": 39.26, "nsm": 1.12, "valid_obs": 19, "valid_span": 25, "significant": false }, "geometry": { "type": "Point", "coordinates": [ 176.128835575239577, -5.691224732016018 ] } },
{ "type": "Feature", "properties": { "uid": "ryvpxgvhzn", "rate_time": 0.121, "sig_time": 0.132, "se_time": 0.076, "sce": 10.05, "nsm": 1.19, "valid_obs": 18, "valid_span": 25, "significant": false }, "geometry": { "type": "Point", "coordinates": [ 176.129000854712331, -5.691439705184022 ] } },
{ "type": "Feature", "properties": { "uid": "ryvpxgv7en", "rate_time": 0.314, "sig_time": 0.387, "se_time": 0.353, "sce": 58.32, "nsm": 2.01, "valid_obs": 19, "valid_span": 25, "significant": false }, "geometry": { "type": "Point", "coordinates": [ 176.129166623601947, -5.69165422782509 ] } },
{ "type": "Feature", "properties": { "uid": "ryvpxgv6qs", "rate_time": 0.114, "sig_time": 0.429, "se_time": 0.141, "sce": 20.16, "nsm": 1.73, "valid_obs": 19, "valid_span": 25, "significant": false }, "geometry": { "type": "Point", "coordinates": [ 176.129316309006157, -5.691880401586389 ] } },
{ "type": "Feature", "properties": { "uid": "ryvpxgv944", "rate_time": -0.003, "sig_time": 0.962, "se_time": 0.052, "sce": 6.14, "nsm": -1.25, "valid_obs": 19, "valid_span": 25, "significant": false }, "geometry": { "type": "Point", "coordinates": [ 176.129467215579552, -5.692105751769985 ] } },
{ "type": "Feature", "properties": { "uid": "ryvpxgtxtr", "rate_time": 0.205, "sig_time": 0.35, "se_time": 0.214, "sce": 33.5, "nsm": 2.67, "valid_obs": 20, "valid_span": 25, "significant": false }, "geometry": { "type": "Point", "coordinates": [ 176.129607592163865, -5.692337699579507 ] } },
{ "type": "Feature", "properties": { "uid": "ryvpxgty2s", "rate_time": 0.134, "sig_time": 0.105, "se_time": 0.079, "sce": 9.01, "nsm": 2.3, "valid_obs": 20, "valid_span": 25, "significant": false }, "geometry": { "type": "Point", "coordinates": [ 176.129751791331273, -5.692567314523059 ] } },
{ "type": "Feature", "properties": { "uid": "ryvpxgtvh4", "rate_time": 0.034, "sig_time": 0.651, "se_time": 0.074, "sce": 7.97, "nsm": 0.17, "valid_obs": 20, "valid_span": 25, "significant": false }, "geometry": { "type": "Point", "coordinates": [ 176.129898564609448, -5.692795207915982 ] } },
{ "type": "Feature", "properties": { "uid": "ryvpxgqrf4", "rate_time": -0.019, "sig_time": 0.964, "se_time": 0.422, "sce": 48.91, "nsm": -1.35, "valid_obs": 20, "valid_span": 25, "significant": false }, "geometry": { "type": "Point", "coordinates": [ 176.130504505719614, -5.693694658107912 ] } },
{ "type": "Feature", "properties": { "uid": "ryvpxgnztz", "rate_time": -0.237, "sig_time": 0.169, "se_time": 0.166, "sce": 26.16, "nsm": -1.86, "valid_obs": 20, "valid_span": 25, "significant": false }, "geometry": { "type": "Point", "coordinates": [ 176.131351651873416, -5.695083019563764 ] } },
{ "type": "Feature", "properties": { "uid": "ryvpxgpn3w", "rate_time": -0.254, "sig_time": 0.061, "se_time": 0.127, "sce": 19.63, "nsm": -2.23, "valid_obs": 20, "valid_span": 25, "significant": false }, "geometry": { "type": "Point", "coordinates": [ 176.131506248370158, -5.695305658263186 ] } },
{ "type": "Feature", "properties": { "uid": "ryvpxgpjjm", "rate_time": -0.294, "sig_time": 0.036, "se_time": 0.13, "sce": 19.34, "nsm": -3.85, "valid_obs": 20, "valid_span": 25, "significant": true }, "geometry": { "type": "Point", "coordinates": [ 176.131664733740649, -5.695525696964468 ] } },
{ "type": "Feature", "properties": { "uid": "ryvpxgp7bg", "rate_time": -0.351, "sig_time": 0.008, "se_time": 0.118, "sce": 17.78, "nsm": -5.65, "valid_obs": 20, "valid_span": 25, "significant": true }, "geometry": { "type": "Point", "coordinates": [ 176.1318208860759, -5.695747395380268 ] } },
{ "type": "Feature", "properties": { "uid": "ryvpz98hnj", "rate_time": 0.125, "sig_time": 0.183, "se_time": 0.09, "sce": 11.94, "nsm": 1.59, "valid_obs": 21, "valid_span": 25, "significant": false }, "geometry": { "type": "Point", "coordinates": [ 176.111098358241804, -5.659987655489987 ] } },
{ "type": "Feature", "properties": { "uid": "ryvpz9877t", "rate_time": 0.101, "sig_time": 0.655, "se_time": 0.223, "sce": 36.58, "nsm": 1.01, "valid_obs": 21, "valid_span": 25, "significant": false }, "geometry": { "type": "Point", "coordinates": [ 176.111335199593753, -5.660118286616231 ] } },
{ "type": "Feature", "properties": { "uid": "ryvpzd07r3", "rate_time": 1.733, "sig_time": 0.091, "se_time": 0.954, "sce": 111.15, "nsm": 28.29, "valid_obs": 16, "valid_span": 25, "significant": false }, "geometry": { "type": "Point", "coordinates": [ 176.111497142330649, -5.657394235185442 ] } },
{ "type": "Feature", "properties": { "uid": "ryvpz98d88", "rate_time": 0.005, "sig_time": 0.956, "se_time": 0.082, "sce": 11.73, "nsm": -1.24, "valid_obs": 20, "valid_span": 25, "significant": false }, "geometry": { "type": "Point", "coordinates": [ 176.111556700851935, -5.660274383939746 ] } },
{ "type": "Feature", "properties": { "uid": "ryvpz989t9", "rate_time": 0.24, "sig_time": 0.022, "se_time": 0.096, "sce": 14.34, "nsm": 3.14, "valid_obs": 20, "valid_span": 25, "significant": true }, "geometry": { "type": "Point", "coordinates": [ 176.111769226347093, -5.660442620853606 ] } },
{ "type": "Feature", "properties": { "uid": "ryvpz98b6r", "rate_time": 0.346, "sig_time": 0.001, "se_time": 0.082, "sce": 13.0, "nsm": 6.6, "valid_obs": 20, "valid_span": 25, "significant": true }, "geometry": { "type": "Point", "coordinates": [ 176.111973128335705, -5.660621229923565 ] } },
{ "type": "Feature", "properties": { "uid": "ryvpz92zrp", "rate_time": 0.322, "sig_time": 0.009, "se_time": 0.111, "sce": 14.62, "nsm": 7.36, "valid_obs": 20, "valid_span": 25, "significant": true }, "geometry": { "type": "Point", "coordinates": [ 176.11218034368369, -5.660795943836327 ] } },
{ "type": "Feature", "properties": { "uid": "ryvpz93nkn", "rate_time": 0.237, "sig_time": 0.098, "se_time": 0.136, "sce": 15.32, "nsm": 6.54, "valid_obs": 20, "valid_span": 25, "significant": false }, "geometry": { "type": "Point", "coordinates": [ 176.112387256381965, -5.660970903662997 ] } },
{ "type": "Feature", "properties": { "uid": "ryvpz93m2s", "rate_time": 0.308, "sig_time": 0.022, "se_time": 0.123, "sce": 15.43, "nsm": 7.2, "valid_obs": 20, "valid_span": 25, "significant": true }, "geometry": { "type": "Point", "coordinates": [ 176.112587462759251, -5.661153694087078 ] } },
{ "type": "Feature", "properties": { "uid": "ryvpz93ktb", "rate_time": 0.318, "sig_time": 0.0, "se_time": 0.069, "sce": 12.18, "nsm": 5.8, "valid_obs": 20, "valid_span": 25, "significant": true }, "geometry": { "type": "Point", "coordinates": [ 176.112812458338027, -5.661303001475786 ] } },
{ "type": "Feature", "properties": { "uid": "ryvpz964yr", "rate_time": -0.048, "sig_time": 0.768, "se_time": 0.161, "sce": 16.95, "nsm": null, "valid_obs": 17, "valid_span": 21, "significant": false }, "geometry": { "type": "Point", "coordinates": [ 176.113859174093221, -5.661566300177092 ] } },
{ "type": "Feature", "properties": { "uid": "ryvpz966sx", "rate_time": -0.087, "sig_time": 0.468, "se_time": 0.116, "sce": 11.86, "nsm": null, "valid_obs": 17, "valid_span": 21, "significant": false }, "geometry": { "type": "Point", "coordinates": [ 176.114126907150109, -5.661607522234519 ] } },
{ "type": "Feature", "properties": { "uid": "ryvpz96ddc", "rate_time": 0.026, "sig_time": 0.741, "se_time": 0.076, "sce": 8.1, "nsm": null, "valid_obs": 17, "valid_span": 21, "significant": false }, "geometry": { "type": "Point", "coordinates": [ 176.114395293636136, -5.66164418918989 ] } },
{ "type": "Feature", "properties": { "uid": "ryvpz96f31", "rate_time": 0.202, "sig_time": 0.013, "se_time": 0.072, "sce": 9.41, "nsm": null, "valid_obs": 17, "valid_span": 21, "significant": true }, "geometry": { "type": "Point", "coordinates": [ 176.114662844486134, -5.661686179325852 ] } },
{ "type": "Feature", "properties": { "uid": "ryvpz9jb78", "rate_time": -0.721, "sig_time": 0.345, "se_time": 0.74, "sce": 63.0, "nsm": null, "valid_obs": 17, "valid_span": 21, "significant": false }, "geometry": { "type": "Point", "coordinates": [ 176.118888768842112, -5.663408137079902 ] } },
{ "type": "Feature", "properties": { "uid": "ryvpz9qfdu", "rate_time": 0.023, "sig_time": 0.97, "se_time": 0.608, "sce": 51.52, "nsm": null, "valid_obs": 15, "valid_span": 21, "significant": false }, "geometry": { "type": "Point", "coordinates": [ 176.120233844161817, -5.661623620695035 ] } },
{ "type": "Feature", "properties": { "uid": "ryvpz9qgxw", "rate_time": 0.03, "sig_time": 0.954, "se_time": 0.514, "sce": 39.07, "nsm": null, "valid_obs": 15, "valid_span": 21, "significant": false }, "geometry": { "type": "Point", "coordinates": [ 176.120437406753069, -5.661444614074862 ] } },
{ "type": "Feature", "properties": { "uid": "ryvpz9muyd", "rate_time": 1.097, "sig_time": 0.28, "se_time": 0.982, "sce": 104.46, "nsm": 33.72, "valid_obs": 18, "valid_span": 25, "significant": false }, "geometry": { "type": "Point", "coordinates": [ 176.119021131829101, -5.661252443589794 ] } },
{ "type": "Feature", "properties": { "uid": "ryvpz9mvfq", "rate_time": 1.106, "sig_time": 0.212, "se_time": 0.851, "sce": 95.22, "nsm": 33.06, "valid_obs": 18, "valid_span": 25, "significant": false }, "geometry": { "type": "Point", "coordinates": [ 176.118835326433214, -5.661054989863261 ] } }
]
}
