{
"type": "FeatureCollection",
"name": "transects_natewa",
"crs": { "type": "name", "properties": { "name": "urn:ogc:def:crs:OGC:1.3:CRS84" } },
"features": [
{ "type": "Feature", "properties": { "uid": "rvp6xd7vbt", "rate_time": -0.367, "sig_time": 0.005, "se_time": 0.112, "sce": 12.04, "nsm": null, "valid_obs": 19, "valid_span": 19, "significant": true }, "geometry": { "type": "Point", "coordinates": [ 179.280082091424759, -16.422171595651953 ] } },
{ "type": "Feature", "properties": { "uid": "rvp6xd7yqu", "rate_time": -0.346, "sig_time": 0.004, "se_time": 0.106, "sce": 10.1, "nsm": null, "valid_obs": 19, "valid_span": 19, "significant": true }, "geometry": { "type": "Point", "coordinates": [ 179.280350476971932, -16.422092402695625 ] } },
{ "type": "Feature", "properties": { "uid": "rvp6xdknvj", "rate_time": -0.434, "sig_time": 0.003, "se_time": 0.127, "sce": 12.13, "nsm": null, "valid_obs": 19, "valid_span": 19, "significant": true }, "geometry": { "type": "Point", "coordinates": [ 179.280614087134921, -16.421999555231402 ] } },
{ "type": "Feature", "properties": { "uid": "rvp6xdkrdg", "rate_time": -0.451, "sig_time": 0.002, "se_time": 0.124, "sce": 12.61, "nsm": null, "valid_obs": 19, "valid_span": 19, "significant": true }, "geometry": { "type": "Point", "coordinates": [ 179.280865589611523, -16.42188003263519 ] } },
{ "type": "Feature", "properties": { "uid": "rvp6xds82f", "rate_time": -0.436, "sig_time": 0.001, "se_time": 0.115, "sce": 12.68, "nsm": null, "valid_obs": 19, "valid_span": 19, "significant": true }, "geometry": { "type": "Point", "coordinates": [ 179.28111476422032, -16.421755112293337 ] } },
{ "type": "Feature", "properties": { "uid": "rvp6xds9n7", "rate_time": -0.406, "sig_time": 0.001, "se_time": 0.107, "sce": 12.9, "nsm": null, "valid_obs": 19, "valid_span": 19, "significant": true }, "geometry": { "type": "Point", "coordinates": [ 179.281359491566377, -16.421622656284736 ] } },
{ "type": "Feature", "properties": { "uid": "rvp6xdscu5", "rate_time": -0.336, "sig_time": 0.006, "se_time": 0.106, "sce": 12.29, "nsm": null, "valid_obs": 19, "valid_span": 19, "significant": true }, "geometry": { "type": "Point", "coordinates": [ 179.281607239999062, -16.421496901774216 ] } },
{ "type": "Feature", "properties": { "uid": "rvp6xdt466", "rate_time": -0.414, "sig_time": 0.007, "se_time": 0.136, "sce": 15.26, "nsm": null, "valid_obs": 20, "valid_span": 20, "significant": true }, "geometry": { "type": "Point", "coordinates": [ 179.281873131558513, -16.421413860239131 ] } },
{ "type": "Feature", "properties": { "uid": "rvp6xdt62g", "rate_time": -0.302, "sig_time": 0.021, "se_time": 0.119, "sce": 13.9, "nsm": null, "valid_obs": 20, "valid_span": 20, "significant": true }, "geometry": { "type": "Point", "coordinates": [ 179.282145482359908, -16.421411570476234 ] } },
{ "type": "Feature", "properties": { "uid": "rvp6xdt3we", "rate_time": 0.039, "sig_time": 0.728, "se_time": 0.109, "sce": 8.76, "nsm": null, "valid_obs": 20, "valid_span": 20, "significant": false }, "geometry": { "type": "Point", "coordinates": [ 179.282392260060703, -16.421536210126469 ] } },
{ "type": "Feature", "properties": { "uid": "rvp6xdt86y", "rate_time": -0.164, "sig_time": 0.029, "se_time": 0.069, "sce": 6.9, "nsm": null, "valid_obs": 20, "valid_span": 20, "significant": true }, "geometry": { "type": "Point", "coordinates": [ 179.282579885874554, -16.421737604756746 ] } },
{ "type": "Feature", "properties": { "uid": "rvp6xdmxr3", "rate_time": -0.102, "sig_time": 0.344, "se_time": 0.105, "sce": 9.18, "nsm": null, "valid_obs": 20, "valid_span": 20, "significant": false }, "geometry": { "type": "Point", "coordinates": [ 179.282772620002419, -16.421933803505635 ] } },
{ "type": "Feature", "properties": { "uid": "rvp6xdmysv", "rate_time": -0.259, "sig_time": 0.012, "se_time": 0.092, "sce": 10.23, "nsm": null, "valid_obs": 20, "valid_span": 20, "significant": true }, "geometry": { "type": "Point", "coordinates": [ 179.283012230411259, -16.422039474818281 ] } },
{ "type": "Feature", "properties": { "uid": "rvp6xdqp5h", "rate_time": -0.275, "sig_time": 0.001, "se_time": 0.065, "sce": 8.67, "nsm": null, "valid_obs": 20, "valid_span": 20, "significant": true }, "geometry": { "type": "Point", "coordinates": [ 179.283271919794657, -16.421961850748286 ] } },
{ "type": "Feature", "properties": { "uid": "rvp6xdw0py", "rate_time": -0.306, "sig_time": 0.0, "se_time": 0.055, "sce": 7.93, "nsm": null, "valid_obs": 20, "valid_span": 20, "significant": true }, "geometry": { "type": "Point", "coordinates": [ 179.2834775153365, -16.421777342371872 ] } },
{ "type": "Feature", "properties": { "uid": "rvp6xdw3jh", "rate_time": -0.619, "sig_time": 0.002, "se_time": 0.178, "sce": 31.0, "nsm": null, "valid_obs": 21, "valid_span": 22, "significant": true }, "geometry": { "type": "Point", "coordinates": [ 179.283702320583615, -16.421615482396277 ] } },
{ "type": "Feature", "properties": { "uid": "rvp6xdw9fu", "rate_time": -0.335, "sig_time": 0.0, "se_time": 0.052, "sce": 8.73, "nsm": null, "valid_obs": 21, "valid_span": 22, "significant": true }, "geometry": { "type": "Point", "coordinates": [ 179.283951556471123, -16.421491406887718 ] } },
{ "type": "Feature", "properties": { "uid": "rvp6xdwf8s", "rate_time": -0.508, "sig_time": 0.027, "se_time": 0.211, "sce": 33.1, "nsm": null, "valid_obs": 21, "valid_span": 22, "significant": true }, "geometry": { "type": "Point", "coordinates": [ 179.28419644202117, -16.421359558366351 ] } },
{ "type": "Feature", "properties": { "uid": "rvp6xdwgqm", "rate_time": -0.334, "sig_time": 0.001, "se_time": 0.087, "sce": 11.33, "nsm": null, "valid_obs": 20, "valid_span": 22, "significant": true }, "geometry": { "type": "Point", "coordinates": [ 179.284442115910991, -16.421228864913139 ] } },
{ "type": "Feature", "properties": { "uid": "rvp6xdxhh4", "rate_time": -0.383, "sig_time": 0.003, "se_time": 0.11, "sce": 14.16, "nsm": null, "valid_obs": 20, "valid_span": 22, "significant": true }, "geometry": { "type": "Point", "coordinates": [ 179.284695248619329, -16.421111629402084 ] } },
{ "type": "Feature", "properties": { "uid": "rvp6xdxkdm", "rate_time": -0.344, "sig_time": 0.0, "se_time": 0.078, "sce": 12.61, "nsm": null, "valid_obs": 20, "valid_span": 22, "significant": true }, "geometry": { "type": "Point", "coordinates": [ 179.284956428256891, -16.421013863909938 ] } },
{ "type": "Feature", "properties": { "uid": "rvp6xdxt09", "rate_time": -0.321, "sig_time": 0.0, "se_time": 0.072, "sce": 12.18, "nsm": null, "valid_obs": 20, "valid_span": 22, "significant": true }, "geometry": { "type": "Point", "coordinates": [ 179.28522810484489, -16.420945399371377 ] } },
{ "type": "Feature", "properties": { "uid": "rvp6xdxtqz", "rate_time": -0.402, "sig_time": 0.0, "se_time": 0.095, "sce": 16.44, "nsm": null, "valid_obs": 20, "valid_span": 22, "significant": true }, "geometry": { "type": "Point", "coordinates": [ 179.285499209355351, -16.420874924014125 ] } },
{ "type": "Feature", "properties": { "uid": "rvp6xdxvvj", "rate_time": -0.503, "sig_time": 0.0, "se_time": 0.103, "sce": 16.59, "nsm": null, "valid_obs": 20, "valid_span": 22, "significant": true }, "geometry": { "type": "Point", "coordinates": [ 179.285768159837346, -16.420797162771851 ] } },
{ "type": "Feature", "properties": { "uid": "rvp6xf8n77", "rate_time": -0.446, "sig_time": 0.0, "se_time": 0.09, "sce": 15.13, "nsm": null, "valid_obs": 20, "valid_span": 22, "significant": true }, "geometry": { "type": "Point", "coordinates": [ 179.286038071428948, -16.420722662244145 ] } },
{ "type": "Feature", "properties": { "uid": "rvp6xf8q9y", "rate_time": -0.407, "sig_time": 0.0, "se_time": 0.087, "sce": 15.68, "nsm": null, "valid_obs": 20, "valid_span": 22, "significant": true }, "geometry": { "type": "Point", "coordinates": [ 179.286312180085275, -16.420664159028661 ] } },
{ "type": "Feature", "properties": { "uid": "rvp6xf8wbm", "rate_time": -0.466, "sig_time": 0.001, "se_time": 0.119, "sce": 21.44, "nsm": null, "valid_obs": 20, "valid_span": 22, "significant": true }, "geometry": { "type": "Point", "coordinates": [ 179.28658984215204, -16.420624435436221 ] } },
{ "type": "Feature", "properties": { "uid": "rvp6xf8xnb", "rate_time": -0.661, "sig_time": 0.0, "se_time": 0.138, "sce": 25.1, "nsm": null, "valid_obs": 21, "valid_span": 23, "significant": true }, "geometry": { "type": "Point", "coordinates": [ 179.286870155074979, -16.420609141769042 ] } },
{ "type": "Feature", "properties": { "uid": "rvp6xf8zj3", "rate_time": -0.682, "sig_time": 0.0, "se_time": 0.111, "sce": 22.61, "nsm": null, "valid_obs": 21, "valid_span": 23, "significant": true }, "geometry": { "type": "Point", "coordinates": [ 179.28715089164703, -16.420605253345041 ] } },
{ "type": "Feature", "properties": { "uid": "rvp6xf9p5u", "rate_time": -0.806, "sig_time": 0.0, "se_time": 0.112, "sce": 24.2, "nsm": null, "valid_obs": 21, "valid_span": 23, "significant": true }, "geometry": { "type": "Point", "coordinates": [ 179.287431110170985, -16.42058893863663 ] } },
{ "type": "Feature", "properties": { "uid": "rvp6xf9r67", "rate_time": -0.92, "sig_time": 0.002, "se_time": 0.264, "sce": 49.6, "nsm": null, "valid_obs": 21, "valid_span": 23, "significant": true }, "geometry": { "type": "Point", "coordinates": [ 179.287709183765173, -16.420551934370067 ] } },
{ "type": "Feature", "properties": { "uid": "rvp6xf9x8y", "rate_time": -0.73, "sig_time": 0.0, "se_time": 0.121, "sce": 25.02, "nsm": null, "valid_obs": 20, "valid_span": 23, "significant": true }, "geometry": { "type": "Point", "coordinates": [ 179.287982929294969, -16.420491640049104 ] } },
{ "type": "Feature", "properties": { "uid": "rvp6xfc8p1", "rate_time": -0.732, "sig_time": 0.0, "se_time": 0.118, "sce": 26.84, "nsm": null, "valid_obs": 20, "valid_span": 23, "significant": true }, "geometry": { "type": "Point", "coordinates": [ 179.288256709848213, -16.42043150005091 ] } },
{ "type": "Feature", "properties": { "uid": "rvp6xfcbme", "rate_time": -1.094, "sig_time": 0.0, "se_time": 0.236, "sce": 50.26, "nsm": null, "valid_obs": 20, "valid_span": 23, "significant": true }, "geometry": { "type": "Point", "coordinates": [ 179.288531931208098, -16.420377828554773 ] } },
{ "type": "Feature", "properties": { "uid": "rvp6xff0ez", "rate_time": -0.824, "sig_time": 0.0, "se_time": 0.101, "sce": 23.86, "nsm": null, "valid_obs": 19, "valid_span": 22, "significant": true }, "geometry": { "type": "Point", "coordinates": [ 179.28880531797958, -16.420316035680013 ] } },
{ "type": "Feature", "properties": { "uid": "rvp6xff2fq", "rate_time": -0.798, "sig_time": 0.0, "se_time": 0.138, "sce": 25.52, "nsm": null, "valid_obs": 19, "valid_span": 22, "significant": true }, "geometry": { "type": "Point", "coordinates": [ 179.289083313090885, -16.420278106337157 ] } },
{ "type": "Feature", "properties": { "uid": "rvp6xff8x6", "rate_time": -0.637, "sig_time": 0.0, "se_time": 0.098, "sce": 20.33, "nsm": null, "valid_obs": 19, "valid_span": 22, "significant": true }, "geometry": { "type": "Point", "coordinates": [ 179.289639711323474, -16.420341325944371 ] } },
{ "type": "Feature", "properties": { "uid": "rvp6xffbjt", "rate_time": -0.688, "sig_time": 0.0, "se_time": 0.083, "sce": 20.51, "nsm": null, "valid_obs": 19, "valid_span": 22, "significant": true }, "geometry": { "type": "Point", "coordinates": [ 179.289910596335147, -16.42041246113703 ] } },
{ "type": "Feature", "properties": { "uid": "rvp6xfexzs", "rate_time": -0.467, "sig_time": 0.056, "se_time": 0.229, "sce": 28.6, "nsm": null, "valid_obs": 21, "valid_span": 22, "significant": false }, "geometry": { "type": "Point", "coordinates": [ 179.291024777815352, -16.4204591327012 ] } },
{ "type": "Feature", "properties": { "uid": "rvp6xfezw1", "rate_time": -0.248, "sig_time": 0.011, "se_time": 0.088, "sce": 11.15, "nsm": null, "valid_obs": 21, "valid_span": 22, "significant": true }, "geometry": { "type": "Point", "coordinates": [ 179.291298009011825, -16.420520740882388 ] } },
{ "type": "Feature", "properties": { "uid": "rvp6xfspk2", "rate_time": -0.268, "sig_time": 0.0, "se_time": 0.052, "sce": 9.84, "nsm": null, "valid_obs": 21, "valid_span": 22, "significant": true }, "geometry": { "type": "Point", "coordinates": [ 179.291574536680372, -16.420566991597948 ] } },
{ "type": "Feature", "properties": { "uid": "rvp6xfsr4c", "rate_time": -0.16, "sig_time": 0.003, "se_time": 0.048, "sce": 8.34, "nsm": null, "valid_obs": 21, "valid_span": 22, "significant": true }, "geometry": { "type": "Point", "coordinates": [ 179.291852700466478, -16.42060382308382 ] } },
{ "type": "Feature", "properties": { "uid": "rvp6xfsw95", "rate_time": -0.458, "sig_time": 0.032, "se_time": 0.198, "sce": 24.41, "nsm": null, "valid_obs": 21, "valid_span": 22, "significant": true }, "geometry": { "type": "Point", "coordinates": [ 179.292120720378847, -16.420681933148995 ] } },
{ "type": "Feature", "properties": { "uid": "rvp6xfswpk", "rate_time": -1.004, "sig_time": 0.0, "se_time": 0.163, "sce": 27.87, "nsm": null, "valid_obs": 21, "valid_span": 22, "significant": true }, "geometry": { "type": "Point", "coordinates": [ 179.292389208554738, -16.420758984884692 ] } },
{ "type": "Feature", "properties": { "uid": "rvp6xfsygm", "rate_time": -0.624, "sig_time": 0.0, "se_time": 0.071, "sce": 14.92, "nsm": null, "valid_obs": 21, "valid_span": 22, "significant": true }, "geometry": { "type": "Point", "coordinates": [ 179.292555829974418, -16.420624898825015 ] } },
{ "type": "Feature", "properties": { "uid": "rvp6xfubky", "rate_time": -0.48, "sig_time": 0.0, "se_time": 0.045, "sce": 13.2, "nsm": null, "valid_obs": 21, "valid_span": 22, "significant": true }, "geometry": { "type": "Point", "coordinates": [ 179.292616116056166, -16.420360817844266 ] } },
{ "type": "Feature", "properties": { "uid": "rvp6xfucyp", "rate_time": -0.549, "sig_time": 0.0, "se_time": 0.067, "sce": 15.23, "nsm": null, "valid_obs": 21, "valid_span": 22, "significant": true }, "geometry": { "type": "Point", "coordinates": [ 179.292676768519385, -16.420098400402161 ] } },
{ "type": "Feature", "properties": { "uid": "rvp9hz1d1s", "rate_time": -0.423, "sig_time": 0.039, "se_time": 0.189, "sce": 23.05, "nsm": null, "valid_obs": 19, "valid_span": 19, "significant": true }, "geometry": { "type": "Point", "coordinates": [ 179.50774765075289, -16.660396483842803 ] } },
{ "type": "Feature", "properties": { "uid": "rvp9hz1es6", "rate_time": -0.337, "sig_time": 0.192, "se_time": 0.248, "sce": 24.98, "nsm": null, "valid_obs": 19, "valid_span": 19, "significant": false }, "geometry": { "type": "Point", "coordinates": [ 179.507862251445488, -16.660150029803535 ] } },
{ "type": "Feature", "properties": { "uid": "rvp9hz1szr", "rate_time": -0.215, "sig_time": 0.392, "se_time": 0.244, "sce": 21.11, "nsm": null, "valid_obs": 19, "valid_span": 19, "significant": false }, "geometry": { "type": "Point", "coordinates": [ 179.507990498040613, -16.659910514271477 ] } },
{ "type": "Feature", "properties": { "uid": "rvp9hz3cdh", "rate_time": 0.292, "sig_time": 0.594, "se_time": 0.538, "sce": 62.63, "nsm": null, "valid_obs": 20, "valid_span": 20, "significant": false }, "geometry": { "type": "Point", "coordinates": [ 179.508110192916178, -16.659113724618219 ] } },
{ "type": "Feature", "properties": { "uid": "rvp9hz3fvr", "rate_time": -0.128, "sig_time": 0.771, "se_time": 0.434, "sce": 33.84, "nsm": null, "valid_obs": 20, "valid_span": 20, "significant": false }, "geometry": { "type": "Point", "coordinates": [ 179.508248232019156, -16.658879994714663 ] } },
{ "type": "Feature", "properties": { "uid": "rvp9hz65fs", "rate_time": -0.021, "sig_time": 0.957, "se_time": 0.393, "sce": 31.35, "nsm": null, "valid_obs": 20, "valid_span": 20, "significant": false }, "geometry": { "type": "Point", "coordinates": [ 179.508478697136695, -16.658724873449941 ] } },
{ "type": "Feature", "properties": { "uid": "rvp9hz6hzg", "rate_time": -0.081, "sig_time": 0.831, "se_time": 0.374, "sce": 29.72, "nsm": null, "valid_obs": 20, "valid_span": 20, "significant": false }, "geometry": { "type": "Point", "coordinates": [ 179.508700107583564, -16.658559523991819 ] } },
{ "type": "Feature", "properties": { "uid": "rvp9hz6qh2", "rate_time": -0.139, "sig_time": 0.705, "se_time": 0.363, "sce": 28.44, "nsm": null, "valid_obs": 20, "valid_span": 20, "significant": false }, "geometry": { "type": "Point", "coordinates": [ 179.508893987212218, -16.658363339409707 ] } },
{ "type": "Feature", "properties": { "uid": "rvp9hz6x0w", "rate_time": -0.101, "sig_time": 0.743, "se_time": 0.302, "sce": 23.51, "nsm": null, "valid_obs": 20, "valid_span": 20, "significant": false }, "geometry": { "type": "Point", "coordinates": [ 179.509077917937674, -16.65815851935745 ] } },
{ "type": "Feature", "properties": { "uid": "rvp9hzd8kr", "rate_time": 0.021, "sig_time": 0.946, "se_time": 0.298, "sce": 23.67, "nsm": null, "valid_obs": 20, "valid_span": 20, "significant": false }, "geometry": { "type": "Point", "coordinates": [ 179.509238353754597, -16.657937474749989 ] } },
{ "type": "Feature", "properties": { "uid": "rvp9hzd9zj", "rate_time": 0.004, "sig_time": 0.989, "se_time": 0.279, "sce": 24.08, "nsm": null, "valid_obs": 20, "valid_span": 20, "significant": false }, "geometry": { "type": "Point", "coordinates": [ 179.509356454249712, -16.657691859394944 ] } },
{ "type": "Feature", "properties": { "uid": "rvp9hzdg3f", "rate_time": -0.048, "sig_time": 0.854, "se_time": 0.256, "sce": 23.26, "nsm": null, "valid_obs": 20, "valid_span": 20, "significant": false }, "geometry": { "type": "Point", "coordinates": [ 179.509473644550582, -16.657446292649283 ] } },
{ "type": "Feature", "properties": { "uid": "rvp9hzdutn", "rate_time": -0.046, "sig_time": 0.853, "se_time": 0.245, "sce": 21.23, "nsm": null, "valid_obs": 20, "valid_span": 20, "significant": false }, "geometry": { "type": "Point", "coordinates": [ 179.509614852743027, -16.657212043655015 ] } },
{ "type": "Feature", "properties": { "uid": "rvp9hzen07", "rate_time": -0.069, "sig_time": 0.814, "se_time": 0.289, "sce": 24.47, "nsm": null, "valid_obs": 20, "valid_span": 20, "significant": false }, "geometry": { "type": "Point", "coordinates": [ 179.509747851601446, -16.656973347824785 ] } },
{ "type": "Feature", "properties": { "uid": "rvp9hzep7v", "rate_time": -0.025, "sig_time": 0.928, "se_time": 0.271, "sce": 24.33, "nsm": null, "valid_obs": 20, "valid_span": 20, "significant": false }, "geometry": { "type": "Point", "coordinates": [ 179.50989738009676, -16.656743913095067 ] } },
{ "type": "Feature", "properties": { "uid": "rvp9hzg0yc", "rate_time": -0.07, "sig_time": 0.816, "se_time": 0.296, "sce": 27.8, "nsm": null, "valid_obs": 20, "valid_span": 20, "significant": false }, "geometry": { "type": "Point", "coordinates": [ 179.510034817177257, -16.656507639968755 ] } },
{ "type": "Feature", "properties": { "uid": "rvp9hzg64k", "rate_time": -0.195, "sig_time": 0.509, "se_time": 0.289, "sce": 28.75, "nsm": null, "valid_obs": 20, "valid_span": 20, "significant": false }, "geometry": { "type": "Point", "coordinates": [ 179.510182684755875, -16.656277362902333 ] } },
{ "type": "Feature", "properties": { "uid": "rvp9hzg7ny", "rate_time": -0.309, "sig_time": 0.282, "se_time": 0.279, "sce": 27.84, "nsm": null, "valid_obs": 20, "valid_span": 20, "significant": false }, "geometry": { "type": "Point", "coordinates": [ 179.510376224780572, -16.656095788993291 ] } },
{ "type": "Feature", "properties": { "uid": "rvp9hzgeth", "rate_time": -0.302, "sig_time": 0.15, "se_time": 0.201, "sce": 18.88, "nsm": null, "valid_obs": 20, "valid_span": 20, "significant": false }, "geometry": { "type": "Point", "coordinates": [ 179.510646079183402, -16.656023412830848 ] } },
{ "type": "Feature", "properties": { "uid": "rvp9hzgggs", "rate_time": -0.197, "sig_time": 0.277, "se_time": 0.175, "sce": 15.66, "nsm": null, "valid_obs": 20, "valid_span": 20, "significant": false }, "geometry": { "type": "Point", "coordinates": [ 179.510920579708028, -16.655977358541016 ] } },
{ "type": "Feature", "properties": { "uid": "rvp9hzuh97", "rate_time": -0.138, "sig_time": 0.496, "se_time": 0.198, "sce": 18.35, "nsm": null, "valid_obs": 20, "valid_span": 20, "significant": false }, "geometry": { "type": "Point", "coordinates": [ 179.511171231110382, -16.655856478095689 ] } },
{ "type": "Feature", "properties": { "uid": "rvp9hzujwe", "rate_time": -0.187, "sig_time": 0.418, "se_time": 0.225, "sce": 21.75, "nsm": null, "valid_obs": 20, "valid_span": 20, "significant": false }, "geometry": { "type": "Point", "coordinates": [ 179.51138827138297, -16.655684305362715 ] } },
{ "type": "Feature", "properties": { "uid": "rvp9hzuqkh", "rate_time": -0.142, "sig_time": 0.469, "se_time": 0.192, "sce": 19.17, "nsm": null, "valid_obs": 20, "valid_span": 20, "significant": false }, "geometry": { "type": "Point", "coordinates": [ 179.51163011629518, -16.655548714971001 ] } },
{ "type": "Feature", "properties": { "uid": "rvp9hzux41", "rate_time": -0.098, "sig_time": 0.62, "se_time": 0.195, "sce": 18.05, "nsm": null, "valid_obs": 20, "valid_span": 20, "significant": false }, "geometry": { "type": "Point", "coordinates": [ 179.511886091193304, -16.655436782822552 ] } },
{ "type": "Feature", "properties": { "uid": "rvp9hzuxzs", "rate_time": -0.118, "sig_time": 0.583, "se_time": 0.212, "sce": 21.04, "nsm": null, "valid_obs": 20, "valid_span": 20, "significant": false }, "geometry": { "type": "Point", "coordinates": [ 179.512119381662274, -16.655289566562463 ] } },
{ "type": "Feature", "properties": { "uid": "rvp9kbhbuq", "rate_time": -0.008, "sig_time": 0.982, "se_time": 0.351, "sce": 43.62, "nsm": null, "valid_obs": 20, "valid_span": 20, "significant": false }, "geometry": { "type": "Point", "coordinates": [ 179.512328975201257, -16.655109049400075 ] } },
{ "type": "Feature", "properties": { "uid": "rvp9kbj1cw", "rate_time": -0.644, "sig_time": 0.019, "se_time": 0.249, "sce": 27.34, "nsm": null, "valid_obs": 19, "valid_span": 19, "significant": true }, "geometry": { "type": "Point", "coordinates": [ 179.512548162038229, -16.654940095672551 ] } },
{ "type": "Feature", "properties": { "uid": "rvp9kbj4xm", "rate_time": -0.767, "sig_time": 0.004, "se_time": 0.229, "sce": 27.93, "nsm": null, "valid_obs": 19, "valid_span": 19, "significant": true }, "geometry": { "type": "Point", "coordinates": [ 179.512796328569152, -16.654812866504521 ] } },
{ "type": "Feature", "properties": { "uid": "rvp9kbj7sb", "rate_time": -0.744, "sig_time": 0.003, "se_time": 0.214, "sce": 27.22, "nsm": null, "valid_obs": 19, "valid_span": 19, "significant": true }, "geometry": { "type": "Point", "coordinates": [ 179.513036718449342, -16.654672541999002 ] } },
{ "type": "Feature", "properties": { "uid": "rvp9kbjs6j", "rate_time": -0.813, "sig_time": 0.0, "se_time": 0.166, "sce": 21.88, "nsm": null, "valid_obs": 19, "valid_span": 19, "significant": true }, "geometry": { "type": "Point", "coordinates": [ 179.513264763589746, -16.654514558398162 ] } },
{ "type": "Feature", "properties": { "uid": "rvp9kbjtre", "rate_time": -0.842, "sig_time": 0.0, "se_time": 0.146, "sce": 18.99, "nsm": null, "valid_obs": 19, "valid_span": 19, "significant": true }, "geometry": { "type": "Point", "coordinates": [ 179.513490741576334, -16.654353489566834 ] } },
{ "type": "Feature", "properties": { "uid": "rvp9kbjykb", "rate_time": -0.828, "sig_time": 0.0, "se_time": 0.167, "sce": 20.12, "nsm": null, "valid_obs": 19, "valid_span": 19, "significant": true }, "geometry": { "type": "Point", "coordinates": [ 179.513719782858658, -16.654196432632347 ] } },
{ "type": "Feature", "properties": { "uid": "rvp9kbnp4j", "rate_time": -0.943, "sig_time": 0.0, "se_time": 0.215, "sce": 23.4, "nsm": null, "valid_obs": 19, "valid_span": 19, "significant": true }, "geometry": { "type": "Point", "coordinates": [ 179.51395026595543, -16.654041345354813 ] } },
{ "type": "Feature", "properties": { "uid": "rvp9kbq0pd", "rate_time": -1.036, "sig_time": 0.001, "se_time": 0.248, "sce": 26.05, "nsm": null, "valid_obs": 19, "valid_span": 19, "significant": true }, "geometry": { "type": "Point", "coordinates": [ 179.51418068984151, -16.653886176718725 ] } },
{ "type": "Feature", "properties": { "uid": "rvp9kbq2vh", "rate_time": -1.051, "sig_time": 0.001, "se_time": 0.254, "sce": 27.04, "nsm": null, "valid_obs": 19, "valid_span": 19, "significant": true }, "geometry": { "type": "Point", "coordinates": [ 179.514423070226258, -16.653749278050885 ] } },
{ "type": "Feature", "properties": { "uid": "rvp9kbq9dv", "rate_time": -0.937, "sig_time": 0.002, "se_time": 0.262, "sce": 26.95, "nsm": null, "valid_obs": 19, "valid_span": 19, "significant": true }, "geometry": { "type": "Point", "coordinates": [ 179.514666880639112, -16.6536144595654 ] } },
{ "type": "Feature", "properties": { "uid": "rvp9kbqf82", "rate_time": -0.908, "sig_time": 0.002, "se_time": 0.255, "sce": 25.03, "nsm": null, "valid_obs": 19, "valid_span": 19, "significant": true }, "geometry": { "type": "Point", "coordinates": [ 179.514902742361386, -16.65346765831973 ] } },
{ "type": "Feature", "properties": { "uid": "rvp9kbqgmu", "rate_time": -0.965, "sig_time": 0.002, "se_time": 0.259, "sce": 27.18, "nsm": null, "valid_obs": 19, "valid_span": 19, "significant": true }, "geometry": { "type": "Point", "coordinates": [ 179.515137363783424, -16.653319172276674 ] } },
{ "type": "Feature", "properties": { "uid": "rvp9kbrh5e", "rate_time": -1.143, "sig_time": 0.001, "se_time": 0.28, "sce": 31.31, "nsm": null, "valid_obs": 19, "valid_span": 19, "significant": true }, "geometry": { "type": "Point", "coordinates": [ 179.515386271895778, -16.653194092432788 ] } },
{ "type": "Feature", "properties": { "uid": "rvp9kbrk9u", "rate_time": -1.346, "sig_time": 0.0, "se_time": 0.311, "sce": 32.2, "nsm": null, "valid_obs": 19, "valid_span": 19, "significant": true }, "geometry": { "type": "Point", "coordinates": [ 179.515649675175752, -16.653101994556661 ] } },
{ "type": "Feature", "properties": { "uid": "rvp9kbrsb7", "rate_time": -1.328, "sig_time": 0.001, "se_time": 0.32, "sce": 31.05, "nsm": null, "valid_obs": 19, "valid_span": 19, "significant": true }, "geometry": { "type": "Point", "coordinates": [ 179.515927950826637, -16.653066235478462 ] } },
{ "type": "Feature", "properties": { "uid": "rvp9kbrsyv", "rate_time": -1.156, "sig_time": 0.002, "se_time": 0.322, "sce": 31.29, "nsm": null, "valid_obs": 19, "valid_span": 19, "significant": true }, "geometry": { "type": "Point", "coordinates": [ 179.516207595318946, -16.653055125621258 ] } },
{ "type": "Feature", "properties": { "uid": "rvp9kbrvm5", "rate_time": -0.978, "sig_time": 0.009, "se_time": 0.329, "sce": 30.7, "nsm": null, "valid_obs": 19, "valid_span": 19, "significant": true }, "geometry": { "type": "Point", "coordinates": [ 179.516477609705532, -16.652979871575177 ] } },
{ "type": "Feature", "properties": { "uid": "rvp9m02jg3", "rate_time": -1.055, "sig_time": 0.003, "se_time": 0.305, "sce": 31.36, "nsm": null, "valid_obs": 19, "valid_span": 19, "significant": true }, "geometry": { "type": "Point", "coordinates": [ 179.516746600092006, -16.652907059266756 ] } },
{ "type": "Feature", "properties": { "uid": "rvp9m02m3y", "rate_time": -0.96, "sig_time": 0.005, "se_time": 0.302, "sce": 29.33, "nsm": null, "valid_obs": 19, "valid_span": 19, "significant": true }, "geometry": { "type": "Point", "coordinates": [ 179.517021806449122, -16.652961815972944 ] } },
{ "type": "Feature", "properties": { "uid": "rvp9m02kzy", "rate_time": -0.975, "sig_time": 0.001, "se_time": 0.25, "sce": 27.06, "nsm": null, "valid_obs": 19, "valid_span": 19, "significant": true }, "geometry": { "type": "Point", "coordinates": [ 179.517287434014122, -16.653050409951767 ] } },
{ "type": "Feature", "properties": { "uid": "rvp9m02sqn", "rate_time": -0.77, "sig_time": 0.001, "se_time": 0.195, "sce": 24.54, "nsm": null, "valid_obs": 19, "valid_span": 19, "significant": true }, "geometry": { "type": "Point", "coordinates": [ 179.517554255395623, -16.653135477873622 ] } },
{ "type": "Feature", "properties": { "uid": "rvp9m02uhw", "rate_time": -0.685, "sig_time": 0.0, "se_time": 0.154, "sce": 21.32, "nsm": null, "valid_obs": 19, "valid_span": 19, "significant": true }, "geometry": { "type": "Point", "coordinates": [ 179.517831465522818, -16.653178512306525 ] } },
{ "type": "Feature", "properties": { "uid": "rvp9m03h71", "rate_time": -0.783, "sig_time": 0.0, "se_time": 0.152, "sce": 28.61, "nsm": null, "valid_obs": 20, "valid_span": 20, "significant": true }, "geometry": { "type": "Point", "coordinates": [ 179.518111468272309, -16.653163651048391 ] } },
{ "type": "Feature", "properties": { "uid": "rvp9m03kc7", "rate_time": -0.636, "sig_time": 0.002, "se_time": 0.172, "sce": 21.49, "nsm": null, "valid_obs": 20, "valid_span": 20, "significant": true }, "geometry": { "type": "Point", "coordinates": [ 179.51837313876581, -16.653068344975804 ] } },
{ "type": "Feature", "properties": { "uid": "rvp9m03mx1", "rate_time": -0.586, "sig_time": 0.001, "se_time": 0.152, "sce": 19.32, "nsm": null, "valid_obs": 20, "valid_span": 20, "significant": true }, "geometry": { "type": "Point", "coordinates": [ 179.518625443895615, -16.652948946137187 ] } },
{ "type": "Feature", "properties": { "uid": "rvp9m03wkf", "rate_time": -0.442, "sig_time": 0.002, "se_time": 0.122, "sce": 15.91, "nsm": null, "valid_obs": 20, "valid_span": 20, "significant": true }, "geometry": { "type": "Point", "coordinates": [ 179.518867843208511, -16.65281231632127 ] } },
{ "type": "Feature", "properties": { "uid": "rvp9m03z4m", "rate_time": -0.466, "sig_time": 0.002, "se_time": 0.126, "sce": 16.21, "nsm": null, "valid_obs": 20, "valid_span": 20, "significant": true }, "geometry": { "type": "Point", "coordinates": [ 179.519105809061045, -16.652668162311905 ] } },
{ "type": "Feature", "properties": { "uid": "rvp9m09bpb", "rate_time": -0.459, "sig_time": 0.006, "se_time": 0.147, "sce": 16.64, "nsm": null, "valid_obs": 20, "valid_span": 20, "significant": true }, "geometry": { "type": "Point", "coordinates": [ 179.519344014195383, -16.652524375689595 ] } },
{ "type": "Feature", "properties": { "uid": "rvp9m0d0v7", "rate_time": -0.465, "sig_time": 0.001, "se_time": 0.123, "sce": 14.73, "nsm": null, "valid_obs": 20, "valid_span": 20, "significant": true }, "geometry": { "type": "Point", "coordinates": [ 179.519581238307723, -16.652379063928446 ] } },
{ "type": "Feature", "properties": { "uid": "rvp9m0d3dz", "rate_time": -0.601, "sig_time": 0.0, "se_time": 0.137, "sce": 16.19, "nsm": null, "valid_obs": 20, "valid_span": 20, "significant": true }, "geometry": { "type": "Point", "coordinates": [ 179.519815826163665, -16.652229811555006 ] } },
{ "type": "Feature", "properties": { "uid": "rvp9m0dd88", "rate_time": -0.489, "sig_time": 0.004, "se_time": 0.148, "sce": 14.6, "nsm": null, "valid_obs": 20, "valid_span": 20, "significant": true }, "geometry": { "type": "Point", "coordinates": [ 179.520059770917953, -16.652095217558944 ] } },
{ "type": "Feature", "properties": { "uid": "rvp9m0demv", "rate_time": -0.316, "sig_time": 0.036, "se_time": 0.139, "sce": 13.71, "nsm": null, "valid_obs": 20, "valid_span": 20, "significant": true }, "geometry": { "type": "Point", "coordinates": [ 179.520288133940909, -16.651937933170494 ] } },
{ "type": "Feature", "properties": { "uid": "rvp9m0dud9", "rate_time": -0.2, "sig_time": 0.168, "se_time": 0.139, "sce": 13.21, "nsm": null, "valid_obs": 20, "valid_span": 20, "significant": false }, "geometry": { "type": "Point", "coordinates": [ 179.520488028677107, -16.651748046155195 ] } },
{ "type": "Feature", "properties": { "uid": "rvp9m0dvwz", "rate_time": -0.178, "sig_time": 0.254, "se_time": 0.151, "sce": 14.48, "nsm": null, "valid_obs": 20, "valid_span": 20, "significant": false }, "geometry": { "type": "Point", "coordinates": [ 179.520671912175828, -16.651543196028285 ] } },
{ "type": "Feature", "properties": { "uid": "rvp9m0engh", "rate_time": -0.127, "sig_time": 0.335, "se_time": 0.128, "sce": 12.1, "nsm": null, "valid_obs": 21, "valid_span": 21, "significant": false }, "geometry": { "type": "Point", "coordinates": [ 179.520859333887586, -16.651341550484357 ] } },
{ "type": "Feature", "properties": { "uid": "rvp9m0g0pb", "rate_time": 0.035, "sig_time": 0.775, "se_time": 0.12, "sce": 11.1, "nsm": null, "valid_obs": 21, "valid_span": 21, "significant": false }, "geometry": { "type": "Point", "coordinates": [ 179.521060816285882, -16.651152682536338 ] } },
{ "type": "Feature", "properties": { "uid": "rvp9m0g3hm", "rate_time": 0.313, "sig_time": 0.04, "se_time": 0.142, "sce": 20.29, "nsm": null, "valid_obs": 21, "valid_span": 21, "significant": true }, "geometry": { "type": "Point", "coordinates": [ 179.521252554978531, -16.650954743767137 ] } },
{ "type": "Feature", "properties": { "uid": "rvp9m0gd2s", "rate_time": 0.074, "sig_time": 0.636, "se_time": 0.154, "sce": 14.83, "nsm": null, "valid_obs": 20, "valid_span": 20, "significant": false }, "geometry": { "type": "Point", "coordinates": [ 179.521429879607183, -16.650744550071281 ] } },
{ "type": "Feature", "properties": { "uid": "rvp9m0gese", "rate_time": 0.044, "sig_time": 0.775, "se_time": 0.153, "sce": 15.13, "nsm": null, "valid_obs": 20, "valid_span": 20, "significant": false }, "geometry": { "type": "Point", "coordinates": [ 179.52160624069208, -16.650533584028707 ] } },
{ "type": "Feature", "properties": { "uid": "rvp9m0gube", "rate_time": -0.077, "sig_time": 0.628, "se_time": 0.156, "sce": 14.11, "nsm": null, "valid_obs": 20, "valid_span": 20, "significant": false }, "geometry": { "type": "Point", "coordinates": [ 179.521780817079161, -16.650321261104622 ] } },
{ "type": "Feature", "properties": { "uid": "rvp9m0gyhm", "rate_time": 0.032, "sig_time": 0.824, "se_time": 0.142, "sce": 14.27, "nsm": null, "valid_obs": 20, "valid_span": 20, "significant": false }, "geometry": { "type": "Point", "coordinates": [ 179.521936180253107, -16.650095463475548 ] } },
{ "type": "Feature", "properties": { "uid": "rvp9m0gzx8", "rate_time": 0.178, "sig_time": 0.316, "se_time": 0.173, "sce": 19.05, "nsm": null, "valid_obs": 20, "valid_span": 20, "significant": false }, "geometry": { "type": "Point", "coordinates": [ 179.522083331339076, -16.649864667119111 ] } },
{ "type": "Feature", "properties": { "uid": "rvp9m1h0g5", "rate_time": 0.147, "sig_time": 0.469, "se_time": 0.199, "sce": 20.71, "nsm": null, "valid_obs": 20, "valid_span": 20, "significant": false }, "geometry": { "type": "Point", "coordinates": [ 179.522232628868721, -16.649635100582667 ] } },
{ "type": "Feature", "properties": { "uid": "rvp9m1h4p3", "rate_time": 0.028, "sig_time": 0.899, "se_time": 0.217, "sce": 20.47, "nsm": null, "valid_obs": 20, "valid_span": 20, "significant": false }, "geometry": { "type": "Point", "coordinates": [ 179.522409281024466, -16.649427322067588 ] } },
{ "type": "Feature", "properties": { "uid": "rvp9m1h7h5", "rate_time": -0.105, "sig_time": 0.592, "se_time": 0.193, "sce": 16.17, "nsm": null, "valid_obs": 20, "valid_span": 20, "significant": false }, "geometry": { "type": "Point", "coordinates": [ 179.522617330005431, -16.649245143501698 ] } },
{ "type": "Feature", "properties": { "uid": "rvp9m1hs1h", "rate_time": -0.124, "sig_time": 0.446, "se_time": 0.159, "sce": 14.2, "nsm": null, "valid_obs": 20, "valid_span": 20, "significant": false }, "geometry": { "type": "Point", "coordinates": [ 179.522833063130662, -16.649071475659511 ] } },
{ "type": "Feature", "properties": { "uid": "rvp9m1htjz", "rate_time": -0.071, "sig_time": 0.634, "se_time": 0.146, "sce": 13.37, "nsm": null, "valid_obs": 20, "valid_span": 20, "significant": false }, "geometry": { "type": "Point", "coordinates": [ 179.523033885359894, -16.648882194947227 ] } },
{ "type": "Feature", "properties": { "uid": "rvp9m1hy6j", "rate_time": -0.007, "sig_time": 0.962, "se_time": 0.136, "sce": 13.02, "nsm": null, "valid_obs": 20, "valid_span": 20, "significant": false }, "geometry": { "type": "Point", "coordinates": [ 179.52321936384692, -16.648679045258607 ] } },
{ "type": "Feature", "properties": { "uid": "rvp9m1hzv3", "rate_time": 0.032, "sig_time": 0.79, "se_time": 0.119, "sce": 11.02, "nsm": null, "valid_obs": 20, "valid_span": 20, "significant": false }, "geometry": { "type": "Point", "coordinates": [ 179.523357378692566, -16.648443007376201 ] } },
{ "type": "Feature", "properties": { "uid": "rvp9m1kcr3", "rate_time": -0.081, "sig_time": 0.392, "se_time": 0.093, "sce": 8.0, "nsm": null, "valid_obs": 20, "valid_span": 20, "significant": false }, "geometry": { "type": "Point", "coordinates": [ 179.523445349204593, -16.64818663791014 ] } },
{ "type": "Feature", "properties": { "uid": "rvp9m1m4b5", "rate_time": -0.443, "sig_time": 0.0, "se_time": 0.066, "sce": 10.73, "nsm": null, "valid_obs": 20, "valid_span": 20, "significant": true }, "geometry": { "type": "Point", "coordinates": [ 179.523475483418281, -16.647917915693554 ] } },
{ "type": "Feature", "properties": { "uid": "rvp9m1mh2v", "rate_time": -0.616, "sig_time": 0.0, "se_time": 0.075, "sce": 14.03, "nsm": null, "valid_obs": 19, "valid_span": 19, "significant": true }, "geometry": { "type": "Point", "coordinates": [ 179.523505327996901, -16.647648527002502 ] } },
{ "type": "Feature", "properties": { "uid": "rvp9m1mjcr", "rate_time": -0.472, "sig_time": 0.0, "se_time": 0.091, "sce": 11.96, "nsm": null, "valid_obs": 19, "valid_span": 19, "significant": true }, "geometry": { "type": "Point", "coordinates": [ 179.523531559924777, -16.647378770565254 ] } },
{ "type": "Feature", "properties": { "uid": "rvp9m1kzrh", "rate_time": 0.055, "sig_time": 0.659, "se_time": 0.123, "sce": 10.12, "nsm": null, "valid_obs": 19, "valid_span": 19, "significant": false }, "geometry": { "type": "Point", "coordinates": [ 179.52342626892974, -16.647135969709005 ] } },
{ "type": "Feature", "properties": { "uid": "rvp9m1sbd9", "rate_time": 0.184, "sig_time": 0.147, "se_time": 0.121, "sce": 10.5, "nsm": null, "valid_obs": 19, "valid_span": 19, "significant": false }, "geometry": { "type": "Point", "coordinates": [ 179.52323552421862, -16.646939901729098 ] } },
{ "type": "Feature", "properties": { "uid": "rvp9m1s9tv", "rate_time": 0.158, "sig_time": 0.178, "se_time": 0.113, "sce": 9.35, "nsm": null, "valid_obs": 19, "valid_span": 19, "significant": false }, "geometry": { "type": "Point", "coordinates": [ 179.523038266077947, -16.646747842971706 ] } },
{ "type": "Feature", "properties": { "uid": "rvp9m1sdcu", "rate_time": 0.378, "sig_time": 0.001, "se_time": 0.099, "sce": 11.17, "nsm": null, "valid_obs": 19, "valid_span": 19, "significant": true }, "geometry": { "type": "Point", "coordinates": [ 179.522863808355368, -16.646535402513852 ] } },
{ "type": "Feature", "properties": { "uid": "rvp9m1s7ud", "rate_time": 0.289, "sig_time": 0.003, "se_time": 0.082, "sce": 9.28, "nsm": null, "valid_obs": 19, "valid_span": 19, "significant": true }, "geometry": { "type": "Point", "coordinates": [ 179.522637567552891, -16.646376580348267 ] } },
{ "type": "Feature", "properties": { "uid": "rvp9m1shxh", "rate_time": 0.213, "sig_time": 0.005, "se_time": 0.066, "sce": 7.85, "nsm": null, "valid_obs": 19, "valid_span": 19, "significant": true }, "geometry": { "type": "Point", "coordinates": [ 179.522397347448447, -16.646236244207163 ] } },
{ "type": "Feature", "properties": { "uid": "rvp9m1sj31", "rate_time": 0.161, "sig_time": 0.042, "se_time": 0.073, "sce": 6.97, "nsm": null, "valid_obs": 19, "valid_span": 19, "significant": true }, "geometry": { "type": "Point", "coordinates": [ 179.522142635773577, -16.646124056387773 ] } },
{ "type": "Feature", "properties": { "uid": "rvp9m1evfg", "rate_time": 0.221, "sig_time": 0.028, "se_time": 0.092, "sce": 8.7, "nsm": null, "valid_obs": 19, "valid_span": 19, "significant": true }, "geometry": { "type": "Point", "coordinates": [ 179.521879684013271, -16.646028663923143 ] } },
{ "type": "Feature", "properties": { "uid": "rvp9m1ewku", "rate_time": 0.275, "sig_time": 0.013, "se_time": 0.1, "sce": 10.57, "nsm": null, "valid_obs": 19, "valid_span": 19, "significant": true }, "geometry": { "type": "Point", "coordinates": [ 179.52161660156824, -16.645935423495338 ] } },
{ "type": "Feature", "properties": { "uid": "rvp9m1eqy2", "rate_time": -0.043, "sig_time": 0.673, "se_time": 0.101, "sce": 8.19, "nsm": null, "valid_obs": 19, "valid_span": 19, "significant": false }, "geometry": { "type": "Point", "coordinates": [ 179.52134366330003, -16.64587073787893 ] } },
{ "type": "Feature", "properties": { "uid": "rvp9m1er0r", "rate_time": -0.203, "sig_time": 0.056, "se_time": 0.099, "sce": 9.45, "nsm": null, "valid_obs": 19, "valid_span": 19, "significant": false }, "geometry": { "type": "Point", "coordinates": [ 179.521077820751117, -16.645789337486832 ] } },
{ "type": "Feature", "properties": { "uid": "rvp9m1g04d", "rate_time": -0.111, "sig_time": 0.505, "se_time": 0.163, "sce": 13.53, "nsm": null, "valid_obs": 19, "valid_span": 19, "significant": false }, "geometry": { "type": "Point", "coordinates": [ 179.520837762770924, -16.645648596079855 ] } },
{ "type": "Feature", "properties": { "uid": "rvp9m1fbuf", "rate_time": -0.1, "sig_time": 0.464, "se_time": 0.133, "sce": 11.42, "nsm": null, "valid_obs": 19, "valid_span": 19, "significant": false }, "geometry": { "type": "Point", "coordinates": [ 179.520590361910706, -16.645520013215897 ] } },
{ "type": "Feature", "properties": { "uid": "rvp9m1f9qu", "rate_time": -0.036, "sig_time": 0.82, "se_time": 0.158, "sce": 13.26, "nsm": null, "valid_obs": 19, "valid_span": 19, "significant": false }, "geometry": { "type": "Point", "coordinates": [ 179.520329525707439, -16.64541951076114 ] } },
{ "type": "Feature", "properties": { "uid": "rvp9m1f98r", "rate_time": -0.077, "sig_time": 0.637, "se_time": 0.16, "sce": 14.39, "nsm": null, "valid_obs": 19, "valid_span": 19, "significant": false }, "geometry": { "type": "Point", "coordinates": [ 179.520055227298627, -16.64536309946066 ] } },
{ "type": "Feature", "properties": { "uid": "rvp9m1f662", "rate_time": -0.204, "sig_time": 0.123, "se_time": 0.126, "sce": 12.0, "nsm": null, "valid_obs": 19, "valid_span": 19, "significant": false }, "geometry": { "type": "Point", "coordinates": [ 179.519791979629986, -16.645270488742483 ] } },
{ "type": "Feature", "properties": { "uid": "rvp9m1f5jr", "rate_time": -0.1, "sig_time": 0.518, "se_time": 0.151, "sce": 12.61, "nsm": null, "valid_obs": 19, "valid_span": 19, "significant": false }, "geometry": { "type": "Point", "coordinates": [ 179.51957464897896, -16.645105182501521 ] } },
{ "type": "Feature", "properties": { "uid": "rvp9m1fh2v", "rate_time": -0.142, "sig_time": 0.427, "se_time": 0.174, "sce": 15.61, "nsm": null, "valid_obs": 19, "valid_span": 19, "significant": false }, "geometry": { "type": "Point", "coordinates": [ 179.519390216976547, -16.64490189922601 ] } },
{ "type": "Feature", "properties": { "uid": "rvp9m1cvv8", "rate_time": 0.009, "sig_time": 0.958, "se_time": 0.175, "sce": 14.1, "nsm": null, "valid_obs": 19, "valid_span": 19, "significant": false }, "geometry": { "type": "Point", "coordinates": [ 179.519246137276866, -16.644669254317357 ] } },
{ "type": "Feature", "properties": { "uid": "rvp9m1cz45", "rate_time": -0.431, "sig_time": 0.014, "se_time": 0.158, "sce": 22.57, "nsm": null, "valid_obs": 20, "valid_span": 20, "significant": true }, "geometry": { "type": "Point", "coordinates": [ 179.519093169622835, -16.644442009703791 ] } },
{ "type": "Feature", "properties": { "uid": "rvp9m418qh", "rate_time": -0.315, "sig_time": 0.012, "se_time": 0.113, "sce": 11.56, "nsm": null, "valid_obs": 20, "valid_span": 20, "significant": true }, "geometry": { "type": "Point", "coordinates": [ 179.518928934941727, -16.644222147471098 ] } },
{ "type": "Feature", "properties": { "uid": "rvp9m419dz", "rate_time": -0.348, "sig_time": 0.017, "se_time": 0.132, "sce": 13.15, "nsm": null, "valid_obs": 20, "valid_span": 20, "significant": true }, "geometry": { "type": "Point", "coordinates": [ 179.518784941500172, -16.643990365574908 ] } },
{ "type": "Feature", "properties": { "uid": "rvp9m41e0w", "rate_time": -0.168, "sig_time": 0.428, "se_time": 0.207, "sce": 16.27, "nsm": null, "valid_obs": 20, "valid_span": 20, "significant": false }, "geometry": { "type": "Point", "coordinates": [ 179.518685697204404, -16.643738956162505 ] } },
{ "type": "Feature", "properties": { "uid": "rvp9m41kxr", "rate_time": -0.148, "sig_time": 0.551, "se_time": 0.243, "sce": 20.41, "nsm": null, "valid_obs": 20, "valid_span": 20, "significant": false }, "geometry": { "type": "Point", "coordinates": [ 179.518636527834104, -16.64347276438728 ] } },
{ "type": "Feature", "properties": { "uid": "rvp9m41qmb", "rate_time": 0.161, "sig_time": 0.64, "se_time": 0.339, "sce": 29.9, "nsm": null, "valid_obs": 20, "valid_span": 20, "significant": false }, "geometry": { "type": "Point", "coordinates": [ 179.518571070165905, -16.643212684028512 ] } },
{ "type": "Feature", "properties": { "uid": "rvp9m435kr", "rate_time": -0.87, "sig_time": 0.004, "se_time": 0.261, "sce": 26.43, "nsm": null, "valid_obs": 17, "valid_span": 19, "significant": true }, "geometry": { "type": "Point", "coordinates": [ 179.518164022763926, -16.642317441034116 ] } },
{ "type": "Feature", "properties": { "uid": "rvp9m43k8t", "rate_time": -1.116, "sig_time": 0.001, "se_time": 0.27, "sce": 40.52, "nsm": null, "valid_obs": 18, "valid_span": 20, "significant": true }, "geometry": { "type": "Point", "coordinates": [ 179.518343018830649, -16.642113101939142 ] } },
{ "type": "Feature", "properties": { "uid": "rvp9m43z2c", "rate_time": -0.685, "sig_time": 0.164, "se_time": 0.472, "sce": 42.0, "nsm": null, "valid_obs": 20, "valid_span": 20, "significant": false }, "geometry": { "type": "Point", "coordinates": [ 179.519038378761422, -16.641660018210647 ] } },
{ "type": "Feature", "properties": { "uid": "rvp9m49bmk", "rate_time": 0.151, "sig_time": 0.72, "se_time": 0.414, "sce": 32.58, "nsm": null, "valid_obs": 20, "valid_span": 20, "significant": false }, "geometry": { "type": "Point", "coordinates": [ 179.519238651951923, -16.641473037414439 ] } },
{ "type": "Feature", "properties": { "uid": "rvp9m4d1b3", "rate_time": 1.03, "sig_time": 0.006, "se_time": 0.332, "sce": 36.4, "nsm": null, "valid_obs": 20, "valid_span": 20, "significant": true }, "geometry": { "type": "Point", "coordinates": [ 179.519363272215827, -16.641233862821228 ] } },
{ "type": "Feature", "properties": { "uid": "rvp9m4d52f", "rate_time": 1.35, "sig_time": 0.0, "se_time": 0.272, "sce": 37.76, "nsm": null, "valid_obs": 20, "valid_span": 20, "significant": true }, "geometry": { "type": "Point", "coordinates": [ 179.519384753268639, -16.640969469034861 ] } },
{ "type": "Feature", "properties": { "uid": "rvp9m49uze", "rate_time": 0.896, "sig_time": 0.0, "se_time": 0.209, "sce": 28.71, "nsm": null, "valid_obs": 20, "valid_span": 20, "significant": true }, "geometry": { "type": "Point", "coordinates": [ 179.519332807441515, -16.640704362499807 ] } },
{ "type": "Feature", "properties": { "uid": "rvp9m49yqt", "rate_time": 0.237, "sig_time": 0.287, "se_time": 0.216, "sce": 17.17, "nsm": null, "valid_obs": 20, "valid_span": 20, "significant": false }, "geometry": { "type": "Point", "coordinates": [ 179.519288801498277, -16.640437612562025 ] } },
{ "type": "Feature", "properties": { "uid": "rvp9m49zzr", "rate_time": -0.193, "sig_time": 0.213, "se_time": 0.15, "sce": 14.66, "nsm": null, "valid_obs": 20, "valid_span": 20, "significant": false }, "geometry": { "type": "Point", "coordinates": [ 179.519319428476194, -16.640171995194894 ] } },
{ "type": "Feature", "properties": { "uid": "rvp9m4f166", "rate_time": -0.304, "sig_time": 0.215, "se_time": 0.237, "sce": 23.25, "nsm": null, "valid_obs": 20, "valid_span": 20, "significant": false }, "geometry": { "type": "Point", "coordinates": [ 179.519446522213542, -16.63993688666411 ] } },
{ "type": "Feature", "properties": { "uid": "rvp9m4f4w9", "rate_time": -0.28, "sig_time": 0.44, "se_time": 0.355, "sce": 35.14, "nsm": null, "valid_obs": 20, "valid_span": 20, "significant": false }, "geometry": { "type": "Point", "coordinates": [ 179.519628691302387, -16.639730676967208 ] } },
{ "type": "Feature", "properties": { "uid": "rvp9m4fkxz", "rate_time": -0.346, "sig_time": 0.266, "se_time": 0.301, "sce": 29.73, "nsm": null, "valid_obs": 20, "valid_span": 20, "significant": false }, "geometry": { "type": "Point", "coordinates": [ 179.520034560632354, -16.639357182941421 ] } },
{ "type": "Feature", "properties": { "uid": "rvp9m4gp0x", "rate_time": -0.264, "sig_time": 0.109, "se_time": 0.156, "sce": 17.84, "nsm": null, "valid_obs": 20, "valid_span": 20, "significant": false }, "geometry": { "type": "Point", "coordinates": [ 179.520744752245406, -16.638923759268284 ] } },
{ "type": "Feature", "properties": { "uid": "rvp9m4fy75", "rate_time": -0.247, "sig_time": 0.092, "se_time": 0.139, "sce": 12.03, "nsm": null, "valid_obs": 20, "valid_span": 20, "significant": false }, "geometry": { "type": "Point", "coordinates": [ 179.520513105395594, -16.639077111058164 ] } },
{ "type": "Feature", "properties": { "uid": "rvp9m4ftt7", "rate_time": -0.362, "sig_time": 0.095, "se_time": 0.206, "sce": 19.38, "nsm": null, "valid_obs": 20, "valid_span": 20, "significant": false }, "geometry": { "type": "Point", "coordinates": [ 179.520264050734369, -16.639202221880659 ] } },
{ "type": "Feature", "properties": { "uid": "rvp9m556w9", "rate_time": 0.168, "sig_time": 0.643, "se_time": 0.357, "sce": 45.61, "nsm": null, "valid_obs": 19, "valid_span": 20, "significant": false }, "geometry": { "type": "Point", "coordinates": [ 179.521345040816186, -16.638356232420765 ] } },
{ "type": "Feature", "properties": { "uid": "rvp9m55ef9", "rate_time": -0.424, "sig_time": 0.012, "se_time": 0.15, "sce": 14.35, "nsm": null, "valid_obs": 18, "valid_span": 19, "significant": true }, "geometry": { "type": "Point", "coordinates": [ 179.52151611689294, -16.638141256381335 ] } },
{ "type": "Feature", "properties": { "uid": "rvp9m55y59", "rate_time": -0.529, "sig_time": 0.015, "se_time": 0.195, "sce": 21.19, "nsm": null, "valid_obs": 19, "valid_span": 19, "significant": true }, "geometry": { "type": "Point", "coordinates": [ 179.52190804086402, -16.637753646962114 ] } },
{ "type": "Feature", "properties": { "uid": "rvp9m5hp0d", "rate_time": -0.635, "sig_time": 0.013, "se_time": 0.228, "sce": 22.17, "nsm": null, "valid_obs": 19, "valid_span": 19, "significant": true }, "geometry": { "type": "Point", "coordinates": [ 179.522123549280622, -16.637579732536373 ] } },
{ "type": "Feature", "properties": { "uid": "rvp9m5hpy7", "rate_time": -0.589, "sig_time": 0.012, "se_time": 0.21, "sce": 21.58, "nsm": null, "valid_obs": 19, "valid_span": 19, "significant": true }, "geometry": { "type": "Point", "coordinates": [ 179.522365993302373, -16.63744342447481 ] } },
{ "type": "Feature", "properties": { "uid": "rvp9m5k2s5", "rate_time": -0.633, "sig_time": 0.018, "se_time": 0.242, "sce": 23.16, "nsm": null, "valid_obs": 19, "valid_span": 19, "significant": true }, "geometry": { "type": "Point", "coordinates": [ 179.522613485750639, -16.637315044343957 ] } },
{ "type": "Feature", "properties": { "uid": "rvp9m5k94j", "rate_time": -0.555, "sig_time": 0.019, "se_time": 0.214, "sce": 19.19, "nsm": null, "valid_obs": 19, "valid_span": 19, "significant": true }, "geometry": { "type": "Point", "coordinates": [ 179.522875761951894, -16.637222009810365 ] } },
{ "type": "Feature", "properties": { "uid": "rvp9m5kc2t", "rate_time": -0.483, "sig_time": 0.014, "se_time": 0.176, "sce": 14.39, "nsm": null, "valid_obs": 19, "valid_span": 19, "significant": true }, "geometry": { "type": "Point", "coordinates": [ 179.523151659204473, -16.637175060305271 ] } },
{ "type": "Feature", "properties": { "uid": "rvp9m5kcx1", "rate_time": -0.501, "sig_time": 0.005, "se_time": 0.154, "sce": 13.41, "nsm": null, "valid_obs": 19, "valid_span": 19, "significant": true }, "geometry": { "type": "Point", "coordinates": [ 179.523431760734496, -16.637153718970232 ] } },
{ "type": "Feature", "properties": { "uid": "rvp9m5m1ts", "rate_time": -0.522, "sig_time": 0.003, "se_time": 0.149, "sce": 15.5, "nsm": null, "valid_obs": 19, "valid_span": 19, "significant": true }, "geometry": { "type": "Point", "coordinates": [ 179.523712453817609, -16.637140157315741 ] } },
{ "type": "Feature", "properties": { "uid": "rvp9m5m3kp", "rate_time": -0.532, "sig_time": 0.004, "se_time": 0.162, "sce": 17.09, "nsm": null, "valid_obs": 19, "valid_span": 19, "significant": true }, "geometry": { "type": "Point", "coordinates": [ 179.523990143746317, -16.637165827459501 ] } },
{ "type": "Feature", "properties": { "uid": "rvp9m5m8cc", "rate_time": -0.455, "sig_time": 0.016, "se_time": 0.169, "sce": 15.5, "nsm": null, "valid_obs": 19, "valid_span": 19, "significant": true }, "geometry": { "type": "Point", "coordinates": [ 179.524234157176778, -16.637283754083182 ] } },
{ "type": "Feature", "properties": { "uid": "rvp9m5jxt8", "rate_time": -0.357, "sig_time": 0.029, "se_time": 0.15, "sce": 13.05, "nsm": null, "valid_obs": 19, "valid_span": 19, "significant": true }, "geometry": { "type": "Point", "coordinates": [ 179.524399083141446, -16.637502753995335 ] } },
{ "type": "Feature", "properties": { "uid": "rvp9m5jwpc", "rate_time": -0.247, "sig_time": 0.055, "se_time": 0.12, "sce": 11.18, "nsm": null, "valid_obs": 19, "valid_span": 19, "significant": false }, "geometry": { "type": "Point", "coordinates": [ 179.524496879890251, -16.637755626490517 ] } },
{ "type": "Feature", "properties": { "uid": "rvp9m5ju9c", "rate_time": -0.094, "sig_time": 0.503, "se_time": 0.137, "sce": 12.48, "nsm": null, "valid_obs": 19, "valid_span": 19, "significant": false }, "geometry": { "type": "Point", "coordinates": [ 179.524579273568463, -16.638014668609951 ] } },
{ "type": "Feature", "properties": { "uid": "rvp9m5jghe", "rate_time": -0.125, "sig_time": 0.461, "se_time": 0.165, "sce": 13.44, "nsm": null, "valid_obs": 19, "valid_span": 19, "significant": false }, "geometry": { "type": "Point", "coordinates": [ 179.524698495272474, -16.638258473415789 ] } },
{ "type": "Feature", "properties": { "uid": "rvp9m5n1bu", "rate_time": -0.129, "sig_time": 0.405, "se_time": 0.151, "sce": 14.89, "nsm": null, "valid_obs": 19, "valid_span": 19, "significant": false }, "geometry": { "type": "Point", "coordinates": [ 179.524875526334966, -16.638467003258764 ] } },
{ "type": "Feature", "properties": { "uid": "rvp9m5n0vu", "rate_time": -0.36, "sig_time": 0.187, "se_time": 0.261, "sce": 29.45, "nsm": null, "valid_obs": 19, "valid_span": 19, "significant": false }, "geometry": { "type": "Point", "coordinates": [ 179.525089561724428, -16.638640806838566 ] } },
{ "type": "Feature", "properties": { "uid": "rvp9m5n27b", "rate_time": -0.532, "sig_time": 0.101, "se_time": 0.307, "sce": 31.26, "nsm": null, "valid_obs": 19, "valid_span": 19, "significant": false }, "geometry": { "type": "Point", "coordinates": [ 179.525346882226756, -16.638745866957265 ] } },
{ "type": "Feature", "properties": { "uid": "rvp9m4yxfp", "rate_time": -0.74, "sig_time": 0.022, "se_time": 0.294, "sce": 32.6, "nsm": null, "valid_obs": 19, "valid_span": 19, "significant": true }, "geometry": { "type": "Point", "coordinates": [ 179.525621999630772, -16.638794040298762 ] } },
{ "type": "Feature", "properties": { "uid": "rvp9m5nb08", "rate_time": -0.663, "sig_time": 0.023, "se_time": 0.265, "sce": 28.48, "nsm": null, "valid_obs": 19, "valid_span": 19, "significant": true }, "geometry": { "type": "Point", "coordinates": [ 179.525902534734826, -16.638789165698629 ] } },
{ "type": "Feature", "properties": { "uid": "rvp9m5nbpp", "rate_time": -0.443, "sig_time": 0.075, "se_time": 0.234, "sce": 21.16, "nsm": null, "valid_obs": 19, "valid_span": 19, "significant": false }, "geometry": { "type": "Point", "coordinates": [ 179.526180982803282, -16.638753542792138 ] } },
{ "type": "Feature", "properties": { "uid": "rvp9m5p0te", "rate_time": -0.412, "sig_time": 0.058, "se_time": 0.203, "sce": 17.21, "nsm": null, "valid_obs": 19, "valid_span": 19, "significant": false }, "geometry": { "type": "Point", "coordinates": [ 179.526452798896827, -16.638689127780825 ] } },
{ "type": "Feature", "properties": { "uid": "rvp9m5p35x", "rate_time": -0.503, "sig_time": 0.022, "se_time": 0.2, "sce": 18.33, "nsm": null, "valid_obs": 19, "valid_span": 19, "significant": true }, "geometry": { "type": "Point", "coordinates": [ 179.526711041595092, -16.638582331976867 ] } },
{ "type": "Feature", "properties": { "uid": "rvp9m5p9ck", "rate_time": -0.556, "sig_time": 0.006, "se_time": 0.176, "sce": 18.1, "nsm": null, "valid_obs": 19, "valid_span": 19, "significant": true }, "geometry": { "type": "Point", "coordinates": [ 179.526965398362648, -16.638467276819743 ] } },
{ "type": "Feature", "properties": { "uid": "rvp9m5pdxn", "rate_time": -0.748, "sig_time": 0.001, "se_time": 0.196, "sce": 20.29, "nsm": null, "valid_obs": 19, "valid_span": 19, "significant": true }, "geometry": { "type": "Point", "coordinates": [ 179.52720917657507, -16.638332438328018 ] } },
{ "type": "Feature", "properties": { "uid": "rvp9m5pgm1", "rate_time": -0.71, "sig_time": 0.001, "se_time": 0.171, "sce": 17.55, "nsm": null, "valid_obs": 19, "valid_span": 19, "significant": true }, "geometry": { "type": "Point", "coordinates": [ 179.527469305710611, -16.638230354036672 ] } },
{ "type": "Feature", "properties": { "uid": "rvp9m705ew", "rate_time": -0.636, "sig_time": 0.0, "se_time": 0.137, "sce": 14.55, "nsm": null, "valid_obs": 19, "valid_span": 19, "significant": true }, "geometry": { "type": "Point", "coordinates": [ 179.527739788413356, -16.638157549224452 ] } },
{ "type": "Feature", "properties": { "uid": "rvp9m70k3m", "rate_time": -0.825, "sig_time": 0.0, "se_time": 0.185, "sce": 18.19, "nsm": null, "valid_obs": 19, "valid_span": 19, "significant": true }, "geometry": { "type": "Point", "coordinates": [ 179.527987657438217, -16.63803273977873 ] } },
{ "type": "Feature", "properties": { "uid": "rvp9m70mqq", "rate_time": -0.827, "sig_time": 0.0, "se_time": 0.182, "sce": 17.68, "nsm": null, "valid_obs": 19, "valid_span": 19, "significant": true }, "geometry": { "type": "Point", "coordinates": [ 179.528200556705741, -16.637857394396974 ] } },
{ "type": "Feature", "properties": { "uid": "rvp9m7286b", "rate_time": -0.345, "sig_time": 0.0, "se_time": 0.073, "sce": 8.38, "nsm": null, "valid_obs": 19, "valid_span": 19, "significant": true }, "geometry": { "type": "Point", "coordinates": [ 179.528400076482825, -16.637374159949591 ] } },
{ "type": "Feature", "properties": { "uid": "rvp9m729f6", "rate_time": -0.644, "sig_time": 0.007, "se_time": 0.211, "sce": 30.56, "nsm": null, "valid_obs": 20, "valid_span": 20, "significant": true }, "geometry": { "type": "Point", "coordinates": [ 179.528375492310147, -16.637104613687054 ] } },
{ "type": "Feature", "properties": { "uid": "rvp9m70w9z", "rate_time": -0.556, "sig_time": 0.0, "se_time": 0.115, "sce": 12.8, "nsm": null, "valid_obs": 19, "valid_span": 19, "significant": true }, "geometry": { "type": "Point", "coordinates": [ 179.528354635431555, -16.637635961349204 ] } },
{ "type": "Feature", "properties": { "uid": "rvp9m72e3t", "rate_time": -0.21, "sig_time": 0.015, "se_time": 0.078, "sce": 8.01, "nsm": null, "valid_obs": 20, "valid_span": 20, "significant": true }, "geometry": { "type": "Point", "coordinates": [ 179.528346581427172, -16.63683528453566 ] } },
{ "type": "Feature", "properties": { "uid": "rvp9m72scr", "rate_time": -0.254, "sig_time": 0.004, "se_time": 0.078, "sce": 10.04, "nsm": null, "valid_obs": 20, "valid_span": 20, "significant": true }, "geometry": { "type": "Point", "coordinates": [ 179.528337785368706, -16.636564630526316 ] } },
{ "type": "Feature", "properties": { "uid": "rvp9m72wd2", "rate_time": -0.404, "sig_time": 0.001, "se_time": 0.097, "sce": 12.02, "nsm": null, "valid_obs": 20, "valid_span": 20, "significant": true }, "geometry": { "type": "Point", "coordinates": [ 179.528379062385142, -16.636299582578822 ] } },
{ "type": "Feature", "properties": { "uid": "rvp9m72xve", "rate_time": -0.415, "sig_time": 0.002, "se_time": 0.115, "sce": 12.82, "nsm": null, "valid_obs": 20, "valid_span": 20, "significant": true }, "geometry": { "type": "Point", "coordinates": [ 179.528514623509182, -16.636071976217327 ] } },
{ "type": "Feature", "properties": { "uid": "rvp9m78bfb", "rate_time": -0.506, "sig_time": 0.018, "se_time": 0.195, "sce": 18.43, "nsm": null, "valid_obs": 20, "valid_span": 20, "significant": true }, "geometry": { "type": "Point", "coordinates": [ 179.52874019616084, -16.635913277333572 ] } },
{ "type": "Feature", "properties": { "uid": "rvp9m79187", "rate_time": -0.46, "sig_time": 0.069, "se_time": 0.238, "sce": 21.5, "nsm": null, "valid_obs": 20, "valid_span": 20, "significant": false }, "geometry": { "type": "Point", "coordinates": [ 179.528980734611508, -16.63577314416386 ] } },
{ "type": "Feature", "properties": { "uid": "rvp9m794my", "rate_time": -0.271, "sig_time": 0.276, "se_time": 0.241, "sce": 24.78, "nsm": null, "valid_obs": 20, "valid_span": 20, "significant": false }, "geometry": { "type": "Point", "coordinates": [ 179.529215097193969, -16.635624352065623 ] } },
{ "type": "Feature", "properties": { "uid": "rvp9m7976z", "rate_time": -0.234, "sig_time": 0.306, "se_time": 0.222, "sce": 23.01, "nsm": null, "valid_obs": 20, "valid_span": 20, "significant": false }, "geometry": { "type": "Point", "coordinates": [ 179.529429336162622, -16.635449008142718 ] } },
{ "type": "Feature", "properties": { "uid": "rvp9m79krz", "rate_time": -0.21, "sig_time": 0.234, "se_time": 0.171, "sce": 17.59, "nsm": null, "valid_obs": 20, "valid_span": 20, "significant": false }, "geometry": { "type": "Point", "coordinates": [ 179.529646068142625, -16.635276678187584 ] } },
{ "type": "Feature", "properties": { "uid": "rvp9m79tmd", "rate_time": -0.13, "sig_time": 0.514, "se_time": 0.195, "sce": 19.57, "nsm": null, "valid_obs": 20, "valid_span": 20, "significant": false }, "geometry": { "type": "Point", "coordinates": [ 179.529884722590936, -16.635134526491431 ] } },
{ "type": "Feature", "properties": { "uid": "rvp9m79y4y", "rate_time": -0.106, "sig_time": 0.628, "se_time": 0.215, "sce": 21.32, "nsm": null, "valid_obs": 20, "valid_span": 20, "significant": false }, "geometry": { "type": "Point", "coordinates": [ 179.530115497639343, -16.634981599901018 ] } },
{ "type": "Feature", "properties": { "uid": "rvp9m79zr9", "rate_time": -0.041, "sig_time": 0.869, "se_time": 0.243, "sce": 22.59, "nsm": null, "valid_obs": 20, "valid_span": 20, "significant": false }, "geometry": { "type": "Point", "coordinates": [ 179.530319983921288, -16.63479706517624 ] } },
{ "type": "Feature", "properties": { "uid": "rvp9m7f0eh", "rate_time": -0.464, "sig_time": 0.193, "se_time": 0.343, "sce": 31.23, "nsm": null, "valid_obs": 20, "valid_span": 20, "significant": false }, "geometry": { "type": "Point", "coordinates": [ 179.530464138433985, -16.634564844055923 ] } },
{ "type": "Feature", "properties": { "uid": "rvp9m7f1z3", "rate_time": -0.737, "sig_time": 0.063, "se_time": 0.372, "sce": 39.29, "nsm": null, "valid_obs": 20, "valid_span": 20, "significant": false }, "geometry": { "type": "Point", "coordinates": [ 179.530650348091825, -16.634366948844161 ] } },
{ "type": "Feature", "properties": { "uid": "rvp9m7f6su", "rate_time": -1.145, "sig_time": 0.012, "se_time": 0.41, "sce": 45.49, "nsm": null, "valid_obs": 20, "valid_span": 20, "significant": true }, "geometry": { "type": "Point", "coordinates": [ 179.530881907816791, -16.63421903261273 ] } },
{ "type": "Feature", "properties": { "uid": "rvp9m7fe50", "rate_time": -1.318, "sig_time": 0.006, "se_time": 0.418, "sce": 44.71, "nsm": null, "valid_obs": 20, "valid_span": 20, "significant": true }, "geometry": { "type": "Point", "coordinates": [ 179.531153479636572, -16.634154460075322 ] } },
{ "type": "Feature", "properties": { "uid": "rvp9m7fg19", "rate_time": -1.296, "sig_time": 0.012, "se_time": 0.466, "sce": 47.55, "nsm": null, "valid_obs": 20, "valid_span": 20, "significant": true }, "geometry": { "type": "Point", "coordinates": [ 179.531434334916923, -16.634149848083627 ] } },
{ "type": "Feature", "properties": { "uid": "rvp9m7g4bj", "rate_time": -1.094, "sig_time": 0.021, "se_time": 0.436, "sce": 49.88, "nsm": null, "valid_obs": 21, "valid_span": 21, "significant": true }, "geometry": { "type": "Point", "coordinates": [ 179.531714124830842, -16.634170924462783 ] } },
{ "type": "Feature", "properties": { "uid": "rvp9m7g4w2", "rate_time": -1.021, "sig_time": 0.026, "se_time": 0.422, "sce": 51.1, "nsm": null, "valid_obs": 21, "valid_span": 21, "significant": true }, "geometry": { "type": "Point", "coordinates": [ 179.531981684766123, -16.634240635265524 ] } },
{ "type": "Feature", "properties": { "uid": "rvp9m7g3e9", "rate_time": -0.939, "sig_time": 0.032, "se_time": 0.405, "sce": 45.63, "nsm": null, "valid_obs": 21, "valid_span": 21, "significant": true }, "geometry": { "type": "Point", "coordinates": [ 179.53220433812038, -16.634405976489742 ] } },
{ "type": "Feature", "properties": { "uid": "rvp9m7g2ju", "rate_time": -0.638, "sig_time": 0.065, "se_time": 0.326, "sce": 36.48, "nsm": null, "valid_obs": 21, "valid_span": 21, "significant": false }, "geometry": { "type": "Point", "coordinates": [ 179.532298419457931, -16.634649296572672 ] } },
{ "type": "Feature", "properties": { "uid": "rvp9m7eqtf", "rate_time": -0.353, "sig_time": 0.156, "se_time": 0.239, "sce": 25.42, "nsm": null, "valid_obs": 21, "valid_span": 21, "significant": false }, "geometry": { "type": "Point", "coordinates": [ 179.532303742081666, -16.634918887358925 ] } },
{ "type": "Feature", "properties": { "uid": "rvp9m7emn8", "rate_time": -0.547, "sig_time": 0.002, "se_time": 0.148, "sce": 18.82, "nsm": null, "valid_obs": 20, "valid_span": 20, "significant": true }, "geometry": { "type": "Point", "coordinates": [ 179.532334717493967, -16.635185696770368 ] } },
{ "type": "Feature", "properties": { "uid": "rvp9m7ee97", "rate_time": -0.555, "sig_time": 0.0, "se_time": 0.11, "sce": 16.49, "nsm": null, "valid_obs": 20, "valid_span": 20, "significant": true }, "geometry": { "type": "Point", "coordinates": [ 179.532449402670579, -16.635428626343394 ] } },
{ "type": "Feature", "properties": { "uid": "rvp9m7edkb", "rate_time": -0.595, "sig_time": 0.0, "se_time": 0.108, "sce": 16.88, "nsm": null, "valid_obs": 20, "valid_span": 20, "significant": true }, "geometry": { "type": "Point", "coordinates": [ 179.532598790888443, -16.635658094852968 ] } },
{ "type": "Feature", "properties": { "uid": "rvp9m7ebbq", "rate_time": -0.477, "sig_time": 0.0, "se_time": 0.096, "sce": 13.33, "nsm": null, "valid_obs": 20, "valid_span": 20, "significant": true }, "geometry": { "type": "Point", "coordinates": [ 179.532754502169524, -16.635882615521197 ] } },
{ "type": "Feature", "properties": { "uid": "rvp9m7ebjg", "rate_time": -0.682, "sig_time": 0.001, "se_time": 0.179, "sce": 21.17, "nsm": null, "valid_obs": 20, "valid_span": 20, "significant": true }, "geometry": { "type": "Point", "coordinates": [ 179.53298656459171, -16.636027481843815 ] } },
{ "type": "Feature", "properties": { "uid": "rvp9m7kpef", "rate_time": -0.605, "sig_time": 0.004, "se_time": 0.183, "sce": 24.72, "nsm": null, "valid_obs": 20, "valid_span": 20, "significant": true }, "geometry": { "type": "Point", "coordinates": [ 179.533249173096181, -16.636121025979271 ] } },
{ "type": "Feature", "properties": { "uid": "rvp9m7kr6q", "rate_time": -0.493, "sig_time": 0.011, "se_time": 0.175, "sce": 24.54, "nsm": null, "valid_obs": 20, "valid_span": 20, "significant": true }, "geometry": { "type": "Point", "coordinates": [ 179.533525059514716, -16.63614094528322 ] } },
{ "type": "Feature", "properties": { "uid": "rvp9m7kxbs", "rate_time": -0.369, "sig_time": 0.027, "se_time": 0.153, "sce": 19.8, "nsm": null, "valid_obs": 20, "valid_span": 20, "significant": true }, "geometry": { "type": "Point", "coordinates": [ 179.533791384252851, -16.63606828955788 ] } },
{ "type": "Feature", "properties": { "uid": "rvp9m7s8w8", "rate_time": -0.305, "sig_time": 0.045, "se_time": 0.142, "sce": 16.36, "nsm": null, "valid_obs": 20, "valid_span": 20, "significant": true }, "geometry": { "type": "Point", "coordinates": [ 179.534048947575855, -16.635960117032838 ] } },
{ "type": "Feature", "properties": { "uid": "rvp9m7schs", "rate_time": -0.181, "sig_time": 0.279, "se_time": 0.162, "sce": 15.88, "nsm": null, "valid_obs": 20, "valid_span": 20, "significant": false }, "geometry": { "type": "Point", "coordinates": [ 179.53430730282119, -16.635853833985188 ] } },
{ "type": "Feature", "properties": { "uid": "rvp9m7t1f6", "rate_time": -0.201, "sig_time": 0.265, "se_time": 0.174, "sce": 15.34, "nsm": null, "valid_obs": 20, "valid_span": 20, "significant": false }, "geometry": { "type": "Point", "coordinates": [ 179.534559202496666, -16.635733696507653 ] } },
{ "type": "Feature", "properties": { "uid": "rvp9m7t683", "rate_time": -0.226, "sig_time": 0.141, "se_time": 0.146, "sce": 12.77, "nsm": null, "valid_obs": 20, "valid_span": 20, "significant": false }, "geometry": { "type": "Point", "coordinates": [ 179.534809287634886, -16.635610289677672 ] } },
{ "type": "Feature", "properties": { "uid": "rvp9m7t7mg", "rate_time": -0.429, "sig_time": 0.007, "se_time": 0.142, "sce": 14.3, "nsm": null, "valid_obs": 20, "valid_span": 20, "significant": true }, "geometry": { "type": "Point", "coordinates": [ 179.535049396506906, -16.635469474900376 ] } },
{ "type": "Feature", "properties": { "uid": "rvp9m7tu6n", "rate_time": 0.082, "sig_time": 0.748, "se_time": 0.253, "sce": 32.94, "nsm": null, "valid_obs": 21, "valid_span": 21, "significant": false }, "geometry": { "type": "Point", "coordinates": [ 179.53557636196453, -16.635282222489263 ] } },
{ "type": "Feature", "properties": { "uid": "rvp9m7tegy", "rate_time": -0.296, "sig_time": 0.032, "se_time": 0.128, "sce": 13.0, "nsm": null, "valid_obs": 20, "valid_span": 20, "significant": true }, "geometry": { "type": "Point", "coordinates": [ 179.535309598657733, -16.635367319633126 ] } },
{ "type": "Feature", "properties": { "uid": "rvp9m7whbd", "rate_time": -0.225, "sig_time": 0.254, "se_time": 0.191, "sce": 20.3, "nsm": null, "valid_obs": 21, "valid_span": 21, "significant": false }, "geometry": { "type": "Point", "coordinates": [ 179.535849569609354, -16.63521933502869 ] } },
{ "type": "Feature", "properties": { "uid": "rvp9m7whwv", "rate_time": -0.253, "sig_time": 0.219, "se_time": 0.199, "sce": 21.51, "nsm": null, "valid_obs": 21, "valid_span": 21, "significant": false }, "geometry": { "type": "Point", "coordinates": [ 179.53612647194484, -16.635244567573903 ] } },
{ "type": "Feature", "properties": { "uid": "rvp9m7wkmk", "rate_time": -0.198, "sig_time": 0.351, "se_time": 0.207, "sce": 23.09, "nsm": null, "valid_obs": 21, "valid_span": 21, "significant": false }, "geometry": { "type": "Point", "coordinates": [ 179.536402762350008, -16.635294038326904 ] } },
{ "type": "Feature", "properties": { "uid": "rvp9m7ws5y", "rate_time": -0.152, "sig_time": 0.512, "se_time": 0.227, "sce": 26.2, "nsm": null, "valid_obs": 21, "valid_span": 21, "significant": false }, "geometry": { "type": "Point", "coordinates": [ 179.536681892016986, -16.635323635629387 ] } },
{ "type": "Feature", "properties": { "uid": "rvp9m7wu43", "rate_time": -0.153, "sig_time": 0.5, "se_time": 0.223, "sce": 26.65, "nsm": null, "valid_obs": 21, "valid_span": 21, "significant": false }, "geometry": { "type": "Point", "coordinates": [ 179.536961468001607, -16.635351264518416 ] } },
{ "type": "Feature", "properties": { "uid": "rvp9m7x5by", "rate_time": -0.185, "sig_time": 0.354, "se_time": 0.195, "sce": 22.37, "nsm": null, "valid_obs": 21, "valid_span": 21, "significant": false }, "geometry": { "type": "Point", "coordinates": [ 179.537241810959983, -16.635369683439134 ] } },
{ "type": "Feature", "properties": { "uid": "rvp9m7xhp6", "rate_time": -0.192, "sig_time": 0.308, "se_time": 0.184, "sce": 19.34, "nsm": null, "valid_obs": 21, "valid_span": 21, "significant": false }, "geometry": { "type": "Point", "coordinates": [ 179.53752107525537, -16.635346907802191 ] } },
{ "type": "Feature", "properties": { "uid": "rvp9m7xktq", "rate_time": -0.173, "sig_time": 0.367, "se_time": 0.187, "sce": 17.8, "nsm": null, "valid_obs": 21, "valid_span": 21, "significant": false }, "geometry": { "type": "Point", "coordinates": [ 179.537776382173007, -16.635241171760754 ] } },
{ "type": "Feature", "properties": { "uid": "rvp9m7xtcf", "rate_time": -0.056, "sig_time": 0.764, "se_time": 0.183, "sce": 18.68, "nsm": null, "valid_obs": 21, "valid_span": 21, "significant": false }, "geometry": { "type": "Point", "coordinates": [ 179.537970273776551, -16.635048620327044 ] } },
{ "type": "Feature", "properties": { "uid": "rvp9m7xxn0", "rate_time": -0.326, "sig_time": 0.06, "se_time": 0.162, "sce": 14.83, "nsm": null, "valid_obs": 20, "valid_span": 20, "significant": false }, "geometry": { "type": "Point", "coordinates": [ 179.538155295132327, -16.634845118946743 ] } },
{ "type": "Feature", "properties": { "uid": "rvp9m7zb51", "rate_time": -0.332, "sig_time": 0.094, "se_time": 0.188, "sce": 17.81, "nsm": null, "valid_obs": 20, "valid_span": 20, "significant": false }, "geometry": { "type": "Point", "coordinates": [ 179.538366830776397, -16.634666790271812 ] } },
{ "type": "Feature", "properties": { "uid": "rvp9meb0br", "rate_time": -0.262, "sig_time": 0.203, "se_time": 0.198, "sce": 16.52, "nsm": null, "valid_obs": 20, "valid_span": 20, "significant": false }, "geometry": { "type": "Point", "coordinates": [ 179.538593279704628, -16.634506345111166 ] } },
{ "type": "Feature", "properties": { "uid": "rvp9meb4j4", "rate_time": -0.195, "sig_time": 0.311, "se_time": 0.187, "sce": 15.38, "nsm": null, "valid_obs": 20, "valid_span": 20, "significant": false }, "geometry": { "type": "Point", "coordinates": [ 179.538793454315993, -16.63431969671894 ] } },
{ "type": "Feature", "properties": { "uid": "rvp9meb734", "rate_time": -0.173, "sig_time": 0.344, "se_time": 0.178, "sce": 14.86, "nsm": null, "valid_obs": 20, "valid_span": 20, "significant": false }, "geometry": { "type": "Point", "coordinates": [ 179.538963097301433, -16.634103674534767 ] } },
{ "type": "Feature", "properties": { "uid": "rvp9mebkt1", "rate_time": -0.138, "sig_time": 0.464, "se_time": 0.185, "sce": 17.3, "nsm": null, "valid_obs": 20, "valid_span": 20, "significant": false }, "geometry": { "type": "Point", "coordinates": [ 179.539140800245519, -16.633893774070962 ] } },
{ "type": "Feature", "properties": { "uid": "rvp9mebtd0", "rate_time": -0.097, "sig_time": 0.678, "se_time": 0.229, "sce": 20.63, "nsm": null, "valid_obs": 20, "valid_span": 20, "significant": false }, "geometry": { "type": "Point", "coordinates": [ 179.539357019778436, -16.633727548521886 ] } },
{ "type": "Feature", "properties": { "uid": "rvp9meby03", "rate_time": -0.142, "sig_time": 0.602, "se_time": 0.268, "sce": 21.55, "nsm": null, "valid_obs": 20, "valid_span": 20, "significant": false }, "geometry": { "type": "Point", "coordinates": [ 179.539616615822609, -16.63363346911931 ] } },
{ "type": "Feature", "properties": { "uid": "rvp9mebynz", "rate_time": -0.141, "sig_time": 0.597, "se_time": 0.263, "sce": 20.37, "nsm": null, "valid_obs": 20, "valid_span": 20, "significant": false }, "geometry": { "type": "Point", "coordinates": [ 179.53989573683279, -16.633601838423335 ] } },
{ "type": "Feature", "properties": { "uid": "rvp9mecnmr", "rate_time": -0.122, "sig_time": 0.611, "se_time": 0.236, "sce": 18.98, "nsm": null, "valid_obs": 20, "valid_span": 20, "significant": false }, "geometry": { "type": "Point", "coordinates": [ 179.540172874937809, -16.633560285433116 ] } },
{ "type": "Feature", "properties": { "uid": "rvp9mecqgs", "rate_time": -0.14, "sig_time": 0.454, "se_time": 0.183, "sce": 14.77, "nsm": null, "valid_obs": 20, "valid_span": 20, "significant": false }, "geometry": { "type": "Point", "coordinates": [ 179.540444938077513, -16.63349235528846 ] } },
{ "type": "Feature", "properties": { "uid": "rvp9mecx3f", "rate_time": -0.106, "sig_time": 0.428, "se_time": 0.13, "sce": 11.34, "nsm": null, "valid_obs": 20, "valid_span": 20, "significant": false }, "geometry": { "type": "Point", "coordinates": [ 179.540714363190915, -16.633416035183107 ] } },
{ "type": "Feature", "properties": { "uid": "rvp9mecxzv", "rate_time": -0.06, "sig_time": 0.638, "se_time": 0.125, "sce": 11.46, "nsm": null, "valid_obs": 20, "valid_span": 20, "significant": false }, "geometry": { "type": "Point", "coordinates": [ 179.540974062755396, -16.633313938191705 ] } },
{ "type": "Feature", "properties": { "uid": "rvp9ms1btr", "rate_time": -0.079, "sig_time": 0.555, "se_time": 0.131, "sce": 10.78, "nsm": null, "valid_obs": 20, "valid_span": 20, "significant": false }, "geometry": { "type": "Point", "coordinates": [ 179.541213466768795, -16.633172053178544 ] } },
{ "type": "Feature", "properties": { "uid": "rvp9ms41e4", "rate_time": -0.207, "sig_time": 0.333, "se_time": 0.208, "sce": 16.63, "nsm": null, "valid_obs": 20, "valid_span": 20, "significant": false }, "geometry": { "type": "Point", "coordinates": [ 179.54145351624058, -16.63303114639427 ] } },
{ "type": "Feature", "properties": { "uid": "rvp9ms4615", "rate_time": -0.262, "sig_time": 0.258, "se_time": 0.225, "sce": 23.33, "nsm": null, "valid_obs": 20, "valid_span": 20, "significant": false }, "geometry": { "type": "Point", "coordinates": [ 179.541716531135279, -16.632938275358324 ] } },
{ "type": "Feature", "properties": { "uid": "rvp9ms46rs", "rate_time": -0.212, "sig_time": 0.37, "se_time": 0.23, "sce": 26.73, "nsm": null, "valid_obs": 20, "valid_span": 20, "significant": false }, "geometry": { "type": "Point", "coordinates": [ 179.541992520600786, -16.632890573225076 ] } },
{ "type": "Feature", "properties": { "uid": "rvp9ms4dwj", "rate_time": -0.188, "sig_time": 0.504, "se_time": 0.275, "sce": 33.86, "nsm": null, "valid_obs": 20, "valid_span": 20, "significant": false }, "geometry": { "type": "Point", "coordinates": [ 179.542269257277411, -16.632843503302546 ] } },
{ "type": "Feature", "properties": { "uid": "rvp9ms4gh7", "rate_time": -0.212, "sig_time": 0.568, "se_time": 0.365, "sce": 45.63, "nsm": null, "valid_obs": 20, "valid_span": 20, "significant": false }, "geometry": { "type": "Point", "coordinates": [ 179.542538112512347, -16.63276607175424 ] } },
{ "type": "Feature", "properties": { "uid": "rvp9ms55f3", "rate_time": -0.084, "sig_time": 0.614, "se_time": 0.163, "sce": 15.33, "nsm": null, "valid_obs": 19, "valid_span": 20, "significant": false }, "geometry": { "type": "Point", "coordinates": [ 179.542790846259692, -16.632649403776501 ] } },
{ "type": "Feature", "properties": { "uid": "rvp9ms5k26", "rate_time": -0.188, "sig_time": 0.261, "se_time": 0.162, "sce": 15.69, "nsm": null, "valid_obs": 19, "valid_span": 20, "significant": false }, "geometry": { "type": "Point", "coordinates": [ 179.543052966445856, -16.632557097139486 ] } },
{ "type": "Feature", "properties": { "uid": "rvp9ms5kn7", "rate_time": -0.171, "sig_time": 0.351, "se_time": 0.179, "sce": 17.29, "nsm": null, "valid_obs": 19, "valid_span": 20, "significant": false }, "geometry": { "type": "Point", "coordinates": [ 179.543314311380783, -16.632595799455093 ] } },
{ "type": "Feature", "properties": { "uid": "rvp9ms5ekq", "rate_time": -0.232, "sig_time": 0.522, "se_time": 0.355, "sce": 45.44, "nsm": null, "valid_obs": 20, "valid_span": 20, "significant": false }, "geometry": { "type": "Point", "coordinates": [ 179.543570344948563, -16.632707362904931 ] } },
{ "type": "Feature", "properties": { "uid": "rvp9ms5g69", "rate_time": -0.075, "sig_time": 0.794, "se_time": 0.282, "sce": 34.74, "nsm": null, "valid_obs": 20, "valid_span": 20, "significant": false }, "geometry": { "type": "Point", "coordinates": [ 179.54383447476522, -16.632735800573379 ] } },
{ "type": "Feature", "properties": { "uid": "rvp9ms5upt", "rate_time": -0.037, "sig_time": 0.851, "se_time": 0.195, "sce": 24.93, "nsm": null, "valid_obs": 20, "valid_span": 20, "significant": false }, "geometry": { "type": "Point", "coordinates": [ 179.544051968751802, -16.632585551320386 ] } },
{ "type": "Feature", "properties": { "uid": "rvp9mshjd5", "rate_time": -0.049, "sig_time": 0.718, "se_time": 0.133, "sce": 16.17, "nsm": null, "valid_obs": 20, "valid_span": 20, "significant": false }, "geometry": { "type": "Point", "coordinates": [ 179.54415803309351, -16.632336614172235 ] } },
{ "type": "Feature", "properties": { "uid": "rvp9mshph5", "rate_time": -0.125, "sig_time": 0.219, "se_time": 0.098, "sce": 10.55, "nsm": null, "valid_obs": 20, "valid_span": 20, "significant": false }, "geometry": { "type": "Point", "coordinates": [ 179.544243945973165, -16.632079753266179 ] } },
{ "type": "Feature", "properties": { "uid": "rvp9msk0x0", "rate_time": -0.229, "sig_time": 0.085, "se_time": 0.126, "sce": 10.33, "nsm": null, "valid_obs": 20, "valid_span": 20, "significant": false }, "geometry": { "type": "Point", "coordinates": [ 179.544369160850238, -16.63183728541053 ] } },
{ "type": "Feature", "properties": { "uid": "rvp9msk3fh", "rate_time": -0.397, "sig_time": 0.034, "se_time": 0.173, "sce": 14.47, "nsm": null, "valid_obs": 20, "valid_span": 20, "significant": true }, "geometry": { "type": "Point", "coordinates": [ 179.544507026463833, -16.631601519537266 ] } },
{ "type": "Feature", "properties": { "uid": "rvp9msk7nd", "rate_time": -0.327, "sig_time": 0.08, "se_time": 0.176, "sce": 17.13, "nsm": null, "valid_obs": 20, "valid_span": 20, "significant": false }, "geometry": { "type": "Point", "coordinates": [ 179.544694155957416, -16.631399825254267 ] } },
{ "type": "Feature", "properties": { "uid": "rvp9msks5n", "rate_time": -0.249, "sig_time": 0.169, "se_time": 0.174, "sce": 18.88, "nsm": null, "valid_obs": 20, "valid_span": 20, "significant": false }, "geometry": { "type": "Point", "coordinates": [ 179.544890512664381, -16.631205985750199 ] } },
{ "type": "Feature", "properties": { "uid": "rvp9msktrd", "rate_time": -0.139, "sig_time": 0.415, "se_time": 0.166, "sce": 18.29, "nsm": null, "valid_obs": 20, "valid_span": 20, "significant": false }, "geometry": { "type": "Point", "coordinates": [ 179.545086313381802, -16.631011634010967 ] } },
{ "type": "Feature", "properties": { "uid": "rvp9mskys0", "rate_time": -0.094, "sig_time": 0.636, "se_time": 0.196, "sce": 20.18, "nsm": null, "valid_obs": 20, "valid_span": 20, "significant": false }, "geometry": { "type": "Point", "coordinates": [ 179.545270935847952, -16.630807401272406 ] } },
{ "type": "Feature", "properties": { "uid": "rvp9msmp8r", "rate_time": -0.095, "sig_time": 0.691, "se_time": 0.235, "sce": 22.14, "nsm": null, "valid_obs": 20, "valid_span": 20, "significant": false }, "geometry": { "type": "Point", "coordinates": [ 179.545452690071158, -16.630600747053027 ] } },
{ "type": "Feature", "properties": { "uid": "rvp9mst0ut", "rate_time": -0.156, "sig_time": 0.569, "se_time": 0.268, "sce": 24.16, "nsm": null, "valid_obs": 20, "valid_span": 20, "significant": false }, "geometry": { "type": "Point", "coordinates": [ 179.545639376247664, -16.630398313148181 ] } },
{ "type": "Feature", "properties": { "uid": "rvp9mst3ct", "rate_time": -0.164, "sig_time": 0.598, "se_time": 0.305, "sce": 27.32, "nsm": null, "valid_obs": 20, "valid_span": 20, "significant": false }, "geometry": { "type": "Point", "coordinates": [ 179.545856108665021, -16.630226915366077 ] } },
{ "type": "Feature", "properties": { "uid": "rvp9mst6ru", "rate_time": -0.278, "sig_time": 0.343, "se_time": 0.285, "sce": 27.88, "nsm": null, "valid_obs": 20, "valid_span": 20, "significant": false }, "geometry": { "type": "Point", "coordinates": [ 179.546117141401197, -16.630141568079932 ] } },
{ "type": "Feature", "properties": { "uid": "rvp9mstdw6", "rate_time": -0.135, "sig_time": 0.58, "se_time": 0.24, "sce": 23.25, "nsm": null, "valid_obs": 20, "valid_span": 20, "significant": false }, "geometry": { "type": "Point", "coordinates": [ 179.546396239294495, -16.630113544345932 ] } },
{ "type": "Feature", "properties": { "uid": "rvp9mstfsz", "rate_time": -0.139, "sig_time": 0.448, "se_time": 0.179, "sce": 16.57, "nsm": null, "valid_obs": 20, "valid_span": 20, "significant": false }, "geometry": { "type": "Point", "coordinates": [ 179.546675612577786, -16.63008576131471 ] } },
{ "type": "Feature", "properties": { "uid": "rvp9msw550", "rate_time": -0.119, "sig_time": 0.486, "se_time": 0.167, "sce": 14.54, "nsm": null, "valid_obs": 20, "valid_span": 20, "significant": false }, "geometry": { "type": "Point", "coordinates": [ 179.546951437414066, -16.630035320638207 ] } },
{ "type": "Feature", "properties": { "uid": "rvp9msw73r", "rate_time": -0.155, "sig_time": 0.412, "se_time": 0.184, "sce": 16.6, "nsm": null, "valid_obs": 20, "valid_span": 20, "significant": false }, "geometry": { "type": "Point", "coordinates": [ 179.547220354927504, -16.629958076867926 ] } },
{ "type": "Feature", "properties": { "uid": "rvp9msw7zu", "rate_time": -0.172, "sig_time": 0.344, "se_time": 0.177, "sce": 18.01, "nsm": null, "valid_obs": 20, "valid_span": 20, "significant": false }, "geometry": { "type": "Point", "coordinates": [ 179.547490534631294, -16.62988705325785 ] } },
{ "type": "Feature", "properties": { "uid": "rvp9mswsn6", "rate_time": -0.142, "sig_time": 0.348, "se_time": 0.147, "sce": 15.65, "nsm": null, "valid_obs": 20, "valid_span": 20, "significant": false }, "geometry": { "type": "Point", "coordinates": [ 179.547768915516031, -16.629853755022282 ] } },
{ "type": "Feature", "properties": { "uid": "rvp9mswuk8", "rate_time": -0.046, "sig_time": 0.723, "se_time": 0.126, "sce": 13.37, "nsm": null, "valid_obs": 20, "valid_span": 20, "significant": false }, "geometry": { "type": "Point", "coordinates": [ 179.548047258010087, -16.629820337273184 ] } },
{ "type": "Feature", "properties": { "uid": "rvp9msxhfb", "rate_time": 0.06, "sig_time": 0.655, "se_time": 0.131, "sce": 13.6, "nsm": null, "valid_obs": 20, "valid_span": 20, "significant": false }, "geometry": { "type": "Point", "coordinates": [ 179.548311553440925, -16.629736087386917 ] } },
{ "type": "Feature", "properties": { "uid": "rvp9msxqub", "rate_time": -0.084, "sig_time": 0.706, "se_time": 0.219, "sce": 19.25, "nsm": null, "valid_obs": 21, "valid_span": 21, "significant": false }, "geometry": { "type": "Point", "coordinates": [ 179.548740510420231, -16.629393760840102 ] } },
{ "type": "Feature", "properties": { "uid": "rvp9msxm8h", "rate_time": 0.035, "sig_time": 0.847, "se_time": 0.178, "sce": 17.22, "nsm": null, "valid_obs": 21, "valid_span": 21, "significant": false }, "geometry": { "type": "Point", "coordinates": [ 179.548541056796154, -16.629584642801099 ] } },
{ "type": "Feature", "properties": { "uid": "rvp9msxxce", "rate_time": -0.03, "sig_time": 0.891, "se_time": 0.218, "sce": 17.13, "nsm": null, "valid_obs": 21, "valid_span": 21, "significant": false }, "geometry": { "type": "Point", "coordinates": [ 179.548941536582305, -16.629204419643091 ] } },
{ "type": "Feature", "properties": { "uid": "rvp9msz9j7", "rate_time": -0.004, "sig_time": 0.982, "se_time": 0.179, "sce": 14.44, "nsm": null, "valid_obs": 21, "valid_span": 21, "significant": false }, "geometry": { "type": "Point", "coordinates": [ 179.549108324698238, -16.628989159611212 ] } },
{ "type": "Feature", "properties": { "uid": "rvp9mszf88", "rate_time": -0.016, "sig_time": 0.914, "se_time": 0.149, "sce": 14.02, "nsm": null, "valid_obs": 21, "valid_span": 21, "significant": false }, "geometry": { "type": "Point", "coordinates": [ 179.549242354630508, -16.628751267584263 ] } },
{ "type": "Feature", "properties": { "uid": "rvp9mszgfy", "rate_time": -0.032, "sig_time": 0.832, "se_time": 0.146, "sce": 15.74, "nsm": null, "valid_obs": 21, "valid_span": 21, "significant": false }, "geometry": { "type": "Point", "coordinates": [ 179.549343282816352, -16.628500554101723 ] } },
{ "type": "Feature", "properties": { "uid": "rvp9mszveb", "rate_time": 0.008, "sig_time": 0.953, "se_time": 0.141, "sce": 14.29, "nsm": null, "valid_obs": 21, "valid_span": 21, "significant": false }, "geometry": { "type": "Point", "coordinates": [ 179.549380846617453, -16.62823298526877 ] } },
{ "type": "Feature", "properties": { "uid": "rvp9mszzh4", "rate_time": 0.012, "sig_time": 0.921, "se_time": 0.118, "sce": 10.62, "nsm": null, "valid_obs": 21, "valid_span": 21, "significant": false }, "geometry": { "type": "Point", "coordinates": [ 179.549397195759525, -16.627963500745544 ] } },
{ "type": "Feature", "properties": { "uid": "rvp9mtpbtg", "rate_time": -0.246, "sig_time": 0.194, "se_time": 0.183, "sce": 27.11, "nsm": null, "valid_obs": 21, "valid_span": 21, "significant": false }, "geometry": { "type": "Point", "coordinates": [ 179.549467914503339, -16.627702758779151 ] } },
{ "type": "Feature", "properties": { "uid": "rvp9mv0403", "rate_time": 0.396, "sig_time": 0.001, "se_time": 0.106, "sce": 14.33, "nsm": null, "valid_obs": 20, "valid_span": 20, "significant": true }, "geometry": { "type": "Point", "coordinates": [ 179.549581207351906, -16.627454910733306 ] } },
{ "type": "Feature", "properties": { "uid": "rvp9mv05d9", "rate_time": 0.406, "sig_time": 0.004, "se_time": 0.123, "sce": 18.24, "nsm": null, "valid_obs": 20, "valid_span": 20, "significant": true }, "geometry": { "type": "Point", "coordinates": [ 179.54967755376407, -16.62720039762123 ] } },
{ "type": "Feature", "properties": { "uid": "rvp9mv0jhc", "rate_time": 0.27, "sig_time": 0.068, "se_time": 0.139, "sce": 16.7, "nsm": null, "valid_obs": 20, "valid_span": 20, "significant": false }, "geometry": { "type": "Point", "coordinates": [ 179.549765090795518, -16.626942931604734 ] } },
{ "type": "Feature", "properties": { "uid": "rvp9mv0nw9", "rate_time": 0.279, "sig_time": 0.028, "se_time": 0.117, "sce": 12.76, "nsm": null, "valid_obs": 20, "valid_span": 20, "significant": true }, "geometry": { "type": "Point", "coordinates": [ 179.549845730069308, -16.626683378456455 ] } },
{ "type": "Feature", "properties": { "uid": "rvp9mv20p5", "rate_time": 0.098, "sig_time": 0.13, "se_time": 0.062, "sce": 6.45, "nsm": null, "valid_obs": 20, "valid_span": 20, "significant": false }, "geometry": { "type": "Point", "coordinates": [ 179.549870616306066, -16.626413568022315 ] } },
{ "type": "Feature", "properties": { "uid": "rvp9mv21xq", "rate_time": 0.028, "sig_time": 0.675, "se_time": 0.066, "sce": 6.78, "nsm": null, "valid_obs": 20, "valid_span": 20, "significant": false }, "geometry": { "type": "Point", "coordinates": [ 179.549876395546363, -16.626142688318552 ] } },
{ "type": "Feature", "properties": { "uid": "rvp9mv25r8", "rate_time": 0.034, "sig_time": 0.611, "se_time": 0.066, "sce": 6.42, "nsm": null, "valid_obs": 20, "valid_span": 20, "significant": false }, "geometry": { "type": "Point", "coordinates": [ 179.549888035191344, -16.625871973878525 ] } },
{ "type": "Feature", "properties": { "uid": "rvp9mv2hzg", "rate_time": 0.024, "sig_time": 0.779, "se_time": 0.085, "sce": 7.24, "nsm": null, "valid_obs": 20, "valid_span": 20, "significant": false }, "geometry": { "type": "Point", "coordinates": [ 179.549902582269596, -16.625601389137302 ] } },
{ "type": "Feature", "properties": { "uid": "rvp9mv2q2m", "rate_time": 0.006, "sig_time": 0.95, "se_time": 0.093, "sce": 9.31, "nsm": null, "valid_obs": 20, "valid_span": 20, "significant": false }, "geometry": { "type": "Point", "coordinates": [ 179.54992279659092, -16.625331143985274 ] } },
{ "type": "Feature", "properties": { "uid": "rvp9mv2rcp", "rate_time": -0.001, "sig_time": 0.988, "se_time": 0.084, "sce": 8.53, "nsm": null, "valid_obs": 20, "valid_span": 20, "significant": false }, "geometry": { "type": "Point", "coordinates": [ 179.549947057845685, -16.625061207999696 ] } },
{ "type": "Feature", "properties": { "uid": "rvp9mv8396", "rate_time": -0.022, "sig_time": 0.814, "se_time": 0.092, "sce": 9.46, "nsm": null, "valid_obs": 20, "valid_span": 20, "significant": false }, "geometry": { "type": "Point", "coordinates": [ 179.549961738443329, -16.624790634993154 ] } },
{ "type": "Feature", "properties": { "uid": "rvp9mv871s", "rate_time": 0.196, "sig_time": 0.256, "se_time": 0.167, "sce": 21.16, "nsm": null, "valid_obs": 20, "valid_span": 20, "significant": false }, "geometry": { "type": "Point", "coordinates": [ 179.549978792499815, -16.624520186508427 ] } },
{ "type": "Feature", "properties": { "uid": "rvp9mv8kej", "rate_time": 0.014, "sig_time": 0.908, "se_time": 0.115, "sce": 11.62, "nsm": null, "valid_obs": 19, "valid_span": 19, "significant": false }, "geometry": { "type": "Point", "coordinates": [ 179.550042967947292, -16.624256548846883 ] } },
{ "type": "Feature", "properties": { "uid": "rvp9mv8qjt", "rate_time": 0.022, "sig_time": 0.824, "se_time": 0.098, "sce": 9.54, "nsm": null, "valid_obs": 19, "valid_span": 19, "significant": false }, "geometry": { "type": "Point", "coordinates": [ 179.550144430978008, -16.624004121505823 ] } },
{ "type": "Feature", "properties": { "uid": "rvp9mv8rxj", "rate_time": -0.075, "sig_time": 0.437, "se_time": 0.095, "sce": 8.83, "nsm": null, "valid_obs": 19, "valid_span": 19, "significant": false }, "geometry": { "type": "Point", "coordinates": [ 179.550213652461167, -16.62374184865158 ] } },
{ "type": "Feature", "properties": { "uid": "rvp9mvb91n", "rate_time": -0.08, "sig_time": 0.541, "se_time": 0.129, "sce": 12.95, "nsm": null, "valid_obs": 19, "valid_span": 19, "significant": false }, "geometry": { "type": "Point", "coordinates": [ 179.550294793536949, -16.623482567721283 ] } },
{ "type": "Feature", "properties": { "uid": "rvp9mvbdkx", "rate_time": -0.132, "sig_time": 0.456, "se_time": 0.173, "sce": 16.74, "nsm": null, "valid_obs": 19, "valid_span": 19, "significant": false }, "geometry": { "type": "Point", "coordinates": [ 179.550449267997834, -16.623260568395729 ] } },
{ "type": "Feature", "properties": { "uid": "rvp9mvbg99", "rate_time": -0.298, "sig_time": 0.108, "se_time": 0.176, "sce": 14.85, "nsm": null, "valid_obs": 19, "valid_span": 19, "significant": false }, "geometry": { "type": "Point", "coordinates": [ 179.550655224549558, -16.623081419974312 ] } },
{ "type": "Feature", "properties": { "uid": "rvp9mvbup8", "rate_time": -0.336, "sig_time": 0.027, "se_time": 0.139, "sce": 10.18, "nsm": null, "valid_obs": 19, "valid_span": 19, "significant": true }, "geometry": { "type": "Point", "coordinates": [ 179.550923060690451, -16.623000546534968 ] } },
{ "type": "Feature", "properties": { "uid": "rvp9mvchn7", "rate_time": -0.192, "sig_time": 0.142, "se_time": 0.125, "sce": 9.3, "nsm": null, "valid_obs": 19, "valid_span": 19, "significant": false }, "geometry": { "type": "Point", "coordinates": [ 179.551203438287018, -16.622983431047693 ] } },
{ "type": "Feature", "properties": { "uid": "rvp9mvckks", "rate_time": 0.066, "sig_time": 0.764, "se_time": 0.217, "sce": 21.68, "nsm": null, "valid_obs": 19, "valid_span": 19, "significant": false }, "geometry": { "type": "Point", "coordinates": [ 179.551478810975851, -16.622931362599104 ] } },
{ "type": "Feature", "properties": { "uid": "rvp9mvct4r", "rate_time": -0.283, "sig_time": 0.208, "se_time": 0.215, "sce": 16.43, "nsm": null, "valid_obs": 18, "valid_span": 19, "significant": false }, "geometry": { "type": "Point", "coordinates": [ 179.551719303552233, -16.622791228607333 ] } },
{ "type": "Feature", "properties": { "uid": "rvp9mvcwpt", "rate_time": -0.258, "sig_time": 0.175, "se_time": 0.181, "sce": 15.01, "nsm": null, "valid_obs": 18, "valid_span": 19, "significant": false }, "geometry": { "type": "Point", "coordinates": [ 179.551945462893599, -16.622630615006457 ] } },
{ "type": "Feature", "properties": { "uid": "rvp9my402g", "rate_time": 0.018, "sig_time": 0.936, "se_time": 0.228, "sce": 25.28, "nsm": null, "valid_obs": 19, "valid_span": 20, "significant": false }, "geometry": { "type": "Point", "coordinates": [ 179.55234649059966, -16.622252158065262 ] } },
{ "type": "Feature", "properties": { "uid": "rvp9my41mv", "rate_time": -0.164, "sig_time": 0.471, "se_time": 0.222, "sce": 18.87, "nsm": null, "valid_obs": 19, "valid_span": 20, "significant": false }, "geometry": { "type": "Point", "coordinates": [ 179.552555561519171, -16.622071103685446 ] } },
{ "type": "Feature", "properties": { "uid": "rvp9my465d", "rate_time": -0.234, "sig_time": 0.33, "se_time": 0.234, "sce": 21.04, "nsm": null, "valid_obs": 19, "valid_span": 20, "significant": false }, "geometry": { "type": "Point", "coordinates": [ 179.552808422225809, -16.621957484536377 ] } },
{ "type": "Feature", "properties": { "uid": "rvp9my4d6j", "rate_time": -0.163, "sig_time": 0.424, "se_time": 0.2, "sce": 17.62, "nsm": null, "valid_obs": 19, "valid_span": 20, "significant": false }, "geometry": { "type": "Point", "coordinates": [ 179.553082090189065, -16.621900925054721 ] } },
{ "type": "Feature", "properties": { "uid": "rvp9my4f8e", "rate_time": -0.071, "sig_time": 0.68, "se_time": 0.17, "sce": 14.57, "nsm": null, "valid_obs": 19, "valid_span": 20, "significant": false }, "geometry": { "type": "Point", "coordinates": [ 179.553360526531463, -16.621864488172122 ] } },
{ "type": "Feature", "properties": { "uid": "rvp9my4fz5", "rate_time": -0.047, "sig_time": 0.776, "se_time": 0.163, "sce": 13.54, "nsm": null, "valid_obs": 19, "valid_span": 20, "significant": false }, "geometry": { "type": "Point", "coordinates": [ 179.553637968437585, -16.621821638797304 ] } },
{ "type": "Feature", "properties": { "uid": "rvp9my55m4", "rate_time": -0.052, "sig_time": 0.802, "se_time": 0.202, "sce": 18.18, "nsm": null, "valid_obs": 19, "valid_span": 20, "significant": false }, "geometry": { "type": "Point", "coordinates": [ 179.553905606435109, -16.621741601854506 ] } },
{ "type": "Feature", "properties": { "uid": "rvp9my57gp", "rate_time": -0.086, "sig_time": 0.72, "se_time": 0.236, "sce": 21.74, "nsm": null, "valid_obs": 19, "valid_span": 20, "significant": false }, "geometry": { "type": "Point", "coordinates": [ 179.554161205392745, -16.621629514720187 ] } },
{ "type": "Feature", "properties": { "uid": "rvp9my5sbe", "rate_time": 0.007, "sig_time": 0.98, "se_time": 0.289, "sce": 29.21, "nsm": null, "valid_obs": 19, "valid_span": 20, "significant": false }, "geometry": { "type": "Point", "coordinates": [ 179.554393308730454, -16.621479874368234 ] } },
{ "type": "Feature", "properties": { "uid": "rvp9my5tvm", "rate_time": -0.081, "sig_time": 0.831, "se_time": 0.372, "sce": 39.61, "nsm": null, "valid_obs": 19, "valid_span": 20, "significant": false }, "geometry": { "type": "Point", "coordinates": [ 179.554601843232149, -16.621298338283491 ] } },
{ "type": "Feature", "properties": { "uid": "rvp9my5yfe", "rate_time": -0.079, "sig_time": 0.816, "se_time": 0.336, "sce": 33.28, "nsm": null, "valid_obs": 19, "valid_span": 20, "significant": false }, "geometry": { "type": "Point", "coordinates": [ 179.554825531382903, -16.621135302960486 ] } },
{ "type": "Feature", "properties": { "uid": "rvp9myhp89", "rate_time": 0.02, "sig_time": 0.939, "se_time": 0.26, "sce": 25.64, "nsm": null, "valid_obs": 19, "valid_span": 20, "significant": false }, "geometry": { "type": "Point", "coordinates": [ 179.555078578036927, -16.621017450936765 ] } },
{ "type": "Feature", "properties": { "uid": "rvp9myk0mz", "rate_time": -0.347, "sig_time": 0.173, "se_time": 0.244, "sce": 34.07, "nsm": null, "valid_obs": 20, "valid_span": 20, "significant": false }, "geometry": { "type": "Point", "coordinates": [ 179.555303129579784, -16.620856132251667 ] } },
{ "type": "Feature", "properties": { "uid": "rvp9myk3dh", "rate_time": -0.06, "sig_time": 0.811, "se_time": 0.248, "sce": 26.39, "nsm": null, "valid_obs": 20, "valid_span": 20, "significant": false }, "geometry": { "type": "Point", "coordinates": [ 179.555493148962654, -16.620657394055993 ] } },
{ "type": "Feature", "properties": { "uid": "rvp9myk6yn", "rate_time": 0.389, "sig_time": 0.212, "se_time": 0.301, "sce": 47.58, "nsm": null, "valid_obs": 21, "valid_span": 21, "significant": false }, "geometry": { "type": "Point", "coordinates": [ 179.555654852583842, -16.620435840823717 ] } },
{ "type": "Feature", "properties": { "uid": "rvp9myks33", "rate_time": 0.116, "sig_time": 0.591, "se_time": 0.212, "sce": 23.16, "nsm": null, "valid_obs": 21, "valid_span": 21, "significant": false }, "geometry": { "type": "Point", "coordinates": [ 179.555803818327291, -16.620206177809386 ] } },
{ "type": "Feature", "properties": { "uid": "rvp9myktt5", "rate_time": 0.043, "sig_time": 0.807, "se_time": 0.175, "sce": 16.73, "nsm": null, "valid_obs": 21, "valid_span": 21, "significant": false }, "geometry": { "type": "Point", "coordinates": [ 179.555957449535612, -16.61997945702209 ] } },
{ "type": "Feature", "properties": { "uid": "rvp9mykybt", "rate_time": 0.106, "sig_time": 0.519, "se_time": 0.161, "sce": 17.61, "nsm": null, "valid_obs": 21, "valid_span": 21, "significant": false }, "geometry": { "type": "Point", "coordinates": [ 179.556109112928169, -16.619751990278459 ] } },
{ "type": "Feature", "properties": { "uid": "rvp9myrzt6", "rate_time": 0.01, "sig_time": 0.947, "se_time": 0.147, "sce": 12.21, "nsm": null, "valid_obs": 20, "valid_span": 20, "significant": false }, "geometry": { "type": "Point", "coordinates": [ 179.560430237767463, -16.619642231643585 ] } },
{ "type": "Feature", "properties": { "uid": "rvp9qn2pg8", "rate_time": 0.351, "sig_time": 0.044, "se_time": 0.162, "sce": 16.27, "nsm": null, "valid_obs": 20, "valid_span": 20, "significant": true }, "geometry": { "type": "Point", "coordinates": [ 179.560707237275636, -16.61960568111574 ] } },
{ "type": "Feature", "properties": { "uid": "rvp9myx8ph", "rate_time": -0.171, "sig_time": 0.329, "se_time": 0.171, "sce": 15.98, "nsm": null, "valid_obs": 20, "valid_span": 20, "significant": false }, "geometry": { "type": "Point", "coordinates": [ 179.560168372609013, -16.619546368429468 ] } },
{ "type": "Feature", "properties": { "uid": "rvp9mysb77", "rate_time": -0.28, "sig_time": 0.329, "se_time": 0.28, "sce": 37.54, "nsm": null, "valid_obs": 21, "valid_span": 21, "significant": false }, "geometry": { "type": "Point", "coordinates": [ 179.556224963909784, -16.619506813365149 ] } },
{ "type": "Feature", "properties": { "uid": "rvp9myx88u", "rate_time": -0.205, "sig_time": 0.232, "se_time": 0.166, "sce": 17.3, "nsm": null, "valid_obs": 20, "valid_span": 20, "significant": false }, "geometry": { "type": "Point", "coordinates": [ 179.559902851912426, -16.619458139334107 ] } },
{ "type": "Feature", "properties": { "uid": "rvp9myx2fe", "rate_time": -0.136, "sig_time": 0.334, "se_time": 0.137, "sce": 14.08, "nsm": null, "valid_obs": 20, "valid_span": 20, "significant": false }, "geometry": { "type": "Point", "coordinates": [ 179.55962506830366, -16.619423009722066 ] } },
{ "type": "Feature", "properties": { "uid": "rvp9myx0gg", "rate_time": 0.157, "sig_time": 0.325, "se_time": 0.155, "sce": 16.37, "nsm": null, "valid_obs": 20, "valid_span": 20, "significant": false }, "geometry": { "type": "Point", "coordinates": [ 179.559344271631716, -16.619419038564896 ] } },
{ "type": "Feature", "properties": { "uid": "rvp9mywbvq", "rate_time": 0.039, "sig_time": 0.774, "se_time": 0.133, "sce": 12.18, "nsm": null, "valid_obs": 20, "valid_span": 20, "significant": false }, "geometry": { "type": "Point", "coordinates": [ 179.5590637578008, -16.619404380904822 ] } },
{ "type": "Feature", "properties": { "uid": "rvp9qn81p4", "rate_time": 0.224, "sig_time": 0.073, "se_time": 0.118, "sce": 10.3, "nsm": null, "valid_obs": 20, "valid_span": 20, "significant": false }, "geometry": { "type": "Point", "coordinates": [ 179.56085426867071, -16.619380335122568 ] } },
{ "type": "Feature", "properties": { "uid": "rvp9myw9r1", "rate_time": -0.086, "sig_time": 0.588, "se_time": 0.157, "sce": 13.58, "nsm": null, "valid_obs": 20, "valid_span": 20, "significant": false }, "geometry": { "type": "Point", "coordinates": [ 179.558789706548424, -16.619347308569189 ] } },
{ "type": "Feature", "properties": { "uid": "rvp9myscuk", "rate_time": 0.19, "sig_time": 0.388, "se_time": 0.215, "sce": 18.34, "nsm": null, "valid_obs": 20, "valid_span": 20, "significant": false }, "geometry": { "type": "Point", "coordinates": [ 179.556276145927541, -16.619240737339453 ] } },
{ "type": "Feature", "properties": { "uid": "rvp9myw9cp", "rate_time": -0.272, "sig_time": 0.139, "se_time": 0.176, "sce": 18.48, "nsm": null, "valid_obs": 20, "valid_span": 20, "significant": false }, "geometry": { "type": "Point", "coordinates": [ 179.558540526369626, -16.619226254797805 ] } },
{ "type": "Feature", "properties": { "uid": "rvp9qn8696", "rate_time": 0.145, "sig_time": 0.112, "se_time": 0.087, "sce": 8.24, "nsm": null, "valid_obs": 20, "valid_span": 20, "significant": false }, "geometry": { "type": "Point", "coordinates": [ 179.560949294085816, -16.619125421977063 ] } },
{ "type": "Feature", "properties": { "uid": "rvp9myw6un", "rate_time": -0.379, "sig_time": 0.085, "se_time": 0.208, "sce": 19.89, "nsm": null, "valid_obs": 20, "valid_span": 20, "significant": false }, "geometry": { "type": "Point", "coordinates": [ 179.558316177393948, -16.619063544757633 ] } },
{ "type": "Feature", "properties": { "uid": "rvp9mysgmq", "rate_time": 0.127, "sig_time": 0.701, "se_time": 0.326, "sce": 29.96, "nsm": null, "valid_obs": 20, "valid_span": 20, "significant": false }, "geometry": { "type": "Point", "coordinates": [ 179.556313265410182, -16.618975178421245 ] } },
{ "type": "Feature", "properties": { "uid": "rvp9myw5wr", "rate_time": -0.446, "sig_time": 0.046, "se_time": 0.208, "sce": 19.32, "nsm": null, "valid_obs": 20, "valid_span": 20, "significant": true }, "geometry": { "type": "Point", "coordinates": [ 179.558078837342123, -16.618926393734199 ] } },
{ "type": "Feature", "properties": { "uid": "rvp9qn8k5d", "rate_time": 0.07, "sig_time": 0.45, "se_time": 0.091, "sce": 8.86, "nsm": null, "valid_obs": 20, "valid_span": 20, "significant": false }, "geometry": { "type": "Point", "coordinates": [ 179.561042368451496, -16.618869814448562 ] } },
{ "type": "Feature", "properties": { "uid": "rvp9mywh04", "rate_time": -0.265, "sig_time": 0.155, "se_time": 0.178, "sce": 16.21, "nsm": null, "valid_obs": 20, "valid_span": 20, "significant": false }, "geometry": { "type": "Point", "coordinates": [ 179.557806129469867, -16.618868684511945 ] } },
{ "type": "Feature", "properties": { "uid": "rvp9mytu1s", "rate_time": -0.075, "sig_time": 0.699, "se_time": 0.191, "sce": 15.33, "nsm": null, "valid_obs": 20, "valid_span": 20, "significant": false }, "geometry": { "type": "Point", "coordinates": [ 179.557525476300015, -16.618856518995084 ] } },
{ "type": "Feature", "properties": { "uid": "rvp9myts75", "rate_time": -0.076, "sig_time": 0.748, "se_time": 0.235, "sce": 20.04, "nsm": null, "valid_obs": 20, "valid_span": 20, "significant": false }, "geometry": { "type": "Point", "coordinates": [ 179.557248064833487, -16.61881991375666 ] } },
{ "type": "Feature", "properties": { "uid": "rvp9mytkuf", "rate_time": -0.305, "sig_time": 0.319, "se_time": 0.298, "sce": 32.85, "nsm": null, "valid_obs": 20, "valid_span": 20, "significant": false }, "geometry": { "type": "Point", "coordinates": [ 179.556979127252248, -16.618741720343046 ] } },
{ "type": "Feature", "properties": { "uid": "rvp9mythb7", "rate_time": -0.275, "sig_time": 0.558, "se_time": 0.46, "sce": 46.34, "nsm": null, "valid_obs": 20, "valid_span": 20, "significant": false }, "geometry": { "type": "Point", "coordinates": [ 179.556444791133629, -16.618736284949875 ] } },
{ "type": "Feature", "properties": { "uid": "rvp9mytjnx", "rate_time": -0.43, "sig_time": 0.283, "se_time": 0.388, "sce": 42.87, "nsm": null, "valid_obs": 20, "valid_span": 20, "significant": false }, "geometry": { "type": "Point", "coordinates": [ 179.556712777523614, -16.618671519484455 ] } },
{ "type": "Feature", "properties": { "uid": "rvp9qn8mtb", "rate_time": -0.045, "sig_time": 0.665, "se_time": 0.103, "sce": 9.12, "nsm": null, "valid_obs": 20, "valid_span": 20, "significant": false }, "geometry": { "type": "Point", "coordinates": [ 179.561147507489977, -16.618618755889877 ] } },
{ "type": "Feature", "properties": { "uid": "rvp9qn8wbv", "rate_time": -0.056, "sig_time": 0.649, "se_time": 0.121, "sce": 12.04, "nsm": null, "valid_obs": 20, "valid_span": 20, "significant": false }, "geometry": { "type": "Point", "coordinates": [ 179.561276011707776, -16.618378487058273 ] } },
{ "type": "Feature", "properties": { "uid": "rvp9mzfgmx", "rate_time": 0.016, "sig_time": 0.858, "se_time": 0.087, "sce": 6.62, "nsm": null, "valid_obs": 20, "valid_span": 20, "significant": false }, "geometry": { "type": "Point", "coordinates": [ 179.553580610162072, -16.612101683208522 ] } },
{ "type": "Feature", "properties": { "uid": "rvp9mzfu8f", "rate_time": 0.206, "sig_time": 0.066, "se_time": 0.105, "sce": 9.21, "nsm": null, "valid_obs": 20, "valid_span": 20, "significant": false }, "geometry": { "type": "Point", "coordinates": [ 179.553377076282686, -16.611914868254683 ] } },
{ "type": "Feature", "properties": { "uid": "rvp9mzftsh", "rate_time": 0.191, "sig_time": 0.153, "se_time": 0.128, "sce": 13.51, "nsm": null, "valid_obs": 20, "valid_span": 20, "significant": false }, "geometry": { "type": "Point", "coordinates": [ 179.553170905803853, -16.611730786013979 ] } },
{ "type": "Feature", "properties": { "uid": "rvp9mzfqxj", "rate_time": 0.269, "sig_time": 0.094, "se_time": 0.152, "sce": 16.81, "nsm": null, "valid_obs": 20, "valid_span": 20, "significant": false }, "geometry": { "type": "Point", "coordinates": [ 179.552955071343945, -16.611557372676707 ] } },
{ "type": "Feature", "properties": { "uid": "rvp9mzfr9g", "rate_time": 0.403, "sig_time": 0.042, "se_time": 0.184, "sce": 21.53, "nsm": null, "valid_obs": 20, "valid_span": 20, "significant": true }, "geometry": { "type": "Point", "coordinates": [ 179.552731154084682, -16.61139368635509 ] } },
{ "type": "Feature", "properties": { "uid": "rvp9tb40kj", "rate_time": 0.381, "sig_time": 0.083, "se_time": 0.207, "sce": 22.15, "nsm": null, "valid_obs": 20, "valid_span": 20, "significant": false }, "geometry": { "type": "Point", "coordinates": [ 179.552487751683771, -16.611258378003416 ] } },
{ "type": "Feature", "properties": { "uid": "rvp9tb1cnw", "rate_time": 0.401, "sig_time": 0.078, "se_time": 0.215, "sce": 21.35, "nsm": null, "valid_obs": 20, "valid_span": 20, "significant": false }, "geometry": { "type": "Point", "coordinates": [ 179.55224362149329, -16.611124212880174 ] } },
{ "type": "Feature", "properties": { "uid": "rvp9tb1cbv", "rate_time": 0.403, "sig_time": 0.105, "se_time": 0.236, "sce": 22.08, "nsm": null, "valid_obs": 20, "valid_span": 20, "significant": false }, "geometry": { "type": "Point", "coordinates": [ 179.551996112792665, -16.610995971715774 ] } },
{ "type": "Feature", "properties": { "uid": "rvp9tb1dg3", "rate_time": 0.359, "sig_time": 0.114, "se_time": 0.216, "sce": 20.34, "nsm": null, "valid_obs": 20, "valid_span": 20, "significant": false }, "geometry": { "type": "Point", "coordinates": [ 179.551761139992777, -16.610849165723657 ] } },
{ "type": "Feature", "properties": { "uid": "rvp9tb17y0", "rate_time": 0.225, "sig_time": 0.193, "se_time": 0.166, "sce": 16.59, "nsm": null, "valid_obs": 20, "valid_span": 20, "significant": false }, "geometry": { "type": "Point", "coordinates": [ 179.551538532275799, -16.610683807662177 ] } },
{ "type": "Feature", "properties": { "uid": "rvp9tb1k8v", "rate_time": 0.136, "sig_time": 0.425, "se_time": 0.166, "sce": 17.44, "nsm": null, "valid_obs": 20, "valid_span": 20, "significant": false }, "geometry": { "type": "Point", "coordinates": [ 179.551311304401253, -16.610524414590621 ] } },
{ "type": "Feature", "properties": { "uid": "rvp9tb1jes", "rate_time": 0.376, "sig_time": 0.216, "se_time": 0.294, "sce": 28.36, "nsm": null, "valid_obs": 20, "valid_span": 20, "significant": false }, "geometry": { "type": "Point", "coordinates": [ 179.551089839268258, -16.610357640605919 ] } },
{ "type": "Feature", "properties": { "uid": "rvp9tb0yw1", "rate_time": 0.542, "sig_time": 0.149, "se_time": 0.359, "sce": 41.28, "nsm": null, "valid_obs": 20, "valid_span": 20, "significant": false }, "geometry": { "type": "Point", "coordinates": [ 179.550858476314858, -16.610204274640498 ] } },
{ "type": "Feature", "properties": { "uid": "rvp9tb0z90", "rate_time": 0.354, "sig_time": 0.14, "se_time": 0.23, "sce": 23.22, "nsm": null, "valid_obs": 20, "valid_span": 20, "significant": false }, "geometry": { "type": "Point", "coordinates": [ 179.550637629029495, -16.610038182409152 ] } },
{ "type": "Feature", "properties": { "uid": "rvp9tb28s7", "rate_time": 0.205, "sig_time": 0.356, "se_time": 0.217, "sce": 20.61, "nsm": null, "valid_obs": 20, "valid_span": 20, "significant": false }, "geometry": { "type": "Point", "coordinates": [ 179.550439562694436, -16.609848320100667 ] } },
{ "type": "Feature", "properties": { "uid": "rvp9tb2d19", "rate_time": 0.024, "sig_time": 0.873, "se_time": 0.151, "sce": 13.12, "nsm": null, "valid_obs": 20, "valid_span": 20, "significant": false }, "geometry": { "type": "Point", "coordinates": [ 179.550314486862646, -16.609605690609062 ] } },
{ "type": "Feature", "properties": { "uid": "rvp9tb27x0", "rate_time": -0.096, "sig_time": 0.628, "se_time": 0.195, "sce": 15.06, "nsm": null, "valid_obs": 20, "valid_span": 20, "significant": false }, "geometry": { "type": "Point", "coordinates": [ 179.550214606358736, -16.609352451583128 ] } },
{ "type": "Feature", "properties": { "uid": "rvp9tb2mj0", "rate_time": -0.123, "sig_time": 0.553, "se_time": 0.204, "sce": 16.52, "nsm": null, "valid_obs": 20, "valid_span": 20, "significant": false }, "geometry": { "type": "Point", "coordinates": [ 179.550124038433779, -16.609095995771394 ] } },
{ "type": "Feature", "properties": { "uid": "rvp9tb2qs1", "rate_time": -0.166, "sig_time": 0.224, "se_time": 0.132, "sce": 12.12, "nsm": null, "valid_obs": 20, "valid_span": 20, "significant": false }, "geometry": { "type": "Point", "coordinates": [ 179.550076708229142, -16.608829332582975 ] } },
{ "type": "Feature", "properties": { "uid": "rvp9tb825s", "rate_time": -0.245, "sig_time": 0.052, "se_time": 0.118, "sce": 11.94, "nsm": null, "valid_obs": 20, "valid_span": 20, "significant": false }, "geometry": { "type": "Point", "coordinates": [ 179.550060506515223, -16.608559011026141 ] } },
{ "type": "Feature", "properties": { "uid": "rvp9tb83ey", "rate_time": -0.346, "sig_time": 0.003, "se_time": 0.101, "sce": 11.28, "nsm": null, "valid_obs": 20, "valid_span": 20, "significant": true }, "geometry": { "type": "Point", "coordinates": [ 179.55006975133702, -16.608288333888726 ] } },
{ "type": "Feature", "properties": { "uid": "rvp9tb87k3", "rate_time": -0.419, "sig_time": 0.0, "se_time": 0.092, "sce": 12.15, "nsm": null, "valid_obs": 20, "valid_span": 20, "significant": true }, "geometry": { "type": "Point", "coordinates": [ 179.550092083853116, -16.608018268326475 ] } },
{ "type": "Feature", "properties": { "uid": "rvp9tb8kug", "rate_time": -0.494, "sig_time": 0.0, "se_time": 0.114, "sce": 14.73, "nsm": null, "valid_obs": 20, "valid_span": 20, "significant": true }, "geometry": { "type": "Point", "coordinates": [ 179.550117082340421, -16.607748394323771 ] } },
{ "type": "Feature", "properties": { "uid": "rvp9tb8qmt", "rate_time": -0.531, "sig_time": 0.002, "se_time": 0.148, "sce": 16.13, "nsm": null, "valid_obs": 20, "valid_span": 20, "significant": true }, "geometry": { "type": "Point", "coordinates": [ 179.550146622056531, -16.607478953081646 ] } },
{ "type": "Feature", "properties": { "uid": "rvp9tb8ryx", "rate_time": -0.501, "sig_time": 0.007, "se_time": 0.165, "sce": 18.5, "nsm": null, "valid_obs": 20, "valid_span": 20, "significant": true }, "geometry": { "type": "Point", "coordinates": [ 179.5501923935295, -16.607211683710744 ] } },
{ "type": "Feature", "properties": { "uid": "rvp9tbb980", "rate_time": -0.381, "sig_time": 0.018, "se_time": 0.146, "sce": 17.39, "nsm": null, "valid_obs": 20, "valid_span": 20, "significant": true }, "geometry": { "type": "Point", "coordinates": [ 179.550254445340471, -16.606947496486345 ] } },
{ "type": "Feature", "properties": { "uid": "rvp9tbbe19", "rate_time": -0.257, "sig_time": 0.073, "se_time": 0.135, "sce": 16.01, "nsm": null, "valid_obs": 20, "valid_span": 20, "significant": false }, "geometry": { "type": "Point", "coordinates": [ 179.550314119257905, -16.606682740902219 ] } },
{ "type": "Feature", "properties": { "uid": "rvp9tbbse6", "rate_time": -0.517, "sig_time": 0.082, "se_time": 0.281, "sce": 37.34, "nsm": null, "valid_obs": 20, "valid_span": 20, "significant": false }, "geometry": { "type": "Point", "coordinates": [ 179.550388535691582, -16.606421611918822 ] } },
{ "type": "Feature", "properties": { "uid": "rvp9tbbwj9", "rate_time": -0.035, "sig_time": 0.85, "se_time": 0.182, "sce": 19.65, "nsm": null, "valid_obs": 19, "valid_span": 19, "significant": false }, "geometry": { "type": "Point", "coordinates": [ 179.550491097349493, -16.606169787881147 ] } },
{ "type": "Feature", "properties": { "uid": "rvp9tbbz2r", "rate_time": 0.058, "sig_time": 0.75, "se_time": 0.18, "sce": 18.33, "nsm": null, "valid_obs": 19, "valid_span": 19, "significant": false }, "geometry": { "type": "Point", "coordinates": [ 179.55061055369427, -16.605924628006964 ] } },
{ "type": "Feature", "properties": { "uid": "rvp9tc0bge", "rate_time": 0.176, "sig_time": 0.365, "se_time": 0.189, "sce": 17.61, "nsm": null, "valid_obs": 19, "valid_span": 19, "significant": false }, "geometry": { "type": "Point", "coordinates": [ 179.550748512659681, -16.605689060741128 ] } },
{ "type": "Feature", "properties": { "uid": "rvp9tc0fny", "rate_time": 0.335, "sig_time": 0.048, "se_time": 0.157, "sce": 19.79, "nsm": null, "valid_obs": 19, "valid_span": 19, "significant": true }, "geometry": { "type": "Point", "coordinates": [ 179.550890656662602, -16.605455833324605 ] } },
{ "type": "Feature", "properties": { "uid": "rvp9tc159g", "rate_time": 0.587, "sig_time": 0.004, "se_time": 0.175, "sce": 21.52, "nsm": null, "valid_obs": 19, "valid_span": 19, "significant": true }, "geometry": { "type": "Point", "coordinates": [ 179.551018577565316, -16.605214885464889 ] } },
{ "type": "Feature", "properties": { "uid": "rvp9tc1hvq", "rate_time": 0.501, "sig_time": 0.013, "se_time": 0.18, "sce": 18.29, "nsm": null, "valid_obs": 19, "valid_span": 19, "significant": true }, "geometry": { "type": "Point", "coordinates": [ 179.551168526811779, -16.60498574074477 ] } },
{ "type": "Feature", "properties": { "uid": "rvp9tc1q41", "rate_time": 0.539, "sig_time": 0.03, "se_time": 0.228, "sce": 20.65, "nsm": null, "valid_obs": 19, "valid_span": 19, "significant": true }, "geometry": { "type": "Point", "coordinates": [ 179.551369146116144, -16.604796411869561 ] } },
{ "type": "Feature", "properties": { "uid": "rvp9tc3bf4", "rate_time": -0.046, "sig_time": 0.812, "se_time": 0.188, "sce": 13.71, "nsm": null, "valid_obs": 19, "valid_span": 19, "significant": false }, "geometry": { "type": "Point", "coordinates": [ 179.552050969285517, -16.604321382129623 ] } },
{ "type": "Feature", "properties": { "uid": "rvp9tc1xug", "rate_time": 0.104, "sig_time": 0.62, "se_time": 0.206, "sce": 14.81, "nsm": null, "valid_obs": 19, "valid_span": 19, "significant": false }, "geometry": { "type": "Point", "coordinates": [ 179.551826421812962, -16.60448427440555 ] } },
{ "type": "Feature", "properties": { "uid": "rvp9tc1rp2", "rate_time": 0.324, "sig_time": 0.101, "se_time": 0.187, "sce": 14.74, "nsm": null, "valid_obs": 19, "valid_span": 19, "significant": false }, "geometry": { "type": "Point", "coordinates": [ 179.551589692084519, -16.604629984463699 ] } },
{ "type": "Feature", "properties": { "uid": "rvp9qp89bq", "rate_time": 0.241, "sig_time": 0.0, "se_time": 0.041, "sce": 5.16, "nsm": null, "valid_obs": 20, "valid_span": 20, "significant": true }, "geometry": { "type": "Point", "coordinates": [ 179.561252651467015, -16.613739064643742 ] } },
{ "type": "Feature", "properties": { "uid": "rvp9qnb8hy", "rate_time": -0.074, "sig_time": 0.549, "se_time": 0.121, "sce": 13.04, "nsm": null, "valid_obs": 20, "valid_span": 20, "significant": false }, "geometry": { "type": "Point", "coordinates": [ 179.5614433589827, -16.618160821937977 ] } },
{ "type": "Feature", "properties": { "uid": "rvp9qp89j8", "rate_time": 0.253, "sig_time": 0.0, "se_time": 0.038, "sce": 6.03, "nsm": null, "valid_obs": 20, "valid_span": 20, "significant": true }, "geometry": { "type": "Point", "coordinates": [ 179.56147400389051, -16.613901555765732 ] } },
{ "type": "Feature", "properties": { "uid": "rvp9qp2z86", "rate_time": 0.11, "sig_time": 0.013, "se_time": 0.04, "sce": 4.43, "nsm": null, "valid_obs": 20, "valid_span": 20, "significant": true }, "geometry": { "type": "Point", "coordinates": [ 179.561591813497529, -16.6141448897516 ] } },
{ "type": "Feature", "properties": { "uid": "rvp9qp2y19", "rate_time": 0.342, "sig_time": 0.08, "se_time": 0.184, "sce": 23.87, "nsm": null, "valid_obs": 20, "valid_span": 20, "significant": false }, "geometry": { "type": "Point", "coordinates": [ 179.56164526596524, -16.614410506734007 ] } },
{ "type": "Feature", "properties": { "uid": "rvp9qnbc1z", "rate_time": 0.112, "sig_time": 0.297, "se_time": 0.104, "sce": 12.23, "nsm": null, "valid_obs": 20, "valid_span": 20, "significant": false }, "geometry": { "type": "Point", "coordinates": [ 179.561652163326698, -16.617980612457227 ] } },
{ "type": "Feature", "properties": { "uid": "rvp9qp2u6r", "rate_time": 0.087, "sig_time": 0.204, "se_time": 0.066, "sce": 4.91, "nsm": null, "valid_obs": 19, "valid_span": 19, "significant": false }, "geometry": { "type": "Point", "coordinates": [ 179.561678772093302, -16.61467940143832 ] } },
{ "type": "Feature", "properties": { "uid": "rvp9qp2fgt", "rate_time": 0.198, "sig_time": 0.007, "se_time": 0.064, "sce": 6.63, "nsm": null, "valid_obs": 19, "valid_span": 19, "significant": true }, "geometry": { "type": "Point", "coordinates": [ 179.561731057073871, -16.614945489351168 ] } },
{ "type": "Feature", "properties": { "uid": "rvp9qp2cmh", "rate_time": 0.199, "sig_time": 0.011, "se_time": 0.07, "sce": 7.55, "nsm": null, "valid_obs": 19, "valid_span": 19, "significant": true }, "geometry": { "type": "Point", "coordinates": [ 179.561793426392086, -16.615209245700196 ] } },
{ "type": "Feature", "properties": { "uid": "rvp9qp0zvf", "rate_time": 0.026, "sig_time": 0.707, "se_time": 0.069, "sce": 4.79, "nsm": null, "valid_obs": 19, "valid_span": 19, "significant": false }, "geometry": { "type": "Point", "coordinates": [ 179.561824452520597, -16.615478484251838 ] } },
{ "type": "Feature", "properties": { "uid": "rvp9qp0ynr", "rate_time": -0.048, "sig_time": 0.472, "se_time": 0.066, "sce": 5.27, "nsm": null, "valid_obs": 19, "valid_span": 19, "significant": false }, "geometry": { "type": "Point", "coordinates": [ 179.561846308687393, -16.615748595857657 ] } },
{ "type": "Feature", "properties": { "uid": "rvp9qnbfq7", "rate_time": 0.277, "sig_time": 0.009, "se_time": 0.094, "sce": 12.55, "nsm": null, "valid_obs": 20, "valid_span": 20, "significant": true }, "geometry": { "type": "Point", "coordinates": [ 179.561845838888416, -16.617789332386224 ] } },
{ "type": "Feature", "properties": { "uid": "rvp9qp0uxj", "rate_time": -0.049, "sig_time": 0.406, "se_time": 0.057, "sce": 5.2, "nsm": null, "valid_obs": 19, "valid_span": 19, "significant": false }, "geometry": { "type": "Point", "coordinates": [ 179.561877968260177, -16.616017691532207 ] } },
{ "type": "Feature", "properties": { "uid": "rvp9qp150k", "rate_time": -0.055, "sig_time": 0.34, "se_time": 0.056, "sce": 4.32, "nsm": null, "valid_obs": 19, "valid_span": 19, "significant": false }, "geometry": { "type": "Point", "coordinates": [ 179.561936547556968, -16.616281852113811 ] } },
{ "type": "Feature", "properties": { "uid": "rvp9qnc59r", "rate_time": 0.278, "sig_time": 0.016, "se_time": 0.105, "sce": 14.39, "nsm": null, "valid_obs": 20, "valid_span": 20, "significant": true }, "geometry": { "type": "Point", "coordinates": [ 179.561982146417535, -16.61755262694329 ] } },
{ "type": "Feature", "properties": { "uid": "rvp9qp11dv", "rate_time": 0.238, "sig_time": 0.0, "se_time": 0.051, "sce": 6.72, "nsm": null, "valid_obs": 19, "valid_span": 19, "significant": true }, "geometry": { "type": "Point", "coordinates": [ 179.562041499801921, -16.6165330601197 ] } },
{ "type": "Feature", "properties": { "uid": "rvp9qncjhj", "rate_time": 0.586, "sig_time": 0.005, "se_time": 0.182, "sce": 26.67, "nsm": null, "valid_obs": 20, "valid_span": 20, "significant": true }, "geometry": { "type": "Point", "coordinates": [ 179.562094559084414, -16.617304394403224 ] } },
{ "type": "Feature", "properties": { "uid": "rvp9qp10m8", "rate_time": 0.476, "sig_time": 0.0, "se_time": 0.087, "sce": 9.87, "nsm": null, "valid_obs": 19, "valid_span": 19, "significant": true }, "geometry": { "type": "Point", "coordinates": [ 179.562165476078235, -16.616775959315934 ] } },
{ "type": "Feature", "properties": { "uid": "rvp9qncnwn", "rate_time": 0.456, "sig_time": 0.0, "se_time": 0.081, "sce": 11.46, "nsm": null, "valid_obs": 19, "valid_span": 19, "significant": true }, "geometry": { "type": "Point", "coordinates": [ 179.562180273857479, -16.617046359798334 ] } },
{ "type": "Feature", "properties": { "uid": "rvp9mzg46t", "rate_time": -0.026, "sig_time": 0.765, "se_time": 0.085, "sce": 6.5, "nsm": null, "valid_obs": 20, "valid_span": 20, "significant": false }, "geometry": { "type": "Point", "coordinates": [ 179.553788643001042, -16.612283679636569 ] } },
{ "type": "Feature", "properties": { "uid": "rvp9mzg3b3", "rate_time": -0.131, "sig_time": 0.093, "se_time": 0.074, "sce": 6.24, "nsm": null, "valid_obs": 20, "valid_span": 20, "significant": false }, "geometry": { "type": "Point", "coordinates": [ 179.55404187349518, -16.612393495699543 ] } },
{ "type": "Feature", "properties": { "uid": "rvp9mzg3wg", "rate_time": -0.057, "sig_time": 0.484, "se_time": 0.079, "sce": 6.21, "nsm": null, "valid_obs": 20, "valid_span": 20, "significant": false }, "geometry": { "type": "Point", "coordinates": [ 179.554317560055381, -16.61242361788095 ] } },
{ "type": "Feature", "properties": { "uid": "rvp9mzg9tr", "rate_time": -0.378, "sig_time": 0.073, "se_time": 0.199, "sce": 28.11, "nsm": null, "valid_obs": 21, "valid_span": 21, "significant": false }, "geometry": { "type": "Point", "coordinates": [ 179.554597658977741, -16.612405292821435 ] } },
{ "type": "Feature", "properties": { "uid": "rvp9mzgcgg", "rate_time": -0.04, "sig_time": 0.49, "se_time": 0.057, "sce": 5.73, "nsm": null, "valid_obs": 21, "valid_span": 21, "significant": false }, "geometry": { "type": "Point", "coordinates": [ 179.554877806182844, -16.612384859612643 ] } },
{ "type": "Feature", "properties": { "uid": "rvp9mzu1f7", "rate_time": -0.033, "sig_time": 0.609, "se_time": 0.064, "sce": 6.76, "nsm": null, "valid_obs": 21, "valid_span": 21, "significant": false }, "geometry": { "type": "Point", "coordinates": [ 179.555158625086278, -16.612379742523199 ] } },
{ "type": "Feature", "properties": { "uid": "rvp9mzu3bb", "rate_time": 0.084, "sig_time": 0.146, "se_time": 0.056, "sce": 7.11, "nsm": null, "valid_obs": 21, "valid_span": 21, "significant": false }, "geometry": { "type": "Point", "coordinates": [ 179.555438847528109, -16.612396239060608 ] } },
{ "type": "Feature", "properties": { "uid": "rvp9mzu3rq", "rate_time": 0.247, "sig_time": 0.0, "se_time": 0.047, "sce": 7.33, "nsm": null, "valid_obs": 21, "valid_span": 21, "significant": true }, "geometry": { "type": "Point", "coordinates": [ 179.555713109538658, -16.612450481118806 ] } },
{ "type": "Feature", "properties": { "uid": "rvp9mzu8v6", "rate_time": 0.352, "sig_time": 0.0, "se_time": 0.048, "sce": 8.21, "nsm": null, "valid_obs": 21, "valid_span": 21, "significant": true }, "geometry": { "type": "Point", "coordinates": [ 179.555969110688267, -16.612557193187513 ] } },
{ "type": "Feature", "properties": { "uid": "rvp9mzszfz", "rate_time": -0.022, "sig_time": 0.905, "se_time": 0.183, "sce": 24.44, "nsm": null, "valid_obs": 21, "valid_span": 21, "significant": false }, "geometry": { "type": "Point", "coordinates": [ 179.556204919435061, -16.612704248854868 ] } },
{ "type": "Feature", "properties": { "uid": "rvp9mztp0m", "rate_time": 0.103, "sig_time": 0.095, "se_time": 0.059, "sce": 4.88, "nsm": null, "valid_obs": 20, "valid_span": 20, "significant": false }, "geometry": { "type": "Point", "coordinates": [ 179.556443904653491, -16.612843247851377 ] } },
{ "type": "Feature", "properties": { "uid": "rvp9mztny8", "rate_time": 0.035, "sig_time": 0.523, "se_time": 0.053, "sce": 4.81, "nsm": null, "valid_obs": 20, "valid_span": 20, "significant": false }, "geometry": { "type": "Point", "coordinates": [ 179.556714384429313, -16.6129142937267 ] } },
{ "type": "Feature", "properties": { "uid": "rvp9mztqth", "rate_time": 0.014, "sig_time": 0.796, "se_time": 0.053, "sce": 4.98, "nsm": null, "valid_obs": 20, "valid_span": 20, "significant": false }, "geometry": { "type": "Point", "coordinates": [ 179.556994583088397, -16.612933264617691 ] } },
{ "type": "Feature", "properties": { "uid": "rvp9mztweu", "rate_time": 0.093, "sig_time": 0.067, "se_time": 0.048, "sce": 6.15, "nsm": null, "valid_obs": 20, "valid_span": 20, "significant": false }, "geometry": { "type": "Point", "coordinates": [ 179.557275424166789, -16.61293395344337 ] } },
{ "type": "Feature", "properties": { "uid": "rvp9mzty6j", "rate_time": 0.189, "sig_time": 0.0, "se_time": 0.042, "sce": 5.73, "nsm": null, "valid_obs": 20, "valid_span": 20, "significant": true }, "geometry": { "type": "Point", "coordinates": [ 179.557551850012459, -16.612971013255017 ] } },
{ "type": "Feature", "properties": { "uid": "rvp9mzwj8n", "rate_time": 0.195, "sig_time": 0.0, "se_time": 0.045, "sce": 5.66, "nsm": null, "valid_obs": 20, "valid_span": 20, "significant": true }, "geometry": { "type": "Point", "coordinates": [ 179.557802516703617, -16.613093480917595 ] } },
{ "type": "Feature", "properties": { "uid": "rvp9mzwhv2", "rate_time": 0.215, "sig_time": 0.0, "se_time": 0.033, "sce": 5.87, "nsm": null, "valid_obs": 20, "valid_span": 20, "significant": true }, "geometry": { "type": "Point", "coordinates": [ 179.558026796849447, -16.613256615400871 ] } },
{ "type": "Feature", "properties": { "uid": "rvp9mzw7f3", "rate_time": 0.206, "sig_time": 0.0, "se_time": 0.035, "sce": 5.18, "nsm": null, "valid_obs": 20, "valid_span": 20, "significant": true }, "geometry": { "type": "Point", "coordinates": [ 179.558246463012807, -16.613425536360509 ] } },
{ "type": "Feature", "properties": { "uid": "rvp9mzw6zv", "rate_time": 0.151, "sig_time": 0.01, "se_time": 0.052, "sce": 5.82, "nsm": null, "valid_obs": 20, "valid_span": 20, "significant": true }, "geometry": { "type": "Point", "coordinates": [ 179.558478503943377, -16.613575486152815 ] } },
{ "type": "Feature", "properties": { "uid": "rvp9mzwdmy", "rate_time": 0.079, "sig_time": 0.284, "se_time": 0.071, "sce": 6.78, "nsm": null, "valid_obs": 20, "valid_span": 20, "significant": false }, "geometry": { "type": "Point", "coordinates": [ 179.558743608861477, -16.61365608399208 ] } },
{ "type": "Feature", "properties": { "uid": "rvp9mzwfkd", "rate_time": 0.051, "sig_time": 0.516, "se_time": 0.077, "sce": 6.63, "nsm": null, "valid_obs": 20, "valid_span": 20, "significant": false }, "geometry": { "type": "Point", "coordinates": [ 179.559023904423924, -16.613673252828299 ] } },
{ "type": "Feature", "properties": { "uid": "rvp9mzx471", "rate_time": 0.039, "sig_time": 0.606, "se_time": 0.075, "sce": 6.51, "nsm": null, "valid_obs": 20, "valid_span": 20, "significant": false }, "geometry": { "type": "Point", "coordinates": [ 179.559304635936542, -16.613682325087137 ] } },
{ "type": "Feature", "properties": { "uid": "rvp9mzx61w", "rate_time": 0.055, "sig_time": 0.516, "se_time": 0.083, "sce": 8.17, "nsm": null, "valid_obs": 20, "valid_span": 20, "significant": false }, "geometry": { "type": "Point", "coordinates": [ 179.559585039778852, -16.613698288834513 ] } },
{ "type": "Feature", "properties": { "uid": "rvp9mzxd0p", "rate_time": 0.039, "sig_time": 0.679, "se_time": 0.094, "sce": 9.68, "nsm": null, "valid_obs": 20, "valid_span": 20, "significant": false }, "geometry": { "type": "Point", "coordinates": [ 179.55986561193987, -16.613692962518098 ] } },
{ "type": "Feature", "properties": { "uid": "rvp9mzxdqs", "rate_time": -0.02, "sig_time": 0.84, "se_time": 0.095, "sce": 8.78, "nsm": null, "valid_obs": 20, "valid_span": 20, "significant": false }, "geometry": { "type": "Point", "coordinates": [ 179.560145183050878, -16.613665576481019 ] } },
{ "type": "Feature", "properties": { "uid": "rvp9mzxft0", "rate_time": 0.044, "sig_time": 0.664, "se_time": 0.101, "sce": 9.85, "nsm": null, "valid_obs": 20, "valid_span": 20, "significant": false }, "geometry": { "type": "Point", "coordinates": [ 179.560425042231884, -16.613642583074547 ] } },
{ "type": "Feature", "properties": { "uid": "rvp9qp84e9", "rate_time": 0.118, "sig_time": 0.177, "se_time": 0.084, "sce": 10.08, "nsm": null, "valid_obs": 20, "valid_span": 20, "significant": false }, "geometry": { "type": "Point", "coordinates": [ 179.560705792194369, -16.613640075344293 ] } },
{ "type": "Feature", "properties": { "uid": "rvp9qp866h", "rate_time": 0.117, "sig_time": 0.098, "se_time": 0.067, "sce": 8.1, "nsm": null, "valid_obs": 20, "valid_span": 20, "significant": false }, "geometry": { "type": "Point", "coordinates": [ 179.560985000002773, -16.613665838208238 ] } },
{ "type": "Feature", "properties": { "uid": "rvp9tc6k03", "rate_time": 0.164, "sig_time": 0.594, "se_time": 0.303, "sce": 32.41, "nsm": null, "valid_obs": 19, "valid_span": 19, "significant": false }, "geometry": { "type": "Point", "coordinates": [ 179.552662156475634, -16.603764508042104 ] } },
{ "type": "Feature", "properties": { "uid": "rvp9tc6mk3", "rate_time": 0.006, "sig_time": 0.965, "se_time": 0.137, "sce": 13.18, "nsm": null, "valid_obs": 19, "valid_span": 19, "significant": false }, "geometry": { "type": "Point", "coordinates": [ 179.552835207769476, -16.603551063587137 ] } },
{ "type": "Feature", "properties": { "uid": "rvp9tc6w83", "rate_time": 0.144, "sig_time": 0.374, "se_time": 0.158, "sce": 14.28, "nsm": null, "valid_obs": 19, "valid_span": 19, "significant": false }, "geometry": { "type": "Point", "coordinates": [ 179.553005785083826, -16.60333576961245 ] } },
{ "type": "Feature", "properties": { "uid": "rvp9tc6xgu", "rate_time": 0.343, "sig_time": 0.066, "se_time": 0.174, "sce": 16.52, "nsm": null, "valid_obs": 19, "valid_span": 19, "significant": false }, "geometry": { "type": "Point", "coordinates": [ 179.553155819852975, -16.60310667630873 ] } },
{ "type": "Feature", "properties": { "uid": "rvp9tcd9pu", "rate_time": 0.457, "sig_time": 0.017, "se_time": 0.172, "sce": 17.68, "nsm": null, "valid_obs": 19, "valid_span": 19, "significant": true }, "geometry": { "type": "Point", "coordinates": [ 179.553327643174612, -16.602892546400057 ] } },
{ "type": "Feature", "properties": { "uid": "rvp9tcdf7u", "rate_time": 0.549, "sig_time": 0.012, "se_time": 0.195, "sce": 18.59, "nsm": null, "valid_obs": 19, "valid_span": 19, "significant": true }, "geometry": { "type": "Point", "coordinates": [ 179.553501844086213, -16.602679955160717 ] } },
{ "type": "Feature", "properties": { "uid": "rvp9tcdgxs", "rate_time": 0.582, "sig_time": 0.036, "se_time": 0.255, "sce": 19.64, "nsm": null, "valid_obs": 19, "valid_span": 19, "significant": true }, "geometry": { "type": "Point", "coordinates": [ 179.553667640180493, -16.602461889365625 ] } },
{ "type": "Feature", "properties": { "uid": "rvp9tcehgp", "rate_time": 1.22, "sig_time": 0.013, "se_time": 0.442, "sce": 57.75, "nsm": null, "valid_obs": 20, "valid_span": 20, "significant": true }, "geometry": { "type": "Point", "coordinates": [ 179.553814065757109, -16.602230774118873 ] } },
{ "type": "Feature", "properties": { "uid": "rvp9tcenqd", "rate_time": 0.712, "sig_time": 0.016, "se_time": 0.266, "sce": 30.4, "nsm": null, "valid_obs": 20, "valid_span": 20, "significant": true }, "geometry": { "type": "Point", "coordinates": [ 179.553963540912122, -16.602001341634796 ] } },
{ "type": "Feature", "properties": { "uid": "rvp9tcerd9", "rate_time": 0.631, "sig_time": 0.01, "se_time": 0.22, "sce": 26.13, "nsm": null, "valid_obs": 20, "valid_span": 20, "significant": true }, "geometry": { "type": "Point", "coordinates": [ 179.554139181056001, -16.601790256499381 ] } },
{ "type": "Feature", "properties": { "uid": "rvp9tcg2y7", "rate_time": 0.579, "sig_time": 0.014, "se_time": 0.212, "sce": 25.67, "nsm": null, "valid_obs": 20, "valid_span": 20, "significant": true }, "geometry": { "type": "Point", "coordinates": [ 179.554293368942581, -16.601565591349335 ] } },
{ "type": "Feature", "properties": { "uid": "rvp9tcgd1x", "rate_time": 0.237, "sig_time": 0.184, "se_time": 0.171, "sce": 16.96, "nsm": null, "valid_obs": 20, "valid_span": 20, "significant": false }, "geometry": { "type": "Point", "coordinates": [ 179.55443874279004, -16.601333937863203 ] } },
{ "type": "Feature", "properties": { "uid": "rvp9tcgemf", "rate_time": -0.16, "sig_time": 0.239, "se_time": 0.131, "sce": 13.14, "nsm": null, "valid_obs": 20, "valid_span": 20, "significant": false }, "geometry": { "type": "Point", "coordinates": [ 179.554620852224588, -16.601141711139409 ] } },
{ "type": "Feature", "properties": { "uid": "rvp9tcggsk", "rate_time": -0.277, "sig_time": 0.039, "se_time": 0.125, "sce": 11.56, "nsm": null, "valid_obs": 20, "valid_span": 20, "significant": true }, "geometry": { "type": "Point", "coordinates": [ 179.554895828538093, -16.601090330815829 ] } },
{ "type": "Feature", "properties": { "uid": "rvp9tcu5dz", "rate_time": -0.222, "sig_time": 0.137, "se_time": 0.142, "sce": 12.31, "nsm": null, "valid_obs": 20, "valid_span": 20, "significant": false }, "geometry": { "type": "Point", "coordinates": [ 179.555175924034046, -16.601073761429824 ] } },
{ "type": "Feature", "properties": { "uid": "rvp9tcuk14", "rate_time": -0.143, "sig_time": 0.333, "se_time": 0.143, "sce": 11.71, "nsm": null, "valid_obs": 20, "valid_span": 20, "significant": false }, "geometry": { "type": "Point", "coordinates": [ 179.555447443069454, -16.601013587349467 ] } },
{ "type": "Feature", "properties": { "uid": "rvp9tcukyf", "rate_time": -0.157, "sig_time": 0.34, "se_time": 0.16, "sce": 12.51, "nsm": null, "valid_obs": 20, "valid_span": 20, "significant": false }, "geometry": { "type": "Point", "coordinates": [ 179.55569611597835, -16.600887620073795 ] } },
{ "type": "Feature", "properties": { "uid": "rvp9tcutm0", "rate_time": -0.324, "sig_time": 0.025, "se_time": 0.133, "sce": 12.81, "nsm": null, "valid_obs": 20, "valid_span": 20, "significant": true }, "geometry": { "type": "Point", "coordinates": [ 179.555965024325019, -16.600813027672796 ] } },
{ "type": "Feature", "properties": { "uid": "rvp9tcuugw", "rate_time": -0.47, "sig_time": 0.016, "se_time": 0.178, "sce": 18.45, "nsm": null, "valid_obs": 20, "valid_span": 20, "significant": true }, "geometry": { "type": "Point", "coordinates": [ 179.556241191420014, -16.600862797300568 ] } },
{ "type": "Feature", "properties": { "uid": "rvp9tcvh3v", "rate_time": -0.281, "sig_time": 0.142, "se_time": 0.183, "sce": 16.3, "nsm": null, "valid_obs": 20, "valid_span": 20, "significant": false }, "geometry": { "type": "Point", "coordinates": [ 179.55650591713453, -16.600953649375629 ] } },
{ "type": "Feature", "properties": { "uid": "rvp9tcvk23", "rate_time": -0.103, "sig_time": 0.549, "se_time": 0.168, "sce": 15.51, "nsm": null, "valid_obs": 20, "valid_span": 20, "significant": false }, "geometry": { "type": "Point", "coordinates": [ 179.556785117269158, -16.600979179140584 ] } },
{ "type": "Feature", "properties": { "uid": "rvp9tcvkwc", "rate_time": -0.067, "sig_time": 0.713, "se_time": 0.18, "sce": 14.3, "nsm": null, "valid_obs": 20, "valid_span": 20, "significant": false }, "geometry": { "type": "Point", "coordinates": [ 179.55706139515496, -16.600933010126962 ] } },
{ "type": "Feature", "properties": { "uid": "rvp9tcvsv5", "rate_time": -0.162, "sig_time": 0.597, "se_time": 0.301, "sce": 34.7, "nsm": null, "valid_obs": 20, "valid_span": 20, "significant": false }, "geometry": { "type": "Point", "coordinates": [ 179.557337516032675, -16.600882773301493 ] } },
{ "type": "Feature", "properties": { "uid": "rvp9tcvuee", "rate_time": -0.327, "sig_time": 0.121, "se_time": 0.201, "sce": 16.44, "nsm": null, "valid_obs": 20, "valid_span": 20, "significant": false }, "geometry": { "type": "Point", "coordinates": [ 179.557613294306265, -16.600925229904863 ] } },
{ "type": "Feature", "properties": { "uid": "rvp9tcyh6j", "rate_time": -0.231, "sig_time": 0.221, "se_time": 0.182, "sce": 16.42, "nsm": null, "valid_obs": 20, "valid_span": 20, "significant": false }, "geometry": { "type": "Point", "coordinates": [ 179.557892329501328, -16.60095620007295 ] } },
{ "type": "Feature", "properties": { "uid": "rvp9tcyk8d", "rate_time": -0.291, "sig_time": 0.086, "se_time": 0.16, "sce": 14.13, "nsm": null, "valid_obs": 20, "valid_span": 20, "significant": false }, "geometry": { "type": "Point", "coordinates": [ 179.55817120691006, -16.600930010511611 ] } },
{ "type": "Feature", "properties": { "uid": "rvp9tcykx0", "rate_time": -0.301, "sig_time": 0.102, "se_time": 0.175, "sce": 19.3, "nsm": null, "valid_obs": 20, "valid_span": 20, "significant": false }, "geometry": { "type": "Point", "coordinates": [ 179.55845144130916, -16.600940300464735 ] } },
{ "type": "Feature", "properties": { "uid": "rvp9tcysm9", "rate_time": -0.218, "sig_time": 0.071, "se_time": 0.113, "sce": 10.29, "nsm": null, "valid_obs": 19, "valid_span": 20, "significant": false }, "geometry": { "type": "Point", "coordinates": [ 179.558729332327971, -16.600979478281015 ] } },
{ "type": "Feature", "properties": { "uid": "rvp9tcyuh1", "rate_time": -0.201, "sig_time": 0.09, "se_time": 0.112, "sce": 9.27, "nsm": null, "valid_obs": 19, "valid_span": 20, "significant": false }, "geometry": { "type": "Point", "coordinates": [ 179.559007317055091, -16.601018997317144 ] } },
{ "type": "Feature", "properties": { "uid": "rvp9tcz5ft", "rate_time": -0.124, "sig_time": 0.38, "se_time": 0.137, "sce": 11.01, "nsm": null, "valid_obs": 19, "valid_span": 20, "significant": false }, "geometry": { "type": "Point", "coordinates": [ 179.559287321543223, -16.601040346761806 ] } },
{ "type": "Feature", "properties": { "uid": "rvp9tczk1p", "rate_time": -0.112, "sig_time": 0.48, "se_time": 0.155, "sce": 11.41, "nsm": null, "valid_obs": 19, "valid_span": 20, "significant": false }, "geometry": { "type": "Point", "coordinates": [ 179.559561039512431, -16.600987681109512 ] } },
{ "type": "Feature", "properties": { "uid": "rvp9tczmn9", "rate_time": -0.301, "sig_time": 0.11, "se_time": 0.179, "sce": 13.72, "nsm": null, "valid_obs": 19, "valid_span": 20, "significant": false }, "geometry": { "type": "Point", "coordinates": [ 179.559798428567348, -16.600848100018638 ] } },
{ "type": "Feature", "properties": { "uid": "rvp9tcztuj", "rate_time": -0.38, "sig_time": 0.033, "se_time": 0.164, "sce": 12.64, "nsm": null, "valid_obs": 19, "valid_span": 20, "significant": true }, "geometry": { "type": "Point", "coordinates": [ 179.560032620953763, -16.600698552440257 ] } },
{ "type": "Feature", "properties": { "uid": "rvp9tczyc3", "rate_time": -0.367, "sig_time": 0.019, "se_time": 0.142, "sce": 12.92, "nsm": null, "valid_obs": 19, "valid_span": 20, "significant": true }, "geometry": { "type": "Point", "coordinates": [ 179.560266950098196, -16.600549182308409 ] } },
{ "type": "Feature", "properties": { "uid": "rvp9tczzwu", "rate_time": -0.393, "sig_time": 0.018, "se_time": 0.15, "sce": 13.92, "nsm": null, "valid_obs": 19, "valid_span": 20, "significant": true }, "geometry": { "type": "Point", "coordinates": [ 179.560503375083016, -16.60040291182095 ] } },
{ "type": "Feature", "properties": { "uid": "rvp9w400kw", "rate_time": -0.398, "sig_time": 0.026, "se_time": 0.164, "sce": 14.56, "nsm": null, "valid_obs": 19, "valid_span": 20, "significant": true }, "geometry": { "type": "Point", "coordinates": [ 179.56074547951394, -16.600265470460496 ] } },
{ "type": "Feature", "properties": { "uid": "rvp9w40364", "rate_time": -0.294, "sig_time": 0.053, "se_time": 0.141, "sce": 12.73, "nsm": null, "valid_obs": 19, "valid_span": 20, "significant": false }, "geometry": { "type": "Point", "coordinates": [ 179.560978326453494, -16.600113808399811 ] } },
{ "type": "Feature", "properties": { "uid": "rvp9w406pw", "rate_time": -0.327, "sig_time": 0.034, "se_time": 0.142, "sce": 12.56, "nsm": null, "valid_obs": 19, "valid_span": 20, "significant": true }, "geometry": { "type": "Point", "coordinates": [ 179.561212210517994, -16.599963699404778 ] } },
{ "type": "Feature", "properties": { "uid": "rvp9w40dtw", "rate_time": -0.414, "sig_time": 0.003, "se_time": 0.119, "sce": 12.95, "nsm": null, "valid_obs": 19, "valid_span": 20, "significant": true }, "geometry": { "type": "Point", "coordinates": [ 179.561475089002045, -16.599876191150425 ] } },
{ "type": "Feature", "properties": { "uid": "rvp9w40fu1", "rate_time": -0.367, "sig_time": 0.021, "se_time": 0.145, "sce": 12.89, "nsm": null, "valid_obs": 19, "valid_span": 20, "significant": true }, "geometry": { "type": "Point", "coordinates": [ 179.561753418765761, -16.599859192867481 ] } },
{ "type": "Feature", "properties": { "uid": "rvp9w414fd", "rate_time": -0.371, "sig_time": 0.041, "se_time": 0.168, "sce": 15.24, "nsm": null, "valid_obs": 19, "valid_span": 20, "significant": true }, "geometry": { "type": "Point", "coordinates": [ 179.562034267535523, -16.59985478877935 ] } },
{ "type": "Feature", "properties": { "uid": "rvp9w41715", "rate_time": -0.218, "sig_time": 0.26, "se_time": 0.187, "sce": 17.42, "nsm": null, "valid_obs": 19, "valid_span": 20, "significant": false }, "geometry": { "type": "Point", "coordinates": [ 179.562309061907598, -16.599805675935219 ] } },
{ "type": "Feature", "properties": { "uid": "rvp9w417yb", "rate_time": -0.225, "sig_time": 0.259, "se_time": 0.192, "sce": 18.63, "nsm": null, "valid_obs": 19, "valid_span": 20, "significant": false }, "geometry": { "type": "Point", "coordinates": [ 179.562563561138973, -16.599695819132339 ] } },
{ "type": "Feature", "properties": { "uid": "rvp9w41ssn", "rate_time": -0.083, "sig_time": 0.735, "se_time": 0.241, "sce": 24.07, "nsm": null, "valid_obs": 19, "valid_span": 20, "significant": false }, "geometry": { "type": "Point", "coordinates": [ 179.562787680888022, -16.599533516392267 ] } },
{ "type": "Feature", "properties": { "uid": "rvp9w43f7w", "rate_time": -0.236, "sig_time": 0.016, "se_time": 0.088, "sce": 8.12, "nsm": null, "valid_obs": 19, "valid_span": 19, "significant": true }, "geometry": { "type": "Point", "coordinates": [ 179.563106491373645, -16.598548728202957 ] } },
{ "type": "Feature", "properties": { "uid": "rvp9w43u52", "rate_time": -0.205, "sig_time": 0.044, "se_time": 0.094, "sce": 7.92, "nsm": null, "valid_obs": 19, "valid_span": 19, "significant": true }, "geometry": { "type": "Point", "coordinates": [ 179.563094812000571, -16.598278044105985 ] } },
{ "type": "Feature", "properties": { "uid": "rvp9w43ve7", "rate_time": -0.14, "sig_time": 0.131, "se_time": 0.088, "sce": 7.05, "nsm": null, "valid_obs": 19, "valid_span": 19, "significant": false }, "geometry": { "type": "Point", "coordinates": [ 179.56309069673523, -16.598007127080326 ] } },
{ "type": "Feature", "properties": { "uid": "rvp9w43z5j", "rate_time": -0.095, "sig_time": 0.218, "se_time": 0.074, "sce": 5.88, "nsm": null, "valid_obs": 19, "valid_span": 19, "significant": false }, "geometry": { "type": "Point", "coordinates": [ 179.563083713544472, -16.597736293211835 ] } },
{ "type": "Feature", "properties": { "uid": "rvp9w49bfb", "rate_time": -0.068, "sig_time": 0.252, "se_time": 0.057, "sce": 4.78, "nsm": null, "valid_obs": 19, "valid_span": 19, "significant": false }, "geometry": { "type": "Point", "coordinates": [ 179.563069554042954, -16.597465694102649 ] } },
{ "type": "Feature", "properties": { "uid": "rvp9w49f6d", "rate_time": -0.041, "sig_time": 0.548, "se_time": 0.067, "sce": 4.89, "nsm": null, "valid_obs": 19, "valid_span": 19, "significant": false }, "geometry": { "type": "Point", "coordinates": [ 179.563059962772144, -16.597194931717763 ] } },
{ "type": "Feature", "properties": { "uid": "rvp9w49gfm", "rate_time": -0.075, "sig_time": 0.204, "se_time": 0.057, "sce": 4.72, "nsm": null, "valid_obs": 19, "valid_span": 19, "significant": false }, "geometry": { "type": "Point", "coordinates": [ 179.563057379241656, -16.596923998430622 ] } },
{ "type": "Feature", "properties": { "uid": "rvp9w49v6r", "rate_time": 0.05, "sig_time": 0.46, "se_time": 0.066, "sce": 5.03, "nsm": null, "valid_obs": 19, "valid_span": 19, "significant": false }, "geometry": { "type": "Point", "coordinates": [ 179.563048880509257, -16.596653280249594 ] } },
{ "type": "Feature", "properties": { "uid": "rvp9w49z19", "rate_time": -0.018, "sig_time": 0.864, "se_time": 0.102, "sce": 10.63, "nsm": null, "valid_obs": 20, "valid_span": 20, "significant": false }, "geometry": { "type": "Point", "coordinates": [ 179.563021362759628, -16.596383742667761 ] } },
{ "type": "Feature", "properties": { "uid": "rvp9w4cb8e", "rate_time": 0.346, "sig_time": 0.098, "se_time": 0.198, "sce": 25.77, "nsm": null, "valid_obs": 20, "valid_span": 20, "significant": false }, "geometry": { "type": "Point", "coordinates": [ 179.562976398198828, -16.596116325767923 ] } },
{ "type": "Feature", "properties": { "uid": "rvp9w4cdpm", "rate_time": -0.17, "sig_time": 0.161, "se_time": 0.116, "sce": 12.33, "nsm": null, "valid_obs": 19, "valid_span": 20, "significant": false }, "geometry": { "type": "Point", "coordinates": [ 179.562922220389112, -16.595850463576689 ] } },
{ "type": "Feature", "properties": { "uid": "rvp9w4cewn", "rate_time": -0.225, "sig_time": 0.143, "se_time": 0.147, "sce": 14.3, "nsm": null, "valid_obs": 19, "valid_span": 20, "significant": false }, "geometry": { "type": "Point", "coordinates": [ 179.562871818729832, -16.595584089707081 ] } },
{ "type": "Feature", "properties": { "uid": "rvp9w4ctm9", "rate_time": -0.096, "sig_time": 0.433, "se_time": 0.12, "sce": 11.84, "nsm": null, "valid_obs": 19, "valid_span": 20, "significant": false }, "geometry": { "type": "Point", "coordinates": [ 179.562844825665621, -16.595314405643499 ] } },
{ "type": "Feature", "properties": { "uid": "rvp9w4cwv5", "rate_time": -0.011, "sig_time": 0.902, "se_time": 0.09, "sce": 8.13, "nsm": null, "valid_obs": 19, "valid_span": 20, "significant": false }, "geometry": { "type": "Point", "coordinates": [ 179.562822179459516, -16.595044347938071 ] } },
{ "type": "Feature", "properties": { "uid": "rvp9w518km", "rate_time": -0.048, "sig_time": 0.589, "se_time": 0.086, "sce": 7.13, "nsm": null, "valid_obs": 19, "valid_span": 20, "significant": false }, "geometry": { "type": "Point", "coordinates": [ 179.562794248816715, -16.594774746546026 ] } },
{ "type": "Feature", "properties": { "uid": "rvp9w519gx", "rate_time": -0.11, "sig_time": 0.226, "se_time": 0.088, "sce": 8.12, "nsm": null, "valid_obs": 19, "valid_span": 20, "significant": false }, "geometry": { "type": "Point", "coordinates": [ 179.562764588604779, -16.594505332611636 ] } },
{ "type": "Feature", "properties": { "uid": "rvp9w56p7p", "rate_time": -0.182, "sig_time": 0.061, "se_time": 0.09, "sce": 8.84, "nsm": null, "valid_obs": 19, "valid_span": 20, "significant": false }, "geometry": { "type": "Point", "coordinates": [ 179.563432633278694, -16.592191431137078 ] } },
{ "type": "Feature", "properties": { "uid": "rvp9w5d0vw", "rate_time": -0.185, "sig_time": 0.186, "se_time": 0.134, "sce": 10.19, "nsm": null, "valid_obs": 19, "valid_span": 20, "significant": false }, "geometry": { "type": "Point", "coordinates": [ 179.563536921656578, -16.591940216971189 ] } },
{ "type": "Feature", "properties": { "uid": "rvp9w5d62d", "rate_time": -0.36, "sig_time": 0.011, "se_time": 0.127, "sce": 11.44, "nsm": null, "valid_obs": 19, "valid_span": 20, "significant": true }, "geometry": { "type": "Point", "coordinates": [ 179.563663904761768, -16.591700619158686 ] } },
{ "type": "Feature", "properties": { "uid": "rvp9w5d7mm", "rate_time": -0.492, "sig_time": 0.006, "se_time": 0.157, "sce": 14.01, "nsm": null, "valid_obs": 19, "valid_span": 20, "significant": true }, "geometry": { "type": "Point", "coordinates": [ 179.563864640188058, -16.591515082637294 ] } },
{ "type": "Feature", "properties": { "uid": "rvp9w5ds6b", "rate_time": -0.371, "sig_time": 0.047, "se_time": 0.173, "sce": 14.81, "nsm": null, "valid_obs": 19, "valid_span": 20, "significant": true }, "geometry": { "type": "Point", "coordinates": [ 179.564101551917105, -16.591369834821005 ] } },
{ "type": "Feature", "properties": { "uid": "rvp9w5dv0h", "rate_time": -0.34, "sig_time": 0.056, "se_time": 0.166, "sce": 15.75, "nsm": null, "valid_obs": 19, "valid_span": 20, "significant": false }, "geometry": { "type": "Point", "coordinates": [ 179.564334127293705, -16.591219802396314 ] } },
{ "type": "Feature", "properties": { "uid": "rvp9w5dyjj", "rate_time": -0.411, "sig_time": 0.016, "se_time": 0.153, "sce": 14.15, "nsm": null, "valid_obs": 19, "valid_span": 20, "significant": true }, "geometry": { "type": "Point", "coordinates": [ 179.564545773200308, -16.59104161224127 ] } },
{ "type": "Feature", "properties": { "uid": "rvp9w5ep3c", "rate_time": -0.56, "sig_time": 0.0, "se_time": 0.129, "sce": 13.84, "nsm": null, "valid_obs": 19, "valid_span": 20, "significant": true }, "geometry": { "type": "Point", "coordinates": [ 179.564742877252911, -16.590848534376743 ] } },
{ "type": "Feature", "properties": { "uid": "rvp9w5g7jb", "rate_time": -0.366, "sig_time": 0.013, "se_time": 0.132, "sce": 9.41, "nsm": null, "valid_obs": 19, "valid_span": 19, "significant": true }, "geometry": { "type": "Point", "coordinates": [ 179.565261550120852, -16.590209058839307 ] } },
{ "type": "Feature", "properties": { "uid": "rvp9w5gs2v", "rate_time": -0.26, "sig_time": 0.042, "se_time": 0.118, "sce": 8.98, "nsm": null, "valid_obs": 19, "valid_span": 19, "significant": true }, "geometry": { "type": "Point", "coordinates": [ 179.565394252229368, -16.589970778653857 ] } },
{ "type": "Feature", "properties": { "uid": "rvp9w5gtft", "rate_time": -0.25, "sig_time": 0.042, "se_time": 0.114, "sce": 8.87, "nsm": null, "valid_obs": 19, "valid_span": 19, "significant": true }, "geometry": { "type": "Point", "coordinates": [ 179.56546971515283, -16.589710923159068 ] } },
{ "type": "Feature", "properties": { "uid": "rvp9w5gx7p", "rate_time": -0.194, "sig_time": 0.06, "se_time": 0.096, "sce": 7.23, "nsm": null, "valid_obs": 19, "valid_span": 19, "significant": false }, "geometry": { "type": "Point", "coordinates": [ 179.565489673385713, -16.589441860582532 ] } },
{ "type": "Feature", "properties": { "uid": "rvp9wh594d", "rate_time": 0.017, "sig_time": 0.817, "se_time": 0.074, "sce": 6.73, "nsm": null, "valid_obs": 19, "valid_span": 19, "significant": false }, "geometry": { "type": "Point", "coordinates": [ 179.565463476253058, -16.589172702536896 ] } },
{ "type": "Feature", "properties": { "uid": "rvp9wh5d9e", "rate_time": 0.073, "sig_time": 0.103, "se_time": 0.042, "sce": 4.26, "nsm": null, "valid_obs": 19, "valid_span": 19, "significant": false }, "geometry": { "type": "Point", "coordinates": [ 179.56541976296748, -16.588905079211919 ] } },
{ "type": "Feature", "properties": { "uid": "rvp9wh5s0j", "rate_time": 0.269, "sig_time": 0.002, "se_time": 0.072, "sce": 8.39, "nsm": null, "valid_obs": 19, "valid_span": 19, "significant": true }, "geometry": { "type": "Point", "coordinates": [ 179.565357660835588, -16.588641041973126 ] } },
{ "type": "Feature", "properties": { "uid": "rvp9wh5mte", "rate_time": 0.212, "sig_time": 0.082, "se_time": 0.115, "sce": 11.05, "nsm": null, "valid_obs": 19, "valid_span": 19, "significant": false }, "geometry": { "type": "Point", "coordinates": [ 179.565248019896416, -16.588392695962419 ] } },
{ "type": "Feature", "properties": { "uid": "rvp9wh5qfn", "rate_time": 0.198, "sig_time": 0.024, "se_time": 0.08, "sce": 9.68, "nsm": null, "valid_obs": 19, "valid_span": 19, "significant": true }, "geometry": { "type": "Point", "coordinates": [ 179.565104129254962, -16.588160697228425 ] } },
{ "type": "Feature", "properties": { "uid": "rvp9wh70re", "rate_time": 0.053, "sig_time": 0.542, "se_time": 0.086, "sce": 9.45, "nsm": null, "valid_obs": 19, "valid_span": 19, "significant": false }, "geometry": { "type": "Point", "coordinates": [ 179.564990110241354, -16.587921627984972 ] } },
{ "type": "Feature", "properties": { "uid": "rvp9wh71zu", "rate_time": -0.068, "sig_time": 0.399, "se_time": 0.078, "sce": 8.04, "nsm": null, "valid_obs": 19, "valid_span": 19, "significant": false }, "geometry": { "type": "Point", "coordinates": [ 179.56500538659111, -16.587657406946356 ] } },
{ "type": "Feature", "properties": { "uid": "rvp9wh773u", "rate_time": -0.089, "sig_time": 0.323, "se_time": 0.087, "sce": 8.81, "nsm": null, "valid_obs": 19, "valid_span": 19, "significant": false }, "geometry": { "type": "Point", "coordinates": [ 179.565087327146301, -16.587399293901196 ] } },
{ "type": "Feature", "properties": { "uid": "rvp9wh7kfq", "rate_time": -0.004, "sig_time": 0.969, "se_time": 0.101, "sce": 7.99, "nsm": null, "valid_obs": 19, "valid_span": 19, "significant": false }, "geometry": { "type": "Point", "coordinates": [ 179.565110113508723, -16.58713144188696 ] } },
{ "type": "Feature", "properties": { "uid": "rvp9wh7q3p", "rate_time": -0.071, "sig_time": 0.455, "se_time": 0.093, "sce": 8.74, "nsm": null, "valid_obs": 19, "valid_span": 19, "significant": false }, "geometry": { "type": "Point", "coordinates": [ 179.565054592154922, -16.586867658370938 ] } },
{ "type": "Feature", "properties": { "uid": "rvp9wh7pyq", "rate_time": -0.201, "sig_time": 0.017, "se_time": 0.076, "sce": 7.86, "nsm": null, "valid_obs": 19, "valid_span": 19, "significant": true }, "geometry": { "type": "Point", "coordinates": [ 179.56494316102507, -16.586618988191248 ] } },
{ "type": "Feature", "properties": { "uid": "rvp9whe17e", "rate_time": -0.033, "sig_time": 0.728, "se_time": 0.092, "sce": 10.22, "nsm": null, "valid_obs": 19, "valid_span": 19, "significant": false }, "geometry": { "type": "Point", "coordinates": [ 179.564819690085955, -16.586375640795225 ] } },
{ "type": "Feature", "properties": { "uid": "rvp9whe48r", "rate_time": -0.207, "sig_time": 0.006, "se_time": 0.065, "sce": 7.55, "nsm": null, "valid_obs": 19, "valid_span": 19, "significant": true }, "geometry": { "type": "Point", "coordinates": [ 179.56468494297394, -16.58613790226811 ] } },
{ "type": "Feature", "properties": { "uid": "rvp9wj5g92", "rate_time": -0.258, "sig_time": 0.143, "se_time": 0.167, "sce": 13.32, "nsm": null, "valid_obs": 17, "valid_span": 20, "significant": false }, "geometry": { "type": "Point", "coordinates": [ 179.565758400174388, -16.583258383881308 ] } },
{ "type": "Feature", "properties": { "uid": "rvp9wj5gzw", "rate_time": -0.223, "sig_time": 0.387, "se_time": 0.251, "sce": 17.81, "nsm": null, "valid_obs": 17, "valid_span": 20, "significant": false }, "geometry": { "type": "Point", "coordinates": [ 179.566026792071, -16.583181258313417 ] } },
{ "type": "Feature", "properties": { "uid": "rvp9wjhhmy", "rate_time": -0.262, "sig_time": 0.29, "se_time": 0.239, "sce": 16.83, "nsm": null, "valid_obs": 17, "valid_span": 20, "significant": false }, "geometry": { "type": "Point", "coordinates": [ 179.566293271995733, -16.583096940925266 ] } },
{ "type": "Feature", "properties": { "uid": "rvp9wjhkup", "rate_time": -0.288, "sig_time": 0.078, "se_time": 0.152, "sce": 12.76, "nsm": null, "valid_obs": 17, "valid_span": 20, "significant": false }, "geometry": { "type": "Point", "coordinates": [ 179.566557729882391, -16.583005453696835 ] } },
{ "type": "Feature", "properties": { "uid": "rvp9wjht67", "rate_time": -0.191, "sig_time": 0.142, "se_time": 0.123, "sce": 12.25, "nsm": null, "valid_obs": 17, "valid_span": 20, "significant": false }, "geometry": { "type": "Point", "coordinates": [ 179.566829839517197, -16.582943631990847 ] } },
{ "type": "Feature", "properties": { "uid": "rvp9wjhv2g", "rate_time": -0.2, "sig_time": 0.084, "se_time": 0.108, "sce": 10.35, "nsm": null, "valid_obs": 17, "valid_span": 20, "significant": false }, "geometry": { "type": "Point", "coordinates": [ 179.567108803382922, -16.58294025408496 ] } },
{ "type": "Feature", "properties": { "uid": "rvp9wjhvp6", "rate_time": -0.224, "sig_time": 0.011, "se_time": 0.077, "sce": 7.28, "nsm": null, "valid_obs": 17, "valid_span": 20, "significant": true }, "geometry": { "type": "Point", "coordinates": [ 179.567384173728641, -16.582989488269863 ] } },
{ "type": "Feature", "properties": { "uid": "rvp9wjjhtt", "rate_time": -0.229, "sig_time": 0.01, "se_time": 0.078, "sce": 6.97, "nsm": null, "valid_obs": 17, "valid_span": 20, "significant": true }, "geometry": { "type": "Point", "coordinates": [ 179.567655034762765, -16.583061451789884 ] } },
{ "type": "Feature", "properties": { "uid": "rvp9wjjkkp", "rate_time": 0.376, "sig_time": 0.271, "se_time": 0.329, "sce": 35.47, "nsm": null, "valid_obs": 17, "valid_span": 20, "significant": false }, "geometry": { "type": "Point", "coordinates": [ 179.567929411040836, -16.583091982385842 ] } },
{ "type": "Feature", "properties": { "uid": "rvp9wjjv0d", "rate_time": -0.228, "sig_time": 0.235, "se_time": 0.184, "sce": 12.14, "nsm": null, "valid_obs": 16, "valid_span": 19, "significant": false }, "geometry": { "type": "Point", "coordinates": [ 179.568475079379738, -16.582987983832663 ] } },
{ "type": "Feature", "properties": { "uid": "rvp9wjjuwz", "rate_time": -0.257, "sig_time": 0.212, "se_time": 0.197, "sce": 13.68, "nsm": null, "valid_obs": 16, "valid_span": 19, "significant": false }, "geometry": { "type": "Point", "coordinates": [ 179.568738137533359, -16.583047795126802 ] } },
{ "type": "Feature", "properties": { "uid": "rvp9why4dc", "rate_time": 0.948, "sig_time": 0.0, "se_time": 0.107, "sce": 21.9, "nsm": null, "valid_obs": 17, "valid_span": 20, "significant": true }, "geometry": { "type": "Point", "coordinates": [ 179.568913931540408, -16.584797963141792 ] } },
{ "type": "Feature", "properties": { "uid": "rvp9wjn5e7", "rate_time": -0.662, "sig_time": 0.036, "se_time": 0.287, "sce": 32.4, "nsm": null, "valid_obs": 17, "valid_span": 20, "significant": true }, "geometry": { "type": "Point", "coordinates": [ 179.568929007634182, -16.583242595772006 ] } },
{ "type": "Feature", "properties": { "uid": "rvp9wjn4jk", "rate_time": -0.095, "sig_time": 0.607, "se_time": 0.18, "sce": 12.77, "nsm": null, "valid_obs": 17, "valid_span": 20, "significant": false }, "geometry": { "type": "Point", "coordinates": [ 179.56902202246016, -16.583495019211277 ] } },
{ "type": "Feature", "properties": { "uid": "rvp9wjn0w6", "rate_time": -0.067, "sig_time": 0.585, "se_time": 0.12, "sce": 10.01, "nsm": null, "valid_obs": 17, "valid_span": 20, "significant": false }, "geometry": { "type": "Point", "coordinates": [ 179.569055390544321, -16.583763233451855 ] } },
{ "type": "Feature", "properties": { "uid": "rvp9why1r4", "rate_time": 0.7, "sig_time": 0.0, "se_time": 0.124, "sce": 18.4, "nsm": null, "valid_obs": 17, "valid_span": 20, "significant": true }, "geometry": { "type": "Point", "coordinates": [ 179.569087275547275, -16.585008692755739 ] } },
{ "type": "Feature", "properties": { "uid": "rvp9wk9fy5", "rate_time": -0.211, "sig_time": 0.29, "se_time": 0.192, "sce": 12.18, "nsm": null, "valid_obs": 16, "valid_span": 19, "significant": false }, "geometry": { "type": "Point", "coordinates": [ 179.574199486101662, -16.586119491884382 ] } },
{ "type": "Feature", "properties": { "uid": "rvp9wk9dzt", "rate_time": -0.369, "sig_time": 0.03, "se_time": 0.153, "sce": 13.91, "nsm": null, "valid_obs": 16, "valid_span": 19, "significant": true }, "geometry": { "type": "Point", "coordinates": [ 179.57391891404464, -16.58610963032292 ] } },
{ "type": "Feature", "properties": { "uid": "rvp9wk9e10", "rate_time": -0.437, "sig_time": 0.015, "se_time": 0.157, "sce": 15.57, "nsm": null, "valid_obs": 16, "valid_span": 19, "significant": true }, "geometry": { "type": "Point", "coordinates": [ 179.573638653063, -16.586091354755162 ] } },
{ "type": "Feature", "properties": { "uid": "rvp9wk9749", "rate_time": -0.356, "sig_time": 0.025, "se_time": 0.142, "sce": 12.74, "nsm": null, "valid_obs": 16, "valid_span": 19, "significant": true }, "geometry": { "type": "Point", "coordinates": [ 179.573357822562855, -16.586084729219177 ] } },
{ "type": "Feature", "properties": { "uid": "rvp9wk955c", "rate_time": -0.225, "sig_time": 0.099, "se_time": 0.127, "sce": 9.33, "nsm": null, "valid_obs": 16, "valid_span": 19, "significant": false }, "geometry": { "type": "Point", "coordinates": [ 179.57307686615033, -16.586083243696606 ] } },
{ "type": "Feature", "properties": { "uid": "rvp9wk8gj7", "rate_time": -0.134, "sig_time": 0.321, "se_time": 0.13, "sce": 8.89, "nsm": null, "valid_obs": 16, "valid_span": 19, "significant": false }, "geometry": { "type": "Point", "coordinates": [ 179.572795984217663, -16.586077094552468 ] } },
{ "type": "Feature", "properties": { "uid": "rvp9wkd5hm", "rate_time": -0.155, "sig_time": 0.444, "se_time": 0.197, "sce": 12.1, "nsm": null, "valid_obs": 16, "valid_span": 19, "significant": false }, "geometry": { "type": "Point", "coordinates": [ 179.574470828527382, -16.58606546450698 ] } },
{ "type": "Feature", "properties": { "uid": "rvp9wk8enz", "rate_time": -0.037, "sig_time": 0.816, "se_time": 0.157, "sce": 11.67, "nsm": null, "valid_obs": 16, "valid_span": 19, "significant": false }, "geometry": { "type": "Point", "coordinates": [ 179.572516649997709, -16.586053786918967 ] } },
{ "type": "Feature", "properties": { "uid": "rvp9wk8e8d", "rate_time": -0.121, "sig_time": 0.491, "se_time": 0.171, "sce": 13.18, "nsm": null, "valid_obs": 16, "valid_span": 19, "significant": false }, "geometry": { "type": "Point", "coordinates": [ 179.57224265585333, -16.585995887742627 ] } },
{ "type": "Feature", "properties": { "uid": "rvp9wk87fp", "rate_time": -0.255, "sig_time": 0.124, "se_time": 0.156, "sce": 11.88, "nsm": null, "valid_obs": 16, "valid_span": 19, "significant": false }, "geometry": { "type": "Point", "coordinates": [ 179.571971258705958, -16.585927155983672 ] } },
{ "type": "Feature", "properties": { "uid": "rvp9wk8h7b", "rate_time": -0.883, "sig_time": 0.035, "se_time": 0.38, "sce": 43.7, "nsm": null, "valid_obs": 17, "valid_span": 20, "significant": true }, "geometry": { "type": "Point", "coordinates": [ 179.571694826877092, -16.58587866924908 ] } },
{ "type": "Feature", "properties": { "uid": "rvp9whxut7", "rate_time": 0.067, "sig_time": 0.741, "se_time": 0.198, "sce": 19.08, "nsm": null, "valid_obs": 17, "valid_span": 20, "significant": false }, "geometry": { "type": "Point", "coordinates": [ 179.571422373761862, -16.585816919096274 ] } },
{ "type": "Feature", "properties": { "uid": "rvp9whxtpq", "rate_time": -0.051, "sig_time": 0.777, "se_time": 0.178, "sce": 13.46, "nsm": null, "valid_obs": 17, "valid_span": 20, "significant": false }, "geometry": { "type": "Point", "coordinates": [ 179.571161052808293, -16.585717476514592 ] } },
{ "type": "Feature", "properties": { "uid": "rvp9whxt9p", "rate_time": -0.003, "sig_time": 0.983, "se_time": 0.143, "sce": 11.39, "nsm": null, "valid_obs": 17, "valid_span": 20, "significant": false }, "geometry": { "type": "Point", "coordinates": [ 179.570898009645191, -16.585622420259678 ] } },
{ "type": "Feature", "properties": { "uid": "rvp9whxq7h", "rate_time": 0.053, "sig_time": 0.714, "se_time": 0.141, "sce": 12.17, "nsm": null, "valid_obs": 17, "valid_span": 20, "significant": false }, "geometry": { "type": "Point", "coordinates": [ 179.570641232811084, -16.585512599803696 ] } },
{ "type": "Feature", "properties": { "uid": "rvp9whxpjk", "rate_time": -0.035, "sig_time": 0.759, "se_time": 0.112, "sce": 9.28, "nsm": null, "valid_obs": 17, "valid_span": 20, "significant": false }, "geometry": { "type": "Point", "coordinates": [ 179.57039330968027, -16.585385152736592 ] } },
{ "type": "Feature", "properties": { "uid": "rvp9whwz2t", "rate_time": 0.647, "sig_time": 0.001, "se_time": 0.164, "sce": 18.25, "nsm": null, "valid_obs": 17, "valid_span": 20, "significant": true }, "geometry": { "type": "Point", "coordinates": [ 179.569838982094154, -16.585335110418537 ] } },
{ "type": "Feature", "properties": { "uid": "rvp9whwzrn", "rate_time": 0.252, "sig_time": 0.014, "se_time": 0.091, "sce": 9.76, "nsm": null, "valid_obs": 17, "valid_span": 20, "significant": true }, "geometry": { "type": "Point", "coordinates": [ 179.570119310412878, -16.585332042889526 ] } },
{ "type": "Feature", "properties": { "uid": "rvp9whwxdj", "rate_time": 0.836, "sig_time": 0.0, "se_time": 0.176, "sce": 21.36, "nsm": null, "valid_obs": 17, "valid_span": 20, "significant": true }, "geometry": { "type": "Point", "coordinates": [ 179.569562783926528, -16.585290156683708 ] } },
{ "type": "Feature", "properties": { "uid": "rvp9why2kk", "rate_time": 0.688, "sig_time": 0.0, "se_time": 0.139, "sce": 18.04, "nsm": null, "valid_obs": 17, "valid_span": 20, "significant": true }, "geometry": { "type": "Point", "coordinates": [ 179.569314880273623, -16.585166763563731 ] } },
{ "type": "Feature", "properties": { "uid": "rvp9wkf7ej", "rate_time": 0.539, "sig_time": 0.0, "se_time": 0.093, "sce": 12.31, "nsm": null, "valid_obs": 18, "valid_span": 19, "significant": true }, "geometry": { "type": "Point", "coordinates": [ 179.574752861671953, -16.58460742812743 ] } },
{ "type": "Feature", "properties": { "uid": "rvp9wkfm1j", "rate_time": 0.414, "sig_time": 0.0, "se_time": 0.079, "sce": 11.02, "nsm": null, "valid_obs": 18, "valid_span": 19, "significant": true }, "geometry": { "type": "Point", "coordinates": [ 179.57466759134212, -16.584349278347279 ] } },
{ "type": "Feature", "properties": { "uid": "rvp9wkfnxj", "rate_time": 0.35, "sig_time": 0.001, "se_time": 0.08, "sce": 9.21, "nsm": null, "valid_obs": 18, "valid_span": 19, "significant": true }, "geometry": { "type": "Point", "coordinates": [ 179.574588112777604, -16.584089701838607 ] } },
{ "type": "Feature", "properties": { "uid": "rvp9wm40h4", "rate_time": 0.16, "sig_time": 0.248, "se_time": 0.134, "sce": 9.28, "nsm": null, "valid_obs": 18, "valid_span": 19, "significant": false }, "geometry": { "type": "Point", "coordinates": [ 179.574457489310504, -16.583849821601216 ] } },
{ "type": "Feature", "properties": { "uid": "rvp9wm413n", "rate_time": 0.589, "sig_time": 0.0, "se_time": 0.102, "sce": 12.03, "nsm": null, "valid_obs": 18, "valid_span": 19, "significant": true }, "geometry": { "type": "Point", "coordinates": [ 179.574324648949897, -16.583611074194025 ] } },
{ "type": "Feature", "properties": { "uid": "rvp9wm1fv9", "rate_time": 0.726, "sig_time": 0.0, "se_time": 0.141, "sce": 14.9, "nsm": null, "valid_obs": 18, "valid_span": 19, "significant": true }, "geometry": { "type": "Point", "coordinates": [ 179.57417714421905, -16.583380615395274 ] } },
{ "type": "Feature", "properties": { "uid": "rvp9wm1u4h", "rate_time": 0.995, "sig_time": 0.007, "se_time": 0.327, "sce": 41.56, "nsm": null, "valid_obs": 19, "valid_span": 19, "significant": true }, "geometry": { "type": "Point", "coordinates": [ 179.574030462011336, -16.583149569400284 ] } },
{ "type": "Feature", "properties": { "uid": "rvp9wm1tqm", "rate_time": 0.852, "sig_time": 0.0, "se_time": 0.154, "sce": 20.08, "nsm": null, "valid_obs": 19, "valid_span": 19, "significant": true }, "geometry": { "type": "Point", "coordinates": [ 179.57386316972827, -16.582932743109545 ] } },
{ "type": "Feature", "properties": { "uid": "rvp9wm1wd5", "rate_time": 0.796, "sig_time": 0.0, "se_time": 0.174, "sce": 22.3, "nsm": null, "valid_obs": 19, "valid_span": 19, "significant": true }, "geometry": { "type": "Point", "coordinates": [ 179.573682213450752, -16.582725532210794 ] } },
{ "type": "Feature", "properties": { "uid": "rvp9wm334q", "rate_time": 0.895, "sig_time": 0.0, "se_time": 0.206, "sce": 24.87, "nsm": null, "valid_obs": 19, "valid_span": 19, "significant": true }, "geometry": { "type": "Point", "coordinates": [ 179.573355611911524, -16.582285106932364 ] } },
{ "type": "Feature", "properties": { "uid": "rvp9wm1ry5", "rate_time": 0.783, "sig_time": 0.0, "se_time": 0.166, "sce": 22.84, "nsm": null, "valid_obs": 19, "valid_span": 19, "significant": true }, "geometry": { "type": "Point", "coordinates": [ 179.573510831040693, -16.582510831499714 ] } },
{ "type": "Feature", "properties": { "uid": "rvp9wnssj2", "rate_time": 0.065, "sig_time": 0.756, "se_time": 0.206, "sce": 21.38, "nsm": null, "valid_obs": 18, "valid_span": 23, "significant": false }, "geometry": { "type": "Point", "coordinates": [ 179.566953847755656, -16.57493559313998 ] } },
{ "type": "Feature", "properties": { "uid": "rvp9wnskng", "rate_time": -0.237, "sig_time": 0.318, "se_time": 0.23, "sce": 26.21, "nsm": null, "valid_obs": 18, "valid_span": 23, "significant": false }, "geometry": { "type": "Point", "coordinates": [ 179.56667429003258, -16.574916115171618 ] } },
{ "type": "Feature", "properties": { "uid": "rvp9wngf5w", "rate_time": 0.197, "sig_time": 0.246, "se_time": 0.164, "sce": 15.76, "nsm": null, "valid_obs": 19, "valid_span": 23, "significant": false }, "geometry": { "type": "Point", "coordinates": [ 179.565856904698791, -16.573869684594772 ] } },
{ "type": "Feature", "properties": { "uid": "rvp9wnger1", "rate_time": 0.414, "sig_time": 0.065, "se_time": 0.21, "sce": 24.19, "nsm": null, "valid_obs": 19, "valid_span": 23, "significant": false }, "geometry": { "type": "Point", "coordinates": [ 179.565654962790916, -16.573682275754681 ] } },
{ "type": "Feature", "properties": { "uid": "rvp9wngs1t", "rate_time": 0.543, "sig_time": 0.033, "se_time": 0.233, "sce": 29.92, "nsm": null, "valid_obs": 19, "valid_span": 23, "significant": true }, "geometry": { "type": "Point", "coordinates": [ 179.565419811563515, -16.573535195350665 ] } },
{ "type": "Feature", "properties": { "uid": "rvp9wnjudv", "rate_time": 0.048, "sig_time": 0.89, "se_time": 0.343, "sce": 43.92, "nsm": null, "valid_obs": 20, "valid_span": 23, "significant": false }, "geometry": { "type": "Point", "coordinates": [ 179.568571798641898, -16.577564871932569 ] } },
{ "type": "Feature", "properties": { "uid": "rvp9wnn58p", "rate_time": 0.472, "sig_time": 0.002, "se_time": 0.129, "sce": 18.57, "nsm": null, "valid_obs": 20, "valid_span": 23, "significant": true }, "geometry": { "type": "Point", "coordinates": [ 179.568795518654952, -16.577728725543675 ] } },
{ "type": "Feature", "properties": { "uid": "rvp9wnn4tr", "rate_time": 0.436, "sig_time": 0.037, "se_time": 0.193, "sce": 27.1, "nsm": null, "valid_obs": 20, "valid_span": 23, "significant": true }, "geometry": { "type": "Point", "coordinates": [ 179.569015002782209, -16.577897825880108 ] } },
{ "type": "Feature", "properties": { "uid": "rvp9wnn3fe", "rate_time": 0.454, "sig_time": 0.023, "se_time": 0.183, "sce": 26.11, "nsm": null, "valid_obs": 20, "valid_span": 23, "significant": true }, "geometry": { "type": "Point", "coordinates": [ 179.569246934878095, -16.578049056810254 ] } },
{ "type": "Feature", "properties": { "uid": "rvp9wnn90s", "rate_time": 0.579, "sig_time": 0.004, "se_time": 0.173, "sce": 25.5, "nsm": null, "valid_obs": 20, "valid_span": 23, "significant": true }, "geometry": { "type": "Point", "coordinates": [ 179.56949651563815, -16.578173133617902 ] } },
{ "type": "Feature", "properties": { "uid": "rvp9wnn8w8", "rate_time": 0.453, "sig_time": 0.002, "se_time": 0.128, "sce": 17.36, "nsm": null, "valid_obs": 20, "valid_span": 23, "significant": true }, "geometry": { "type": "Point", "coordinates": [ 179.569755281161974, -16.578278508805624 ] } },
{ "type": "Feature", "properties": { "uid": "rvp9wjyzuw", "rate_time": 0.388, "sig_time": 0.001, "se_time": 0.102, "sce": 13.32, "nsm": null, "valid_obs": 20, "valid_span": 23, "significant": true }, "geometry": { "type": "Point", "coordinates": [ 179.570016670589524, -16.578376911053791 ] } },
{ "type": "Feature", "properties": { "uid": "rvp9wjzp45", "rate_time": 0.47, "sig_time": 0.0, "se_time": 0.109, "sce": 14.86, "nsm": null, "valid_obs": 20, "valid_span": 23, "significant": true }, "geometry": { "type": "Point", "coordinates": [ 179.570254774952105, -16.578519992111673 ] } },
{ "type": "Feature", "properties": { "uid": "rvp9wjznnb", "rate_time": 0.368, "sig_time": 0.003, "se_time": 0.105, "sce": 12.94, "nsm": null, "valid_obs": 20, "valid_span": 23, "significant": true }, "geometry": { "type": "Point", "coordinates": [ 179.570452768992141, -16.578711806588835 ] } },
{ "type": "Feature", "properties": { "uid": "rvp9wjzkg1", "rate_time": 0.263, "sig_time": 0.005, "se_time": 0.083, "sce": 10.11, "nsm": null, "valid_obs": 20, "valid_span": 23, "significant": true }, "geometry": { "type": "Point", "coordinates": [ 179.570633631799751, -16.578919032688184 ] } },
{ "type": "Feature", "properties": { "uid": "rvp9wjz7xt", "rate_time": 0.096, "sig_time": 0.224, "se_time": 0.076, "sce": 6.64, "nsm": null, "valid_obs": 20, "valid_span": 23, "significant": false }, "geometry": { "type": "Point", "coordinates": [ 179.570828119749223, -16.579113828242331 ] } },
{ "type": "Feature", "properties": { "uid": "rvp9wjzdst", "rate_time": 0.141, "sig_time": 0.056, "se_time": 0.069, "sce": 6.88, "nsm": null, "valid_obs": 20, "valid_span": 23, "significant": false }, "geometry": { "type": "Point", "coordinates": [ 179.571045764878079, -16.57928503188684 ] } },
{ "type": "Feature", "properties": { "uid": "rvp9wjzccb", "rate_time": 0.231, "sig_time": 0.006, "se_time": 0.073, "sce": 7.62, "nsm": null, "valid_obs": 20, "valid_span": 23, "significant": true }, "geometry": { "type": "Point", "coordinates": [ 179.571274761591866, -16.57944199580038 ] } },
{ "type": "Feature", "properties": { "uid": "rvp9wjzbz1", "rate_time": 0.385, "sig_time": 0.0, "se_time": 0.091, "sce": 11.16, "nsm": null, "valid_obs": 20, "valid_span": 23, "significant": true }, "geometry": { "type": "Point", "coordinates": [ 179.571497761411734, -16.579606259669546 ] } },
{ "type": "Feature", "properties": { "uid": "rvp9wm8pu0", "rate_time": 0.584, "sig_time": 0.0, "se_time": 0.107, "sce": 15.32, "nsm": null, "valid_obs": 20, "valid_span": 23, "significant": true }, "geometry": { "type": "Point", "coordinates": [ 179.571709714970268, -16.57978409543232 ] } },
{ "type": "Feature", "properties": { "uid": "rvp9wm8q86", "rate_time": 0.676, "sig_time": 0.0, "se_time": 0.106, "sce": 16.76, "nsm": null, "valid_obs": 20, "valid_span": 23, "significant": true }, "geometry": { "type": "Point", "coordinates": [ 179.571897977090657, -16.579985065662559 ] } },
{ "type": "Feature", "properties": { "uid": "rvp9wm8mk0", "rate_time": 0.691, "sig_time": 0.0, "se_time": 0.096, "sce": 15.33, "nsm": null, "valid_obs": 20, "valid_span": 23, "significant": true }, "geometry": { "type": "Point", "coordinates": [ 179.572050140857385, -16.580210201060563 ] } },
{ "type": "Feature", "properties": { "uid": "rvp9wm87yd", "rate_time": 0.593, "sig_time": 0.0, "se_time": 0.12, "sce": 16.06, "nsm": null, "valid_obs": 20, "valid_span": 23, "significant": true }, "geometry": { "type": "Point", "coordinates": [ 179.572166138998455, -16.58045672480819 ] } },
{ "type": "Feature", "properties": { "uid": "rvp9wm8d3m", "rate_time": 0.504, "sig_time": 0.0, "se_time": 0.112, "sce": 15.92, "nsm": null, "valid_obs": 20, "valid_span": 23, "significant": true }, "geometry": { "type": "Point", "coordinates": [ 179.572284156512978, -16.580701946954051 ] } },
{ "type": "Feature", "properties": { "uid": "rvp9wm89hf", "rate_time": 0.95, "sig_time": 0.0, "se_time": 0.197, "sce": 35.52, "nsm": null, "valid_obs": 20, "valid_span": 23, "significant": true }, "geometry": { "type": "Point", "coordinates": [ 179.572433180055782, -16.580931362666064 ] } },
{ "type": "Feature", "properties": { "uid": "rvp9wm2zbc", "rate_time": 0.945, "sig_time": 0.0, "se_time": 0.161, "sce": 19.83, "nsm": null, "valid_obs": 19, "valid_span": 19, "significant": true }, "geometry": { "type": "Point", "coordinates": [ 179.572599101103663, -16.581149978308968 ] } },
{ "type": "Feature", "properties": { "uid": "rvp9wm2y7u", "rate_time": 1.004, "sig_time": 0.001, "se_time": 0.242, "sce": 25.83, "nsm": null, "valid_obs": 19, "valid_span": 19, "significant": true }, "geometry": { "type": "Point", "coordinates": [ 179.572730210588816, -16.581389613920365 ] } },
{ "type": "Feature", "properties": { "uid": "rvp9wm2vnb", "rate_time": 0.939, "sig_time": 0.0, "se_time": 0.197, "sce": 22.09, "nsm": null, "valid_obs": 18, "valid_span": 19, "significant": true }, "geometry": { "type": "Point", "coordinates": [ 179.572862181992974, -16.5816288067202 ] } },
{ "type": "Feature", "properties": { "uid": "rvp9wm35dm", "rate_time": 0.765, "sig_time": 0.001, "se_time": 0.19, "sce": 21.04, "nsm": null, "valid_obs": 18, "valid_span": 19, "significant": true }, "geometry": { "type": "Point", "coordinates": [ 179.573010124391516, -16.581858990884783 ] } },
{ "type": "Feature", "properties": { "uid": "rvp9wm34qm", "rate_time": 0.699, "sig_time": 0.002, "se_time": 0.187, "sce": 21.42, "nsm": null, "valid_obs": 18, "valid_span": 19, "significant": true }, "geometry": { "type": "Point", "coordinates": [ 179.573179140632533, -16.582074737182634 ] } },
{ "type": "Feature", "properties": { "uid": "rvp9wngke7", "rate_time": 0.469, "sig_time": 0.056, "se_time": 0.228, "sce": 29.81, "nsm": null, "valid_obs": 19, "valid_span": 23, "significant": false }, "geometry": { "type": "Point", "coordinates": [ 179.56515032515631, -16.573458583397755 ] } },
{ "type": "Feature", "properties": { "uid": "rvp9wngjhb", "rate_time": 0.836, "sig_time": 0.014, "se_time": 0.306, "sce": 40.56, "nsm": null, "valid_obs": 20, "valid_span": 23, "significant": true }, "geometry": { "type": "Point", "coordinates": [ 179.564878803536942, -16.573388976331437 ] } },
{ "type": "Feature", "properties": { "uid": "rvp9wnfvz0", "rate_time": 0.289, "sig_time": 0.587, "se_time": 0.522, "sce": 72.89, "nsm": null, "valid_obs": 20, "valid_span": 23, "significant": false }, "geometry": { "type": "Point", "coordinates": [ 179.564633943668184, -16.573256877013652 ] } },
{ "type": "Feature", "properties": { "uid": "rvp9wnfy9v", "rate_time": 0.206, "sig_time": 0.515, "se_time": 0.31, "sce": 37.7, "nsm": null, "valid_obs": 20, "valid_span": 23, "significant": false }, "geometry": { "type": "Point", "coordinates": [ 179.564404214415077, -16.573102078084997 ] } },
{ "type": "Feature", "properties": { "uid": "rvp9wnfxvv", "rate_time": 0.087, "sig_time": 0.655, "se_time": 0.191, "sce": 19.08, "nsm": null, "valid_obs": 20, "valid_span": 23, "significant": false }, "geometry": { "type": "Point", "coordinates": [ 179.564237067943679, -16.572887154271946 ] } },
{ "type": "Feature", "properties": { "uid": "rvp9wp49mr", "rate_time": 0.119, "sig_time": 0.539, "se_time": 0.19, "sce": 26.01, "nsm": null, "valid_obs": 20, "valid_span": 23, "significant": false }, "geometry": { "type": "Point", "coordinates": [ 179.564212184202319, -16.572621390984409 ] } },
{ "type": "Feature", "properties": { "uid": "rvp9wp4enb", "rate_time": 0.164, "sig_time": 0.562, "se_time": 0.278, "sce": 41.12, "nsm": null, "valid_obs": 21, "valid_span": 23, "significant": false }, "geometry": { "type": "Point", "coordinates": [ 179.564277343020024, -16.572359424906324 ] } },
{ "type": "Feature", "properties": { "uid": "rvp9wp4u83", "rate_time": 0.138, "sig_time": 0.384, "se_time": 0.155, "sce": 17.96, "nsm": null, "valid_obs": 21, "valid_span": 23, "significant": false }, "geometry": { "type": "Point", "coordinates": [ 179.56434052052424, -16.572095558803216 ] } },
{ "type": "Feature", "properties": { "uid": "rvp9wp4wpg", "rate_time": 0.066, "sig_time": 0.691, "se_time": 0.165, "sce": 20.13, "nsm": null, "valid_obs": 21, "valid_span": 23, "significant": false }, "geometry": { "type": "Point", "coordinates": [ 179.564316458460638, -16.571829061308875 ] } },
{ "type": "Feature", "properties": { "uid": "rvp9wp4xw5", "rate_time": 0.133, "sig_time": 0.427, "se_time": 0.164, "sce": 17.0, "nsm": null, "valid_obs": 20, "valid_span": 23, "significant": false }, "geometry": { "type": "Point", "coordinates": [ 179.564240269632847, -16.571568787989083 ] } },
{ "type": "Feature", "properties": { "uid": "rvp9wp69hk", "rate_time": 0.071, "sig_time": 0.657, "se_time": 0.157, "sce": 18.34, "nsm": null, "valid_obs": 20, "valid_span": 23, "significant": false }, "geometry": { "type": "Point", "coordinates": [ 179.564173107553188, -16.571305836243567 ] } },
{ "type": "Feature", "properties": { "uid": "rvp9wp6den", "rate_time": 0.064, "sig_time": 0.69, "se_time": 0.159, "sce": 17.87, "nsm": null, "valid_obs": 20, "valid_span": 23, "significant": false }, "geometry": { "type": "Point", "coordinates": [ 179.564112155818293, -16.571041343275166 ] } },
{ "type": "Feature", "properties": { "uid": "rvp9wp6s1z", "rate_time": 0.039, "sig_time": 0.832, "se_time": 0.179, "sce": 18.71, "nsm": null, "valid_obs": 20, "valid_span": 23, "significant": false }, "geometry": { "type": "Point", "coordinates": [ 179.56406359224269, -16.570774599772939 ] } },
{ "type": "Feature", "properties": { "uid": "rvp9wp6tcf", "rate_time": 0.024, "sig_time": 0.911, "se_time": 0.208, "sce": 19.31, "nsm": null, "valid_obs": 20, "valid_span": 23, "significant": false }, "geometry": { "type": "Point", "coordinates": [ 179.564055304840764, -16.570504801422683 ] } },
{ "type": "Feature", "properties": { "uid": "rvp9wp6x3s", "rate_time": 0.035, "sig_time": 0.898, "se_time": 0.266, "sce": 31.08, "nsm": null, "valid_obs": 20, "valid_span": 23, "significant": false }, "geometry": { "type": "Point", "coordinates": [ 179.564050261737435, -16.570234068665076 ] } },
{ "type": "Feature", "properties": { "uid": "rvp9wpd8bm", "rate_time": -0.255, "sig_time": 0.612, "se_time": 0.494, "sce": 71.93, "nsm": null, "valid_obs": 20, "valid_span": 23, "significant": false }, "geometry": { "type": "Point", "coordinates": [ 179.563994607125807, -16.56997021522999 ] } },
{ "type": "Feature", "properties": { "uid": "rvp9y0kqx0", "rate_time": -0.053, "sig_time": 0.772, "se_time": 0.179, "sce": 14.65, "nsm": null, "valid_obs": 17, "valid_span": 23, "significant": false }, "geometry": { "type": "Point", "coordinates": [ 179.566687641522861, -16.564892028508194 ] } },
{ "type": "Feature", "properties": { "uid": "rvp9y0ktv5", "rate_time": 0.02, "sig_time": 0.922, "se_time": 0.195, "sce": 16.94, "nsm": null, "valid_obs": 17, "valid_span": 23, "significant": false }, "geometry": { "type": "Point", "coordinates": [ 179.566941863471442, -16.565004454757968 ] } },
{ "type": "Feature", "properties": { "uid": "rvp9y0kv71", "rate_time": 0.05, "sig_time": 0.799, "se_time": 0.193, "sce": 16.22, "nsm": null, "valid_obs": 17, "valid_span": 23, "significant": false }, "geometry": { "type": "Point", "coordinates": [ 179.567204239744541, -16.565099521422589 ] } },
{ "type": "Feature", "properties": { "uid": "rvp9y0mhcq", "rate_time": 0.07, "sig_time": 0.769, "se_time": 0.232, "sce": 18.26, "nsm": null, "valid_obs": 17, "valid_span": 23, "significant": false }, "geometry": { "type": "Point", "coordinates": [ 179.567477189656159, -16.565161667165683 ] } },
{ "type": "Feature", "properties": { "uid": "rvp9y0ws5k", "rate_time": 0.018, "sig_time": 0.889, "se_time": 0.126, "sce": 13.56, "nsm": null, "valid_obs": 20, "valid_span": 23, "significant": false }, "geometry": { "type": "Point", "coordinates": [ 179.569619040519257, -16.563926030415537 ] } },
{ "type": "Feature", "properties": { "uid": "rvp9y0wtey", "rate_time": 0.01, "sig_time": 0.936, "se_time": 0.124, "sce": 13.19, "nsm": null, "valid_obs": 20, "valid_span": 23, "significant": false }, "geometry": { "type": "Point", "coordinates": [ 179.569642908929296, -16.563656284801162 ] } },
{ "type": "Feature", "properties": { "uid": "rvp9y0wxm0", "rate_time": -0.021, "sig_time": 0.888, "se_time": 0.145, "sce": 13.34, "nsm": null, "valid_obs": 20, "valid_span": 23, "significant": false }, "geometry": { "type": "Point", "coordinates": [ 179.569688798949301, -16.563389694174568 ] } },
{ "type": "Feature", "properties": { "uid": "rvp9y0y8xt", "rate_time": -0.028, "sig_time": 0.859, "se_time": 0.156, "sce": 13.7, "nsm": null, "valid_obs": 20, "valid_span": 23, "significant": false }, "geometry": { "type": "Point", "coordinates": [ 179.569802513827199, -16.563145284752871 ] } },
{ "type": "Feature", "properties": { "uid": "rvp9y0ycgr", "rate_time": -0.045, "sig_time": 0.777, "se_time": 0.157, "sce": 13.41, "nsm": null, "valid_obs": 20, "valid_span": 23, "significant": false }, "geometry": { "type": "Point", "coordinates": [ 179.569964090709362, -16.562923870258192 ] } },
{ "type": "Feature", "properties": { "uid": "rvp9y0ygpw", "rate_time": -0.018, "sig_time": 0.918, "se_time": 0.17, "sce": 15.96, "nsm": null, "valid_obs": 20, "valid_span": 23, "significant": false }, "geometry": { "type": "Point", "coordinates": [ 179.570141479252982, -16.562714079828119 ] } },
{ "type": "Feature", "properties": { "uid": "rvp9y0zhk4", "rate_time": -0.019, "sig_time": 0.919, "se_time": 0.184, "sce": 17.68, "nsm": null, "valid_obs": 20, "valid_span": 23, "significant": false }, "geometry": { "type": "Point", "coordinates": [ 179.570335078789327, -16.562517741346753 ] } },
{ "type": "Feature", "properties": { "uid": "rvp9y0zm2u", "rate_time": -0.142, "sig_time": 0.347, "se_time": 0.147, "sce": 13.25, "nsm": null, "valid_obs": 20, "valid_span": 23, "significant": false }, "geometry": { "type": "Point", "coordinates": [ 179.570544650365235, -16.56233737967117 ] } },
{ "type": "Feature", "properties": { "uid": "rvp9y2fy03", "rate_time": -0.224, "sig_time": 0.036, "se_time": 0.098, "sce": 8.4, "nsm": null, "valid_obs": 18, "valid_span": 19, "significant": true }, "geometry": { "type": "Point", "coordinates": [ 179.575327395581979, -16.562223241120474 ] } },
{ "type": "Feature", "properties": { "uid": "rvp9y2fyqc", "rate_time": 0.101, "sig_time": 0.676, "se_time": 0.237, "sce": 24.43, "nsm": null, "valid_obs": 18, "valid_span": 19, "significant": false }, "geometry": { "type": "Point", "coordinates": [ 179.575601632549308, -16.562180402997864 ] } },
{ "type": "Feature", "properties": { "uid": "rvp9y0zqmv", "rate_time": 0.125, "sig_time": 0.564, "se_time": 0.213, "sce": 28.09, "nsm": null, "valid_obs": 21, "valid_span": 23, "significant": false }, "geometry": { "type": "Point", "coordinates": [ 179.570759649156145, -16.562163037579051 ] } },
{ "type": "Feature", "properties": { "uid": "rvp9y2gnuv", "rate_time": 0.187, "sig_time": 0.5, "se_time": 0.271, "sce": 29.22, "nsm": null, "valid_obs": 18, "valid_span": 20, "significant": false }, "geometry": { "type": "Point", "coordinates": [ 179.575859213671123, -16.562075357630373 ] } },
{ "type": "Feature", "properties": { "uid": "rvp9y0zx7h", "rate_time": -0.233, "sig_time": 0.05, "se_time": 0.111, "sce": 12.04, "nsm": null, "valid_obs": 21, "valid_span": 23, "significant": false }, "geometry": { "type": "Point", "coordinates": [ 179.570978044392149, -16.561992609968168 ] } },
{ "type": "Feature", "properties": { "uid": "rvp9y2grdt", "rate_time": -0.299, "sig_time": 0.012, "se_time": 0.106, "sce": 9.32, "nsm": null, "valid_obs": 18, "valid_span": 20, "significant": true }, "geometry": { "type": "Point", "coordinates": [ 179.576106450348192, -16.561946983168109 ] } },
{ "type": "Feature", "properties": { "uid": "rvp9y1pb25", "rate_time": -0.41, "sig_time": 0.032, "se_time": 0.177, "sce": 26.04, "nsm": null, "valid_obs": 21, "valid_span": 23, "significant": true }, "geometry": { "type": "Point", "coordinates": [ 179.571200105895969, -16.561826761624776 ] } },
{ "type": "Feature", "properties": { "uid": "rvp9y352xt", "rate_time": -0.376, "sig_time": 0.006, "se_time": 0.118, "sce": 10.25, "nsm": null, "valid_obs": 18, "valid_span": 20, "significant": true }, "geometry": { "type": "Point", "coordinates": [ 179.576318303600317, -16.561776715675634 ] } },
{ "type": "Feature", "properties": { "uid": "rvp9y31bf0", "rate_time": 0.053, "sig_time": 0.623, "se_time": 0.106, "sce": 8.76, "nsm": null, "valid_obs": 18, "valid_span": 20, "significant": false }, "geometry": { "type": "Point", "coordinates": [ 179.574025813271959, -16.561759470897275 ] } },
{ "type": "Feature", "properties": { "uid": "rvp9y1pcm8", "rate_time": 0.082, "sig_time": 0.771, "se_time": 0.278, "sce": 42.12, "nsm": null, "valid_obs": 22, "valid_span": 23, "significant": false }, "geometry": { "type": "Point", "coordinates": [ 179.571430161082048, -16.561671254649863 ] } },
{ "type": "Feature", "properties": { "uid": "rvp9y319s3", "rate_time": 0.008, "sig_time": 0.951, "se_time": 0.134, "sce": 10.4, "nsm": null, "valid_obs": 18, "valid_span": 20, "significant": false }, "geometry": { "type": "Point", "coordinates": [ 179.573784241211939, -16.561621603516596 ] } },
{ "type": "Feature", "properties": { "uid": "rvp9y311z9", "rate_time": 0.18, "sig_time": 0.602, "se_time": 0.338, "sce": 43.55, "nsm": null, "valid_obs": 19, "valid_span": 23, "significant": false }, "geometry": { "type": "Point", "coordinates": [ 179.573231434765148, -16.561579117250904 ] } },
{ "type": "Feature", "properties": { "uid": "rvp9y311cp", "rate_time": -0.274, "sig_time": 0.004, "se_time": 0.082, "sce": 9.23, "nsm": null, "valid_obs": 18, "valid_span": 23, "significant": true }, "geometry": { "type": "Point", "coordinates": [ 179.572953546587826, -16.561546718620782 ] } },
{ "type": "Feature", "properties": { "uid": "rvp9y30468", "rate_time": -0.293, "sig_time": 0.051, "se_time": 0.142, "sce": 17.95, "nsm": null, "valid_obs": 22, "valid_span": 23, "significant": false }, "geometry": { "type": "Point", "coordinates": [ 179.571648242830491, -16.561500581744962 ] } },
{ "type": "Feature", "properties": { "uid": "rvp9y30f6e", "rate_time": -0.301, "sig_time": 0.001, "se_time": 0.076, "sce": 9.93, "nsm": null, "valid_obs": 19, "valid_span": 23, "significant": true }, "geometry": { "type": "Point", "coordinates": [ 179.572680365563372, -16.56148436776504 ] } },
{ "type": "Feature", "properties": { "uid": "rvp9y30due", "rate_time": -0.098, "sig_time": 0.676, "se_time": 0.231, "sce": 31.17, "nsm": null, "valid_obs": 20, "valid_span": 23, "significant": false }, "geometry": { "type": "Point", "coordinates": [ 179.572414492976264, -16.561397951168537 ] } },
{ "type": "Feature", "properties": { "uid": "rvp9y30705", "rate_time": -0.468, "sig_time": 0.118, "se_time": 0.286, "sce": 42.82, "nsm": null, "valid_obs": 21, "valid_span": 23, "significant": false }, "geometry": { "type": "Point", "coordinates": [ 179.57188339901856, -16.561354683547659 ] } },
{ "type": "Feature", "properties": { "uid": "rvp9y307q6", "rate_time": -0.267, "sig_time": 0.066, "se_time": 0.136, "sce": 12.21, "nsm": null, "valid_obs": 20, "valid_span": 23, "significant": false }, "geometry": { "type": "Point", "coordinates": [ 179.572146741016951, -16.561320337078417 ] } },
{ "type": "Feature", "properties": { "uid": "rvp9y3ek0r", "rate_time": 0.313, "sig_time": 0.001, "se_time": 0.077, "sce": 10.98, "nsm": null, "valid_obs": 19, "valid_span": 22, "significant": true }, "geometry": { "type": "Point", "coordinates": [ 179.576010585833274, -16.558418234396044 ] } },
{ "type": "Feature", "properties": { "uid": "rvp9y3ejwn", "rate_time": 0.376, "sig_time": 0.002, "se_time": 0.102, "sce": 14.24, "nsm": null, "valid_obs": 19, "valid_span": 22, "significant": true }, "geometry": { "type": "Point", "coordinates": [ 179.575911852449764, -16.558164692193447 ] } },
{ "type": "Feature", "properties": { "uid": "rvp9y3ep55", "rate_time": 0.353, "sig_time": 0.006, "se_time": 0.112, "sce": 15.01, "nsm": null, "valid_obs": 19, "valid_span": 22, "significant": true }, "geometry": { "type": "Point", "coordinates": [ 179.575787402240678, -16.55792197352973 ] } },
{ "type": "Feature", "properties": { "uid": "rvp9y3fbrt", "rate_time": 0.368, "sig_time": 0.0, "se_time": 0.079, "sce": 12.8, "nsm": null, "valid_obs": 19, "valid_span": 22, "significant": true }, "geometry": { "type": "Point", "coordinates": [ 179.575634096888223, -16.557696323719274 ] } },
{ "type": "Feature", "properties": { "uid": "rvp9y3fce4", "rate_time": 0.272, "sig_time": 0.001, "se_time": 0.065, "sce": 10.21, "nsm": null, "valid_obs": 19, "valid_span": 22, "significant": true }, "geometry": { "type": "Point", "coordinates": [ 179.575444513280416, -16.557496540235871 ] } },
{ "type": "Feature", "properties": { "uid": "rvp9y3fdwm", "rate_time": 0.186, "sig_time": 0.039, "se_time": 0.083, "sce": 8.31, "nsm": null, "valid_obs": 19, "valid_span": 22, "significant": true }, "geometry": { "type": "Point", "coordinates": [ 179.575242284723458, -16.557308591710161 ] } },
{ "type": "Feature", "properties": { "uid": "rvp9y3fe9x", "rate_time": 0.269, "sig_time": 0.004, "se_time": 0.081, "sce": 7.29, "nsm": null, "valid_obs": 19, "valid_span": 22, "significant": true }, "geometry": { "type": "Point", "coordinates": [ 179.575031613742937, -16.557129664586039 ] } },
{ "type": "Feature", "properties": { "uid": "rvp9y3fks5", "rate_time": 0.501, "sig_time": 0.003, "se_time": 0.145, "sce": 21.36, "nsm": null, "valid_obs": 20, "valid_span": 22, "significant": true }, "geometry": { "type": "Point", "coordinates": [ 179.574796799255296, -16.556980952106152 ] } },
{ "type": "Feature", "properties": { "uid": "rvp9y3fjq7", "rate_time": 0.314, "sig_time": 0.077, "se_time": 0.167, "sce": 15.92, "nsm": null, "valid_obs": 20, "valid_span": 22, "significant": false }, "geometry": { "type": "Point", "coordinates": [ 179.574551566221345, -16.556849191355379 ] } },
{ "type": "Feature", "properties": { "uid": "rvp9y3fne0", "rate_time": 0.671, "sig_time": 0.033, "se_time": 0.293, "sce": 45.71, "nsm": null, "valid_obs": 21, "valid_span": 23, "significant": true }, "geometry": { "type": "Point", "coordinates": [ 179.574410507963506, -16.55664966745838 ] } },
{ "type": "Feature", "properties": { "uid": "rvp9y640h2", "rate_time": 0.199, "sig_time": 0.099, "se_time": 0.114, "sce": 11.96, "nsm": null, "valid_obs": 21, "valid_span": 23, "significant": false }, "geometry": { "type": "Point", "coordinates": [ 179.5744728531335, -16.556393207379202 ] } },
{ "type": "Feature", "properties": { "uid": "rvp9y641rs", "rate_time": 0.053, "sig_time": 0.617, "se_time": 0.105, "sce": 14.02, "nsm": null, "valid_obs": 22, "valid_span": 23, "significant": false }, "geometry": { "type": "Point", "coordinates": [ 179.574606796100369, -16.556156889631175 ] } },
{ "type": "Feature", "properties": { "uid": "rvp9y646by", "rate_time": -0.005, "sig_time": 0.951, "se_time": 0.085, "sce": 9.42, "nsm": null, "valid_obs": 22, "valid_span": 23, "significant": false }, "geometry": { "type": "Point", "coordinates": [ 179.574663211557663, -16.555892175712767 ] } },
{ "type": "Feature", "properties": { "uid": "rvp9y64k8b", "rate_time": 0.012, "sig_time": 0.892, "se_time": 0.089, "sce": 9.01, "nsm": null, "valid_obs": 22, "valid_span": 23, "significant": false }, "geometry": { "type": "Point", "coordinates": [ 179.574656261073187, -16.555621906835448 ] } },
{ "type": "Feature", "properties": { "uid": "rvp9y64np1", "rate_time": -0.164, "sig_time": 0.309, "se_time": 0.158, "sce": 26.07, "nsm": null, "valid_obs": 23, "valid_span": 23, "significant": false }, "geometry": { "type": "Point", "coordinates": [ 179.57458916079662, -16.555360017277973 ] } },
{ "type": "Feature", "properties": { "uid": "rvp9y64p7u", "rate_time": -0.007, "sig_time": 0.946, "se_time": 0.095, "sce": 10.61, "nsm": null, "valid_obs": 23, "valid_span": 23, "significant": false }, "geometry": { "type": "Point", "coordinates": [ 179.574445085828785, -16.555127426101212 ] } },
{ "type": "Feature", "properties": { "uid": "rvp9y660c4", "rate_time": -0.125, "sig_time": 0.21, "se_time": 0.097, "sce": 10.88, "nsm": null, "valid_obs": 23, "valid_span": 23, "significant": false }, "geometry": { "type": "Point", "coordinates": [ 179.574332633061459, -16.554879253593789 ] } },
{ "type": "Feature", "properties": { "uid": "rvp9y63fr4", "rate_time": -0.123, "sig_time": 0.423, "se_time": 0.15, "sce": 16.84, "nsm": null, "valid_obs": 23, "valid_span": 23, "significant": false }, "geometry": { "type": "Point", "coordinates": [ 179.574247250442937, -16.55462135078222 ] } },
{ "type": "Feature", "properties": { "uid": "rvp9y63gv5", "rate_time": -0.144, "sig_time": 0.443, "se_time": 0.184, "sce": 22.62, "nsm": null, "valid_obs": 23, "valid_span": 23, "significant": false }, "geometry": { "type": "Point", "coordinates": [ 179.574161696384664, -16.554363292599685 ] } },
{ "type": "Feature", "properties": { "uid": "rvp9y63v7u", "rate_time": -0.182, "sig_time": 0.285, "se_time": 0.165, "sce": 21.7, "nsm": null, "valid_obs": 23, "valid_span": 23, "significant": false }, "geometry": { "type": "Point", "coordinates": [ 179.574099201225607, -16.554099700749656 ] } },
{ "type": "Feature", "properties": { "uid": "rvp9y63ygy", "rate_time": -0.166, "sig_time": 0.268, "se_time": 0.146, "sce": 17.4, "nsm": null, "valid_obs": 23, "valid_span": 23, "significant": false }, "geometry": { "type": "Point", "coordinates": [ 179.574101485840259, -16.553830544705917 ] } },
{ "type": "Feature", "properties": { "uid": "rvp9y69bmr", "rate_time": -0.137, "sig_time": 0.287, "se_time": 0.125, "sce": 14.44, "nsm": null, "valid_obs": 23, "valid_span": 23, "significant": false }, "geometry": { "type": "Point", "coordinates": [ 179.574163909414779, -16.553567455171663 ] } },
{ "type": "Feature", "properties": { "uid": "rvp9y69fn2", "rate_time": -0.442, "sig_time": 0.051, "se_time": 0.213, "sce": 36.4, "nsm": null, "valid_obs": 23, "valid_span": 23, "significant": false }, "geometry": { "type": "Point", "coordinates": [ 179.574213902182237, -16.553301320429245 ] } },
{ "type": "Feature", "properties": { "uid": "rvp9y69gxd", "rate_time": -0.233, "sig_time": 0.138, "se_time": 0.151, "sce": 16.99, "nsm": null, "valid_obs": 22, "valid_span": 22, "significant": false }, "geometry": { "type": "Point", "coordinates": [ 179.574260559765577, -16.553034182009277 ] } },
{ "type": "Feature", "properties": { "uid": "rvp9y6dj1d", "rate_time": -0.51, "sig_time": 0.178, "se_time": 0.365, "sce": 45.39, "nsm": null, "valid_obs": 22, "valid_span": 22, "significant": false }, "geometry": { "type": "Point", "coordinates": [ 179.574347943711302, -16.552778032877693 ] } },
{ "type": "Feature", "properties": { "uid": "rvp9y6dnec", "rate_time": 0.06, "sig_time": 0.731, "se_time": 0.173, "sce": 14.87, "nsm": null, "valid_obs": 20, "valid_span": 22, "significant": false }, "geometry": { "type": "Point", "coordinates": [ 179.574449534291887, -16.552525482263622 ] } },
{ "type": "Feature", "properties": { "uid": "rvp9y6f0j4", "rate_time": -0.067, "sig_time": 0.654, "se_time": 0.148, "sce": 14.38, "nsm": null, "valid_obs": 20, "valid_span": 22, "significant": false }, "geometry": { "type": "Point", "coordinates": [ 179.574496340866489, -16.552261970004299 ] } },
{ "type": "Feature", "properties": { "uid": "rvp9y6f1sk", "rate_time": -0.209, "sig_time": 0.228, "se_time": 0.167, "sce": 17.53, "nsm": null, "valid_obs": 20, "valid_span": 22, "significant": false }, "geometry": { "type": "Point", "coordinates": [ 179.574470979540365, -16.551993473335077 ] } },
{ "type": "Feature", "properties": { "uid": "rvp9y6f55y", "rate_time": -0.414, "sig_time": 0.101, "se_time": 0.24, "sce": 33.13, "nsm": null, "valid_obs": 20, "valid_span": 22, "significant": false }, "geometry": { "type": "Point", "coordinates": [ 179.574441151391284, -16.551724946257249 ] } },
{ "type": "Feature", "properties": { "uid": "rvp9htxuhw", "rate_time": -1.333, "sig_time": 0.0, "se_time": 0.291, "sce": 34.55, "nsm": null, "valid_obs": 19, "valid_span": 19, "significant": true }, "geometry": { "type": "Point", "coordinates": [ 179.505466428236105, -16.668285012112378 ] } },
{ "type": "Feature", "properties": { "uid": "rvp9htxvxe", "rate_time": -1.455, "sig_time": 0.0, "se_time": 0.295, "sce": 33.52, "nsm": null, "valid_obs": 19, "valid_span": 19, "significant": true }, "geometry": { "type": "Point", "coordinates": [ 179.505596346084701, -16.66804501896803 ] } },
{ "type": "Feature", "properties": { "uid": "rvp9hv8p43", "rate_time": -1.511, "sig_time": 0.0, "se_time": 0.296, "sce": 35.01, "nsm": null, "valid_obs": 19, "valid_span": 19, "significant": true }, "geometry": { "type": "Point", "coordinates": [ 179.505714823498522, -16.667799353023295 ] } },
{ "type": "Feature", "properties": { "uid": "rvp9hvb0mn", "rate_time": -1.41, "sig_time": 0.0, "se_time": 0.326, "sce": 35.95, "nsm": null, "valid_obs": 19, "valid_span": 19, "significant": true }, "geometry": { "type": "Point", "coordinates": [ 179.505838178542689, -16.66755594834445 ] } },
{ "type": "Feature", "properties": { "uid": "rvp9hvb1zu", "rate_time": -1.328, "sig_time": 0.001, "se_time": 0.343, "sce": 37.5, "nsm": null, "valid_obs": 19, "valid_span": 19, "significant": true }, "geometry": { "type": "Point", "coordinates": [ 179.505949714671459, -16.667307333616744 ] } },
{ "type": "Feature", "properties": { "uid": "rvp9hvb770", "rate_time": -1.322, "sig_time": 0.001, "se_time": 0.342, "sce": 47.94, "nsm": null, "valid_obs": 20, "valid_span": 20, "significant": true }, "geometry": { "type": "Point", "coordinates": [ 179.506088029944038, -16.667071448846535 ] } },
{ "type": "Feature", "properties": { "uid": "rvp9hvbktv", "rate_time": -0.906, "sig_time": 0.005, "se_time": 0.283, "sce": 29.7, "nsm": null, "valid_obs": 20, "valid_span": 20, "significant": true }, "geometry": { "type": "Point", "coordinates": [ 179.5062151241207, -16.666829806309604 ] } },
{ "type": "Feature", "properties": { "uid": "rvp9hvbtcy", "rate_time": -0.536, "sig_time": 0.059, "se_time": 0.265, "sce": 24.12, "nsm": null, "valid_obs": 20, "valid_span": 20, "significant": false }, "geometry": { "type": "Point", "coordinates": [ 179.506377966118521, -16.666609586543586 ] } },
{ "type": "Feature", "properties": { "uid": "rvp9hvbxjy", "rate_time": -0.226, "sig_time": 0.394, "se_time": 0.259, "sce": 23.18, "nsm": null, "valid_obs": 20, "valid_span": 20, "significant": false }, "geometry": { "type": "Point", "coordinates": [ 179.506553239144438, -16.666397920090137 ] } },
{ "type": "Feature", "properties": { "uid": "rvp9hy0b6h", "rate_time": 0.158, "sig_time": 0.59, "se_time": 0.289, "sce": 23.58, "nsm": null, "valid_obs": 20, "valid_span": 20, "significant": false }, "geometry": { "type": "Point", "coordinates": [ 179.506736276214951, -16.666192529479734 ] } },
{ "type": "Feature", "properties": { "uid": "rvp9hy0ctx", "rate_time": 0.268, "sig_time": 0.265, "se_time": 0.232, "sce": 18.79, "nsm": null, "valid_obs": 20, "valid_span": 20, "significant": false }, "geometry": { "type": "Point", "coordinates": [ 179.506885355404734, -16.665963072445706 ] } },
{ "type": "Feature", "properties": { "uid": "rvp9hy0gpx", "rate_time": -0.107, "sig_time": 0.597, "se_time": 0.199, "sce": 15.63, "nsm": null, "valid_obs": 20, "valid_span": 20, "significant": false }, "geometry": { "type": "Point", "coordinates": [ 179.50696961294264, -16.665704918947636 ] } },
{ "type": "Feature", "properties": { "uid": "rvp9hy1h9x", "rate_time": -0.181, "sig_time": 0.418, "se_time": 0.219, "sce": 17.06, "nsm": null, "valid_obs": 20, "valid_span": 20, "significant": false }, "geometry": { "type": "Point", "coordinates": [ 179.507058212002534, -16.66544779390366 ] } },
{ "type": "Feature", "properties": { "uid": "rvp9hy1n5y", "rate_time": -0.177, "sig_time": 0.267, "se_time": 0.155, "sce": 13.75, "nsm": null, "valid_obs": 20, "valid_span": 20, "significant": false }, "geometry": { "type": "Point", "coordinates": [ 179.507153610658435, -16.665193020419796 ] } },
{ "type": "Feature", "properties": { "uid": "rvp9hy1pv0", "rate_time": -0.262, "sig_time": 0.035, "se_time": 0.115, "sce": 12.4, "nsm": null, "valid_obs": 20, "valid_span": 20, "significant": true }, "geometry": { "type": "Point", "coordinates": [ 179.507208504326911, -16.664928026120709 ] } },
{ "type": "Feature", "properties": { "uid": "rvp9hy31mf", "rate_time": -0.205, "sig_time": 0.127, "se_time": 0.128, "sce": 12.25, "nsm": null, "valid_obs": 20, "valid_span": 20, "significant": false }, "geometry": { "type": "Point", "coordinates": [ 179.507240820082927, -16.66465894407963 ] } },
{ "type": "Feature", "properties": { "uid": "rvp9hy3hmz", "rate_time": -0.183, "sig_time": 0.241, "se_time": 0.151, "sce": 14.16, "nsm": null, "valid_obs": 20, "valid_span": 20, "significant": false }, "geometry": { "type": "Point", "coordinates": [ 179.507245602450098, -16.66411776242008 ] } },
{ "type": "Feature", "properties": { "uid": "rvp9hy3njc", "rate_time": -0.119, "sig_time": 0.497, "se_time": 0.171, "sce": 16.65, "nsm": null, "valid_obs": 20, "valid_span": 20, "significant": false }, "geometry": { "type": "Point", "coordinates": [ 179.507245541127986, -16.663846917675482 ] } },
{ "type": "Feature", "properties": { "uid": "rvp9hy34yh", "rate_time": -0.194, "sig_time": 0.178, "se_time": 0.138, "sce": 12.59, "nsm": null, "valid_obs": 20, "valid_span": 20, "significant": false }, "geometry": { "type": "Point", "coordinates": [ 179.507254254491215, -16.664388425803853 ] } },
{ "type": "Feature", "properties": { "uid": "rvp9hy3px5", "rate_time": 0.029, "sig_time": 0.879, "se_time": 0.187, "sce": 18.77, "nsm": null, "valid_obs": 20, "valid_span": 20, "significant": false }, "geometry": { "type": "Point", "coordinates": [ 179.507291071194885, -16.663580501586772 ] } },
{ "type": "Feature", "properties": { "uid": "rvp9hy930u", "rate_time": 0.237, "sig_time": 0.175, "se_time": 0.167, "sce": 17.41, "nsm": null, "valid_obs": 20, "valid_span": 20, "significant": false }, "geometry": { "type": "Point", "coordinates": [ 179.507367489192262, -16.663319978951382 ] } },
{ "type": "Feature", "properties": { "uid": "rvp9hy969v", "rate_time": 0.293, "sig_time": 0.028, "se_time": 0.123, "sce": 13.29, "nsm": null, "valid_obs": 20, "valid_span": 20, "significant": true }, "geometry": { "type": "Point", "coordinates": [ 179.507416445372769, -16.663054110844246 ] } },
{ "type": "Feature", "properties": { "uid": "rvp9hy9k4r", "rate_time": 0.085, "sig_time": 0.529, "se_time": 0.132, "sce": 11.99, "nsm": null, "valid_obs": 20, "valid_span": 20, "significant": false }, "geometry": { "type": "Point", "coordinates": [ 179.507433427958716, -16.662783876099418 ] } },
{ "type": "Feature", "properties": { "uid": "rvp9hyck4k", "rate_time": -0.118, "sig_time": 0.483, "se_time": 0.164, "sce": 16.11, "nsm": null, "valid_obs": 20, "valid_span": 20, "significant": false }, "geometry": { "type": "Point", "coordinates": [ 179.507437477143753, -16.661430032316769 ] } },
{ "type": "Feature", "properties": { "uid": "rvp9hyc6d9", "rate_time": -0.086, "sig_time": 0.529, "se_time": 0.134, "sce": 13.26, "nsm": null, "valid_obs": 20, "valid_span": 20, "significant": false }, "geometry": { "type": "Point", "coordinates": [ 179.507444115206397, -16.661700828692616 ] } },
{ "type": "Feature", "properties": { "uid": "rvp9hy9mfd", "rate_time": 0.034, "sig_time": 0.804, "se_time": 0.136, "sce": 12.89, "nsm": null, "valid_obs": 20, "valid_span": 20, "significant": false }, "geometry": { "type": "Point", "coordinates": [ 179.507443220235302, -16.662513085547104 ] } },
{ "type": "Feature", "properties": { "uid": "rvp9hyc2fz", "rate_time": -0.055, "sig_time": 0.662, "se_time": 0.124, "sce": 12.55, "nsm": null, "valid_obs": 20, "valid_span": 20, "significant": false }, "geometry": { "type": "Point", "coordinates": [ 179.507456094363619, -16.661971467975157 ] } },
{ "type": "Feature", "properties": { "uid": "rvp9hy9r6u", "rate_time": -0.023, "sig_time": 0.865, "se_time": 0.133, "sce": 13.13, "nsm": null, "valid_obs": 20, "valid_span": 20, "significant": false }, "geometry": { "type": "Point", "coordinates": [ 179.507454244995984, -16.662242339023191 ] } },
{ "type": "Feature", "properties": { "uid": "rvp9hycmen", "rate_time": -0.16, "sig_time": 0.456, "se_time": 0.21, "sce": 21.48, "nsm": null, "valid_obs": 20, "valid_span": 20, "significant": false }, "geometry": { "type": "Point", "coordinates": [ 179.507470071687436, -16.661161932276542 ] } },
{ "type": "Feature", "properties": { "uid": "rvp9hycrjq", "rate_time": -0.798, "sig_time": 0.035, "se_time": 0.35, "sce": 44.05, "nsm": null, "valid_obs": 20, "valid_span": 20, "significant": true }, "geometry": { "type": "Point", "coordinates": [ 179.507557203877354, -16.660905813790556 ] } },
{ "type": "Feature", "properties": { "uid": "rvp9hz12xt", "rate_time": -0.342, "sig_time": 0.143, "se_time": 0.223, "sce": 23.15, "nsm": null, "valid_obs": 19, "valid_span": 19, "significant": false }, "geometry": { "type": "Point", "coordinates": [ 179.507655997940503, -16.660652568646359 ] } },
{ "type": "Feature", "properties": { "uid": "rvp9htrrsz", "rate_time": -0.435, "sig_time": 0.116, "se_time": 0.262, "sce": 21.13, "nsm": null, "valid_obs": 18, "valid_span": 19, "significant": false }, "geometry": { "type": "Point", "coordinates": [ 179.504795685125544, -16.669052672720984 ] } },
{ "type": "Feature", "properties": { "uid": "rvp9hssfc2", "rate_time": -0.106, "sig_time": 0.786, "se_time": 0.384, "sce": 47.16, "nsm": null, "valid_obs": 20, "valid_span": 20, "significant": false }, "geometry": { "type": "Point", "coordinates": [ 179.501206582691083, -16.674025364952591 ] } },
{ "type": "Feature", "properties": { "uid": "rvp9hssgvr", "rate_time": -0.231, "sig_time": 0.327, "se_time": 0.229, "sce": 22.63, "nsm": null, "valid_obs": 20, "valid_span": 20, "significant": false }, "geometry": { "type": "Point", "coordinates": [ 179.501384612506456, -16.673817408682087 ] } },
{ "type": "Feature", "properties": { "uid": "rvp9hsthfr", "rate_time": -0.285, "sig_time": 0.185, "se_time": 0.207, "sce": 20.93, "nsm": null, "valid_obs": 20, "valid_span": 20, "significant": false }, "geometry": { "type": "Point", "coordinates": [ 179.501598783348584, -16.673643065450925 ] } },
{ "type": "Feature", "properties": { "uid": "rvp9hstm8n", "rate_time": -0.061, "sig_time": 0.739, "se_time": 0.18, "sce": 18.12, "nsm": null, "valid_obs": 20, "valid_span": 20, "significant": false }, "geometry": { "type": "Point", "coordinates": [ 179.501847739711906, -16.673518100905056 ] } },
{ "type": "Feature", "properties": { "uid": "rvp9hstqqh", "rate_time": 0.247, "sig_time": 0.258, "se_time": 0.212, "sce": 19.49, "nsm": null, "valid_obs": 20, "valid_span": 20, "significant": false }, "geometry": { "type": "Point", "coordinates": [ 179.502102725858151, -16.673404275380523 ] } },
{ "type": "Feature", "properties": { "uid": "rvp9hstx7j", "rate_time": 0.872, "sig_time": 0.042, "se_time": 0.399, "sce": 41.99, "nsm": null, "valid_obs": 20, "valid_span": 20, "significant": true }, "geometry": { "type": "Point", "coordinates": [ 179.502311844033812, -16.673223341168303 ] } },
{ "type": "Feature", "properties": { "uid": "rvp9hsv8rz", "rate_time": 0.081, "sig_time": 0.744, "se_time": 0.244, "sce": 20.4, "nsm": null, "valid_obs": 18, "valid_span": 18, "significant": false }, "geometry": { "type": "Point", "coordinates": [ 179.502520306626479, -16.673041714340251 ] } },
{ "type": "Feature", "properties": { "uid": "rvp9hsvcmk", "rate_time": 0.199, "sig_time": 0.49, "se_time": 0.282, "sce": 28.63, "nsm": null, "valid_obs": 20, "valid_span": 20, "significant": false }, "geometry": { "type": "Point", "coordinates": [ 179.502752219431642, -16.672889001163792 ] } },
{ "type": "Feature", "properties": { "uid": "rvp9hsy465", "rate_time": 0.908, "sig_time": 0.006, "se_time": 0.293, "sce": 30.17, "nsm": null, "valid_obs": 20, "valid_span": 20, "significant": true }, "geometry": { "type": "Point", "coordinates": [ 179.502956055742601, -16.672721524737138 ] } },
{ "type": "Feature", "properties": { "uid": "rvp9hsy5fg", "rate_time": 0.963, "sig_time": 0.005, "se_time": 0.304, "sce": 35.53, "nsm": null, "valid_obs": 20, "valid_span": 20, "significant": true }, "geometry": { "type": "Point", "coordinates": [ 179.502991406432983, -16.672462489629236 ] } },
{ "type": "Feature", "properties": { "uid": "rvp9hsvvpq", "rate_time": 0.981, "sig_time": 0.02, "se_time": 0.384, "sce": 43.98, "nsm": null, "valid_obs": 20, "valid_span": 20, "significant": true }, "geometry": { "type": "Point", "coordinates": [ 179.502845387932609, -16.672231916186945 ] } },
{ "type": "Feature", "properties": { "uid": "rvp9hsvy45", "rate_time": 0.702, "sig_time": 0.039, "se_time": 0.315, "sce": 35.01, "nsm": null, "valid_obs": 20, "valid_span": 20, "significant": true }, "geometry": { "type": "Point", "coordinates": [ 179.502615816474218, -16.672076417347579 ] } },
{ "type": "Feature", "properties": { "uid": "rvp9hsvwu1", "rate_time": 0.576, "sig_time": 0.094, "se_time": 0.326, "sce": 31.96, "nsm": null, "valid_obs": 20, "valid_span": 20, "significant": false }, "geometry": { "type": "Point", "coordinates": [ 179.502363022785431, -16.671958073620747 ] } },
{ "type": "Feature", "properties": { "uid": "rvp9hsvrz6", "rate_time": 0.465, "sig_time": 0.151, "se_time": 0.31, "sce": 29.08, "nsm": null, "valid_obs": 20, "valid_span": 20, "significant": false }, "geometry": { "type": "Point", "coordinates": [ 179.502150056904981, -16.671781220270649 ] } },
{ "type": "Feature", "properties": { "uid": "rvp9htj351", "rate_time": 0.531, "sig_time": 0.171, "se_time": 0.373, "sce": 29.57, "nsm": null, "valid_obs": 20, "valid_span": 20, "significant": false }, "geometry": { "type": "Point", "coordinates": [ 179.50197246868089, -16.671573812804549 ] } },
{ "type": "Feature", "properties": { "uid": "rvp9htj4nz", "rate_time": 0.659, "sig_time": 0.068, "se_time": 0.339, "sce": 28.08, "nsm": null, "valid_obs": 20, "valid_span": 20, "significant": false }, "geometry": { "type": "Point", "coordinates": [ 179.501792671734023, -16.671369139683176 ] } },
{ "type": "Feature", "properties": { "uid": "rvp9htj4bc", "rate_time": 0.255, "sig_time": 0.532, "se_time": 0.401, "sce": 43.43, "nsm": null, "valid_obs": 20, "valid_span": 20, "significant": false }, "geometry": { "type": "Point", "coordinates": [ 179.501529468949428, -16.671273985442351 ] } },
{ "type": "Feature", "properties": { "uid": "rvp9hthg68", "rate_time": 0.392, "sig_time": 0.3, "se_time": 0.367, "sce": 43.68, "nsm": null, "valid_obs": 19, "valid_span": 20, "significant": false }, "geometry": { "type": "Point", "coordinates": [ 179.501261379361694, -16.671192587728104 ] } },
{ "type": "Feature", "properties": { "uid": "rvp9hthtq1", "rate_time": 0.364, "sig_time": 0.441, "se_time": 0.462, "sce": 66.8, "nsm": null, "valid_obs": 19, "valid_span": 20, "significant": false }, "geometry": { "type": "Point", "coordinates": [ 179.501066444603765, -16.670842700326546 ] } },
{ "type": "Feature", "properties": { "uid": "rvp9hthvgy", "rate_time": 0.69, "sig_time": 0.146, "se_time": 0.455, "sce": 55.59, "nsm": null, "valid_obs": 20, "valid_span": 21, "significant": false }, "geometry": { "type": "Point", "coordinates": [ 179.50132030072109, -16.670729579606817 ] } },
{ "type": "Feature", "properties": { "uid": "rvp9htjq0y", "rate_time": -0.362, "sig_time": 0.232, "se_time": 0.293, "sce": 34.84, "nsm": null, "valid_obs": 21, "valid_span": 21, "significant": false }, "geometry": { "type": "Point", "coordinates": [ 179.501873678961118, -16.670688512568699 ] } },
{ "type": "Feature", "properties": { "uid": "rvp9htjn62", "rate_time": -0.288, "sig_time": 0.498, "se_time": 0.418, "sce": 52.2, "nsm": null, "valid_obs": 21, "valid_span": 21, "significant": false }, "geometry": { "type": "Point", "coordinates": [ 179.501592816148701, -16.670679725651542 ] } },
{ "type": "Feature", "properties": { "uid": "rvp9htjqr6", "rate_time": -0.408, "sig_time": 0.112, "se_time": 0.245, "sce": 27.51, "nsm": null, "valid_obs": 21, "valid_span": 21, "significant": false }, "geometry": { "type": "Point", "coordinates": [ 179.502152185357147, -16.670666830874389 ] } },
{ "type": "Feature", "properties": { "uid": "rvp9htnnd8", "rate_time": -0.687, "sig_time": 0.003, "se_time": 0.198, "sce": 22.27, "nsm": null, "valid_obs": 20, "valid_span": 20, "significant": true }, "geometry": { "type": "Point", "coordinates": [ 179.502984800669623, -16.670634633818711 ] } },
{ "type": "Feature", "properties": { "uid": "rvp9htjwts", "rate_time": -0.161, "sig_time": 0.63, "se_time": 0.33, "sce": 43.28, "nsm": null, "valid_obs": 21, "valid_span": 21, "significant": false }, "geometry": { "type": "Point", "coordinates": [ 179.502426995190831, -16.670612005654888 ] } },
{ "type": "Feature", "properties": { "uid": "rvp9htnq9j", "rate_time": -0.538, "sig_time": 0.005, "se_time": 0.169, "sce": 19.31, "nsm": null, "valid_obs": 20, "valid_span": 20, "significant": true }, "geometry": { "type": "Point", "coordinates": [ 179.503259126281961, -16.670609806930994 ] } },
{ "type": "Feature", "properties": { "uid": "rvp9htjysn", "rate_time": -0.679, "sig_time": 0.004, "se_time": 0.208, "sce": 24.45, "nsm": null, "valid_obs": 20, "valid_span": 20, "significant": true }, "geometry": { "type": "Point", "coordinates": [ 179.502706030938981, -16.670603097920502 ] } },
{ "type": "Feature", "properties": { "uid": "rvp9htnrqx", "rate_time": -0.41, "sig_time": 0.001, "se_time": 0.108, "sce": 14.39, "nsm": null, "valid_obs": 20, "valid_span": 20, "significant": true }, "geometry": { "type": "Point", "coordinates": [ 179.503497700352426, -16.670469602978095 ] } },
{ "type": "Feature", "properties": { "uid": "rvp9htq8eh", "rate_time": -0.618, "sig_time": 0.0, "se_time": 0.122, "sce": 15.7, "nsm": null, "valid_obs": 19, "valid_span": 19, "significant": true }, "geometry": { "type": "Point", "coordinates": [ 179.50369026722754, -16.67027228102851 ] } },
{ "type": "Feature", "properties": { "uid": "rvp9htq9z8", "rate_time": -0.629, "sig_time": 0.014, "se_time": 0.231, "sce": 24.71, "nsm": null, "valid_obs": 19, "valid_span": 19, "significant": true }, "geometry": { "type": "Point", "coordinates": [ 179.503883284905015, -16.670075390587574 ] } },
{ "type": "Feature", "properties": { "uid": "rvp9htrq3j", "rate_time": -0.151, "sig_time": 0.578, "se_time": 0.266, "sce": 19.76, "nsm": null, "valid_obs": 18, "valid_span": 19, "significant": false }, "geometry": { "type": "Point", "coordinates": [ 179.504638422158735, -16.669277204797059 ] } },
{ "type": "Feature", "properties": { "uid": "rvp9hss9mx", "rate_time": 0.124, "sig_time": 0.6, "se_time": 0.231, "sce": 22.19, "nsm": null, "valid_obs": 19, "valid_span": 20, "significant": false }, "geometry": { "type": "Point", "coordinates": [ 179.501045417955766, -16.674247331818915 ] } },
{ "type": "Feature", "properties": { "uid": "rvp9hskqvt", "rate_time": 0.0, "sig_time": 0.999, "se_time": 0.275, "sce": 25.22, "nsm": null, "valid_obs": 20, "valid_span": 20, "significant": false }, "geometry": { "type": "Point", "coordinates": [ 179.500710780806429, -16.674682749516037 ] } },
{ "type": "Feature", "properties": { "uid": "rvp9hskmd5", "rate_time": 0.176, "sig_time": 0.45, "se_time": 0.227, "sce": 19.84, "nsm": null, "valid_obs": 20, "valid_span": 20, "significant": false }, "geometry": { "type": "Point", "coordinates": [ 179.50055368903466, -16.674907401248227 ] } },
{ "type": "Feature", "properties": { "uid": "rvp9hskhq9", "rate_time": 0.265, "sig_time": 0.206, "se_time": 0.202, "sce": 19.41, "nsm": null, "valid_obs": 20, "valid_span": 20, "significant": false }, "geometry": { "type": "Point", "coordinates": [ 179.500403812568379, -16.675136251066629 ] } },
{ "type": "Feature", "properties": { "uid": "rvp9hsk4gn", "rate_time": 0.242, "sig_time": 0.184, "se_time": 0.175, "sce": 16.67, "nsm": null, "valid_obs": 20, "valid_span": 20, "significant": false }, "geometry": { "type": "Point", "coordinates": [ 179.50025879040146, -16.67536779886942 ] } },
{ "type": "Feature", "properties": { "uid": "rvp9hs7cxe", "rate_time": -0.01, "sig_time": 0.949, "se_time": 0.158, "sce": 13.64, "nsm": null, "valid_obs": 20, "valid_span": 20, "significant": false }, "geometry": { "type": "Point", "coordinates": [ 179.500109661022151, -16.675597037659493 ] } },
{ "type": "Feature", "properties": { "uid": "rvp9hs7bhw", "rate_time": -0.238, "sig_time": 0.261, "se_time": 0.205, "sce": 18.28, "nsm": null, "valid_obs": 20, "valid_span": 20, "significant": false }, "geometry": { "type": "Point", "coordinates": [ 179.499978587390871, -16.675836737716196 ] } },
{ "type": "Feature", "properties": { "uid": "rvp9hs5ycd", "rate_time": -0.257, "sig_time": 0.251, "se_time": 0.217, "sce": 19.16, "nsm": null, "valid_obs": 20, "valid_span": 20, "significant": false }, "geometry": { "type": "Point", "coordinates": [ 179.499847019838484, -16.67607613715824 ] } },
{ "type": "Feature", "properties": { "uid": "rvp9hs5tqp", "rate_time": -0.326, "sig_time": 0.141, "se_time": 0.212, "sce": 18.88, "nsm": null, "valid_obs": 20, "valid_span": 20, "significant": false }, "geometry": { "type": "Point", "coordinates": [ 179.499698948539816, -16.676306459297582 ] } },
{ "type": "Feature", "properties": { "uid": "rvp9hs575f", "rate_time": -0.771, "sig_time": 0.009, "se_time": 0.265, "sce": 26.36, "nsm": null, "valid_obs": 20, "valid_span": 20, "significant": true }, "geometry": { "type": "Point", "coordinates": [ 179.499255984987997, -16.676715875917935 ] } },
{ "type": "Feature", "properties": { "uid": "rvp9hs54nm", "rate_time": -0.523, "sig_time": 0.28, "se_time": 0.469, "sce": 59.09, "nsm": null, "valid_obs": 20, "valid_span": 20, "significant": false }, "geometry": { "type": "Point", "coordinates": [ 179.499026956390395, -16.676872978285289 ] } },
{ "type": "Feature", "properties": { "uid": "rvp9hs512f", "rate_time": -0.975, "sig_time": 0.0, "se_time": 0.214, "sce": 26.98, "nsm": null, "valid_obs": 18, "valid_span": 19, "significant": true }, "geometry": { "type": "Point", "coordinates": [ 179.498788969638582, -16.677017041092022 ] } },
{ "type": "Feature", "properties": { "uid": "rvp9hs4be2", "rate_time": -1.305, "sig_time": 0.001, "se_time": 0.322, "sce": 37.65, "nsm": null, "valid_obs": 19, "valid_span": 19, "significant": true }, "geometry": { "type": "Point", "coordinates": [ 179.498548434541988, -16.67715727758489 ] } },
{ "type": "Feature", "properties": { "uid": "rvp9hefxw0", "rate_time": -1.303, "sig_time": 0.0, "se_time": 0.247, "sce": 28.62, "nsm": null, "valid_obs": 19, "valid_span": 19, "significant": true }, "geometry": { "type": "Point", "coordinates": [ 179.498329655803417, -16.677327069406573 ] } },
{ "type": "Feature", "properties": { "uid": "rvp9hefw92", "rate_time": -1.243, "sig_time": 0.0, "se_time": 0.225, "sce": 26.64, "nsm": null, "valid_obs": 19, "valid_span": 19, "significant": true }, "geometry": { "type": "Point", "coordinates": [ 179.498115959085084, -16.677503093553064 ] } },
{ "type": "Feature", "properties": { "uid": "rvp9hefmkq", "rate_time": -1.18, "sig_time": 0.0, "se_time": 0.219, "sce": 26.09, "nsm": null, "valid_obs": 19, "valid_span": 19, "significant": true }, "geometry": { "type": "Point", "coordinates": [ 179.49790417894414, -16.677681254700868 ] } },
{ "type": "Feature", "properties": { "uid": "rvp9hefhrm", "rate_time": -1.115, "sig_time": 0.0, "se_time": 0.235, "sce": 24.3, "nsm": null, "valid_obs": 19, "valid_span": 19, "significant": true }, "geometry": { "type": "Point", "coordinates": [ 179.497693157610399, -16.677860256766337 ] } },
{ "type": "Feature", "properties": { "uid": "rvp9hef56d", "rate_time": -0.939, "sig_time": 0.0, "se_time": 0.201, "sce": 21.84, "nsm": null, "valid_obs": 19, "valid_span": 19, "significant": true }, "geometry": { "type": "Point", "coordinates": [ 179.497488018519277, -16.678045466392973 ] } },
{ "type": "Feature", "properties": { "uid": "rvp9hecfjz", "rate_time": -0.673, "sig_time": 0.012, "se_time": 0.24, "sce": 25.88, "nsm": null, "valid_obs": 19, "valid_span": 19, "significant": true }, "geometry": { "type": "Point", "coordinates": [ 179.497288646069308, -16.678236452163674 ] } },
{ "type": "Feature", "properties": { "uid": "rvp9hecc19", "rate_time": -0.304, "sig_time": 0.487, "se_time": 0.429, "sce": 59.46, "nsm": null, "valid_obs": 21, "valid_span": 21, "significant": false }, "geometry": { "type": "Point", "coordinates": [ 179.497100311813568, -16.678437566286291 ] } },
{ "type": "Feature", "properties": { "uid": "rvp9he9xv6", "rate_time": -0.459, "sig_time": 0.025, "se_time": 0.189, "sce": 19.63, "nsm": null, "valid_obs": 21, "valid_span": 21, "significant": true }, "geometry": { "type": "Point", "coordinates": [ 179.496922720793378, -16.678647468831876 ] } },
{ "type": "Feature", "properties": { "uid": "rvp9he9w9c", "rate_time": -0.458, "sig_time": 0.018, "se_time": 0.176, "sce": 18.15, "nsm": null, "valid_obs": 21, "valid_span": 21, "significant": true }, "geometry": { "type": "Point", "coordinates": [ 179.496765864387271, -16.678871062215332 ] } },
{ "type": "Feature", "properties": { "uid": "rvp9he9mng", "rate_time": -0.367, "sig_time": 0.023, "se_time": 0.148, "sce": 15.37, "nsm": null, "valid_obs": 21, "valid_span": 21, "significant": true }, "geometry": { "type": "Point", "coordinates": [ 179.496643579423505, -16.679115006173689 ] } },
{ "type": "Feature", "properties": { "uid": "rvp9he97ez", "rate_time": -0.402, "sig_time": 0.011, "se_time": 0.142, "sce": 15.62, "nsm": null, "valid_obs": 21, "valid_span": 21, "significant": true }, "geometry": { "type": "Point", "coordinates": [ 179.496511604075579, -16.679354248349007 ] } },
{ "type": "Feature", "properties": { "uid": "rvp9he961r", "rate_time": -0.276, "sig_time": 0.035, "se_time": 0.122, "sce": 13.71, "nsm": null, "valid_obs": 21, "valid_span": 21, "significant": true }, "geometry": { "type": "Point", "coordinates": [ 179.496409210674898, -16.679606578286513 ] } },
{ "type": "Feature", "properties": { "uid": "rvp9he90z0", "rate_time": -0.357, "sig_time": 0.036, "se_time": 0.158, "sce": 17.56, "nsm": null, "valid_obs": 21, "valid_span": 21, "significant": true }, "geometry": { "type": "Point", "coordinates": [ 179.496307546909406, -16.679859196770064 ] } },
{ "type": "Feature", "properties": { "uid": "rvp9y75jgn", "rate_time": 0.358, "sig_time": 0.317, "se_time": 0.346, "sce": 37.16, "nsm": null, "valid_obs": 17, "valid_span": 22, "significant": false }, "geometry": { "type": "Point", "coordinates": [ 179.575792391622798, -16.549883828966255 ] } },
{ "type": "Feature", "properties": { "uid": "rvp9y7e81u", "rate_time": -0.18, "sig_time": 0.524, "se_time": 0.277, "sce": 30.4, "nsm": null, "valid_obs": 20, "valid_span": 22, "significant": false }, "geometry": { "type": "Point", "coordinates": [ 179.57642136028565, -16.548133535759753 ] } },
{ "type": "Feature", "properties": { "uid": "rvp9y7e9dv", "rate_time": -0.039, "sig_time": 0.8, "se_time": 0.153, "sce": 16.6, "nsm": null, "valid_obs": 20, "valid_span": 22, "significant": false }, "geometry": { "type": "Point", "coordinates": [ 179.576466955100244, -16.54786912988007 ] } },
{ "type": "Feature", "properties": { "uid": "rvp9y77e7j", "rate_time": 0.229, "sig_time": 0.246, "se_time": 0.19, "sce": 16.25, "nsm": null, "valid_obs": 17, "valid_span": 22, "significant": false }, "geometry": { "type": "Point", "coordinates": [ 179.576476768446526, -16.548942743439703 ] } },
{ "type": "Feature", "properties": { "uid": "rvp9y7evpc", "rate_time": -0.082, "sig_time": 0.643, "se_time": 0.175, "sce": 18.36, "nsm": null, "valid_obs": 21, "valid_span": 22, "significant": false }, "geometry": { "type": "Point", "coordinates": [ 179.577024757518188, -16.547292984820693 ] } },
{ "type": "Feature", "properties": { "uid": "rvp9y7sq7w", "rate_time": -0.223, "sig_time": 0.224, "se_time": 0.178, "sce": 18.45, "nsm": null, "valid_obs": 21, "valid_span": 22, "significant": false }, "geometry": { "type": "Point", "coordinates": [ 179.577524082946013, -16.547048288963829 ] } },
{ "type": "Feature", "properties": { "uid": "rvp9y7swcg", "rate_time": -0.295, "sig_time": 0.176, "se_time": 0.21, "sce": 20.56, "nsm": null, "valid_obs": 21, "valid_span": 22, "significant": false }, "geometry": { "type": "Point", "coordinates": [ 179.577791239390308, -16.546980217677536 ] } },
{ "type": "Feature", "properties": { "uid": "rvp9y7sy8h", "rate_time": -0.384, "sig_time": 0.27, "se_time": 0.338, "sce": 44.52, "nsm": null, "valid_obs": 21, "valid_span": 22, "significant": false }, "geometry": { "type": "Point", "coordinates": [ 179.578066967407921, -16.547016675160055 ] } },
{ "type": "Feature", "properties": { "uid": "rvp9y7wpkx", "rate_time": 0.107, "sig_time": 0.654, "se_time": 0.235, "sce": 28.62, "nsm": null, "valid_obs": 22, "valid_span": 23, "significant": false }, "geometry": { "type": "Point", "coordinates": [ 179.579968662170444, -16.546872155327595 ] } },
{ "type": "Feature", "properties": { "uid": "rvp9y7wrfu", "rate_time": 0.174, "sig_time": 0.329, "se_time": 0.174, "sce": 24.83, "nsm": null, "valid_obs": 22, "valid_span": 23, "significant": false }, "geometry": { "type": "Point", "coordinates": [ 179.580239775405175, -16.546801225371048 ] } },
{ "type": "Feature", "properties": { "uid": "rvp9y7y831", "rate_time": 0.029, "sig_time": 0.847, "se_time": 0.148, "sce": 14.44, "nsm": null, "valid_obs": 22, "valid_span": 23, "significant": false }, "geometry": { "type": "Point", "coordinates": [ 179.580511892977427, -16.546733972311422 ] } },
{ "type": "Feature", "properties": { "uid": "rvp9y7y8zh", "rate_time": -0.1, "sig_time": 0.558, "se_time": 0.167, "sce": 14.13, "nsm": null, "valid_obs": 22, "valid_span": 23, "significant": false }, "geometry": { "type": "Point", "coordinates": [ 179.580770267903063, -16.546628136202184 ] } },
{ "type": "Feature", "properties": { "uid": "rvp9y7ycm9", "rate_time": -0.098, "sig_time": 0.474, "se_time": 0.135, "sce": 12.59, "nsm": null, "valid_obs": 22, "valid_span": 23, "significant": false }, "geometry": { "type": "Point", "coordinates": [ 179.58104146415539, -16.546559634231819 ] } },
{ "type": "Feature", "properties": { "uid": "rvp9y7z1kp", "rate_time": -0.001, "sig_time": 0.992, "se_time": 0.127, "sce": 16.09, "nsm": null, "valid_obs": 22, "valid_span": 23, "significant": false }, "geometry": { "type": "Point", "coordinates": [ 179.581319942371437, -16.546526556699732 ] } },
{ "type": "Feature", "properties": { "uid": "rvp9y7z3f3", "rate_time": 0.091, "sig_time": 0.639, "se_time": 0.191, "sce": 27.8, "nsm": null, "valid_obs": 23, "valid_span": 23, "significant": false }, "geometry": { "type": "Point", "coordinates": [ 179.581595030223127, -16.546473032907315 ] } },
{ "type": "Feature", "properties": { "uid": "rvp9y7zd0u", "rate_time": -0.104, "sig_time": 0.516, "se_time": 0.158, "sce": 18.26, "nsm": null, "valid_obs": 23, "valid_span": 23, "significant": false }, "geometry": { "type": "Point", "coordinates": [ 179.581869068061422, -16.546413473893232 ] } },
{ "type": "Feature", "properties": { "uid": "rvp9y7zdp3", "rate_time": -0.138, "sig_time": 0.293, "se_time": 0.129, "sce": 13.45, "nsm": null, "valid_obs": 23, "valid_span": 23, "significant": false }, "geometry": { "type": "Point", "coordinates": [ 179.58214571781474, -16.54643420024609 ] } },
{ "type": "Feature", "properties": { "uid": "rvp9y7zct9", "rate_time": -0.04, "sig_time": 0.732, "se_time": 0.114, "sce": 11.01, "nsm": null, "valid_obs": 23, "valid_span": 23, "significant": false }, "geometry": { "type": "Point", "coordinates": [ 179.582412265227276, -16.546516721848683 ] } },
{ "type": "Feature", "properties": { "uid": "rvp9yeb17f", "rate_time": 0.113, "sig_time": 0.438, "se_time": 0.144, "sce": 13.51, "nsm": null, "valid_obs": 23, "valid_span": 23, "significant": false }, "geometry": { "type": "Point", "coordinates": [ 179.582687653571583, -16.546553696525518 ] } },
{ "type": "Feature", "properties": { "uid": "rvp9yeb3cu", "rate_time": 0.37, "sig_time": 0.184, "se_time": 0.27, "sce": 41.72, "nsm": null, "valid_obs": 23, "valid_span": 23, "significant": false }, "geometry": { "type": "Point", "coordinates": [ 179.582941196639467, -16.546461297699832 ] } },
{ "type": "Feature", "properties": { "uid": "rvp9yeb6z0", "rate_time": 0.058, "sig_time": 0.662, "se_time": 0.131, "sce": 13.46, "nsm": null, "valid_obs": 22, "valid_span": 23, "significant": false }, "geometry": { "type": "Point", "coordinates": [ 179.583172059930149, -16.546308114232644 ] } },
{ "type": "Feature", "properties": { "uid": "rvp9yebekz", "rate_time": -0.047, "sig_time": 0.72, "se_time": 0.129, "sce": 11.97, "nsm": null, "valid_obs": 22, "valid_span": 23, "significant": false }, "geometry": { "type": "Point", "coordinates": [ 179.583417598499778, -16.546184045788184 ] } },
{ "type": "Feature", "properties": { "uid": "rvp9yebgg2", "rate_time": -0.068, "sig_time": 0.552, "se_time": 0.113, "sce": 11.1, "nsm": null, "valid_obs": 22, "valid_span": 23, "significant": false }, "geometry": { "type": "Point", "coordinates": [ 179.583692583656074, -16.546138036654554 ] } },
{ "type": "Feature", "properties": { "uid": "rvp9yec5cg", "rate_time": 0.312, "sig_time": 0.115, "se_time": 0.189, "sce": 30.74, "nsm": null, "valid_obs": 22, "valid_span": 23, "significant": false }, "geometry": { "type": "Point", "coordinates": [ 179.583971580334321, -16.546122035403364 ] } },
{ "type": "Feature", "properties": { "uid": "rvp9yechru", "rate_time": 0.02, "sig_time": 0.867, "se_time": 0.116, "sce": 11.86, "nsm": null, "valid_obs": 21, "valid_span": 22, "significant": false }, "geometry": { "type": "Point", "coordinates": [ 179.584227803538255, -16.546030565828726 ] } },
{ "type": "Feature", "properties": { "uid": "rvp9yecms4", "rate_time": -0.048, "sig_time": 0.696, "se_time": 0.122, "sce": 12.78, "nsm": null, "valid_obs": 21, "valid_span": 22, "significant": false }, "geometry": { "type": "Point", "coordinates": [ 179.584411319157709, -16.545825433685557 ] } },
{ "type": "Feature", "properties": { "uid": "rvp9yecqzp", "rate_time": 0.004, "sig_time": 0.962, "se_time": 0.081, "sce": 8.38, "nsm": null, "valid_obs": 21, "valid_span": 22, "significant": false }, "geometry": { "type": "Point", "coordinates": [ 179.584536646731578, -16.545585362547271 ] } },
{ "type": "Feature", "properties": { "uid": "rvp9ys183q", "rate_time": -0.192, "sig_time": 0.277, "se_time": 0.172, "sce": 24.13, "nsm": null, "valid_obs": 21, "valid_span": 22, "significant": false }, "geometry": { "type": "Point", "coordinates": [ 179.584636495899673, -16.545332197734652 ] } },
{ "type": "Feature", "properties": { "uid": "rvp9ys19gu", "rate_time": -0.062, "sig_time": 0.51, "se_time": 0.092, "sce": 9.71, "nsm": null, "valid_obs": 20, "valid_span": 22, "significant": false }, "geometry": { "type": "Point", "coordinates": [ 179.584749400344549, -16.545084555811624 ] } },
{ "type": "Feature", "properties": { "uid": "rvp9ys1eq7", "rate_time": 0.164, "sig_time": 0.558, "se_time": 0.275, "sce": 38.94, "nsm": null, "valid_obs": 21, "valid_span": 22, "significant": false }, "geometry": { "type": "Point", "coordinates": [ 179.584851763467043, -16.544833522002047 ] } },
{ "type": "Feature", "properties": { "uid": "rvp9ys1ub7", "rate_time": -0.206, "sig_time": 0.093, "se_time": 0.117, "sce": 13.32, "nsm": null, "valid_obs": 21, "valid_span": 22, "significant": false }, "geometry": { "type": "Point", "coordinates": [ 179.584934107973282, -16.544574565132738 ] } },
{ "type": "Feature", "properties": { "uid": "rvp9ys1y70", "rate_time": -0.186, "sig_time": 0.186, "se_time": 0.136, "sce": 15.56, "nsm": null, "valid_obs": 21, "valid_span": 22, "significant": false }, "geometry": { "type": "Point", "coordinates": [ 179.585053161525167, -16.544332672546989 ] } },
{ "type": "Feature", "properties": { "uid": "rvp9ys1zx0", "rate_time": -0.214, "sig_time": 0.34, "se_time": 0.219, "sce": 29.95, "nsm": null, "valid_obs": 21, "valid_span": 22, "significant": false }, "geometry": { "type": "Point", "coordinates": [ 179.58522423529493, -16.544117935639392 ] } },
{ "type": "Feature", "properties": { "uid": "rvp9ys60es", "rate_time": -0.019, "sig_time": 0.904, "se_time": 0.155, "sce": 15.39, "nsm": null, "valid_obs": 20, "valid_span": 22, "significant": false }, "geometry": { "type": "Point", "coordinates": [ 179.585422033447259, -16.543925634077908 ] } },
{ "type": "Feature", "properties": { "uid": "rvp9ys638r", "rate_time": 0.015, "sig_time": 0.935, "se_time": 0.184, "sce": 18.09, "nsm": null, "valid_obs": 20, "valid_span": 22, "significant": false }, "geometry": { "type": "Point", "coordinates": [ 179.585626379303363, -16.543739775001956 ] } },
{ "type": "Feature", "properties": { "uid": "rvp9yss950", "rate_time": 0.547, "sig_time": 0.001, "se_time": 0.131, "sce": 20.0, "nsm": null, "valid_obs": 19, "valid_span": 22, "significant": true }, "geometry": { "type": "Point", "coordinates": [ 179.588836280104914, -16.542487593842413 ] } },
{ "type": "Feature", "properties": { "uid": "rvp9ysscv2", "rate_time": 1.028, "sig_time": 0.0, "se_time": 0.111, "sce": 24.06, "nsm": null, "valid_obs": 19, "valid_span": 22, "significant": true }, "geometry": { "type": "Point", "coordinates": [ 179.589277729765456, -16.542359302666064 ] } },
{ "type": "Feature", "properties": { "uid": "rvp9yssgpz", "rate_time": 0.312, "sig_time": 0.004, "se_time": 0.093, "sce": 11.4, "nsm": null, "valid_obs": 19, "valid_span": 22, "significant": true }, "geometry": { "type": "Point", "coordinates": [ 179.589384955093834, -16.542110824162378 ] } },
{ "type": "Feature", "properties": { "uid": "rvp9ysthhc", "rate_time": 0.113, "sig_time": 0.441, "se_time": 0.143, "sce": 13.06, "nsm": null, "valid_obs": 19, "valid_span": 22, "significant": false }, "geometry": { "type": "Point", "coordinates": [ 179.589598796258542, -16.541969610548541 ] } },
{ "type": "Feature", "properties": { "uid": "rvp9yst7dw", "rate_time": 0.746, "sig_time": 0.0, "se_time": 0.164, "sce": 19.34, "nsm": null, "valid_obs": 19, "valid_span": 22, "significant": true }, "geometry": { "type": "Point", "coordinates": [ 179.589844410413377, -16.542025578723223 ] } },
{ "type": "Feature", "properties": { "uid": "rvp9yst6xt", "rate_time": 1.866, "sig_time": 0.0, "se_time": 0.378, "sce": 45.05, "nsm": null, "valid_obs": 19, "valid_span": 22, "significant": true }, "geometry": { "type": "Point", "coordinates": [ 179.590056153295166, -16.542202604481069 ] } },
{ "type": "Feature", "properties": { "uid": "rvp9yst97t", "rate_time": 0.917, "sig_time": 0.044, "se_time": 0.412, "sce": 32.3, "nsm": null, "valid_obs": 15, "valid_span": 16, "significant": true }, "geometry": { "type": "Point", "coordinates": [ 179.590226972264247, -16.542417692708462 ] } },
{ "type": "Feature", "properties": { "uid": "rvp9yswq8e", "rate_time": -0.637, "sig_time": 0.057, "se_time": 0.313, "sce": 41.14, "nsm": null, "valid_obs": 20, "valid_span": 22, "significant": false }, "geometry": { "type": "Point", "coordinates": [ 179.591125962221014, -16.541526827381727 ] } },
{ "type": "Feature", "properties": { "uid": "rvp9yswqz0", "rate_time": -0.645, "sig_time": 0.007, "se_time": 0.213, "sce": 27.88, "nsm": null, "valid_obs": 20, "valid_span": 22, "significant": true }, "geometry": { "type": "Point", "coordinates": [ 179.591405214743162, -16.541499787873754 ] } },
{ "type": "Feature", "properties": { "uid": "rvp9ysw877", "rate_time": 1.426, "sig_time": 0.014, "se_time": 0.51, "sce": 37.3, "nsm": null, "valid_obs": 16, "valid_span": 16, "significant": true }, "geometry": { "type": "Point", "coordinates": [ 179.591590583244283, -16.542603440183267 ] } },
{ "type": "Feature", "properties": { "uid": "rvp9yswwmr", "rate_time": -0.213, "sig_time": 0.297, "se_time": 0.198, "sce": 27.62, "nsm": null, "valid_obs": 20, "valid_span": 22, "significant": false }, "geometry": { "type": "Point", "coordinates": [ 179.591680766277364, -16.541550532147298 ] } },
{ "type": "Feature", "properties": { "uid": "rvp9ysx63d", "rate_time": 0.973, "sig_time": 0.001, "se_time": 0.252, "sce": 29.31, "nsm": null, "valid_obs": 20, "valid_span": 22, "significant": true }, "geometry": { "type": "Point", "coordinates": [ 179.592545956324159, -16.542265136793745 ] } },
{ "type": "Feature", "properties": { "uid": "rvp9ysxd24", "rate_time": 0.294, "sig_time": 0.071, "se_time": 0.153, "sce": 16.87, "nsm": null, "valid_obs": 20, "valid_span": 22, "significant": false }, "geometry": { "type": "Point", "coordinates": [ 179.592826825878035, -16.542262321378132 ] } },
{ "type": "Feature", "properties": { "uid": "rvp9ysxdnt", "rate_time": 0.051, "sig_time": 0.619, "se_time": 0.1, "sce": 8.41, "nsm": null, "valid_obs": 20, "valid_span": 22, "significant": false }, "geometry": { "type": "Point", "coordinates": [ 179.593106282649984, -16.542289622662619 ] } },
{ "type": "Feature", "properties": { "uid": "rvp9yu859q", "rate_time": -0.013, "sig_time": 0.919, "se_time": 0.127, "sce": 14.03, "nsm": null, "valid_obs": 21, "valid_span": 22, "significant": false }, "geometry": { "type": "Point", "coordinates": [ 179.59356572620311, -16.542029160782366 ] } },
{ "type": "Feature", "properties": { "uid": "rvp9yu8hve", "rate_time": 0.218, "sig_time": 0.412, "se_time": 0.26, "sce": 35.8, "nsm": null, "valid_obs": 21, "valid_span": 22, "significant": false }, "geometry": { "type": "Point", "coordinates": [ 179.593751098182764, -16.541827402431398 ] } },
{ "type": "Feature", "properties": { "uid": "rvp9yu8mfg", "rate_time": -0.101, "sig_time": 0.397, "se_time": 0.117, "sce": 9.58, "nsm": null, "valid_obs": 20, "valid_span": 20, "significant": false }, "geometry": { "type": "Point", "coordinates": [ 179.593972003227549, -16.541660061447516 ] } },
{ "type": "Feature", "properties": { "uid": "rvp9yu8wb1", "rate_time": -0.12, "sig_time": 0.232, "se_time": 0.097, "sce": 9.86, "nsm": null, "valid_obs": 20, "valid_span": 20, "significant": false }, "geometry": { "type": "Point", "coordinates": [ 179.594194281562068, -16.54149444661434 ] } },
{ "type": "Feature", "properties": { "uid": "rvp9yu8xv4", "rate_time": -0.096, "sig_time": 0.239, "se_time": 0.079, "sce": 7.71, "nsm": null, "valid_obs": 20, "valid_span": 20, "significant": false }, "geometry": { "type": "Point", "coordinates": [ 179.594410215675083, -16.541321176660357 ] } },
{ "type": "Feature", "properties": { "uid": "rvp9yubbcu", "rate_time": -0.196, "sig_time": 0.127, "se_time": 0.122, "sce": 10.4, "nsm": null, "valid_obs": 20, "valid_span": 20, "significant": false }, "geometry": { "type": "Point", "coordinates": [ 179.594618813216925, -16.541139730551002 ] } },
{ "type": "Feature", "properties": { "uid": "rvp9yubcyu", "rate_time": -0.26, "sig_time": 0.103, "se_time": 0.151, "sce": 14.43, "nsm": null, "valid_obs": 20, "valid_span": 20, "significant": false }, "geometry": { "type": "Point", "coordinates": [ 179.594832989455483, -16.540965022338263 ] } },
{ "type": "Feature", "properties": { "uid": "rvp9yuc4u3", "rate_time": -0.445, "sig_time": 0.012, "se_time": 0.16, "sce": 15.78, "nsm": null, "valid_obs": 20, "valid_span": 20, "significant": true }, "geometry": { "type": "Point", "coordinates": [ 179.595063957770805, -16.540810845211407 ] } },
{ "type": "Feature", "properties": { "uid": "rvp9yuc7d1", "rate_time": -0.623, "sig_time": 0.003, "se_time": 0.18, "sce": 18.38, "nsm": null, "valid_obs": 20, "valid_span": 20, "significant": true }, "geometry": { "type": "Point", "coordinates": [ 179.59530916028379, -16.540678866180659 ] } },
{ "type": "Feature", "properties": { "uid": "rvp9yucs05", "rate_time": -0.454, "sig_time": 0.018, "se_time": 0.175, "sce": 16.63, "nsm": null, "valid_obs": 20, "valid_span": 20, "significant": true }, "geometry": { "type": "Point", "coordinates": [ 179.59557152149938, -16.540582825690446 ] } },
{ "type": "Feature", "properties": { "uid": "rvp9yucv7z", "rate_time": 0.149, "sig_time": 0.657, "se_time": 0.33, "sce": 44.0, "nsm": null, "valid_obs": 21, "valid_span": 21, "significant": false }, "geometry": { "type": "Point", "coordinates": [ 179.59607842380052, -16.540350135699249 ] } },
{ "type": "Feature", "properties": { "uid": "rvp9yucsy0", "rate_time": -0.412, "sig_time": 0.034, "se_time": 0.179, "sce": 16.5, "nsm": null, "valid_obs": 20, "valid_span": 20, "significant": true }, "geometry": { "type": "Point", "coordinates": [ 179.595828449721751, -16.540473628948508 ] } },
{ "type": "Feature", "properties": { "uid": "rvp9yufn1v", "rate_time": -0.291, "sig_time": 0.243, "se_time": 0.241, "sce": 22.45, "nsm": null, "valid_obs": 21, "valid_span": 21, "significant": false }, "geometry": { "type": "Point", "coordinates": [ 179.596329820348387, -16.540229354804826 ] } },
{ "type": "Feature", "properties": { "uid": "rvp9yufnxz", "rate_time": -0.303, "sig_time": 0.244, "se_time": 0.252, "sce": 23.49, "nsm": null, "valid_obs": 21, "valid_span": 21, "significant": false }, "geometry": { "type": "Point", "coordinates": [ 179.59659279130247, -16.540136232159785 ] } },
{ "type": "Feature", "properties": { "uid": "rvp9yufrmu", "rate_time": -0.215, "sig_time": 0.342, "se_time": 0.221, "sce": 18.98, "nsm": null, "valid_obs": 21, "valid_span": 21, "significant": false }, "geometry": { "type": "Point", "coordinates": [ 179.596843255518365, -16.540022082574332 ] } },
{ "type": "Feature", "properties": { "uid": "rvp9yv486r", "rate_time": -0.038, "sig_time": 0.826, "se_time": 0.173, "sce": 15.58, "nsm": null, "valid_obs": 21, "valid_span": 21, "significant": false }, "geometry": { "type": "Point", "coordinates": [ 179.597036474104755, -16.539834568495923 ] } },
{ "type": "Feature", "properties": { "uid": "rvp9yv49uw", "rate_time": 0.075, "sig_time": 0.686, "se_time": 0.182, "sce": 18.02, "nsm": null, "valid_obs": 21, "valid_span": 21, "significant": false }, "geometry": { "type": "Point", "coordinates": [ 179.597142073826063, -16.53958432288097 ] } },
{ "type": "Feature", "properties": { "uid": "rvp9yv4eqw", "rate_time": 0.111, "sig_time": 0.625, "se_time": 0.224, "sce": 23.08, "nsm": null, "valid_obs": 21, "valid_span": 21, "significant": false }, "geometry": { "type": "Point", "coordinates": [ 179.597220242162649, -16.539324218300827 ] } },
{ "type": "Feature", "properties": { "uid": "rvp9yv4ubv", "rate_time": 0.147, "sig_time": 0.539, "se_time": 0.235, "sce": 23.65, "nsm": null, "valid_obs": 21, "valid_span": 21, "significant": false }, "geometry": { "type": "Point", "coordinates": [ 179.597318426252656, -16.539070482326423 ] } },
{ "type": "Feature", "properties": { "uid": "rvp9yv4y7k", "rate_time": -0.126, "sig_time": 0.549, "se_time": 0.206, "sce": 24.64, "nsm": null, "valid_obs": 21, "valid_span": 21, "significant": false }, "geometry": { "type": "Point", "coordinates": [ 179.597427800896327, -16.538821195171842 ] } },
{ "type": "Feature", "properties": { "uid": "rvp9yv4zwz", "rate_time": -0.55, "sig_time": 0.017, "se_time": 0.211, "sce": 29.47, "nsm": null, "valid_obs": 22, "valid_span": 22, "significant": true }, "geometry": { "type": "Point", "coordinates": [ 179.597577026343856, -16.538591923598869 ] } },
{ "type": "Feature", "properties": { "uid": "rvp9yv70fy", "rate_time": -0.397, "sig_time": 0.012, "se_time": 0.144, "sce": 21.35, "nsm": null, "valid_obs": 22, "valid_span": 22, "significant": true }, "geometry": { "type": "Point", "coordinates": [ 179.597753331378641, -16.538380999506067 ] } },
{ "type": "Feature", "properties": { "uid": "rvp9yv74ph", "rate_time": -0.488, "sig_time": 0.002, "se_time": 0.135, "sce": 19.9, "nsm": null, "valid_obs": 22, "valid_span": 22, "significant": true }, "geometry": { "type": "Point", "coordinates": [ 179.597936693854621, -16.538175884357148 ] } },
{ "type": "Feature", "properties": { "uid": "rvp9yv777b", "rate_time": -0.474, "sig_time": 0.002, "se_time": 0.134, "sce": 18.05, "nsm": null, "valid_obs": 22, "valid_span": 22, "significant": true }, "geometry": { "type": "Point", "coordinates": [ 179.598131856299716, -16.537981891738109 ] } },
{ "type": "Feature", "properties": { "uid": "rvp9yv7s1n", "rate_time": -0.288, "sig_time": 0.028, "se_time": 0.122, "sce": 13.84, "nsm": null, "valid_obs": 22, "valid_span": 22, "significant": true }, "geometry": { "type": "Point", "coordinates": [ 179.598357451667994, -16.537820466274948 ] } },
{ "type": "Feature", "properties": { "uid": "rvp9yv7tnn", "rate_time": -0.278, "sig_time": 0.014, "se_time": 0.103, "sce": 11.65, "nsm": null, "valid_obs": 22, "valid_span": 22, "significant": true }, "geometry": { "type": "Point", "coordinates": [ 179.598577534539288, -16.537652144903095 ] } },
{ "type": "Feature", "properties": { "uid": "rvp9yv7y5m", "rate_time": -0.38, "sig_time": 0.006, "se_time": 0.123, "sce": 18.16, "nsm": null, "valid_obs": 22, "valid_span": 22, "significant": true }, "geometry": { "type": "Point", "coordinates": [ 179.598796901195186, -16.537482921479452 ] } },
{ "type": "Feature", "properties": { "uid": "rvp9yvkp0m", "rate_time": -0.415, "sig_time": 0.001, "se_time": 0.103, "sce": 14.63, "nsm": null, "valid_obs": 21, "valid_span": 22, "significant": true }, "geometry": { "type": "Point", "coordinates": [ 179.599016295082805, -16.537313877595306 ] } },
{ "type": "Feature", "properties": { "uid": "rvp9yvs0jd", "rate_time": -0.487, "sig_time": 0.01, "se_time": 0.169, "sce": 28.68, "nsm": null, "valid_obs": 21, "valid_span": 22, "significant": true }, "geometry": { "type": "Point", "coordinates": [ 179.599243280986599, -16.537154346370727 ] } },
{ "type": "Feature", "properties": { "uid": "rvp9yvs2gn", "rate_time": -0.104, "sig_time": 0.381, "se_time": 0.115, "sce": 11.19, "nsm": null, "valid_obs": 20, "valid_span": 22, "significant": false }, "geometry": { "type": "Point", "coordinates": [ 179.599478762446665, -16.537006641719842 ] } },
{ "type": "Feature", "properties": { "uid": "rvp9yvs9bm", "rate_time": -0.14, "sig_time": 0.292, "se_time": 0.129, "sce": 11.68, "nsm": null, "valid_obs": 20, "valid_span": 22, "significant": false }, "geometry": { "type": "Point", "coordinates": [ 179.599701803219517, -16.536842123061444 ] } },
{ "type": "Feature", "properties": { "uid": "rvp9yvsdvk", "rate_time": 0.01, "sig_time": 0.937, "se_time": 0.129, "sce": 11.8, "nsm": null, "valid_obs": 20, "valid_span": 22, "significant": false }, "geometry": { "type": "Point", "coordinates": [ 179.599920716013088, -16.536672355305875 ] } },
{ "type": "Feature", "properties": { "uid": "rvp9yvsgfs", "rate_time": 0.044, "sig_time": 0.728, "se_time": 0.123, "sce": 10.62, "nsm": null, "valid_obs": 20, "valid_span": 22, "significant": false }, "geometry": { "type": "Point", "coordinates": [ 179.600139004229476, -16.536501842579131 ] } },
{ "type": "Feature", "properties": { "uid": "rvp9yvsuzs", "rate_time": 0.016, "sig_time": 0.894, "se_time": 0.118, "sce": 10.42, "nsm": null, "valid_obs": 20, "valid_span": 22, "significant": false }, "geometry": { "type": "Point", "coordinates": [ 179.600354563870923, -16.536328239124398 ] } },
{ "type": "Feature", "properties": { "uid": "rvp9yyrern", "rate_time": -0.119, "sig_time": 0.558, "se_time": 0.199, "sce": 18.67, "nsm": null, "valid_obs": 19, "valid_span": 20, "significant": false }, "geometry": { "type": "Point", "coordinates": [ 179.604115159141799, -16.53245805292152 ] } },
{ "type": "Feature", "properties": { "uid": "rvp9yyrtpb", "rate_time": 0.337, "sig_time": 0.179, "se_time": 0.24, "sce": 22.79, "nsm": null, "valid_obs": 19, "valid_span": 20, "significant": false }, "geometry": { "type": "Point", "coordinates": [ 179.604144533268851, -16.532188599038214 ] } },
{ "type": "Feature", "properties": { "uid": "rvp9yyry8f", "rate_time": 0.575, "sig_time": 0.018, "se_time": 0.219, "sce": 22.83, "nsm": null, "valid_obs": 19, "valid_span": 20, "significant": true }, "geometry": { "type": "Point", "coordinates": [ 179.604188931525044, -16.531922312961242 ] } },
{ "type": "Feature", "properties": { "uid": "rvp9zn8peh", "rate_time": 0.245, "sig_time": 0.382, "se_time": 0.274, "sce": 40.23, "nsm": null, "valid_obs": 21, "valid_span": 22, "significant": false }, "geometry": { "type": "Point", "coordinates": [ 179.604630287676599, -16.530364751121056 ] } },
{ "type": "Feature", "properties": { "uid": "rvp9zr0fex", "rate_time": 0.796, "sig_time": 0.0, "se_time": 0.143, "sce": 24.41, "nsm": null, "valid_obs": 20, "valid_span": 20, "significant": true }, "geometry": { "type": "Point", "coordinates": [ 179.616668542325982, -16.528461101796449 ] } },
{ "type": "Feature", "properties": { "uid": "rvp9zr0crq", "rate_time": 0.644, "sig_time": 0.0, "se_time": 0.119, "sce": 20.08, "nsm": null, "valid_obs": 20, "valid_span": 20, "significant": true }, "geometry": { "type": "Point", "coordinates": [ 179.616828598301737, -16.528682725735258 ] } },
{ "type": "Feature", "properties": { "uid": "rvp9zr10k5", "rate_time": 0.767, "sig_time": 0.0, "se_time": 0.114, "sce": 21.85, "nsm": null, "valid_obs": 20, "valid_span": 20, "significant": true }, "geometry": { "type": "Point", "coordinates": [ 179.617032270500715, -16.528868503562535 ] } },
{ "type": "Feature", "properties": { "uid": "rvp9zqcrf0", "rate_time": 0.581, "sig_time": 0.0, "se_time": 0.1, "sce": 18.33, "nsm": null, "valid_obs": 20, "valid_span": 20, "significant": true }, "geometry": { "type": "Point", "coordinates": [ 179.617289622707119, -16.528971068379121 ] } },
{ "type": "Feature", "properties": { "uid": "rvp9zqcx0h", "rate_time": 0.445, "sig_time": 0.0, "se_time": 0.102, "sce": 16.68, "nsm": null, "valid_obs": 20, "valid_span": 20, "significant": true }, "geometry": { "type": "Point", "coordinates": [ 179.617546574063709, -16.529079156108313 ] } },
{ "type": "Feature", "properties": { "uid": "rvp9zqcwh8", "rate_time": 0.431, "sig_time": 0.001, "se_time": 0.109, "sce": 17.77, "nsm": null, "valid_obs": 20, "valid_span": 20, "significant": true }, "geometry": { "type": "Point", "coordinates": [ 179.617735037985653, -16.529271375910412 ] } },
{ "type": "Feature", "properties": { "uid": "rvp9zqcsxs", "rate_time": 0.458, "sig_time": 0.001, "se_time": 0.113, "sce": 20.19, "nsm": null, "valid_obs": 21, "valid_span": 21, "significant": true }, "geometry": { "type": "Point", "coordinates": [ 179.617870055991148, -16.529508347242754 ] } },
{ "type": "Feature", "properties": { "uid": "rvp9zqcg1v", "rate_time": 0.256, "sig_time": 0.019, "se_time": 0.1, "sce": 15.04, "nsm": null, "valid_obs": 21, "valid_span": 21, "significant": true }, "geometry": { "type": "Point", "coordinates": [ 179.617963512200078, -16.529761900749932 ] } },
{ "type": "Feature", "properties": { "uid": "rvp9zqccde", "rate_time": 0.391, "sig_time": 0.037, "se_time": 0.175, "sce": 30.49, "nsm": null, "valid_obs": 21, "valid_span": 21, "significant": true }, "geometry": { "type": "Point", "coordinates": [ 179.617997146570474, -16.53002967686243 ] } },
{ "type": "Feature", "properties": { "uid": "rvp9zqcb4b", "rate_time": 0.089, "sig_time": 0.328, "se_time": 0.089, "sce": 10.67, "nsm": null, "valid_obs": 20, "valid_span": 20, "significant": false }, "geometry": { "type": "Point", "coordinates": [ 179.618001081260076, -16.530300587210917 ] } },
{ "type": "Feature", "properties": { "uid": "rvp9zq9y7n", "rate_time": -0.14, "sig_time": 0.517, "se_time": 0.212, "sce": 28.94, "nsm": null, "valid_obs": 20, "valid_span": 20, "significant": false }, "geometry": { "type": "Point", "coordinates": [ 179.618011694029832, -16.530571240279428 ] } },
{ "type": "Feature", "properties": { "uid": "rvp9zq9uge", "rate_time": 0.284, "sig_time": 0.225, "se_time": 0.226, "sce": 28.75, "nsm": null, "valid_obs": 19, "valid_span": 20, "significant": false }, "geometry": { "type": "Point", "coordinates": [ 179.618040150772714, -16.530840573814622 ] } },
{ "type": "Feature", "properties": { "uid": "rvp9zq9gm7", "rate_time": -0.096, "sig_time": 0.531, "se_time": 0.15, "sce": 10.01, "nsm": null, "valid_obs": 18, "valid_span": 19, "significant": false }, "geometry": { "type": "Point", "coordinates": [ 179.618109508523389, -16.531101029980213 ] } },
{ "type": "Feature", "properties": { "uid": "rvp9zqd1br", "rate_time": -0.227, "sig_time": 0.335, "se_time": 0.228, "sce": 15.59, "nsm": null, "valid_obs": 18, "valid_span": 19, "significant": false }, "geometry": { "type": "Point", "coordinates": [ 179.618245148756557, -16.53133425684706 ] } },
{ "type": "Feature", "properties": { "uid": "rvp9zqd1qt", "rate_time": -0.212, "sig_time": 0.231, "se_time": 0.17, "sce": 14.07, "nsm": null, "valid_obs": 18, "valid_span": 19, "significant": false }, "geometry": { "type": "Point", "coordinates": [ 179.618506652453334, -16.531432986246976 ] } },
{ "type": "Feature", "properties": { "uid": "rvp9zqd3us", "rate_time": -0.215, "sig_time": 0.201, "se_time": 0.161, "sce": 13.61, "nsm": null, "valid_obs": 18, "valid_span": 19, "significant": false }, "geometry": { "type": "Point", "coordinates": [ 179.618768595577507, -16.531351159117285 ] } },
{ "type": "Feature", "properties": { "uid": "rvp9zqddcs", "rate_time": -0.185, "sig_time": 0.174, "se_time": 0.13, "sce": 11.04, "nsm": null, "valid_obs": 18, "valid_span": 19, "significant": false }, "geometry": { "type": "Point", "coordinates": [ 179.618982798905648, -16.531179804961198 ] } },
{ "type": "Feature", "properties": { "uid": "rvp9zqdsn2", "rate_time": -0.169, "sig_time": 0.188, "se_time": 0.123, "sce": 12.06, "nsm": null, "valid_obs": 18, "valid_span": 19, "significant": false }, "geometry": { "type": "Point", "coordinates": [ 179.619181870334842, -16.530988679865526 ] } },
{ "type": "Feature", "properties": { "uid": "rvp9zqephx", "rate_time": -0.011, "sig_time": 0.928, "se_time": 0.119, "sce": 9.98, "nsm": null, "valid_obs": 18, "valid_span": 19, "significant": false }, "geometry": { "type": "Point", "coordinates": [ 179.619799037026439, -16.530435640013526 ] } },
{ "type": "Feature", "properties": { "uid": "rvp9zqg282", "rate_time": 0.298, "sig_time": 0.088, "se_time": 0.165, "sce": 21.34, "nsm": null, "valid_obs": 19, "valid_span": 20, "significant": false }, "geometry": { "type": "Point", "coordinates": [ 179.619962083725284, -16.53021519834871 ] } },
{ "type": "Feature", "properties": { "uid": "rvp9zph5kv", "rate_time": 0.09, "sig_time": 0.512, "se_time": 0.135, "sce": 14.35, "nsm": null, "valid_obs": 19, "valid_span": 22, "significant": false }, "geometry": { "type": "Point", "coordinates": [ 179.610190575519511, -16.528340784016311 ] } },
{ "type": "Feature", "properties": { "uid": "rvp9zphtnr", "rate_time": 0.318, "sig_time": 0.023, "se_time": 0.129, "sce": 15.82, "nsm": null, "valid_obs": 21, "valid_span": 22, "significant": true }, "geometry": { "type": "Point", "coordinates": [ 179.610943960250012, -16.528033649670778 ] } },
{ "type": "Feature", "properties": { "uid": "rvp9zphy74", "rate_time": 0.52, "sig_time": 0.002, "se_time": 0.141, "sce": 18.77, "nsm": null, "valid_obs": 21, "valid_span": 22, "significant": true }, "geometry": { "type": "Point", "coordinates": [ 179.611144513898637, -16.527843961217961 ] } },
{ "type": "Feature", "properties": { "uid": "rvp9zpjnby", "rate_time": 1.17, "sig_time": 0.0, "se_time": 0.175, "sce": 35.13, "nsm": null, "valid_obs": 21, "valid_span": 22, "significant": true }, "geometry": { "type": "Point", "coordinates": [ 179.611399769629884, -16.527736806353932 ] } },
{ "type": "Feature", "properties": { "uid": "rvp9zpjpr3", "rate_time": 1.531, "sig_time": 0.0, "se_time": 0.294, "sce": 65.46, "nsm": null, "valid_obs": 21, "valid_span": 22, "significant": true }, "geometry": { "type": "Point", "coordinates": [ 179.611673137423026, -16.527677487644407 ] } },
{ "type": "Feature", "properties": { "uid": "rvp9zpjrv6", "rate_time": 1.114, "sig_time": 0.003, "se_time": 0.334, "sce": 56.52, "nsm": null, "valid_obs": 21, "valid_span": 22, "significant": true }, "geometry": { "type": "Point", "coordinates": [ 179.611935674735349, -16.527584321256118 ] } },
{ "type": "Feature", "properties": { "uid": "rvp9zpm87t", "rate_time": 0.793, "sig_time": 0.001, "se_time": 0.211, "sce": 38.37, "nsm": null, "valid_obs": 21, "valid_span": 22, "significant": true }, "geometry": { "type": "Point", "coordinates": [ 179.612197078112587, -16.527485594723981 ] } },
{ "type": "Feature", "properties": { "uid": "rvp9zpmbct", "rate_time": 0.263, "sig_time": 0.082, "se_time": 0.143, "sce": 14.0, "nsm": null, "valid_obs": 20, "valid_span": 20, "significant": false }, "geometry": { "type": "Point", "coordinates": [ 179.612462310730791, -16.527396526843035 ] } },
{ "type": "Feature", "properties": { "uid": "rvp9zpmcrz", "rate_time": 0.279, "sig_time": 0.057, "se_time": 0.137, "sce": 15.97, "nsm": null, "valid_obs": 20, "valid_span": 20, "significant": false }, "geometry": { "type": "Point", "coordinates": [ 179.612725289534296, -16.527301683075724 ] } },
{ "type": "Feature", "properties": { "uid": "rvp9zpq4n0", "rate_time": 0.241, "sig_time": 0.096, "se_time": 0.138, "sce": 16.27, "nsm": null, "valid_obs": 20, "valid_span": 20, "significant": false }, "geometry": { "type": "Point", "coordinates": [ 179.612990510888125, -16.527213154622032 ] } },
{ "type": "Feature", "properties": { "uid": "rvp9zpq6kk", "rate_time": 0.073, "sig_time": 0.663, "se_time": 0.165, "sce": 16.63, "nsm": null, "valid_obs": 20, "valid_span": 20, "significant": false }, "geometry": { "type": "Point", "coordinates": [ 179.613262869323165, -16.527148910194828 ] } },
{ "type": "Feature", "properties": { "uid": "rvp9zpqd6z", "rate_time": -0.127, "sig_time": 0.463, "se_time": 0.169, "sce": 12.39, "nsm": null, "valid_obs": 20, "valid_span": 20, "significant": false }, "geometry": { "type": "Point", "coordinates": [ 179.613541209015239, -16.527128886946013 ] } },
{ "type": "Feature", "properties": { "uid": "rvp9zpqf37", "rate_time": -0.134, "sig_time": 0.336, "se_time": 0.136, "sce": 9.93, "nsm": null, "valid_obs": 20, "valid_span": 20, "significant": false }, "geometry": { "type": "Point", "coordinates": [ 179.613820691874764, -16.527152935648957 ] } },
{ "type": "Feature", "properties": { "uid": "rvp9zpqfpf", "rate_time": -0.127, "sig_time": 0.349, "se_time": 0.132, "sce": 9.55, "nsm": null, "valid_obs": 20, "valid_span": 20, "significant": false }, "geometry": { "type": "Point", "coordinates": [ 179.614096432456023, -16.527202543368084 ] } },
{ "type": "Feature", "properties": { "uid": "rvp9zpr1mt", "rate_time": -0.035, "sig_time": 0.84, "se_time": 0.169, "sce": 13.29, "nsm": null, "valid_obs": 20, "valid_span": 20, "significant": false }, "geometry": { "type": "Point", "coordinates": [ 179.61434273097143, -16.527315035842047 ] } },
{ "type": "Feature", "properties": { "uid": "rvp9zpr266", "rate_time": 0.21, "sig_time": 0.076, "se_time": 0.112, "sce": 11.78, "nsm": null, "valid_obs": 20, "valid_span": 20, "significant": false }, "geometry": { "type": "Point", "coordinates": [ 179.614545608797215, -16.527502223363694 ] } },
{ "type": "Feature", "properties": { "uid": "rvp9zppqvm", "rate_time": 0.21, "sig_time": 0.073, "se_time": 0.11, "sce": 11.15, "nsm": null, "valid_obs": 20, "valid_span": 20, "significant": false }, "geometry": { "type": "Point", "coordinates": [ 179.614680199009513, -16.527739920380952 ] } },
{ "type": "Feature", "properties": { "uid": "rvp9zpptcg", "rate_time": 0.161, "sig_time": 0.278, "se_time": 0.144, "sce": 14.96, "nsm": null, "valid_obs": 20, "valid_span": 20, "significant": false }, "geometry": { "type": "Point", "coordinates": [ 179.614872414649511, -16.527927377543307 ] } },
{ "type": "Feature", "properties": { "uid": "rvp9zppv2j", "rate_time": 0.094, "sig_time": 0.521, "se_time": 0.144, "sce": 12.96, "nsm": null, "valid_obs": 20, "valid_span": 20, "significant": false }, "geometry": { "type": "Point", "coordinates": [ 179.615141487500637, -16.528000325710011 ] } },
{ "type": "Feature", "properties": { "uid": "rvp9zppvqt", "rate_time": 0.26, "sig_time": 0.036, "se_time": 0.115, "sce": 11.8, "nsm": null, "valid_obs": 20, "valid_span": 20, "significant": true }, "geometry": { "type": "Point", "coordinates": [ 179.61542228728311, -16.52800000201773 ] } },
{ "type": "Feature", "properties": { "uid": "rvp9zr0jm1", "rate_time": 0.64, "sig_time": 0.0, "se_time": 0.108, "sce": 18.1, "nsm": null, "valid_obs": 20, "valid_span": 20, "significant": true }, "geometry": { "type": "Point", "coordinates": [ 179.61570206312868, -16.528021297997221 ] } },
{ "type": "Feature", "properties": { "uid": "rvp9zr0kgx", "rate_time": 1.073, "sig_time": 0.0, "se_time": 0.147, "sce": 32.98, "nsm": null, "valid_obs": 20, "valid_span": 20, "significant": true }, "geometry": { "type": "Point", "coordinates": [ 179.615977306743105, -16.528075251471584 ] } },
{ "type": "Feature", "properties": { "uid": "rvp9zr0sdj", "rate_time": 1.032, "sig_time": 0.0, "se_time": 0.166, "sce": 31.13, "nsm": null, "valid_obs": 20, "valid_span": 20, "significant": true }, "geometry": { "type": "Point", "coordinates": [ 179.616252015990398, -16.528129379495553 ] } },
{ "type": "Feature", "properties": { "uid": "rvp9zr0spb", "rate_time": 0.834, "sig_time": 0.0, "se_time": 0.132, "sce": 24.24, "nsm": null, "valid_obs": 20, "valid_span": 20, "significant": true }, "geometry": { "type": "Point", "coordinates": [ 179.616507268735973, -16.528242437520497 ] } }
]
}
